num_clusters,percentage_outliers,eps,min_samples,metric,algorithm,leaf_size,p,silhouette_score
4110,0.0,0.1,1,euclidean,auto,10,,0.012013071565057772
4110,0.0,0.1,1,euclidean,auto,10,1.0,0.012013071565057772
4110,0.0,0.1,1,euclidean,auto,10,2.0,0.012013071565057772
4110,0.0,0.1,1,euclidean,auto,20,,0.012013071565057772
4110,0.0,0.1,1,euclidean,auto,20,1.0,0.012013071565057772
4110,0.0,0.1,1,euclidean,auto,20,2.0,0.012013071565057772
4110,0.0,0.1,1,euclidean,auto,30,,0.012013071565057772
4110,0.0,0.1,1,euclidean,auto,30,1.0,0.012013071565057772
4110,0.0,0.1,1,euclidean,auto,30,2.0,0.012013071565057772
4110,0.0,0.1,1,euclidean,auto,40,,0.012013071565057772
4110,0.0,0.1,1,euclidean,auto,40,1.0,0.012013071565057772
4110,0.0,0.1,1,euclidean,auto,40,2.0,0.012013071565057772
4110,0.0,0.1,1,euclidean,auto,50,,0.012013071565057772
4110,0.0,0.1,1,euclidean,auto,50,1.0,0.012013071565057772
4110,0.0,0.1,1,euclidean,auto,50,2.0,0.012013071565057772
4110,0.0,0.1,1,euclidean,ball_tree,10,,0.012013071565057772
4110,0.0,0.1,1,euclidean,ball_tree,10,1.0,0.012013071565057772
4110,0.0,0.1,1,euclidean,ball_tree,10,2.0,0.012013071565057772
4110,0.0,0.1,1,euclidean,ball_tree,20,,0.012013071565057772
4110,0.0,0.1,1,euclidean,ball_tree,20,1.0,0.012013071565057772
4110,0.0,0.1,1,euclidean,ball_tree,20,2.0,0.012013071565057772
4110,0.0,0.1,1,euclidean,ball_tree,30,,0.012013071565057772
4110,0.0,0.1,1,euclidean,ball_tree,30,1.0,0.012013071565057772
4110,0.0,0.1,1,euclidean,ball_tree,30,2.0,0.012013071565057772
4110,0.0,0.1,1,euclidean,ball_tree,40,,0.012013071565057772
4110,0.0,0.1,1,euclidean,ball_tree,40,1.0,0.012013071565057772
4110,0.0,0.1,1,euclidean,ball_tree,40,2.0,0.012013071565057772
4110,0.0,0.1,1,euclidean,ball_tree,50,,0.012013071565057772
4110,0.0,0.1,1,euclidean,ball_tree,50,1.0,0.012013071565057772
4110,0.0,0.1,1,euclidean,ball_tree,50,2.0,0.012013071565057772
4110,0.0,0.1,1,euclidean,kd_tree,10,,0.012013071565057772
4110,0.0,0.1,1,euclidean,kd_tree,10,1.0,0.012013071565057772
4110,0.0,0.1,1,euclidean,kd_tree,10,2.0,0.012013071565057772
4110,0.0,0.1,1,euclidean,kd_tree,20,,0.012013071565057772
4110,0.0,0.1,1,euclidean,kd_tree,20,1.0,0.012013071565057772
4110,0.0,0.1,1,euclidean,kd_tree,20,2.0,0.012013071565057772
4110,0.0,0.1,1,euclidean,kd_tree,30,,0.012013071565057772
4110,0.0,0.1,1,euclidean,kd_tree,30,1.0,0.012013071565057772
4110,0.0,0.1,1,euclidean,kd_tree,30,2.0,0.012013071565057772
4110,0.0,0.1,1,euclidean,kd_tree,40,,0.012013071565057772
4110,0.0,0.1,1,euclidean,kd_tree,40,1.0,0.012013071565057772
4110,0.0,0.1,1,euclidean,kd_tree,40,2.0,0.012013071565057772
4110,0.0,0.1,1,euclidean,kd_tree,50,,0.012013071565057772
4110,0.0,0.1,1,euclidean,kd_tree,50,1.0,0.012013071565057772
4110,0.0,0.1,1,euclidean,kd_tree,50,2.0,0.012013071565057772
4110,0.0,0.1,1,euclidean,brute,10,,0.012013071565057772
4110,0.0,0.1,1,euclidean,brute,10,1.0,0.012013071565057772
4110,0.0,0.1,1,euclidean,brute,10,2.0,0.012013071565057772
4110,0.0,0.1,1,euclidean,brute,20,,0.012013071565057772
4110,0.0,0.1,1,euclidean,brute,20,1.0,0.012013071565057772
4110,0.0,0.1,1,euclidean,brute,20,2.0,0.012013071565057772
4110,0.0,0.1,1,euclidean,brute,30,,0.012013071565057772
4110,0.0,0.1,1,euclidean,brute,30,1.0,0.012013071565057772
4110,0.0,0.1,1,euclidean,brute,30,2.0,0.012013071565057772
4110,0.0,0.1,1,euclidean,brute,40,,0.012013071565057772
4110,0.0,0.1,1,euclidean,brute,40,1.0,0.012013071565057772
4110,0.0,0.1,1,euclidean,brute,40,2.0,0.012013071565057772
4110,0.0,0.1,1,euclidean,brute,50,,0.012013071565057772
4110,0.0,0.1,1,euclidean,brute,50,1.0,0.012013071565057772
4110,0.0,0.1,1,euclidean,brute,50,2.0,0.012013071565057772
4168,0.0,0.1,1,manhattan,auto,10,,0.0025220311179734952
4168,0.0,0.1,1,manhattan,auto,10,1.0,0.0025220311179734952
4168,0.0,0.1,1,manhattan,auto,10,2.0,0.0025220311179734952
4168,0.0,0.1,1,manhattan,auto,20,,0.0025220311179734952
4168,0.0,0.1,1,manhattan,auto,20,1.0,0.0025220311179734952
4168,0.0,0.1,1,manhattan,auto,20,2.0,0.0025220311179734952
4168,0.0,0.1,1,manhattan,auto,30,,0.0025220311179734952
4168,0.0,0.1,1,manhattan,auto,30,1.0,0.0025220311179734952
4168,0.0,0.1,1,manhattan,auto,30,2.0,0.0025220311179734952
4168,0.0,0.1,1,manhattan,auto,40,,0.0025220311179734952
4168,0.0,0.1,1,manhattan,auto,40,1.0,0.0025220311179734952
4168,0.0,0.1,1,manhattan,auto,40,2.0,0.0025220311179734952
4168,0.0,0.1,1,manhattan,auto,50,,0.0025220311179734952
4168,0.0,0.1,1,manhattan,auto,50,1.0,0.0025220311179734952
4168,0.0,0.1,1,manhattan,auto,50,2.0,0.0025220311179734952
4168,0.0,0.1,1,manhattan,ball_tree,10,,0.0025220311179734952
4168,0.0,0.1,1,manhattan,ball_tree,10,1.0,0.0025220311179734952
4168,0.0,0.1,1,manhattan,ball_tree,10,2.0,0.0025220311179734952
4168,0.0,0.1,1,manhattan,ball_tree,20,,0.0025220311179734952
4168,0.0,0.1,1,manhattan,ball_tree,20,1.0,0.0025220311179734952
4168,0.0,0.1,1,manhattan,ball_tree,20,2.0,0.0025220311179734952
4168,0.0,0.1,1,manhattan,ball_tree,30,,0.0025220311179734952
4168,0.0,0.1,1,manhattan,ball_tree,30,1.0,0.0025220311179734952
4168,0.0,0.1,1,manhattan,ball_tree,30,2.0,0.0025220311179734952
4168,0.0,0.1,1,manhattan,ball_tree,40,,0.0025220311179734952
4168,0.0,0.1,1,manhattan,ball_tree,40,1.0,0.0025220311179734952
4168,0.0,0.1,1,manhattan,ball_tree,40,2.0,0.0025220311179734952
4168,0.0,0.1,1,manhattan,ball_tree,50,,0.0025220311179734952
4168,0.0,0.1,1,manhattan,ball_tree,50,1.0,0.0025220311179734952
4168,0.0,0.1,1,manhattan,ball_tree,50,2.0,0.0025220311179734952
4168,0.0,0.1,1,manhattan,kd_tree,10,,0.0025220311179734952
4168,0.0,0.1,1,manhattan,kd_tree,10,1.0,0.0025220311179734952
4168,0.0,0.1,1,manhattan,kd_tree,10,2.0,0.0025220311179734952
4168,0.0,0.1,1,manhattan,kd_tree,20,,0.0025220311179734952
4168,0.0,0.1,1,manhattan,kd_tree,20,1.0,0.0025220311179734952
4168,0.0,0.1,1,manhattan,kd_tree,20,2.0,0.0025220311179734952
4168,0.0,0.1,1,manhattan,kd_tree,30,,0.0025220311179734952
4168,0.0,0.1,1,manhattan,kd_tree,30,1.0,0.0025220311179734952
4168,0.0,0.1,1,manhattan,kd_tree,30,2.0,0.0025220311179734952
4168,0.0,0.1,1,manhattan,kd_tree,40,,0.0025220311179734952
4168,0.0,0.1,1,manhattan,kd_tree,40,1.0,0.0025220311179734952
4168,0.0,0.1,1,manhattan,kd_tree,40,2.0,0.0025220311179734952
4168,0.0,0.1,1,manhattan,kd_tree,50,,0.0025220311179734952
4168,0.0,0.1,1,manhattan,kd_tree,50,1.0,0.0025220311179734952
4168,0.0,0.1,1,manhattan,kd_tree,50,2.0,0.0025220311179734952
4168,0.0,0.1,1,manhattan,brute,10,,0.0025220311179734952
4168,0.0,0.1,1,manhattan,brute,10,1.0,0.0025220311179734952
4168,0.0,0.1,1,manhattan,brute,10,2.0,0.0025220311179734952
4168,0.0,0.1,1,manhattan,brute,20,,0.0025220311179734952
4168,0.0,0.1,1,manhattan,brute,20,1.0,0.0025220311179734952
4168,0.0,0.1,1,manhattan,brute,20,2.0,0.0025220311179734952
4168,0.0,0.1,1,manhattan,brute,30,,0.0025220311179734952
4168,0.0,0.1,1,manhattan,brute,30,1.0,0.0025220311179734952
4168,0.0,0.1,1,manhattan,brute,30,2.0,0.0025220311179734952
4168,0.0,0.1,1,manhattan,brute,40,,0.0025220311179734952
4168,0.0,0.1,1,manhattan,brute,40,1.0,0.0025220311179734952
4168,0.0,0.1,1,manhattan,brute,40,2.0,0.0025220311179734952
4168,0.0,0.1,1,manhattan,brute,50,,0.0025220311179734952
4168,0.0,0.1,1,manhattan,brute,50,1.0,0.0025220311179734952
4168,0.0,0.1,1,manhattan,brute,50,2.0,0.0025220311179734952
4176,0.0,0.1,1,mahalanobis,auto,10,,0.0003253644446389642
4176,0.0,0.1,1,mahalanobis,auto,10,1.0,0.0003253644446389642
4176,0.0,0.1,1,mahalanobis,auto,10,2.0,0.0003253644446389642
4176,0.0,0.1,1,mahalanobis,auto,20,,0.0003253644446389642
4176,0.0,0.1,1,mahalanobis,auto,20,1.0,0.0003253644446389642
4176,0.0,0.1,1,mahalanobis,auto,20,2.0,0.0003253644446389642
4176,0.0,0.1,1,mahalanobis,auto,30,,0.0003253644446389642
4176,0.0,0.1,1,mahalanobis,auto,30,1.0,0.0003253644446389642
4176,0.0,0.1,1,mahalanobis,auto,30,2.0,0.0003253644446389642
4176,0.0,0.1,1,mahalanobis,auto,40,,0.0003253644446389642
4176,0.0,0.1,1,mahalanobis,auto,40,1.0,0.0003253644446389642
4176,0.0,0.1,1,mahalanobis,auto,40,2.0,0.0003253644446389642
4176,0.0,0.1,1,mahalanobis,auto,50,,0.0003253644446389642
4176,0.0,0.1,1,mahalanobis,auto,50,1.0,0.0003253644446389642
4176,0.0,0.1,1,mahalanobis,auto,50,2.0,0.0003253644446389642
4176,0.0,0.1,1,mahalanobis,ball_tree,10,,0.0003253644446389642
4176,0.0,0.1,1,mahalanobis,ball_tree,10,1.0,0.0003253644446389642
4176,0.0,0.1,1,mahalanobis,ball_tree,10,2.0,0.0003253644446389642
4176,0.0,0.1,1,mahalanobis,ball_tree,20,,0.0003253644446389642
4176,0.0,0.1,1,mahalanobis,ball_tree,20,1.0,0.0003253644446389642
4176,0.0,0.1,1,mahalanobis,ball_tree,20,2.0,0.0003253644446389642
4176,0.0,0.1,1,mahalanobis,ball_tree,30,,0.0003253644446389642
4176,0.0,0.1,1,mahalanobis,ball_tree,30,1.0,0.0003253644446389642
4176,0.0,0.1,1,mahalanobis,ball_tree,30,2.0,0.0003253644446389642
4176,0.0,0.1,1,mahalanobis,ball_tree,40,,0.0003253644446389642
4176,0.0,0.1,1,mahalanobis,ball_tree,40,1.0,0.0003253644446389642
4176,0.0,0.1,1,mahalanobis,ball_tree,40,2.0,0.0003253644446389642
4176,0.0,0.1,1,mahalanobis,ball_tree,50,,0.0003253644446389642
4176,0.0,0.1,1,mahalanobis,ball_tree,50,1.0,0.0003253644446389642
4176,0.0,0.1,1,mahalanobis,ball_tree,50,2.0,0.0003253644446389642
4176,0.0,0.1,1,mahalanobis,kd_tree,10,,0.0003253644446389642
4176,0.0,0.1,1,mahalanobis,kd_tree,10,1.0,0.0003253644446389642
4176,0.0,0.1,1,mahalanobis,kd_tree,10,2.0,0.0003253644446389642
4176,0.0,0.1,1,mahalanobis,kd_tree,20,,0.0003253644446389642
4176,0.0,0.1,1,mahalanobis,kd_tree,20,1.0,0.0003253644446389642
4176,0.0,0.1,1,mahalanobis,kd_tree,20,2.0,0.0003253644446389642
4176,0.0,0.1,1,mahalanobis,kd_tree,30,,0.0003253644446389642
4176,0.0,0.1,1,mahalanobis,kd_tree,30,1.0,0.0003253644446389642
4176,0.0,0.1,1,mahalanobis,kd_tree,30,2.0,0.0003253644446389642
4176,0.0,0.1,1,mahalanobis,kd_tree,40,,0.0003253644446389642
4176,0.0,0.1,1,mahalanobis,kd_tree,40,1.0,0.0003253644446389642
4176,0.0,0.1,1,mahalanobis,kd_tree,40,2.0,0.0003253644446389642
4176,0.0,0.1,1,mahalanobis,kd_tree,50,,0.0003253644446389642
4176,0.0,0.1,1,mahalanobis,kd_tree,50,1.0,0.0003253644446389642
4176,0.0,0.1,1,mahalanobis,kd_tree,50,2.0,0.0003253644446389642
4176,0.0,0.1,1,mahalanobis,brute,10,,0.0003253644446389642
4176,0.0,0.1,1,mahalanobis,brute,10,1.0,0.0003253644446389642
4176,0.0,0.1,1,mahalanobis,brute,10,2.0,0.0003253644446389642
4176,0.0,0.1,1,mahalanobis,brute,20,,0.0003253644446389642
4176,0.0,0.1,1,mahalanobis,brute,20,1.0,0.0003253644446389642
4176,0.0,0.1,1,mahalanobis,brute,20,2.0,0.0003253644446389642
4176,0.0,0.1,1,mahalanobis,brute,30,,0.0003253644446389642
4176,0.0,0.1,1,mahalanobis,brute,30,1.0,0.0003253644446389642
4176,0.0,0.1,1,mahalanobis,brute,30,2.0,0.0003253644446389642
4176,0.0,0.1,1,mahalanobis,brute,40,,0.0003253644446389642
4176,0.0,0.1,1,mahalanobis,brute,40,1.0,0.0003253644446389642
4176,0.0,0.1,1,mahalanobis,brute,40,2.0,0.0003253644446389642
4176,0.0,0.1,1,mahalanobis,brute,50,,0.0003253644446389642
4176,0.0,0.1,1,mahalanobis,brute,50,1.0,0.0003253644446389642
4176,0.0,0.1,1,mahalanobis,brute,50,2.0,0.0003253644446389642
48,0.9724682786689012,0.1,2,euclidean,auto,10,,-0.13482928239620243
48,0.9724682786689012,0.1,2,euclidean,auto,10,1.0,-0.13482928239620243
48,0.9724682786689012,0.1,2,euclidean,auto,10,2.0,-0.13482928239620243
48,0.9724682786689012,0.1,2,euclidean,auto,20,,-0.13482928239620243
48,0.9724682786689012,0.1,2,euclidean,auto,20,1.0,-0.13482928239620243
48,0.9724682786689012,0.1,2,euclidean,auto,20,2.0,-0.13482928239620243
48,0.9724682786689012,0.1,2,euclidean,auto,30,,-0.13482928239620243
48,0.9724682786689012,0.1,2,euclidean,auto,30,1.0,-0.13482928239620243
48,0.9724682786689012,0.1,2,euclidean,auto,30,2.0,-0.13482928239620243
48,0.9724682786689012,0.1,2,euclidean,auto,40,,-0.13482928239620243
48,0.9724682786689012,0.1,2,euclidean,auto,40,1.0,-0.13482928239620243
48,0.9724682786689012,0.1,2,euclidean,auto,40,2.0,-0.13482928239620243
48,0.9724682786689012,0.1,2,euclidean,auto,50,,-0.13482928239620243
48,0.9724682786689012,0.1,2,euclidean,auto,50,1.0,-0.13482928239620243
48,0.9724682786689012,0.1,2,euclidean,auto,50,2.0,-0.13482928239620243
48,0.9724682786689012,0.1,2,euclidean,ball_tree,10,,-0.13482928239620243
48,0.9724682786689012,0.1,2,euclidean,ball_tree,10,1.0,-0.13482928239620243
48,0.9724682786689012,0.1,2,euclidean,ball_tree,10,2.0,-0.13482928239620243
48,0.9724682786689012,0.1,2,euclidean,ball_tree,20,,-0.13482928239620243
48,0.9724682786689012,0.1,2,euclidean,ball_tree,20,1.0,-0.13482928239620243
48,0.9724682786689012,0.1,2,euclidean,ball_tree,20,2.0,-0.13482928239620243
48,0.9724682786689012,0.1,2,euclidean,ball_tree,30,,-0.13482928239620243
48,0.9724682786689012,0.1,2,euclidean,ball_tree,30,1.0,-0.13482928239620243
48,0.9724682786689012,0.1,2,euclidean,ball_tree,30,2.0,-0.13482928239620243
48,0.9724682786689012,0.1,2,euclidean,ball_tree,40,,-0.13482928239620243
48,0.9724682786689012,0.1,2,euclidean,ball_tree,40,1.0,-0.13482928239620243
48,0.9724682786689012,0.1,2,euclidean,ball_tree,40,2.0,-0.13482928239620243
48,0.9724682786689012,0.1,2,euclidean,ball_tree,50,,-0.13482928239620243
48,0.9724682786689012,0.1,2,euclidean,ball_tree,50,1.0,-0.13482928239620243
48,0.9724682786689012,0.1,2,euclidean,ball_tree,50,2.0,-0.13482928239620243
48,0.9724682786689012,0.1,2,euclidean,kd_tree,10,,-0.13482928239620243
48,0.9724682786689012,0.1,2,euclidean,kd_tree,10,1.0,-0.13482928239620243
48,0.9724682786689012,0.1,2,euclidean,kd_tree,10,2.0,-0.13482928239620243
48,0.9724682786689012,0.1,2,euclidean,kd_tree,20,,-0.13482928239620243
48,0.9724682786689012,0.1,2,euclidean,kd_tree,20,1.0,-0.13482928239620243
48,0.9724682786689012,0.1,2,euclidean,kd_tree,20,2.0,-0.13482928239620243
48,0.9724682786689012,0.1,2,euclidean,kd_tree,30,,-0.13482928239620243
48,0.9724682786689012,0.1,2,euclidean,kd_tree,30,1.0,-0.13482928239620243
48,0.9724682786689012,0.1,2,euclidean,kd_tree,30,2.0,-0.13482928239620243
48,0.9724682786689012,0.1,2,euclidean,kd_tree,40,,-0.13482928239620243
48,0.9724682786689012,0.1,2,euclidean,kd_tree,40,1.0,-0.13482928239620243
48,0.9724682786689012,0.1,2,euclidean,kd_tree,40,2.0,-0.13482928239620243
48,0.9724682786689012,0.1,2,euclidean,kd_tree,50,,-0.13482928239620243
48,0.9724682786689012,0.1,2,euclidean,kd_tree,50,1.0,-0.13482928239620243
48,0.9724682786689012,0.1,2,euclidean,kd_tree,50,2.0,-0.13482928239620243
48,0.9724682786689012,0.1,2,euclidean,brute,10,,-0.13482928239620243
48,0.9724682786689012,0.1,2,euclidean,brute,10,1.0,-0.13482928239620243
48,0.9724682786689012,0.1,2,euclidean,brute,10,2.0,-0.13482928239620243
48,0.9724682786689012,0.1,2,euclidean,brute,20,,-0.13482928239620243
48,0.9724682786689012,0.1,2,euclidean,brute,20,1.0,-0.13482928239620243
48,0.9724682786689012,0.1,2,euclidean,brute,20,2.0,-0.13482928239620243
48,0.9724682786689012,0.1,2,euclidean,brute,30,,-0.13482928239620243
48,0.9724682786689012,0.1,2,euclidean,brute,30,1.0,-0.13482928239620243
48,0.9724682786689012,0.1,2,euclidean,brute,30,2.0,-0.13482928239620243
48,0.9724682786689012,0.1,2,euclidean,brute,40,,-0.13482928239620243
48,0.9724682786689012,0.1,2,euclidean,brute,40,1.0,-0.13482928239620243
48,0.9724682786689012,0.1,2,euclidean,brute,40,2.0,-0.13482928239620243
48,0.9724682786689012,0.1,2,euclidean,brute,50,,-0.13482928239620243
48,0.9724682786689012,0.1,2,euclidean,brute,50,1.0,-0.13482928239620243
48,0.9724682786689012,0.1,2,euclidean,brute,50,2.0,-0.13482928239620243
8,0.9959300933684463,0.1,2,manhattan,auto,10,,-0.046014888236548306
8,0.9959300933684463,0.1,2,manhattan,auto,10,1.0,-0.046014888236548306
8,0.9959300933684463,0.1,2,manhattan,auto,10,2.0,-0.046014888236548306
8,0.9959300933684463,0.1,2,manhattan,auto,20,,-0.046014888236548306
8,0.9959300933684463,0.1,2,manhattan,auto,20,1.0,-0.046014888236548306
8,0.9959300933684463,0.1,2,manhattan,auto,20,2.0,-0.046014888236548306
8,0.9959300933684463,0.1,2,manhattan,auto,30,,-0.046014888236548306
8,0.9959300933684463,0.1,2,manhattan,auto,30,1.0,-0.046014888236548306
8,0.9959300933684463,0.1,2,manhattan,auto,30,2.0,-0.046014888236548306
8,0.9959300933684463,0.1,2,manhattan,auto,40,,-0.046014888236548306
8,0.9959300933684463,0.1,2,manhattan,auto,40,1.0,-0.046014888236548306
8,0.9959300933684463,0.1,2,manhattan,auto,40,2.0,-0.046014888236548306
8,0.9959300933684463,0.1,2,manhattan,auto,50,,-0.046014888236548306
8,0.9959300933684463,0.1,2,manhattan,auto,50,1.0,-0.046014888236548306
8,0.9959300933684463,0.1,2,manhattan,auto,50,2.0,-0.046014888236548306
8,0.9959300933684463,0.1,2,manhattan,ball_tree,10,,-0.046014888236548306
8,0.9959300933684463,0.1,2,manhattan,ball_tree,10,1.0,-0.046014888236548306
8,0.9959300933684463,0.1,2,manhattan,ball_tree,10,2.0,-0.046014888236548306
8,0.9959300933684463,0.1,2,manhattan,ball_tree,20,,-0.046014888236548306
8,0.9959300933684463,0.1,2,manhattan,ball_tree,20,1.0,-0.046014888236548306
8,0.9959300933684463,0.1,2,manhattan,ball_tree,20,2.0,-0.046014888236548306
8,0.9959300933684463,0.1,2,manhattan,ball_tree,30,,-0.046014888236548306
8,0.9959300933684463,0.1,2,manhattan,ball_tree,30,1.0,-0.046014888236548306
8,0.9959300933684463,0.1,2,manhattan,ball_tree,30,2.0,-0.046014888236548306
8,0.9959300933684463,0.1,2,manhattan,ball_tree,40,,-0.046014888236548306
8,0.9959300933684463,0.1,2,manhattan,ball_tree,40,1.0,-0.046014888236548306
8,0.9959300933684463,0.1,2,manhattan,ball_tree,40,2.0,-0.046014888236548306
8,0.9959300933684463,0.1,2,manhattan,ball_tree,50,,-0.046014888236548306
8,0.9959300933684463,0.1,2,manhattan,ball_tree,50,1.0,-0.046014888236548306
8,0.9959300933684463,0.1,2,manhattan,ball_tree,50,2.0,-0.046014888236548306
8,0.9959300933684463,0.1,2,manhattan,kd_tree,10,,-0.046014888236548306
8,0.9959300933684463,0.1,2,manhattan,kd_tree,10,1.0,-0.046014888236548306
8,0.9959300933684463,0.1,2,manhattan,kd_tree,10,2.0,-0.046014888236548306
8,0.9959300933684463,0.1,2,manhattan,kd_tree,20,,-0.046014888236548306
8,0.9959300933684463,0.1,2,manhattan,kd_tree,20,1.0,-0.046014888236548306
8,0.9959300933684463,0.1,2,manhattan,kd_tree,20,2.0,-0.046014888236548306
8,0.9959300933684463,0.1,2,manhattan,kd_tree,30,,-0.046014888236548306
8,0.9959300933684463,0.1,2,manhattan,kd_tree,30,1.0,-0.046014888236548306
8,0.9959300933684463,0.1,2,manhattan,kd_tree,30,2.0,-0.046014888236548306
8,0.9959300933684463,0.1,2,manhattan,kd_tree,40,,-0.046014888236548306
8,0.9959300933684463,0.1,2,manhattan,kd_tree,40,1.0,-0.046014888236548306
8,0.9959300933684463,0.1,2,manhattan,kd_tree,40,2.0,-0.046014888236548306
8,0.9959300933684463,0.1,2,manhattan,kd_tree,50,,-0.046014888236548306
8,0.9959300933684463,0.1,2,manhattan,kd_tree,50,1.0,-0.046014888236548306
8,0.9959300933684463,0.1,2,manhattan,kd_tree,50,2.0,-0.046014888236548306
8,0.9959300933684463,0.1,2,manhattan,brute,10,,-0.046014888236548306
8,0.9959300933684463,0.1,2,manhattan,brute,10,1.0,-0.046014888236548306
8,0.9959300933684463,0.1,2,manhattan,brute,10,2.0,-0.046014888236548306
8,0.9959300933684463,0.1,2,manhattan,brute,20,,-0.046014888236548306
8,0.9959300933684463,0.1,2,manhattan,brute,20,1.0,-0.046014888236548306
8,0.9959300933684463,0.1,2,manhattan,brute,20,2.0,-0.046014888236548306
8,0.9959300933684463,0.1,2,manhattan,brute,30,,-0.046014888236548306
8,0.9959300933684463,0.1,2,manhattan,brute,30,1.0,-0.046014888236548306
8,0.9959300933684463,0.1,2,manhattan,brute,30,2.0,-0.046014888236548306
8,0.9959300933684463,0.1,2,manhattan,brute,40,,-0.046014888236548306
8,0.9959300933684463,0.1,2,manhattan,brute,40,1.0,-0.046014888236548306
8,0.9959300933684463,0.1,2,manhattan,brute,40,2.0,-0.046014888236548306
8,0.9959300933684463,0.1,2,manhattan,brute,50,,-0.046014888236548306
8,0.9959300933684463,0.1,2,manhattan,brute,50,1.0,-0.046014888236548306
8,0.9959300933684463,0.1,2,manhattan,brute,50,2.0,-0.046014888236548306
1,0.9995211874551113,0.1,2,mahalanobis,auto,10,,0.11375031605600927
1,0.9995211874551113,0.1,2,mahalanobis,auto,10,1.0,0.11375031605600927
1,0.9995211874551113,0.1,2,mahalanobis,auto,10,2.0,0.11375031605600927
1,0.9995211874551113,0.1,2,mahalanobis,auto,20,,0.11375031605600927
1,0.9995211874551113,0.1,2,mahalanobis,auto,20,1.0,0.11375031605600927
1,0.9995211874551113,0.1,2,mahalanobis,auto,20,2.0,0.11375031605600927
1,0.9995211874551113,0.1,2,mahalanobis,auto,30,,0.11375031605600927
1,0.9995211874551113,0.1,2,mahalanobis,auto,30,1.0,0.11375031605600927
1,0.9995211874551113,0.1,2,mahalanobis,auto,30,2.0,0.11375031605600927
1,0.9995211874551113,0.1,2,mahalanobis,auto,40,,0.11375031605600927
1,0.9995211874551113,0.1,2,mahalanobis,auto,40,1.0,0.11375031605600927
1,0.9995211874551113,0.1,2,mahalanobis,auto,40,2.0,0.11375031605600927
1,0.9995211874551113,0.1,2,mahalanobis,auto,50,,0.11375031605600927
1,0.9995211874551113,0.1,2,mahalanobis,auto,50,1.0,0.11375031605600927
1,0.9995211874551113,0.1,2,mahalanobis,auto,50,2.0,0.11375031605600927
1,0.9995211874551113,0.1,2,mahalanobis,ball_tree,10,,0.11375031605600927
1,0.9995211874551113,0.1,2,mahalanobis,ball_tree,10,1.0,0.11375031605600927
1,0.9995211874551113,0.1,2,mahalanobis,ball_tree,10,2.0,0.11375031605600927
1,0.9995211874551113,0.1,2,mahalanobis,ball_tree,20,,0.11375031605600927
1,0.9995211874551113,0.1,2,mahalanobis,ball_tree,20,1.0,0.11375031605600927
1,0.9995211874551113,0.1,2,mahalanobis,ball_tree,20,2.0,0.11375031605600927
1,0.9995211874551113,0.1,2,mahalanobis,ball_tree,30,,0.11375031605600927
1,0.9995211874551113,0.1,2,mahalanobis,ball_tree,30,1.0,0.11375031605600927
1,0.9995211874551113,0.1,2,mahalanobis,ball_tree,30,2.0,0.11375031605600927
1,0.9995211874551113,0.1,2,mahalanobis,ball_tree,40,,0.11375031605600927
1,0.9995211874551113,0.1,2,mahalanobis,ball_tree,40,1.0,0.11375031605600927
1,0.9995211874551113,0.1,2,mahalanobis,ball_tree,40,2.0,0.11375031605600927
1,0.9995211874551113,0.1,2,mahalanobis,ball_tree,50,,0.11375031605600927
1,0.9995211874551113,0.1,2,mahalanobis,ball_tree,50,1.0,0.11375031605600927
1,0.9995211874551113,0.1,2,mahalanobis,ball_tree,50,2.0,0.11375031605600927
1,0.9995211874551113,0.1,2,mahalanobis,kd_tree,10,,0.11375031605600927
1,0.9995211874551113,0.1,2,mahalanobis,kd_tree,10,1.0,0.11375031605600927
1,0.9995211874551113,0.1,2,mahalanobis,kd_tree,10,2.0,0.11375031605600927
1,0.9995211874551113,0.1,2,mahalanobis,kd_tree,20,,0.11375031605600927
1,0.9995211874551113,0.1,2,mahalanobis,kd_tree,20,1.0,0.11375031605600927
1,0.9995211874551113,0.1,2,mahalanobis,kd_tree,20,2.0,0.11375031605600927
1,0.9995211874551113,0.1,2,mahalanobis,kd_tree,30,,0.11375031605600927
1,0.9995211874551113,0.1,2,mahalanobis,kd_tree,30,1.0,0.11375031605600927
1,0.9995211874551113,0.1,2,mahalanobis,kd_tree,30,2.0,0.11375031605600927
1,0.9995211874551113,0.1,2,mahalanobis,kd_tree,40,,0.11375031605600927
1,0.9995211874551113,0.1,2,mahalanobis,kd_tree,40,1.0,0.11375031605600927
1,0.9995211874551113,0.1,2,mahalanobis,kd_tree,40,2.0,0.11375031605600927
1,0.9995211874551113,0.1,2,mahalanobis,kd_tree,50,,0.11375031605600927
1,0.9995211874551113,0.1,2,mahalanobis,kd_tree,50,1.0,0.11375031605600927
1,0.9995211874551113,0.1,2,mahalanobis,kd_tree,50,2.0,0.11375031605600927
1,0.9995211874551113,0.1,2,mahalanobis,brute,10,,0.11375031605600927
1,0.9995211874551113,0.1,2,mahalanobis,brute,10,1.0,0.11375031605600927
1,0.9995211874551113,0.1,2,mahalanobis,brute,10,2.0,0.11375031605600927
1,0.9995211874551113,0.1,2,mahalanobis,brute,20,,0.11375031605600927
1,0.9995211874551113,0.1,2,mahalanobis,brute,20,1.0,0.11375031605600927
1,0.9995211874551113,0.1,2,mahalanobis,brute,20,2.0,0.11375031605600927
1,0.9995211874551113,0.1,2,mahalanobis,brute,30,,0.11375031605600927
1,0.9995211874551113,0.1,2,mahalanobis,brute,30,1.0,0.11375031605600927
1,0.9995211874551113,0.1,2,mahalanobis,brute,30,2.0,0.11375031605600927
1,0.9995211874551113,0.1,2,mahalanobis,brute,40,,0.11375031605600927
1,0.9995211874551113,0.1,2,mahalanobis,brute,40,1.0,0.11375031605600927
1,0.9995211874551113,0.1,2,mahalanobis,brute,40,2.0,0.11375031605600927
1,0.9995211874551113,0.1,2,mahalanobis,brute,50,,0.11375031605600927
1,0.9995211874551113,0.1,2,mahalanobis,brute,50,1.0,0.11375031605600927
1,0.9995211874551113,0.1,2,mahalanobis,brute,50,2.0,0.11375031605600927
13,0.9892267177400048,0.1,3,euclidean,auto,10,,-0.08372689256219235
13,0.9892267177400048,0.1,3,euclidean,auto,10,1.0,-0.08372689256219235
13,0.9892267177400048,0.1,3,euclidean,auto,10,2.0,-0.08372689256219235
13,0.9892267177400048,0.1,3,euclidean,auto,20,,-0.08372689256219235
13,0.9892267177400048,0.1,3,euclidean,auto,20,1.0,-0.08372689256219235
13,0.9892267177400048,0.1,3,euclidean,auto,20,2.0,-0.08372689256219235
13,0.9892267177400048,0.1,3,euclidean,auto,30,,-0.08372689256219235
13,0.9892267177400048,0.1,3,euclidean,auto,30,1.0,-0.08372689256219235
13,0.9892267177400048,0.1,3,euclidean,auto,30,2.0,-0.08372689256219235
13,0.9892267177400048,0.1,3,euclidean,auto,40,,-0.08372689256219235
13,0.9892267177400048,0.1,3,euclidean,auto,40,1.0,-0.08372689256219235
13,0.9892267177400048,0.1,3,euclidean,auto,40,2.0,-0.08372689256219235
13,0.9892267177400048,0.1,3,euclidean,auto,50,,-0.08372689256219235
13,0.9892267177400048,0.1,3,euclidean,auto,50,1.0,-0.08372689256219235
13,0.9892267177400048,0.1,3,euclidean,auto,50,2.0,-0.08372689256219235
13,0.9892267177400048,0.1,3,euclidean,ball_tree,10,,-0.08372689256219235
13,0.9892267177400048,0.1,3,euclidean,ball_tree,10,1.0,-0.08372689256219235
13,0.9892267177400048,0.1,3,euclidean,ball_tree,10,2.0,-0.08372689256219235
13,0.9892267177400048,0.1,3,euclidean,ball_tree,20,,-0.08372689256219235
13,0.9892267177400048,0.1,3,euclidean,ball_tree,20,1.0,-0.08372689256219235
13,0.9892267177400048,0.1,3,euclidean,ball_tree,20,2.0,-0.08372689256219235
13,0.9892267177400048,0.1,3,euclidean,ball_tree,30,,-0.08372689256219235
13,0.9892267177400048,0.1,3,euclidean,ball_tree,30,1.0,-0.08372689256219235
13,0.9892267177400048,0.1,3,euclidean,ball_tree,30,2.0,-0.08372689256219235
13,0.9892267177400048,0.1,3,euclidean,ball_tree,40,,-0.08372689256219235
13,0.9892267177400048,0.1,3,euclidean,ball_tree,40,1.0,-0.08372689256219235
13,0.9892267177400048,0.1,3,euclidean,ball_tree,40,2.0,-0.08372689256219235
13,0.9892267177400048,0.1,3,euclidean,ball_tree,50,,-0.08372689256219235
13,0.9892267177400048,0.1,3,euclidean,ball_tree,50,1.0,-0.08372689256219235
13,0.9892267177400048,0.1,3,euclidean,ball_tree,50,2.0,-0.08372689256219235
13,0.9892267177400048,0.1,3,euclidean,kd_tree,10,,-0.08372689256219235
13,0.9892267177400048,0.1,3,euclidean,kd_tree,10,1.0,-0.08372689256219235
13,0.9892267177400048,0.1,3,euclidean,kd_tree,10,2.0,-0.08372689256219235
13,0.9892267177400048,0.1,3,euclidean,kd_tree,20,,-0.08372689256219235
13,0.9892267177400048,0.1,3,euclidean,kd_tree,20,1.0,-0.08372689256219235
13,0.9892267177400048,0.1,3,euclidean,kd_tree,20,2.0,-0.08372689256219235
13,0.9892267177400048,0.1,3,euclidean,kd_tree,30,,-0.08372689256219235
13,0.9892267177400048,0.1,3,euclidean,kd_tree,30,1.0,-0.08372689256219235
13,0.9892267177400048,0.1,3,euclidean,kd_tree,30,2.0,-0.08372689256219235
13,0.9892267177400048,0.1,3,euclidean,kd_tree,40,,-0.08372689256219235
13,0.9892267177400048,0.1,3,euclidean,kd_tree,40,1.0,-0.08372689256219235
13,0.9892267177400048,0.1,3,euclidean,kd_tree,40,2.0,-0.08372689256219235
13,0.9892267177400048,0.1,3,euclidean,kd_tree,50,,-0.08372689256219235
13,0.9892267177400048,0.1,3,euclidean,kd_tree,50,1.0,-0.08372689256219235
13,0.9892267177400048,0.1,3,euclidean,kd_tree,50,2.0,-0.08372689256219235
13,0.9892267177400048,0.1,3,euclidean,brute,10,,-0.08372689256219235
13,0.9892267177400048,0.1,3,euclidean,brute,10,1.0,-0.08372689256219235
13,0.9892267177400048,0.1,3,euclidean,brute,10,2.0,-0.08372689256219235
13,0.9892267177400048,0.1,3,euclidean,brute,20,,-0.08372689256219235
13,0.9892267177400048,0.1,3,euclidean,brute,20,1.0,-0.08372689256219235
13,0.9892267177400048,0.1,3,euclidean,brute,20,2.0,-0.08372689256219235
13,0.9892267177400048,0.1,3,euclidean,brute,30,,-0.08372689256219235
13,0.9892267177400048,0.1,3,euclidean,brute,30,1.0,-0.08372689256219235
13,0.9892267177400048,0.1,3,euclidean,brute,30,2.0,-0.08372689256219235
13,0.9892267177400048,0.1,3,euclidean,brute,40,,-0.08372689256219235
13,0.9892267177400048,0.1,3,euclidean,brute,40,1.0,-0.08372689256219235
13,0.9892267177400048,0.1,3,euclidean,brute,40,2.0,-0.08372689256219235
13,0.9892267177400048,0.1,3,euclidean,brute,50,,-0.08372689256219235
13,0.9892267177400048,0.1,3,euclidean,brute,50,1.0,-0.08372689256219235
13,0.9892267177400048,0.1,3,euclidean,brute,50,2.0,-0.08372689256219235
1,0.999281781182667,0.1,3,manhattan,auto,10,,0.194759187051358
1,0.999281781182667,0.1,3,manhattan,auto,10,1.0,0.194759187051358
1,0.999281781182667,0.1,3,manhattan,auto,10,2.0,0.194759187051358
1,0.999281781182667,0.1,3,manhattan,auto,20,,0.194759187051358
1,0.999281781182667,0.1,3,manhattan,auto,20,1.0,0.194759187051358
1,0.999281781182667,0.1,3,manhattan,auto,20,2.0,0.194759187051358
1,0.999281781182667,0.1,3,manhattan,auto,30,,0.194759187051358
1,0.999281781182667,0.1,3,manhattan,auto,30,1.0,0.194759187051358
1,0.999281781182667,0.1,3,manhattan,auto,30,2.0,0.194759187051358
1,0.999281781182667,0.1,3,manhattan,auto,40,,0.194759187051358
1,0.999281781182667,0.1,3,manhattan,auto,40,1.0,0.194759187051358
1,0.999281781182667,0.1,3,manhattan,auto,40,2.0,0.194759187051358
1,0.999281781182667,0.1,3,manhattan,auto,50,,0.194759187051358
1,0.999281781182667,0.1,3,manhattan,auto,50,1.0,0.194759187051358
1,0.999281781182667,0.1,3,manhattan,auto,50,2.0,0.194759187051358
1,0.999281781182667,0.1,3,manhattan,ball_tree,10,,0.194759187051358
1,0.999281781182667,0.1,3,manhattan,ball_tree,10,1.0,0.194759187051358
1,0.999281781182667,0.1,3,manhattan,ball_tree,10,2.0,0.194759187051358
1,0.999281781182667,0.1,3,manhattan,ball_tree,20,,0.194759187051358
1,0.999281781182667,0.1,3,manhattan,ball_tree,20,1.0,0.194759187051358
1,0.999281781182667,0.1,3,manhattan,ball_tree,20,2.0,0.194759187051358
1,0.999281781182667,0.1,3,manhattan,ball_tree,30,,0.194759187051358
1,0.999281781182667,0.1,3,manhattan,ball_tree,30,1.0,0.194759187051358
1,0.999281781182667,0.1,3,manhattan,ball_tree,30,2.0,0.194759187051358
1,0.999281781182667,0.1,3,manhattan,ball_tree,40,,0.194759187051358
1,0.999281781182667,0.1,3,manhattan,ball_tree,40,1.0,0.194759187051358
1,0.999281781182667,0.1,3,manhattan,ball_tree,40,2.0,0.194759187051358
1,0.999281781182667,0.1,3,manhattan,ball_tree,50,,0.194759187051358
1,0.999281781182667,0.1,3,manhattan,ball_tree,50,1.0,0.194759187051358
1,0.999281781182667,0.1,3,manhattan,ball_tree,50,2.0,0.194759187051358
1,0.999281781182667,0.1,3,manhattan,kd_tree,10,,0.194759187051358
1,0.999281781182667,0.1,3,manhattan,kd_tree,10,1.0,0.194759187051358
1,0.999281781182667,0.1,3,manhattan,kd_tree,10,2.0,0.194759187051358
1,0.999281781182667,0.1,3,manhattan,kd_tree,20,,0.194759187051358
1,0.999281781182667,0.1,3,manhattan,kd_tree,20,1.0,0.194759187051358
1,0.999281781182667,0.1,3,manhattan,kd_tree,20,2.0,0.194759187051358
1,0.999281781182667,0.1,3,manhattan,kd_tree,30,,0.194759187051358
1,0.999281781182667,0.1,3,manhattan,kd_tree,30,1.0,0.194759187051358
1,0.999281781182667,0.1,3,manhattan,kd_tree,30,2.0,0.194759187051358
1,0.999281781182667,0.1,3,manhattan,kd_tree,40,,0.194759187051358
1,0.999281781182667,0.1,3,manhattan,kd_tree,40,1.0,0.194759187051358
1,0.999281781182667,0.1,3,manhattan,kd_tree,40,2.0,0.194759187051358
1,0.999281781182667,0.1,3,manhattan,kd_tree,50,,0.194759187051358
1,0.999281781182667,0.1,3,manhattan,kd_tree,50,1.0,0.194759187051358
1,0.999281781182667,0.1,3,manhattan,kd_tree,50,2.0,0.194759187051358
1,0.999281781182667,0.1,3,manhattan,brute,10,,0.194759187051358
1,0.999281781182667,0.1,3,manhattan,brute,10,1.0,0.194759187051358
1,0.999281781182667,0.1,3,manhattan,brute,10,2.0,0.194759187051358
1,0.999281781182667,0.1,3,manhattan,brute,20,,0.194759187051358
1,0.999281781182667,0.1,3,manhattan,brute,20,1.0,0.194759187051358
1,0.999281781182667,0.1,3,manhattan,brute,20,2.0,0.194759187051358
1,0.999281781182667,0.1,3,manhattan,brute,30,,0.194759187051358
1,0.999281781182667,0.1,3,manhattan,brute,30,1.0,0.194759187051358
1,0.999281781182667,0.1,3,manhattan,brute,30,2.0,0.194759187051358
1,0.999281781182667,0.1,3,manhattan,brute,40,,0.194759187051358
1,0.999281781182667,0.1,3,manhattan,brute,40,1.0,0.194759187051358
1,0.999281781182667,0.1,3,manhattan,brute,40,2.0,0.194759187051358
1,0.999281781182667,0.1,3,manhattan,brute,50,,0.194759187051358
1,0.999281781182667,0.1,3,manhattan,brute,50,1.0,0.194759187051358
1,0.999281781182667,0.1,3,manhattan,brute,50,2.0,0.194759187051358
0,1.0,0.1,3,mahalanobis,auto,10,,-1.0
0,1.0,0.1,3,mahalanobis,auto,10,1.0,-1.0
0,1.0,0.1,3,mahalanobis,auto,10,2.0,-1.0
0,1.0,0.1,3,mahalanobis,auto,20,,-1.0
0,1.0,0.1,3,mahalanobis,auto,20,1.0,-1.0
0,1.0,0.1,3,mahalanobis,auto,20,2.0,-1.0
0,1.0,0.1,3,mahalanobis,auto,30,,-1.0
0,1.0,0.1,3,mahalanobis,auto,30,1.0,-1.0
0,1.0,0.1,3,mahalanobis,auto,30,2.0,-1.0
0,1.0,0.1,3,mahalanobis,auto,40,,-1.0
0,1.0,0.1,3,mahalanobis,auto,40,1.0,-1.0
0,1.0,0.1,3,mahalanobis,auto,40,2.0,-1.0
0,1.0,0.1,3,mahalanobis,auto,50,,-1.0
0,1.0,0.1,3,mahalanobis,auto,50,1.0,-1.0
0,1.0,0.1,3,mahalanobis,auto,50,2.0,-1.0
0,1.0,0.1,3,mahalanobis,ball_tree,10,,-1.0
0,1.0,0.1,3,mahalanobis,ball_tree,10,1.0,-1.0
0,1.0,0.1,3,mahalanobis,ball_tree,10,2.0,-1.0
0,1.0,0.1,3,mahalanobis,ball_tree,20,,-1.0
0,1.0,0.1,3,mahalanobis,ball_tree,20,1.0,-1.0
0,1.0,0.1,3,mahalanobis,ball_tree,20,2.0,-1.0
0,1.0,0.1,3,mahalanobis,ball_tree,30,,-1.0
0,1.0,0.1,3,mahalanobis,ball_tree,30,1.0,-1.0
0,1.0,0.1,3,mahalanobis,ball_tree,30,2.0,-1.0
0,1.0,0.1,3,mahalanobis,ball_tree,40,,-1.0
0,1.0,0.1,3,mahalanobis,ball_tree,40,1.0,-1.0
0,1.0,0.1,3,mahalanobis,ball_tree,40,2.0,-1.0
0,1.0,0.1,3,mahalanobis,ball_tree,50,,-1.0
0,1.0,0.1,3,mahalanobis,ball_tree,50,1.0,-1.0
0,1.0,0.1,3,mahalanobis,ball_tree,50,2.0,-1.0
0,1.0,0.1,3,mahalanobis,kd_tree,10,,-1.0
0,1.0,0.1,3,mahalanobis,kd_tree,10,1.0,-1.0
0,1.0,0.1,3,mahalanobis,kd_tree,10,2.0,-1.0
0,1.0,0.1,3,mahalanobis,kd_tree,20,,-1.0
0,1.0,0.1,3,mahalanobis,kd_tree,20,1.0,-1.0
0,1.0,0.1,3,mahalanobis,kd_tree,20,2.0,-1.0
0,1.0,0.1,3,mahalanobis,kd_tree,30,,-1.0
0,1.0,0.1,3,mahalanobis,kd_tree,30,1.0,-1.0
0,1.0,0.1,3,mahalanobis,kd_tree,30,2.0,-1.0
0,1.0,0.1,3,mahalanobis,kd_tree,40,,-1.0
0,1.0,0.1,3,mahalanobis,kd_tree,40,1.0,-1.0
0,1.0,0.1,3,mahalanobis,kd_tree,40,2.0,-1.0
0,1.0,0.1,3,mahalanobis,kd_tree,50,,-1.0
0,1.0,0.1,3,mahalanobis,kd_tree,50,1.0,-1.0
0,1.0,0.1,3,mahalanobis,kd_tree,50,2.0,-1.0
0,1.0,0.1,3,mahalanobis,brute,10,,-1.0
0,1.0,0.1,3,mahalanobis,brute,10,1.0,-1.0
0,1.0,0.1,3,mahalanobis,brute,10,2.0,-1.0
0,1.0,0.1,3,mahalanobis,brute,20,,-1.0
0,1.0,0.1,3,mahalanobis,brute,20,1.0,-1.0
0,1.0,0.1,3,mahalanobis,brute,20,2.0,-1.0
0,1.0,0.1,3,mahalanobis,brute,30,,-1.0
0,1.0,0.1,3,mahalanobis,brute,30,1.0,-1.0
0,1.0,0.1,3,mahalanobis,brute,30,2.0,-1.0
0,1.0,0.1,3,mahalanobis,brute,40,,-1.0
0,1.0,0.1,3,mahalanobis,brute,40,1.0,-1.0
0,1.0,0.1,3,mahalanobis,brute,40,2.0,-1.0
0,1.0,0.1,3,mahalanobis,brute,50,,-1.0
0,1.0,0.1,3,mahalanobis,brute,50,1.0,-1.0
0,1.0,0.1,3,mahalanobis,brute,50,2.0,-1.0
3,0.9971271247306679,0.1,4,euclidean,auto,10,,-0.09028378597864108
3,0.9971271247306679,0.1,4,euclidean,auto,10,1.0,-0.09028378597864108
3,0.9971271247306679,0.1,4,euclidean,auto,10,2.0,-0.09028378597864108
3,0.9971271247306679,0.1,4,euclidean,auto,20,,-0.09028378597864108
3,0.9971271247306679,0.1,4,euclidean,auto,20,1.0,-0.09028378597864108
3,0.9971271247306679,0.1,4,euclidean,auto,20,2.0,-0.09028378597864108
3,0.9971271247306679,0.1,4,euclidean,auto,30,,-0.09028378597864108
3,0.9971271247306679,0.1,4,euclidean,auto,30,1.0,-0.09028378597864108
3,0.9971271247306679,0.1,4,euclidean,auto,30,2.0,-0.09028378597864108
3,0.9971271247306679,0.1,4,euclidean,auto,40,,-0.09028378597864108
3,0.9971271247306679,0.1,4,euclidean,auto,40,1.0,-0.09028378597864108
3,0.9971271247306679,0.1,4,euclidean,auto,40,2.0,-0.09028378597864108
3,0.9971271247306679,0.1,4,euclidean,auto,50,,-0.09028378597864108
3,0.9971271247306679,0.1,4,euclidean,auto,50,1.0,-0.09028378597864108
3,0.9971271247306679,0.1,4,euclidean,auto,50,2.0,-0.09028378597864108
3,0.9971271247306679,0.1,4,euclidean,ball_tree,10,,-0.09028378597864108
3,0.9971271247306679,0.1,4,euclidean,ball_tree,10,1.0,-0.09028378597864108
3,0.9971271247306679,0.1,4,euclidean,ball_tree,10,2.0,-0.09028378597864108
3,0.9971271247306679,0.1,4,euclidean,ball_tree,20,,-0.09028378597864108
3,0.9971271247306679,0.1,4,euclidean,ball_tree,20,1.0,-0.09028378597864108
3,0.9971271247306679,0.1,4,euclidean,ball_tree,20,2.0,-0.09028378597864108
3,0.9971271247306679,0.1,4,euclidean,ball_tree,30,,-0.09028378597864108
3,0.9971271247306679,0.1,4,euclidean,ball_tree,30,1.0,-0.09028378597864108
3,0.9971271247306679,0.1,4,euclidean,ball_tree,30,2.0,-0.09028378597864108
3,0.9971271247306679,0.1,4,euclidean,ball_tree,40,,-0.09028378597864108
3,0.9971271247306679,0.1,4,euclidean,ball_tree,40,1.0,-0.09028378597864108
3,0.9971271247306679,0.1,4,euclidean,ball_tree,40,2.0,-0.09028378597864108
3,0.9971271247306679,0.1,4,euclidean,ball_tree,50,,-0.09028378597864108
3,0.9971271247306679,0.1,4,euclidean,ball_tree,50,1.0,-0.09028378597864108
3,0.9971271247306679,0.1,4,euclidean,ball_tree,50,2.0,-0.09028378597864108
3,0.9971271247306679,0.1,4,euclidean,kd_tree,10,,-0.09028378597864108
3,0.9971271247306679,0.1,4,euclidean,kd_tree,10,1.0,-0.09028378597864108
3,0.9971271247306679,0.1,4,euclidean,kd_tree,10,2.0,-0.09028378597864108
3,0.9971271247306679,0.1,4,euclidean,kd_tree,20,,-0.09028378597864108
3,0.9971271247306679,0.1,4,euclidean,kd_tree,20,1.0,-0.09028378597864108
3,0.9971271247306679,0.1,4,euclidean,kd_tree,20,2.0,-0.09028378597864108
3,0.9971271247306679,0.1,4,euclidean,kd_tree,30,,-0.09028378597864108
3,0.9971271247306679,0.1,4,euclidean,kd_tree,30,1.0,-0.09028378597864108
3,0.9971271247306679,0.1,4,euclidean,kd_tree,30,2.0,-0.09028378597864108
3,0.9971271247306679,0.1,4,euclidean,kd_tree,40,,-0.09028378597864108
3,0.9971271247306679,0.1,4,euclidean,kd_tree,40,1.0,-0.09028378597864108
3,0.9971271247306679,0.1,4,euclidean,kd_tree,40,2.0,-0.09028378597864108
3,0.9971271247306679,0.1,4,euclidean,kd_tree,50,,-0.09028378597864108
3,0.9971271247306679,0.1,4,euclidean,kd_tree,50,1.0,-0.09028378597864108
3,0.9971271247306679,0.1,4,euclidean,kd_tree,50,2.0,-0.09028378597864108
3,0.9971271247306679,0.1,4,euclidean,brute,10,,-0.09028378597864108
3,0.9971271247306679,0.1,4,euclidean,brute,10,1.0,-0.09028378597864108
3,0.9971271247306679,0.1,4,euclidean,brute,10,2.0,-0.09028378597864108
3,0.9971271247306679,0.1,4,euclidean,brute,20,,-0.09028378597864108
3,0.9971271247306679,0.1,4,euclidean,brute,20,1.0,-0.09028378597864108
3,0.9971271247306679,0.1,4,euclidean,brute,20,2.0,-0.09028378597864108
3,0.9971271247306679,0.1,4,euclidean,brute,30,,-0.09028378597864108
3,0.9971271247306679,0.1,4,euclidean,brute,30,1.0,-0.09028378597864108
3,0.9971271247306679,0.1,4,euclidean,brute,30,2.0,-0.09028378597864108
3,0.9971271247306679,0.1,4,euclidean,brute,40,,-0.09028378597864108
3,0.9971271247306679,0.1,4,euclidean,brute,40,1.0,-0.09028378597864108
3,0.9971271247306679,0.1,4,euclidean,brute,40,2.0,-0.09028378597864108
3,0.9971271247306679,0.1,4,euclidean,brute,50,,-0.09028378597864108
3,0.9971271247306679,0.1,4,euclidean,brute,50,1.0,-0.09028378597864108
3,0.9971271247306679,0.1,4,euclidean,brute,50,2.0,-0.09028378597864108
0,1.0,0.1,4,manhattan,auto,10,,-1.0
0,1.0,0.1,4,manhattan,auto,10,1.0,-1.0
0,1.0,0.1,4,manhattan,auto,10,2.0,-1.0
0,1.0,0.1,4,manhattan,auto,20,,-1.0
0,1.0,0.1,4,manhattan,auto,20,1.0,-1.0
0,1.0,0.1,4,manhattan,auto,20,2.0,-1.0
0,1.0,0.1,4,manhattan,auto,30,,-1.0
0,1.0,0.1,4,manhattan,auto,30,1.0,-1.0
0,1.0,0.1,4,manhattan,auto,30,2.0,-1.0
0,1.0,0.1,4,manhattan,auto,40,,-1.0
0,1.0,0.1,4,manhattan,auto,40,1.0,-1.0
0,1.0,0.1,4,manhattan,auto,40,2.0,-1.0
0,1.0,0.1,4,manhattan,auto,50,,-1.0
0,1.0,0.1,4,manhattan,auto,50,1.0,-1.0
0,1.0,0.1,4,manhattan,auto,50,2.0,-1.0
0,1.0,0.1,4,manhattan,ball_tree,10,,-1.0
0,1.0,0.1,4,manhattan,ball_tree,10,1.0,-1.0
0,1.0,0.1,4,manhattan,ball_tree,10,2.0,-1.0
0,1.0,0.1,4,manhattan,ball_tree,20,,-1.0
0,1.0,0.1,4,manhattan,ball_tree,20,1.0,-1.0
0,1.0,0.1,4,manhattan,ball_tree,20,2.0,-1.0
0,1.0,0.1,4,manhattan,ball_tree,30,,-1.0
0,1.0,0.1,4,manhattan,ball_tree,30,1.0,-1.0
0,1.0,0.1,4,manhattan,ball_tree,30,2.0,-1.0
0,1.0,0.1,4,manhattan,ball_tree,40,,-1.0
0,1.0,0.1,4,manhattan,ball_tree,40,1.0,-1.0
0,1.0,0.1,4,manhattan,ball_tree,40,2.0,-1.0
0,1.0,0.1,4,manhattan,ball_tree,50,,-1.0
0,1.0,0.1,4,manhattan,ball_tree,50,1.0,-1.0
0,1.0,0.1,4,manhattan,ball_tree,50,2.0,-1.0
0,1.0,0.1,4,manhattan,kd_tree,10,,-1.0
0,1.0,0.1,4,manhattan,kd_tree,10,1.0,-1.0
0,1.0,0.1,4,manhattan,kd_tree,10,2.0,-1.0
0,1.0,0.1,4,manhattan,kd_tree,20,,-1.0
0,1.0,0.1,4,manhattan,kd_tree,20,1.0,-1.0
0,1.0,0.1,4,manhattan,kd_tree,20,2.0,-1.0
0,1.0,0.1,4,manhattan,kd_tree,30,,-1.0
0,1.0,0.1,4,manhattan,kd_tree,30,1.0,-1.0
0,1.0,0.1,4,manhattan,kd_tree,30,2.0,-1.0
0,1.0,0.1,4,manhattan,kd_tree,40,,-1.0
0,1.0,0.1,4,manhattan,kd_tree,40,1.0,-1.0
0,1.0,0.1,4,manhattan,kd_tree,40,2.0,-1.0
0,1.0,0.1,4,manhattan,kd_tree,50,,-1.0
0,1.0,0.1,4,manhattan,kd_tree,50,1.0,-1.0
0,1.0,0.1,4,manhattan,kd_tree,50,2.0,-1.0
0,1.0,0.1,4,manhattan,brute,10,,-1.0
0,1.0,0.1,4,manhattan,brute,10,1.0,-1.0
0,1.0,0.1,4,manhattan,brute,10,2.0,-1.0
0,1.0,0.1,4,manhattan,brute,20,,-1.0
0,1.0,0.1,4,manhattan,brute,20,1.0,-1.0
0,1.0,0.1,4,manhattan,brute,20,2.0,-1.0
0,1.0,0.1,4,manhattan,brute,30,,-1.0
0,1.0,0.1,4,manhattan,brute,30,1.0,-1.0
0,1.0,0.1,4,manhattan,brute,30,2.0,-1.0
0,1.0,0.1,4,manhattan,brute,40,,-1.0
0,1.0,0.1,4,manhattan,brute,40,1.0,-1.0
0,1.0,0.1,4,manhattan,brute,40,2.0,-1.0
0,1.0,0.1,4,manhattan,brute,50,,-1.0
0,1.0,0.1,4,manhattan,brute,50,1.0,-1.0
0,1.0,0.1,4,manhattan,brute,50,2.0,-1.0
0,1.0,0.1,4,mahalanobis,auto,10,,-1.0
0,1.0,0.1,4,mahalanobis,auto,10,1.0,-1.0
0,1.0,0.1,4,mahalanobis,auto,10,2.0,-1.0
0,1.0,0.1,4,mahalanobis,auto,20,,-1.0
0,1.0,0.1,4,mahalanobis,auto,20,1.0,-1.0
0,1.0,0.1,4,mahalanobis,auto,20,2.0,-1.0
0,1.0,0.1,4,mahalanobis,auto,30,,-1.0
0,1.0,0.1,4,mahalanobis,auto,30,1.0,-1.0
0,1.0,0.1,4,mahalanobis,auto,30,2.0,-1.0
0,1.0,0.1,4,mahalanobis,auto,40,,-1.0
0,1.0,0.1,4,mahalanobis,auto,40,1.0,-1.0
0,1.0,0.1,4,mahalanobis,auto,40,2.0,-1.0
0,1.0,0.1,4,mahalanobis,auto,50,,-1.0
0,1.0,0.1,4,mahalanobis,auto,50,1.0,-1.0
0,1.0,0.1,4,mahalanobis,auto,50,2.0,-1.0
0,1.0,0.1,4,mahalanobis,ball_tree,10,,-1.0
0,1.0,0.1,4,mahalanobis,ball_tree,10,1.0,-1.0
0,1.0,0.1,4,mahalanobis,ball_tree,10,2.0,-1.0
0,1.0,0.1,4,mahalanobis,ball_tree,20,,-1.0
0,1.0,0.1,4,mahalanobis,ball_tree,20,1.0,-1.0
0,1.0,0.1,4,mahalanobis,ball_tree,20,2.0,-1.0
0,1.0,0.1,4,mahalanobis,ball_tree,30,,-1.0
0,1.0,0.1,4,mahalanobis,ball_tree,30,1.0,-1.0
0,1.0,0.1,4,mahalanobis,ball_tree,30,2.0,-1.0
0,1.0,0.1,4,mahalanobis,ball_tree,40,,-1.0
0,1.0,0.1,4,mahalanobis,ball_tree,40,1.0,-1.0
0,1.0,0.1,4,mahalanobis,ball_tree,40,2.0,-1.0
0,1.0,0.1,4,mahalanobis,ball_tree,50,,-1.0
0,1.0,0.1,4,mahalanobis,ball_tree,50,1.0,-1.0
0,1.0,0.1,4,mahalanobis,ball_tree,50,2.0,-1.0
0,1.0,0.1,4,mahalanobis,kd_tree,10,,-1.0
0,1.0,0.1,4,mahalanobis,kd_tree,10,1.0,-1.0
0,1.0,0.1,4,mahalanobis,kd_tree,10,2.0,-1.0
0,1.0,0.1,4,mahalanobis,kd_tree,20,,-1.0
0,1.0,0.1,4,mahalanobis,kd_tree,20,1.0,-1.0
0,1.0,0.1,4,mahalanobis,kd_tree,20,2.0,-1.0
0,1.0,0.1,4,mahalanobis,kd_tree,30,,-1.0
0,1.0,0.1,4,mahalanobis,kd_tree,30,1.0,-1.0
0,1.0,0.1,4,mahalanobis,kd_tree,30,2.0,-1.0
0,1.0,0.1,4,mahalanobis,kd_tree,40,,-1.0
0,1.0,0.1,4,mahalanobis,kd_tree,40,1.0,-1.0
0,1.0,0.1,4,mahalanobis,kd_tree,40,2.0,-1.0
0,1.0,0.1,4,mahalanobis,kd_tree,50,,-1.0
0,1.0,0.1,4,mahalanobis,kd_tree,50,1.0,-1.0
0,1.0,0.1,4,mahalanobis,kd_tree,50,2.0,-1.0
0,1.0,0.1,4,mahalanobis,brute,10,,-1.0
0,1.0,0.1,4,mahalanobis,brute,10,1.0,-1.0
0,1.0,0.1,4,mahalanobis,brute,10,2.0,-1.0
0,1.0,0.1,4,mahalanobis,brute,20,,-1.0
0,1.0,0.1,4,mahalanobis,brute,20,1.0,-1.0
0,1.0,0.1,4,mahalanobis,brute,20,2.0,-1.0
0,1.0,0.1,4,mahalanobis,brute,30,,-1.0
0,1.0,0.1,4,mahalanobis,brute,30,1.0,-1.0
0,1.0,0.1,4,mahalanobis,brute,30,2.0,-1.0
0,1.0,0.1,4,mahalanobis,brute,40,,-1.0
0,1.0,0.1,4,mahalanobis,brute,40,1.0,-1.0
0,1.0,0.1,4,mahalanobis,brute,40,2.0,-1.0
0,1.0,0.1,4,mahalanobis,brute,50,,-1.0
0,1.0,0.1,4,mahalanobis,brute,50,1.0,-1.0
0,1.0,0.1,4,mahalanobis,brute,50,2.0,-1.0
0,1.0,0.1,5,euclidean,auto,10,,-1.0
0,1.0,0.1,5,euclidean,auto,10,1.0,-1.0
0,1.0,0.1,5,euclidean,auto,10,2.0,-1.0
0,1.0,0.1,5,euclidean,auto,20,,-1.0
0,1.0,0.1,5,euclidean,auto,20,1.0,-1.0
0,1.0,0.1,5,euclidean,auto,20,2.0,-1.0
0,1.0,0.1,5,euclidean,auto,30,,-1.0
0,1.0,0.1,5,euclidean,auto,30,1.0,-1.0
0,1.0,0.1,5,euclidean,auto,30,2.0,-1.0
0,1.0,0.1,5,euclidean,auto,40,,-1.0
0,1.0,0.1,5,euclidean,auto,40,1.0,-1.0
0,1.0,0.1,5,euclidean,auto,40,2.0,-1.0
0,1.0,0.1,5,euclidean,auto,50,,-1.0
0,1.0,0.1,5,euclidean,auto,50,1.0,-1.0
0,1.0,0.1,5,euclidean,auto,50,2.0,-1.0
0,1.0,0.1,5,euclidean,ball_tree,10,,-1.0
0,1.0,0.1,5,euclidean,ball_tree,10,1.0,-1.0
0,1.0,0.1,5,euclidean,ball_tree,10,2.0,-1.0
0,1.0,0.1,5,euclidean,ball_tree,20,,-1.0
0,1.0,0.1,5,euclidean,ball_tree,20,1.0,-1.0
0,1.0,0.1,5,euclidean,ball_tree,20,2.0,-1.0
0,1.0,0.1,5,euclidean,ball_tree,30,,-1.0
0,1.0,0.1,5,euclidean,ball_tree,30,1.0,-1.0
0,1.0,0.1,5,euclidean,ball_tree,30,2.0,-1.0
0,1.0,0.1,5,euclidean,ball_tree,40,,-1.0
0,1.0,0.1,5,euclidean,ball_tree,40,1.0,-1.0
0,1.0,0.1,5,euclidean,ball_tree,40,2.0,-1.0
0,1.0,0.1,5,euclidean,ball_tree,50,,-1.0
0,1.0,0.1,5,euclidean,ball_tree,50,1.0,-1.0
0,1.0,0.1,5,euclidean,ball_tree,50,2.0,-1.0
0,1.0,0.1,5,euclidean,kd_tree,10,,-1.0
0,1.0,0.1,5,euclidean,kd_tree,10,1.0,-1.0
0,1.0,0.1,5,euclidean,kd_tree,10,2.0,-1.0
0,1.0,0.1,5,euclidean,kd_tree,20,,-1.0
0,1.0,0.1,5,euclidean,kd_tree,20,1.0,-1.0
0,1.0,0.1,5,euclidean,kd_tree,20,2.0,-1.0
0,1.0,0.1,5,euclidean,kd_tree,30,,-1.0
0,1.0,0.1,5,euclidean,kd_tree,30,1.0,-1.0
0,1.0,0.1,5,euclidean,kd_tree,30,2.0,-1.0
0,1.0,0.1,5,euclidean,kd_tree,40,,-1.0
0,1.0,0.1,5,euclidean,kd_tree,40,1.0,-1.0
0,1.0,0.1,5,euclidean,kd_tree,40,2.0,-1.0
0,1.0,0.1,5,euclidean,kd_tree,50,,-1.0
0,1.0,0.1,5,euclidean,kd_tree,50,1.0,-1.0
0,1.0,0.1,5,euclidean,kd_tree,50,2.0,-1.0
0,1.0,0.1,5,euclidean,brute,10,,-1.0
0,1.0,0.1,5,euclidean,brute,10,1.0,-1.0
0,1.0,0.1,5,euclidean,brute,10,2.0,-1.0
0,1.0,0.1,5,euclidean,brute,20,,-1.0
0,1.0,0.1,5,euclidean,brute,20,1.0,-1.0
0,1.0,0.1,5,euclidean,brute,20,2.0,-1.0
0,1.0,0.1,5,euclidean,brute,30,,-1.0
0,1.0,0.1,5,euclidean,brute,30,1.0,-1.0
0,1.0,0.1,5,euclidean,brute,30,2.0,-1.0
0,1.0,0.1,5,euclidean,brute,40,,-1.0
0,1.0,0.1,5,euclidean,brute,40,1.0,-1.0
0,1.0,0.1,5,euclidean,brute,40,2.0,-1.0
0,1.0,0.1,5,euclidean,brute,50,,-1.0
0,1.0,0.1,5,euclidean,brute,50,1.0,-1.0
0,1.0,0.1,5,euclidean,brute,50,2.0,-1.0
0,1.0,0.1,5,manhattan,auto,10,,-1.0
0,1.0,0.1,5,manhattan,auto,10,1.0,-1.0
0,1.0,0.1,5,manhattan,auto,10,2.0,-1.0
0,1.0,0.1,5,manhattan,auto,20,,-1.0
0,1.0,0.1,5,manhattan,auto,20,1.0,-1.0
0,1.0,0.1,5,manhattan,auto,20,2.0,-1.0
0,1.0,0.1,5,manhattan,auto,30,,-1.0
0,1.0,0.1,5,manhattan,auto,30,1.0,-1.0
0,1.0,0.1,5,manhattan,auto,30,2.0,-1.0
0,1.0,0.1,5,manhattan,auto,40,,-1.0
0,1.0,0.1,5,manhattan,auto,40,1.0,-1.0
0,1.0,0.1,5,manhattan,auto,40,2.0,-1.0
0,1.0,0.1,5,manhattan,auto,50,,-1.0
0,1.0,0.1,5,manhattan,auto,50,1.0,-1.0
0,1.0,0.1,5,manhattan,auto,50,2.0,-1.0
0,1.0,0.1,5,manhattan,ball_tree,10,,-1.0
0,1.0,0.1,5,manhattan,ball_tree,10,1.0,-1.0
0,1.0,0.1,5,manhattan,ball_tree,10,2.0,-1.0
0,1.0,0.1,5,manhattan,ball_tree,20,,-1.0
0,1.0,0.1,5,manhattan,ball_tree,20,1.0,-1.0
0,1.0,0.1,5,manhattan,ball_tree,20,2.0,-1.0
0,1.0,0.1,5,manhattan,ball_tree,30,,-1.0
0,1.0,0.1,5,manhattan,ball_tree,30,1.0,-1.0
0,1.0,0.1,5,manhattan,ball_tree,30,2.0,-1.0
0,1.0,0.1,5,manhattan,ball_tree,40,,-1.0
0,1.0,0.1,5,manhattan,ball_tree,40,1.0,-1.0
0,1.0,0.1,5,manhattan,ball_tree,40,2.0,-1.0
0,1.0,0.1,5,manhattan,ball_tree,50,,-1.0
0,1.0,0.1,5,manhattan,ball_tree,50,1.0,-1.0
0,1.0,0.1,5,manhattan,ball_tree,50,2.0,-1.0
0,1.0,0.1,5,manhattan,kd_tree,10,,-1.0
0,1.0,0.1,5,manhattan,kd_tree,10,1.0,-1.0
0,1.0,0.1,5,manhattan,kd_tree,10,2.0,-1.0
0,1.0,0.1,5,manhattan,kd_tree,20,,-1.0
0,1.0,0.1,5,manhattan,kd_tree,20,1.0,-1.0
0,1.0,0.1,5,manhattan,kd_tree,20,2.0,-1.0
0,1.0,0.1,5,manhattan,kd_tree,30,,-1.0
0,1.0,0.1,5,manhattan,kd_tree,30,1.0,-1.0
0,1.0,0.1,5,manhattan,kd_tree,30,2.0,-1.0
0,1.0,0.1,5,manhattan,kd_tree,40,,-1.0
0,1.0,0.1,5,manhattan,kd_tree,40,1.0,-1.0
0,1.0,0.1,5,manhattan,kd_tree,40,2.0,-1.0
0,1.0,0.1,5,manhattan,kd_tree,50,,-1.0
0,1.0,0.1,5,manhattan,kd_tree,50,1.0,-1.0
0,1.0,0.1,5,manhattan,kd_tree,50,2.0,-1.0
0,1.0,0.1,5,manhattan,brute,10,,-1.0
0,1.0,0.1,5,manhattan,brute,10,1.0,-1.0
0,1.0,0.1,5,manhattan,brute,10,2.0,-1.0
0,1.0,0.1,5,manhattan,brute,20,,-1.0
0,1.0,0.1,5,manhattan,brute,20,1.0,-1.0
0,1.0,0.1,5,manhattan,brute,20,2.0,-1.0
0,1.0,0.1,5,manhattan,brute,30,,-1.0
0,1.0,0.1,5,manhattan,brute,30,1.0,-1.0
0,1.0,0.1,5,manhattan,brute,30,2.0,-1.0
0,1.0,0.1,5,manhattan,brute,40,,-1.0
0,1.0,0.1,5,manhattan,brute,40,1.0,-1.0
0,1.0,0.1,5,manhattan,brute,40,2.0,-1.0
0,1.0,0.1,5,manhattan,brute,50,,-1.0
0,1.0,0.1,5,manhattan,brute,50,1.0,-1.0
0,1.0,0.1,5,manhattan,brute,50,2.0,-1.0
0,1.0,0.1,5,mahalanobis,auto,10,,-1.0
0,1.0,0.1,5,mahalanobis,auto,10,1.0,-1.0
0,1.0,0.1,5,mahalanobis,auto,10,2.0,-1.0
0,1.0,0.1,5,mahalanobis,auto,20,,-1.0
0,1.0,0.1,5,mahalanobis,auto,20,1.0,-1.0
0,1.0,0.1,5,mahalanobis,auto,20,2.0,-1.0
0,1.0,0.1,5,mahalanobis,auto,30,,-1.0
0,1.0,0.1,5,mahalanobis,auto,30,1.0,-1.0
0,1.0,0.1,5,mahalanobis,auto,30,2.0,-1.0
0,1.0,0.1,5,mahalanobis,auto,40,,-1.0
0,1.0,0.1,5,mahalanobis,auto,40,1.0,-1.0
0,1.0,0.1,5,mahalanobis,auto,40,2.0,-1.0
0,1.0,0.1,5,mahalanobis,auto,50,,-1.0
0,1.0,0.1,5,mahalanobis,auto,50,1.0,-1.0
0,1.0,0.1,5,mahalanobis,auto,50,2.0,-1.0
0,1.0,0.1,5,mahalanobis,ball_tree,10,,-1.0
0,1.0,0.1,5,mahalanobis,ball_tree,10,1.0,-1.0
0,1.0,0.1,5,mahalanobis,ball_tree,10,2.0,-1.0
0,1.0,0.1,5,mahalanobis,ball_tree,20,,-1.0
0,1.0,0.1,5,mahalanobis,ball_tree,20,1.0,-1.0
0,1.0,0.1,5,mahalanobis,ball_tree,20,2.0,-1.0
0,1.0,0.1,5,mahalanobis,ball_tree,30,,-1.0
0,1.0,0.1,5,mahalanobis,ball_tree,30,1.0,-1.0
0,1.0,0.1,5,mahalanobis,ball_tree,30,2.0,-1.0
0,1.0,0.1,5,mahalanobis,ball_tree,40,,-1.0
0,1.0,0.1,5,mahalanobis,ball_tree,40,1.0,-1.0
0,1.0,0.1,5,mahalanobis,ball_tree,40,2.0,-1.0
0,1.0,0.1,5,mahalanobis,ball_tree,50,,-1.0
0,1.0,0.1,5,mahalanobis,ball_tree,50,1.0,-1.0
0,1.0,0.1,5,mahalanobis,ball_tree,50,2.0,-1.0
0,1.0,0.1,5,mahalanobis,kd_tree,10,,-1.0
0,1.0,0.1,5,mahalanobis,kd_tree,10,1.0,-1.0
0,1.0,0.1,5,mahalanobis,kd_tree,10,2.0,-1.0
0,1.0,0.1,5,mahalanobis,kd_tree,20,,-1.0
0,1.0,0.1,5,mahalanobis,kd_tree,20,1.0,-1.0
0,1.0,0.1,5,mahalanobis,kd_tree,20,2.0,-1.0
0,1.0,0.1,5,mahalanobis,kd_tree,30,,-1.0
0,1.0,0.1,5,mahalanobis,kd_tree,30,1.0,-1.0
0,1.0,0.1,5,mahalanobis,kd_tree,30,2.0,-1.0
0,1.0,0.1,5,mahalanobis,kd_tree,40,,-1.0
0,1.0,0.1,5,mahalanobis,kd_tree,40,1.0,-1.0
0,1.0,0.1,5,mahalanobis,kd_tree,40,2.0,-1.0
0,1.0,0.1,5,mahalanobis,kd_tree,50,,-1.0
0,1.0,0.1,5,mahalanobis,kd_tree,50,1.0,-1.0
0,1.0,0.1,5,mahalanobis,kd_tree,50,2.0,-1.0
0,1.0,0.1,5,mahalanobis,brute,10,,-1.0
0,1.0,0.1,5,mahalanobis,brute,10,1.0,-1.0
0,1.0,0.1,5,mahalanobis,brute,10,2.0,-1.0
0,1.0,0.1,5,mahalanobis,brute,20,,-1.0
0,1.0,0.1,5,mahalanobis,brute,20,1.0,-1.0
0,1.0,0.1,5,mahalanobis,brute,20,2.0,-1.0
0,1.0,0.1,5,mahalanobis,brute,30,,-1.0
0,1.0,0.1,5,mahalanobis,brute,30,1.0,-1.0
0,1.0,0.1,5,mahalanobis,brute,30,2.0,-1.0
0,1.0,0.1,5,mahalanobis,brute,40,,-1.0
0,1.0,0.1,5,mahalanobis,brute,40,1.0,-1.0
0,1.0,0.1,5,mahalanobis,brute,40,2.0,-1.0
0,1.0,0.1,5,mahalanobis,brute,50,,-1.0
0,1.0,0.1,5,mahalanobis,brute,50,1.0,-1.0
0,1.0,0.1,5,mahalanobis,brute,50,2.0,-1.0
0,1.0,0.1,6,euclidean,auto,10,,-1.0
0,1.0,0.1,6,euclidean,auto,10,1.0,-1.0
0,1.0,0.1,6,euclidean,auto,10,2.0,-1.0
0,1.0,0.1,6,euclidean,auto,20,,-1.0
0,1.0,0.1,6,euclidean,auto,20,1.0,-1.0
0,1.0,0.1,6,euclidean,auto,20,2.0,-1.0
0,1.0,0.1,6,euclidean,auto,30,,-1.0
0,1.0,0.1,6,euclidean,auto,30,1.0,-1.0
0,1.0,0.1,6,euclidean,auto,30,2.0,-1.0
0,1.0,0.1,6,euclidean,auto,40,,-1.0
0,1.0,0.1,6,euclidean,auto,40,1.0,-1.0
0,1.0,0.1,6,euclidean,auto,40,2.0,-1.0
0,1.0,0.1,6,euclidean,auto,50,,-1.0
0,1.0,0.1,6,euclidean,auto,50,1.0,-1.0
0,1.0,0.1,6,euclidean,auto,50,2.0,-1.0
0,1.0,0.1,6,euclidean,ball_tree,10,,-1.0
0,1.0,0.1,6,euclidean,ball_tree,10,1.0,-1.0
0,1.0,0.1,6,euclidean,ball_tree,10,2.0,-1.0
0,1.0,0.1,6,euclidean,ball_tree,20,,-1.0
0,1.0,0.1,6,euclidean,ball_tree,20,1.0,-1.0
0,1.0,0.1,6,euclidean,ball_tree,20,2.0,-1.0
0,1.0,0.1,6,euclidean,ball_tree,30,,-1.0
0,1.0,0.1,6,euclidean,ball_tree,30,1.0,-1.0
0,1.0,0.1,6,euclidean,ball_tree,30,2.0,-1.0
0,1.0,0.1,6,euclidean,ball_tree,40,,-1.0
0,1.0,0.1,6,euclidean,ball_tree,40,1.0,-1.0
0,1.0,0.1,6,euclidean,ball_tree,40,2.0,-1.0
0,1.0,0.1,6,euclidean,ball_tree,50,,-1.0
0,1.0,0.1,6,euclidean,ball_tree,50,1.0,-1.0
0,1.0,0.1,6,euclidean,ball_tree,50,2.0,-1.0
0,1.0,0.1,6,euclidean,kd_tree,10,,-1.0
0,1.0,0.1,6,euclidean,kd_tree,10,1.0,-1.0
0,1.0,0.1,6,euclidean,kd_tree,10,2.0,-1.0
0,1.0,0.1,6,euclidean,kd_tree,20,,-1.0
0,1.0,0.1,6,euclidean,kd_tree,20,1.0,-1.0
0,1.0,0.1,6,euclidean,kd_tree,20,2.0,-1.0
0,1.0,0.1,6,euclidean,kd_tree,30,,-1.0
0,1.0,0.1,6,euclidean,kd_tree,30,1.0,-1.0
0,1.0,0.1,6,euclidean,kd_tree,30,2.0,-1.0
0,1.0,0.1,6,euclidean,kd_tree,40,,-1.0
0,1.0,0.1,6,euclidean,kd_tree,40,1.0,-1.0
0,1.0,0.1,6,euclidean,kd_tree,40,2.0,-1.0
0,1.0,0.1,6,euclidean,kd_tree,50,,-1.0
0,1.0,0.1,6,euclidean,kd_tree,50,1.0,-1.0
0,1.0,0.1,6,euclidean,kd_tree,50,2.0,-1.0
0,1.0,0.1,6,euclidean,brute,10,,-1.0
0,1.0,0.1,6,euclidean,brute,10,1.0,-1.0
0,1.0,0.1,6,euclidean,brute,10,2.0,-1.0
0,1.0,0.1,6,euclidean,brute,20,,-1.0
0,1.0,0.1,6,euclidean,brute,20,1.0,-1.0
0,1.0,0.1,6,euclidean,brute,20,2.0,-1.0
0,1.0,0.1,6,euclidean,brute,30,,-1.0
0,1.0,0.1,6,euclidean,brute,30,1.0,-1.0
0,1.0,0.1,6,euclidean,brute,30,2.0,-1.0
0,1.0,0.1,6,euclidean,brute,40,,-1.0
0,1.0,0.1,6,euclidean,brute,40,1.0,-1.0
0,1.0,0.1,6,euclidean,brute,40,2.0,-1.0
0,1.0,0.1,6,euclidean,brute,50,,-1.0
0,1.0,0.1,6,euclidean,brute,50,1.0,-1.0
0,1.0,0.1,6,euclidean,brute,50,2.0,-1.0
0,1.0,0.1,6,manhattan,auto,10,,-1.0
0,1.0,0.1,6,manhattan,auto,10,1.0,-1.0
0,1.0,0.1,6,manhattan,auto,10,2.0,-1.0
0,1.0,0.1,6,manhattan,auto,20,,-1.0
0,1.0,0.1,6,manhattan,auto,20,1.0,-1.0
0,1.0,0.1,6,manhattan,auto,20,2.0,-1.0
0,1.0,0.1,6,manhattan,auto,30,,-1.0
0,1.0,0.1,6,manhattan,auto,30,1.0,-1.0
0,1.0,0.1,6,manhattan,auto,30,2.0,-1.0
0,1.0,0.1,6,manhattan,auto,40,,-1.0
0,1.0,0.1,6,manhattan,auto,40,1.0,-1.0
0,1.0,0.1,6,manhattan,auto,40,2.0,-1.0
0,1.0,0.1,6,manhattan,auto,50,,-1.0
0,1.0,0.1,6,manhattan,auto,50,1.0,-1.0
0,1.0,0.1,6,manhattan,auto,50,2.0,-1.0
0,1.0,0.1,6,manhattan,ball_tree,10,,-1.0
0,1.0,0.1,6,manhattan,ball_tree,10,1.0,-1.0
0,1.0,0.1,6,manhattan,ball_tree,10,2.0,-1.0
0,1.0,0.1,6,manhattan,ball_tree,20,,-1.0
0,1.0,0.1,6,manhattan,ball_tree,20,1.0,-1.0
0,1.0,0.1,6,manhattan,ball_tree,20,2.0,-1.0
0,1.0,0.1,6,manhattan,ball_tree,30,,-1.0
0,1.0,0.1,6,manhattan,ball_tree,30,1.0,-1.0
0,1.0,0.1,6,manhattan,ball_tree,30,2.0,-1.0
0,1.0,0.1,6,manhattan,ball_tree,40,,-1.0
0,1.0,0.1,6,manhattan,ball_tree,40,1.0,-1.0
0,1.0,0.1,6,manhattan,ball_tree,40,2.0,-1.0
0,1.0,0.1,6,manhattan,ball_tree,50,,-1.0
0,1.0,0.1,6,manhattan,ball_tree,50,1.0,-1.0
0,1.0,0.1,6,manhattan,ball_tree,50,2.0,-1.0
0,1.0,0.1,6,manhattan,kd_tree,10,,-1.0
0,1.0,0.1,6,manhattan,kd_tree,10,1.0,-1.0
0,1.0,0.1,6,manhattan,kd_tree,10,2.0,-1.0
0,1.0,0.1,6,manhattan,kd_tree,20,,-1.0
0,1.0,0.1,6,manhattan,kd_tree,20,1.0,-1.0
0,1.0,0.1,6,manhattan,kd_tree,20,2.0,-1.0
0,1.0,0.1,6,manhattan,kd_tree,30,,-1.0
0,1.0,0.1,6,manhattan,kd_tree,30,1.0,-1.0
0,1.0,0.1,6,manhattan,kd_tree,30,2.0,-1.0
0,1.0,0.1,6,manhattan,kd_tree,40,,-1.0
0,1.0,0.1,6,manhattan,kd_tree,40,1.0,-1.0
0,1.0,0.1,6,manhattan,kd_tree,40,2.0,-1.0
0,1.0,0.1,6,manhattan,kd_tree,50,,-1.0
0,1.0,0.1,6,manhattan,kd_tree,50,1.0,-1.0
0,1.0,0.1,6,manhattan,kd_tree,50,2.0,-1.0
0,1.0,0.1,6,manhattan,brute,10,,-1.0
0,1.0,0.1,6,manhattan,brute,10,1.0,-1.0
0,1.0,0.1,6,manhattan,brute,10,2.0,-1.0
0,1.0,0.1,6,manhattan,brute,20,,-1.0
0,1.0,0.1,6,manhattan,brute,20,1.0,-1.0
0,1.0,0.1,6,manhattan,brute,20,2.0,-1.0
0,1.0,0.1,6,manhattan,brute,30,,-1.0
0,1.0,0.1,6,manhattan,brute,30,1.0,-1.0
0,1.0,0.1,6,manhattan,brute,30,2.0,-1.0
0,1.0,0.1,6,manhattan,brute,40,,-1.0
0,1.0,0.1,6,manhattan,brute,40,1.0,-1.0
0,1.0,0.1,6,manhattan,brute,40,2.0,-1.0
0,1.0,0.1,6,manhattan,brute,50,,-1.0
0,1.0,0.1,6,manhattan,brute,50,1.0,-1.0
0,1.0,0.1,6,manhattan,brute,50,2.0,-1.0
0,1.0,0.1,6,mahalanobis,auto,10,,-1.0
0,1.0,0.1,6,mahalanobis,auto,10,1.0,-1.0
0,1.0,0.1,6,mahalanobis,auto,10,2.0,-1.0
0,1.0,0.1,6,mahalanobis,auto,20,,-1.0
0,1.0,0.1,6,mahalanobis,auto,20,1.0,-1.0
0,1.0,0.1,6,mahalanobis,auto,20,2.0,-1.0
0,1.0,0.1,6,mahalanobis,auto,30,,-1.0
0,1.0,0.1,6,mahalanobis,auto,30,1.0,-1.0
0,1.0,0.1,6,mahalanobis,auto,30,2.0,-1.0
0,1.0,0.1,6,mahalanobis,auto,40,,-1.0
0,1.0,0.1,6,mahalanobis,auto,40,1.0,-1.0
0,1.0,0.1,6,mahalanobis,auto,40,2.0,-1.0
0,1.0,0.1,6,mahalanobis,auto,50,,-1.0
0,1.0,0.1,6,mahalanobis,auto,50,1.0,-1.0
0,1.0,0.1,6,mahalanobis,auto,50,2.0,-1.0
0,1.0,0.1,6,mahalanobis,ball_tree,10,,-1.0
0,1.0,0.1,6,mahalanobis,ball_tree,10,1.0,-1.0
0,1.0,0.1,6,mahalanobis,ball_tree,10,2.0,-1.0
0,1.0,0.1,6,mahalanobis,ball_tree,20,,-1.0
0,1.0,0.1,6,mahalanobis,ball_tree,20,1.0,-1.0
0,1.0,0.1,6,mahalanobis,ball_tree,20,2.0,-1.0
0,1.0,0.1,6,mahalanobis,ball_tree,30,,-1.0
0,1.0,0.1,6,mahalanobis,ball_tree,30,1.0,-1.0
0,1.0,0.1,6,mahalanobis,ball_tree,30,2.0,-1.0
0,1.0,0.1,6,mahalanobis,ball_tree,40,,-1.0
0,1.0,0.1,6,mahalanobis,ball_tree,40,1.0,-1.0
0,1.0,0.1,6,mahalanobis,ball_tree,40,2.0,-1.0
0,1.0,0.1,6,mahalanobis,ball_tree,50,,-1.0
0,1.0,0.1,6,mahalanobis,ball_tree,50,1.0,-1.0
0,1.0,0.1,6,mahalanobis,ball_tree,50,2.0,-1.0
0,1.0,0.1,6,mahalanobis,kd_tree,10,,-1.0
0,1.0,0.1,6,mahalanobis,kd_tree,10,1.0,-1.0
0,1.0,0.1,6,mahalanobis,kd_tree,10,2.0,-1.0
0,1.0,0.1,6,mahalanobis,kd_tree,20,,-1.0
0,1.0,0.1,6,mahalanobis,kd_tree,20,1.0,-1.0
0,1.0,0.1,6,mahalanobis,kd_tree,20,2.0,-1.0
0,1.0,0.1,6,mahalanobis,kd_tree,30,,-1.0
0,1.0,0.1,6,mahalanobis,kd_tree,30,1.0,-1.0
0,1.0,0.1,6,mahalanobis,kd_tree,30,2.0,-1.0
0,1.0,0.1,6,mahalanobis,kd_tree,40,,-1.0
0,1.0,0.1,6,mahalanobis,kd_tree,40,1.0,-1.0
0,1.0,0.1,6,mahalanobis,kd_tree,40,2.0,-1.0
0,1.0,0.1,6,mahalanobis,kd_tree,50,,-1.0
0,1.0,0.1,6,mahalanobis,kd_tree,50,1.0,-1.0
0,1.0,0.1,6,mahalanobis,kd_tree,50,2.0,-1.0
0,1.0,0.1,6,mahalanobis,brute,10,,-1.0
0,1.0,0.1,6,mahalanobis,brute,10,1.0,-1.0
0,1.0,0.1,6,mahalanobis,brute,10,2.0,-1.0
0,1.0,0.1,6,mahalanobis,brute,20,,-1.0
0,1.0,0.1,6,mahalanobis,brute,20,1.0,-1.0
0,1.0,0.1,6,mahalanobis,brute,20,2.0,-1.0
0,1.0,0.1,6,mahalanobis,brute,30,,-1.0
0,1.0,0.1,6,mahalanobis,brute,30,1.0,-1.0
0,1.0,0.1,6,mahalanobis,brute,30,2.0,-1.0
0,1.0,0.1,6,mahalanobis,brute,40,,-1.0
0,1.0,0.1,6,mahalanobis,brute,40,1.0,-1.0
0,1.0,0.1,6,mahalanobis,brute,40,2.0,-1.0
0,1.0,0.1,6,mahalanobis,brute,50,,-1.0
0,1.0,0.1,6,mahalanobis,brute,50,1.0,-1.0
0,1.0,0.1,6,mahalanobis,brute,50,2.0,-1.0
0,1.0,0.1,7,euclidean,auto,10,,-1.0
0,1.0,0.1,7,euclidean,auto,10,1.0,-1.0
0,1.0,0.1,7,euclidean,auto,10,2.0,-1.0
0,1.0,0.1,7,euclidean,auto,20,,-1.0
0,1.0,0.1,7,euclidean,auto,20,1.0,-1.0
0,1.0,0.1,7,euclidean,auto,20,2.0,-1.0
0,1.0,0.1,7,euclidean,auto,30,,-1.0
0,1.0,0.1,7,euclidean,auto,30,1.0,-1.0
0,1.0,0.1,7,euclidean,auto,30,2.0,-1.0
0,1.0,0.1,7,euclidean,auto,40,,-1.0
0,1.0,0.1,7,euclidean,auto,40,1.0,-1.0
0,1.0,0.1,7,euclidean,auto,40,2.0,-1.0
0,1.0,0.1,7,euclidean,auto,50,,-1.0
0,1.0,0.1,7,euclidean,auto,50,1.0,-1.0
0,1.0,0.1,7,euclidean,auto,50,2.0,-1.0
0,1.0,0.1,7,euclidean,ball_tree,10,,-1.0
0,1.0,0.1,7,euclidean,ball_tree,10,1.0,-1.0
0,1.0,0.1,7,euclidean,ball_tree,10,2.0,-1.0
0,1.0,0.1,7,euclidean,ball_tree,20,,-1.0
0,1.0,0.1,7,euclidean,ball_tree,20,1.0,-1.0
0,1.0,0.1,7,euclidean,ball_tree,20,2.0,-1.0
0,1.0,0.1,7,euclidean,ball_tree,30,,-1.0
0,1.0,0.1,7,euclidean,ball_tree,30,1.0,-1.0
0,1.0,0.1,7,euclidean,ball_tree,30,2.0,-1.0
0,1.0,0.1,7,euclidean,ball_tree,40,,-1.0
0,1.0,0.1,7,euclidean,ball_tree,40,1.0,-1.0
0,1.0,0.1,7,euclidean,ball_tree,40,2.0,-1.0
0,1.0,0.1,7,euclidean,ball_tree,50,,-1.0
0,1.0,0.1,7,euclidean,ball_tree,50,1.0,-1.0
0,1.0,0.1,7,euclidean,ball_tree,50,2.0,-1.0
0,1.0,0.1,7,euclidean,kd_tree,10,,-1.0
0,1.0,0.1,7,euclidean,kd_tree,10,1.0,-1.0
0,1.0,0.1,7,euclidean,kd_tree,10,2.0,-1.0
0,1.0,0.1,7,euclidean,kd_tree,20,,-1.0
0,1.0,0.1,7,euclidean,kd_tree,20,1.0,-1.0
0,1.0,0.1,7,euclidean,kd_tree,20,2.0,-1.0
0,1.0,0.1,7,euclidean,kd_tree,30,,-1.0
0,1.0,0.1,7,euclidean,kd_tree,30,1.0,-1.0
0,1.0,0.1,7,euclidean,kd_tree,30,2.0,-1.0
0,1.0,0.1,7,euclidean,kd_tree,40,,-1.0
0,1.0,0.1,7,euclidean,kd_tree,40,1.0,-1.0
0,1.0,0.1,7,euclidean,kd_tree,40,2.0,-1.0
0,1.0,0.1,7,euclidean,kd_tree,50,,-1.0
0,1.0,0.1,7,euclidean,kd_tree,50,1.0,-1.0
0,1.0,0.1,7,euclidean,kd_tree,50,2.0,-1.0
0,1.0,0.1,7,euclidean,brute,10,,-1.0
0,1.0,0.1,7,euclidean,brute,10,1.0,-1.0
0,1.0,0.1,7,euclidean,brute,10,2.0,-1.0
0,1.0,0.1,7,euclidean,brute,20,,-1.0
0,1.0,0.1,7,euclidean,brute,20,1.0,-1.0
0,1.0,0.1,7,euclidean,brute,20,2.0,-1.0
0,1.0,0.1,7,euclidean,brute,30,,-1.0
0,1.0,0.1,7,euclidean,brute,30,1.0,-1.0
0,1.0,0.1,7,euclidean,brute,30,2.0,-1.0
0,1.0,0.1,7,euclidean,brute,40,,-1.0
0,1.0,0.1,7,euclidean,brute,40,1.0,-1.0
0,1.0,0.1,7,euclidean,brute,40,2.0,-1.0
0,1.0,0.1,7,euclidean,brute,50,,-1.0
0,1.0,0.1,7,euclidean,brute,50,1.0,-1.0
0,1.0,0.1,7,euclidean,brute,50,2.0,-1.0
0,1.0,0.1,7,manhattan,auto,10,,-1.0
0,1.0,0.1,7,manhattan,auto,10,1.0,-1.0
0,1.0,0.1,7,manhattan,auto,10,2.0,-1.0
0,1.0,0.1,7,manhattan,auto,20,,-1.0
0,1.0,0.1,7,manhattan,auto,20,1.0,-1.0
0,1.0,0.1,7,manhattan,auto,20,2.0,-1.0
0,1.0,0.1,7,manhattan,auto,30,,-1.0
0,1.0,0.1,7,manhattan,auto,30,1.0,-1.0
0,1.0,0.1,7,manhattan,auto,30,2.0,-1.0
0,1.0,0.1,7,manhattan,auto,40,,-1.0
0,1.0,0.1,7,manhattan,auto,40,1.0,-1.0
0,1.0,0.1,7,manhattan,auto,40,2.0,-1.0
0,1.0,0.1,7,manhattan,auto,50,,-1.0
0,1.0,0.1,7,manhattan,auto,50,1.0,-1.0
0,1.0,0.1,7,manhattan,auto,50,2.0,-1.0
0,1.0,0.1,7,manhattan,ball_tree,10,,-1.0
0,1.0,0.1,7,manhattan,ball_tree,10,1.0,-1.0
0,1.0,0.1,7,manhattan,ball_tree,10,2.0,-1.0
0,1.0,0.1,7,manhattan,ball_tree,20,,-1.0
0,1.0,0.1,7,manhattan,ball_tree,20,1.0,-1.0
0,1.0,0.1,7,manhattan,ball_tree,20,2.0,-1.0
0,1.0,0.1,7,manhattan,ball_tree,30,,-1.0
0,1.0,0.1,7,manhattan,ball_tree,30,1.0,-1.0
0,1.0,0.1,7,manhattan,ball_tree,30,2.0,-1.0
0,1.0,0.1,7,manhattan,ball_tree,40,,-1.0
0,1.0,0.1,7,manhattan,ball_tree,40,1.0,-1.0
0,1.0,0.1,7,manhattan,ball_tree,40,2.0,-1.0
0,1.0,0.1,7,manhattan,ball_tree,50,,-1.0
0,1.0,0.1,7,manhattan,ball_tree,50,1.0,-1.0
0,1.0,0.1,7,manhattan,ball_tree,50,2.0,-1.0
0,1.0,0.1,7,manhattan,kd_tree,10,,-1.0
0,1.0,0.1,7,manhattan,kd_tree,10,1.0,-1.0
0,1.0,0.1,7,manhattan,kd_tree,10,2.0,-1.0
0,1.0,0.1,7,manhattan,kd_tree,20,,-1.0
0,1.0,0.1,7,manhattan,kd_tree,20,1.0,-1.0
0,1.0,0.1,7,manhattan,kd_tree,20,2.0,-1.0
0,1.0,0.1,7,manhattan,kd_tree,30,,-1.0
0,1.0,0.1,7,manhattan,kd_tree,30,1.0,-1.0
0,1.0,0.1,7,manhattan,kd_tree,30,2.0,-1.0
0,1.0,0.1,7,manhattan,kd_tree,40,,-1.0
0,1.0,0.1,7,manhattan,kd_tree,40,1.0,-1.0
0,1.0,0.1,7,manhattan,kd_tree,40,2.0,-1.0
0,1.0,0.1,7,manhattan,kd_tree,50,,-1.0
0,1.0,0.1,7,manhattan,kd_tree,50,1.0,-1.0
0,1.0,0.1,7,manhattan,kd_tree,50,2.0,-1.0
0,1.0,0.1,7,manhattan,brute,10,,-1.0
0,1.0,0.1,7,manhattan,brute,10,1.0,-1.0
0,1.0,0.1,7,manhattan,brute,10,2.0,-1.0
0,1.0,0.1,7,manhattan,brute,20,,-1.0
0,1.0,0.1,7,manhattan,brute,20,1.0,-1.0
0,1.0,0.1,7,manhattan,brute,20,2.0,-1.0
0,1.0,0.1,7,manhattan,brute,30,,-1.0
0,1.0,0.1,7,manhattan,brute,30,1.0,-1.0
0,1.0,0.1,7,manhattan,brute,30,2.0,-1.0
0,1.0,0.1,7,manhattan,brute,40,,-1.0
0,1.0,0.1,7,manhattan,brute,40,1.0,-1.0
0,1.0,0.1,7,manhattan,brute,40,2.0,-1.0
0,1.0,0.1,7,manhattan,brute,50,,-1.0
0,1.0,0.1,7,manhattan,brute,50,1.0,-1.0
0,1.0,0.1,7,manhattan,brute,50,2.0,-1.0
0,1.0,0.1,7,mahalanobis,auto,10,,-1.0
0,1.0,0.1,7,mahalanobis,auto,10,1.0,-1.0
0,1.0,0.1,7,mahalanobis,auto,10,2.0,-1.0
0,1.0,0.1,7,mahalanobis,auto,20,,-1.0
0,1.0,0.1,7,mahalanobis,auto,20,1.0,-1.0
0,1.0,0.1,7,mahalanobis,auto,20,2.0,-1.0
0,1.0,0.1,7,mahalanobis,auto,30,,-1.0
0,1.0,0.1,7,mahalanobis,auto,30,1.0,-1.0
0,1.0,0.1,7,mahalanobis,auto,30,2.0,-1.0
0,1.0,0.1,7,mahalanobis,auto,40,,-1.0
0,1.0,0.1,7,mahalanobis,auto,40,1.0,-1.0
0,1.0,0.1,7,mahalanobis,auto,40,2.0,-1.0
0,1.0,0.1,7,mahalanobis,auto,50,,-1.0
0,1.0,0.1,7,mahalanobis,auto,50,1.0,-1.0
0,1.0,0.1,7,mahalanobis,auto,50,2.0,-1.0
0,1.0,0.1,7,mahalanobis,ball_tree,10,,-1.0
0,1.0,0.1,7,mahalanobis,ball_tree,10,1.0,-1.0
0,1.0,0.1,7,mahalanobis,ball_tree,10,2.0,-1.0
0,1.0,0.1,7,mahalanobis,ball_tree,20,,-1.0
0,1.0,0.1,7,mahalanobis,ball_tree,20,1.0,-1.0
0,1.0,0.1,7,mahalanobis,ball_tree,20,2.0,-1.0
0,1.0,0.1,7,mahalanobis,ball_tree,30,,-1.0
0,1.0,0.1,7,mahalanobis,ball_tree,30,1.0,-1.0
0,1.0,0.1,7,mahalanobis,ball_tree,30,2.0,-1.0
0,1.0,0.1,7,mahalanobis,ball_tree,40,,-1.0
0,1.0,0.1,7,mahalanobis,ball_tree,40,1.0,-1.0
0,1.0,0.1,7,mahalanobis,ball_tree,40,2.0,-1.0
0,1.0,0.1,7,mahalanobis,ball_tree,50,,-1.0
0,1.0,0.1,7,mahalanobis,ball_tree,50,1.0,-1.0
0,1.0,0.1,7,mahalanobis,ball_tree,50,2.0,-1.0
0,1.0,0.1,7,mahalanobis,kd_tree,10,,-1.0
0,1.0,0.1,7,mahalanobis,kd_tree,10,1.0,-1.0
0,1.0,0.1,7,mahalanobis,kd_tree,10,2.0,-1.0
0,1.0,0.1,7,mahalanobis,kd_tree,20,,-1.0
0,1.0,0.1,7,mahalanobis,kd_tree,20,1.0,-1.0
0,1.0,0.1,7,mahalanobis,kd_tree,20,2.0,-1.0
0,1.0,0.1,7,mahalanobis,kd_tree,30,,-1.0
0,1.0,0.1,7,mahalanobis,kd_tree,30,1.0,-1.0
0,1.0,0.1,7,mahalanobis,kd_tree,30,2.0,-1.0
0,1.0,0.1,7,mahalanobis,kd_tree,40,,-1.0
0,1.0,0.1,7,mahalanobis,kd_tree,40,1.0,-1.0
0,1.0,0.1,7,mahalanobis,kd_tree,40,2.0,-1.0
0,1.0,0.1,7,mahalanobis,kd_tree,50,,-1.0
0,1.0,0.1,7,mahalanobis,kd_tree,50,1.0,-1.0
0,1.0,0.1,7,mahalanobis,kd_tree,50,2.0,-1.0
0,1.0,0.1,7,mahalanobis,brute,10,,-1.0
0,1.0,0.1,7,mahalanobis,brute,10,1.0,-1.0
0,1.0,0.1,7,mahalanobis,brute,10,2.0,-1.0
0,1.0,0.1,7,mahalanobis,brute,20,,-1.0
0,1.0,0.1,7,mahalanobis,brute,20,1.0,-1.0
0,1.0,0.1,7,mahalanobis,brute,20,2.0,-1.0
0,1.0,0.1,7,mahalanobis,brute,30,,-1.0
0,1.0,0.1,7,mahalanobis,brute,30,1.0,-1.0
0,1.0,0.1,7,mahalanobis,brute,30,2.0,-1.0
0,1.0,0.1,7,mahalanobis,brute,40,,-1.0
0,1.0,0.1,7,mahalanobis,brute,40,1.0,-1.0
0,1.0,0.1,7,mahalanobis,brute,40,2.0,-1.0
0,1.0,0.1,7,mahalanobis,brute,50,,-1.0
0,1.0,0.1,7,mahalanobis,brute,50,1.0,-1.0
0,1.0,0.1,7,mahalanobis,brute,50,2.0,-1.0
0,1.0,0.1,8,euclidean,auto,10,,-1.0
0,1.0,0.1,8,euclidean,auto,10,1.0,-1.0
0,1.0,0.1,8,euclidean,auto,10,2.0,-1.0
0,1.0,0.1,8,euclidean,auto,20,,-1.0
0,1.0,0.1,8,euclidean,auto,20,1.0,-1.0
0,1.0,0.1,8,euclidean,auto,20,2.0,-1.0
0,1.0,0.1,8,euclidean,auto,30,,-1.0
0,1.0,0.1,8,euclidean,auto,30,1.0,-1.0
0,1.0,0.1,8,euclidean,auto,30,2.0,-1.0
0,1.0,0.1,8,euclidean,auto,40,,-1.0
0,1.0,0.1,8,euclidean,auto,40,1.0,-1.0
0,1.0,0.1,8,euclidean,auto,40,2.0,-1.0
0,1.0,0.1,8,euclidean,auto,50,,-1.0
0,1.0,0.1,8,euclidean,auto,50,1.0,-1.0
0,1.0,0.1,8,euclidean,auto,50,2.0,-1.0
0,1.0,0.1,8,euclidean,ball_tree,10,,-1.0
0,1.0,0.1,8,euclidean,ball_tree,10,1.0,-1.0
0,1.0,0.1,8,euclidean,ball_tree,10,2.0,-1.0
0,1.0,0.1,8,euclidean,ball_tree,20,,-1.0
0,1.0,0.1,8,euclidean,ball_tree,20,1.0,-1.0
0,1.0,0.1,8,euclidean,ball_tree,20,2.0,-1.0
0,1.0,0.1,8,euclidean,ball_tree,30,,-1.0
0,1.0,0.1,8,euclidean,ball_tree,30,1.0,-1.0
0,1.0,0.1,8,euclidean,ball_tree,30,2.0,-1.0
0,1.0,0.1,8,euclidean,ball_tree,40,,-1.0
0,1.0,0.1,8,euclidean,ball_tree,40,1.0,-1.0
0,1.0,0.1,8,euclidean,ball_tree,40,2.0,-1.0
0,1.0,0.1,8,euclidean,ball_tree,50,,-1.0
0,1.0,0.1,8,euclidean,ball_tree,50,1.0,-1.0
0,1.0,0.1,8,euclidean,ball_tree,50,2.0,-1.0
0,1.0,0.1,8,euclidean,kd_tree,10,,-1.0
0,1.0,0.1,8,euclidean,kd_tree,10,1.0,-1.0
0,1.0,0.1,8,euclidean,kd_tree,10,2.0,-1.0
0,1.0,0.1,8,euclidean,kd_tree,20,,-1.0
0,1.0,0.1,8,euclidean,kd_tree,20,1.0,-1.0
0,1.0,0.1,8,euclidean,kd_tree,20,2.0,-1.0
0,1.0,0.1,8,euclidean,kd_tree,30,,-1.0
0,1.0,0.1,8,euclidean,kd_tree,30,1.0,-1.0
0,1.0,0.1,8,euclidean,kd_tree,30,2.0,-1.0
0,1.0,0.1,8,euclidean,kd_tree,40,,-1.0
0,1.0,0.1,8,euclidean,kd_tree,40,1.0,-1.0
0,1.0,0.1,8,euclidean,kd_tree,40,2.0,-1.0
0,1.0,0.1,8,euclidean,kd_tree,50,,-1.0
0,1.0,0.1,8,euclidean,kd_tree,50,1.0,-1.0
0,1.0,0.1,8,euclidean,kd_tree,50,2.0,-1.0
0,1.0,0.1,8,euclidean,brute,10,,-1.0
0,1.0,0.1,8,euclidean,brute,10,1.0,-1.0
0,1.0,0.1,8,euclidean,brute,10,2.0,-1.0
0,1.0,0.1,8,euclidean,brute,20,,-1.0
0,1.0,0.1,8,euclidean,brute,20,1.0,-1.0
0,1.0,0.1,8,euclidean,brute,20,2.0,-1.0
0,1.0,0.1,8,euclidean,brute,30,,-1.0
0,1.0,0.1,8,euclidean,brute,30,1.0,-1.0
0,1.0,0.1,8,euclidean,brute,30,2.0,-1.0
0,1.0,0.1,8,euclidean,brute,40,,-1.0
0,1.0,0.1,8,euclidean,brute,40,1.0,-1.0
0,1.0,0.1,8,euclidean,brute,40,2.0,-1.0
0,1.0,0.1,8,euclidean,brute,50,,-1.0
0,1.0,0.1,8,euclidean,brute,50,1.0,-1.0
0,1.0,0.1,8,euclidean,brute,50,2.0,-1.0
0,1.0,0.1,8,manhattan,auto,10,,-1.0
0,1.0,0.1,8,manhattan,auto,10,1.0,-1.0
0,1.0,0.1,8,manhattan,auto,10,2.0,-1.0
0,1.0,0.1,8,manhattan,auto,20,,-1.0
0,1.0,0.1,8,manhattan,auto,20,1.0,-1.0
0,1.0,0.1,8,manhattan,auto,20,2.0,-1.0
0,1.0,0.1,8,manhattan,auto,30,,-1.0
0,1.0,0.1,8,manhattan,auto,30,1.0,-1.0
0,1.0,0.1,8,manhattan,auto,30,2.0,-1.0
0,1.0,0.1,8,manhattan,auto,40,,-1.0
0,1.0,0.1,8,manhattan,auto,40,1.0,-1.0
0,1.0,0.1,8,manhattan,auto,40,2.0,-1.0
0,1.0,0.1,8,manhattan,auto,50,,-1.0
0,1.0,0.1,8,manhattan,auto,50,1.0,-1.0
0,1.0,0.1,8,manhattan,auto,50,2.0,-1.0
0,1.0,0.1,8,manhattan,ball_tree,10,,-1.0
0,1.0,0.1,8,manhattan,ball_tree,10,1.0,-1.0
0,1.0,0.1,8,manhattan,ball_tree,10,2.0,-1.0
0,1.0,0.1,8,manhattan,ball_tree,20,,-1.0
0,1.0,0.1,8,manhattan,ball_tree,20,1.0,-1.0
0,1.0,0.1,8,manhattan,ball_tree,20,2.0,-1.0
0,1.0,0.1,8,manhattan,ball_tree,30,,-1.0
0,1.0,0.1,8,manhattan,ball_tree,30,1.0,-1.0
0,1.0,0.1,8,manhattan,ball_tree,30,2.0,-1.0
0,1.0,0.1,8,manhattan,ball_tree,40,,-1.0
0,1.0,0.1,8,manhattan,ball_tree,40,1.0,-1.0
0,1.0,0.1,8,manhattan,ball_tree,40,2.0,-1.0
0,1.0,0.1,8,manhattan,ball_tree,50,,-1.0
0,1.0,0.1,8,manhattan,ball_tree,50,1.0,-1.0
0,1.0,0.1,8,manhattan,ball_tree,50,2.0,-1.0
0,1.0,0.1,8,manhattan,kd_tree,10,,-1.0
0,1.0,0.1,8,manhattan,kd_tree,10,1.0,-1.0
0,1.0,0.1,8,manhattan,kd_tree,10,2.0,-1.0
0,1.0,0.1,8,manhattan,kd_tree,20,,-1.0
0,1.0,0.1,8,manhattan,kd_tree,20,1.0,-1.0
0,1.0,0.1,8,manhattan,kd_tree,20,2.0,-1.0
0,1.0,0.1,8,manhattan,kd_tree,30,,-1.0
0,1.0,0.1,8,manhattan,kd_tree,30,1.0,-1.0
0,1.0,0.1,8,manhattan,kd_tree,30,2.0,-1.0
0,1.0,0.1,8,manhattan,kd_tree,40,,-1.0
0,1.0,0.1,8,manhattan,kd_tree,40,1.0,-1.0
0,1.0,0.1,8,manhattan,kd_tree,40,2.0,-1.0
0,1.0,0.1,8,manhattan,kd_tree,50,,-1.0
0,1.0,0.1,8,manhattan,kd_tree,50,1.0,-1.0
0,1.0,0.1,8,manhattan,kd_tree,50,2.0,-1.0
0,1.0,0.1,8,manhattan,brute,10,,-1.0
0,1.0,0.1,8,manhattan,brute,10,1.0,-1.0
0,1.0,0.1,8,manhattan,brute,10,2.0,-1.0
0,1.0,0.1,8,manhattan,brute,20,,-1.0
0,1.0,0.1,8,manhattan,brute,20,1.0,-1.0
0,1.0,0.1,8,manhattan,brute,20,2.0,-1.0
0,1.0,0.1,8,manhattan,brute,30,,-1.0
0,1.0,0.1,8,manhattan,brute,30,1.0,-1.0
0,1.0,0.1,8,manhattan,brute,30,2.0,-1.0
0,1.0,0.1,8,manhattan,brute,40,,-1.0
0,1.0,0.1,8,manhattan,brute,40,1.0,-1.0
0,1.0,0.1,8,manhattan,brute,40,2.0,-1.0
0,1.0,0.1,8,manhattan,brute,50,,-1.0
0,1.0,0.1,8,manhattan,brute,50,1.0,-1.0
0,1.0,0.1,8,manhattan,brute,50,2.0,-1.0
0,1.0,0.1,8,mahalanobis,auto,10,,-1.0
0,1.0,0.1,8,mahalanobis,auto,10,1.0,-1.0
0,1.0,0.1,8,mahalanobis,auto,10,2.0,-1.0
0,1.0,0.1,8,mahalanobis,auto,20,,-1.0
0,1.0,0.1,8,mahalanobis,auto,20,1.0,-1.0
0,1.0,0.1,8,mahalanobis,auto,20,2.0,-1.0
0,1.0,0.1,8,mahalanobis,auto,30,,-1.0
0,1.0,0.1,8,mahalanobis,auto,30,1.0,-1.0
0,1.0,0.1,8,mahalanobis,auto,30,2.0,-1.0
0,1.0,0.1,8,mahalanobis,auto,40,,-1.0
0,1.0,0.1,8,mahalanobis,auto,40,1.0,-1.0
0,1.0,0.1,8,mahalanobis,auto,40,2.0,-1.0
0,1.0,0.1,8,mahalanobis,auto,50,,-1.0
0,1.0,0.1,8,mahalanobis,auto,50,1.0,-1.0
0,1.0,0.1,8,mahalanobis,auto,50,2.0,-1.0
0,1.0,0.1,8,mahalanobis,ball_tree,10,,-1.0
0,1.0,0.1,8,mahalanobis,ball_tree,10,1.0,-1.0
0,1.0,0.1,8,mahalanobis,ball_tree,10,2.0,-1.0
0,1.0,0.1,8,mahalanobis,ball_tree,20,,-1.0
0,1.0,0.1,8,mahalanobis,ball_tree,20,1.0,-1.0
0,1.0,0.1,8,mahalanobis,ball_tree,20,2.0,-1.0
0,1.0,0.1,8,mahalanobis,ball_tree,30,,-1.0
0,1.0,0.1,8,mahalanobis,ball_tree,30,1.0,-1.0
0,1.0,0.1,8,mahalanobis,ball_tree,30,2.0,-1.0
0,1.0,0.1,8,mahalanobis,ball_tree,40,,-1.0
0,1.0,0.1,8,mahalanobis,ball_tree,40,1.0,-1.0
0,1.0,0.1,8,mahalanobis,ball_tree,40,2.0,-1.0
0,1.0,0.1,8,mahalanobis,ball_tree,50,,-1.0
0,1.0,0.1,8,mahalanobis,ball_tree,50,1.0,-1.0
0,1.0,0.1,8,mahalanobis,ball_tree,50,2.0,-1.0
0,1.0,0.1,8,mahalanobis,kd_tree,10,,-1.0
0,1.0,0.1,8,mahalanobis,kd_tree,10,1.0,-1.0
0,1.0,0.1,8,mahalanobis,kd_tree,10,2.0,-1.0
0,1.0,0.1,8,mahalanobis,kd_tree,20,,-1.0
0,1.0,0.1,8,mahalanobis,kd_tree,20,1.0,-1.0
0,1.0,0.1,8,mahalanobis,kd_tree,20,2.0,-1.0
0,1.0,0.1,8,mahalanobis,kd_tree,30,,-1.0
0,1.0,0.1,8,mahalanobis,kd_tree,30,1.0,-1.0
0,1.0,0.1,8,mahalanobis,kd_tree,30,2.0,-1.0
0,1.0,0.1,8,mahalanobis,kd_tree,40,,-1.0
0,1.0,0.1,8,mahalanobis,kd_tree,40,1.0,-1.0
0,1.0,0.1,8,mahalanobis,kd_tree,40,2.0,-1.0
0,1.0,0.1,8,mahalanobis,kd_tree,50,,-1.0
0,1.0,0.1,8,mahalanobis,kd_tree,50,1.0,-1.0
0,1.0,0.1,8,mahalanobis,kd_tree,50,2.0,-1.0
0,1.0,0.1,8,mahalanobis,brute,10,,-1.0
0,1.0,0.1,8,mahalanobis,brute,10,1.0,-1.0
0,1.0,0.1,8,mahalanobis,brute,10,2.0,-1.0
0,1.0,0.1,8,mahalanobis,brute,20,,-1.0
0,1.0,0.1,8,mahalanobis,brute,20,1.0,-1.0
0,1.0,0.1,8,mahalanobis,brute,20,2.0,-1.0
0,1.0,0.1,8,mahalanobis,brute,30,,-1.0
0,1.0,0.1,8,mahalanobis,brute,30,1.0,-1.0
0,1.0,0.1,8,mahalanobis,brute,30,2.0,-1.0
0,1.0,0.1,8,mahalanobis,brute,40,,-1.0
0,1.0,0.1,8,mahalanobis,brute,40,1.0,-1.0
0,1.0,0.1,8,mahalanobis,brute,40,2.0,-1.0
0,1.0,0.1,8,mahalanobis,brute,50,,-1.0
0,1.0,0.1,8,mahalanobis,brute,50,1.0,-1.0
0,1.0,0.1,8,mahalanobis,brute,50,2.0,-1.0
0,1.0,0.1,9,euclidean,auto,10,,-1.0
0,1.0,0.1,9,euclidean,auto,10,1.0,-1.0
0,1.0,0.1,9,euclidean,auto,10,2.0,-1.0
0,1.0,0.1,9,euclidean,auto,20,,-1.0
0,1.0,0.1,9,euclidean,auto,20,1.0,-1.0
0,1.0,0.1,9,euclidean,auto,20,2.0,-1.0
0,1.0,0.1,9,euclidean,auto,30,,-1.0
0,1.0,0.1,9,euclidean,auto,30,1.0,-1.0
0,1.0,0.1,9,euclidean,auto,30,2.0,-1.0
0,1.0,0.1,9,euclidean,auto,40,,-1.0
0,1.0,0.1,9,euclidean,auto,40,1.0,-1.0
0,1.0,0.1,9,euclidean,auto,40,2.0,-1.0
0,1.0,0.1,9,euclidean,auto,50,,-1.0
0,1.0,0.1,9,euclidean,auto,50,1.0,-1.0
0,1.0,0.1,9,euclidean,auto,50,2.0,-1.0
0,1.0,0.1,9,euclidean,ball_tree,10,,-1.0
0,1.0,0.1,9,euclidean,ball_tree,10,1.0,-1.0
0,1.0,0.1,9,euclidean,ball_tree,10,2.0,-1.0
0,1.0,0.1,9,euclidean,ball_tree,20,,-1.0
0,1.0,0.1,9,euclidean,ball_tree,20,1.0,-1.0
0,1.0,0.1,9,euclidean,ball_tree,20,2.0,-1.0
0,1.0,0.1,9,euclidean,ball_tree,30,,-1.0
0,1.0,0.1,9,euclidean,ball_tree,30,1.0,-1.0
0,1.0,0.1,9,euclidean,ball_tree,30,2.0,-1.0
0,1.0,0.1,9,euclidean,ball_tree,40,,-1.0
0,1.0,0.1,9,euclidean,ball_tree,40,1.0,-1.0
0,1.0,0.1,9,euclidean,ball_tree,40,2.0,-1.0
0,1.0,0.1,9,euclidean,ball_tree,50,,-1.0
0,1.0,0.1,9,euclidean,ball_tree,50,1.0,-1.0
0,1.0,0.1,9,euclidean,ball_tree,50,2.0,-1.0
0,1.0,0.1,9,euclidean,kd_tree,10,,-1.0
0,1.0,0.1,9,euclidean,kd_tree,10,1.0,-1.0
0,1.0,0.1,9,euclidean,kd_tree,10,2.0,-1.0
0,1.0,0.1,9,euclidean,kd_tree,20,,-1.0
0,1.0,0.1,9,euclidean,kd_tree,20,1.0,-1.0
0,1.0,0.1,9,euclidean,kd_tree,20,2.0,-1.0
0,1.0,0.1,9,euclidean,kd_tree,30,,-1.0
0,1.0,0.1,9,euclidean,kd_tree,30,1.0,-1.0
0,1.0,0.1,9,euclidean,kd_tree,30,2.0,-1.0
0,1.0,0.1,9,euclidean,kd_tree,40,,-1.0
0,1.0,0.1,9,euclidean,kd_tree,40,1.0,-1.0
0,1.0,0.1,9,euclidean,kd_tree,40,2.0,-1.0
0,1.0,0.1,9,euclidean,kd_tree,50,,-1.0
0,1.0,0.1,9,euclidean,kd_tree,50,1.0,-1.0
0,1.0,0.1,9,euclidean,kd_tree,50,2.0,-1.0
0,1.0,0.1,9,euclidean,brute,10,,-1.0
0,1.0,0.1,9,euclidean,brute,10,1.0,-1.0
0,1.0,0.1,9,euclidean,brute,10,2.0,-1.0
0,1.0,0.1,9,euclidean,brute,20,,-1.0
0,1.0,0.1,9,euclidean,brute,20,1.0,-1.0
0,1.0,0.1,9,euclidean,brute,20,2.0,-1.0
0,1.0,0.1,9,euclidean,brute,30,,-1.0
0,1.0,0.1,9,euclidean,brute,30,1.0,-1.0
0,1.0,0.1,9,euclidean,brute,30,2.0,-1.0
0,1.0,0.1,9,euclidean,brute,40,,-1.0
0,1.0,0.1,9,euclidean,brute,40,1.0,-1.0
0,1.0,0.1,9,euclidean,brute,40,2.0,-1.0
0,1.0,0.1,9,euclidean,brute,50,,-1.0
0,1.0,0.1,9,euclidean,brute,50,1.0,-1.0
0,1.0,0.1,9,euclidean,brute,50,2.0,-1.0
0,1.0,0.1,9,manhattan,auto,10,,-1.0
0,1.0,0.1,9,manhattan,auto,10,1.0,-1.0
0,1.0,0.1,9,manhattan,auto,10,2.0,-1.0
0,1.0,0.1,9,manhattan,auto,20,,-1.0
0,1.0,0.1,9,manhattan,auto,20,1.0,-1.0
0,1.0,0.1,9,manhattan,auto,20,2.0,-1.0
0,1.0,0.1,9,manhattan,auto,30,,-1.0
0,1.0,0.1,9,manhattan,auto,30,1.0,-1.0
0,1.0,0.1,9,manhattan,auto,30,2.0,-1.0
0,1.0,0.1,9,manhattan,auto,40,,-1.0
0,1.0,0.1,9,manhattan,auto,40,1.0,-1.0
0,1.0,0.1,9,manhattan,auto,40,2.0,-1.0
0,1.0,0.1,9,manhattan,auto,50,,-1.0
0,1.0,0.1,9,manhattan,auto,50,1.0,-1.0
0,1.0,0.1,9,manhattan,auto,50,2.0,-1.0
0,1.0,0.1,9,manhattan,ball_tree,10,,-1.0
0,1.0,0.1,9,manhattan,ball_tree,10,1.0,-1.0
0,1.0,0.1,9,manhattan,ball_tree,10,2.0,-1.0
0,1.0,0.1,9,manhattan,ball_tree,20,,-1.0
0,1.0,0.1,9,manhattan,ball_tree,20,1.0,-1.0
0,1.0,0.1,9,manhattan,ball_tree,20,2.0,-1.0
0,1.0,0.1,9,manhattan,ball_tree,30,,-1.0
0,1.0,0.1,9,manhattan,ball_tree,30,1.0,-1.0
0,1.0,0.1,9,manhattan,ball_tree,30,2.0,-1.0
0,1.0,0.1,9,manhattan,ball_tree,40,,-1.0
0,1.0,0.1,9,manhattan,ball_tree,40,1.0,-1.0
0,1.0,0.1,9,manhattan,ball_tree,40,2.0,-1.0
0,1.0,0.1,9,manhattan,ball_tree,50,,-1.0
0,1.0,0.1,9,manhattan,ball_tree,50,1.0,-1.0
0,1.0,0.1,9,manhattan,ball_tree,50,2.0,-1.0
0,1.0,0.1,9,manhattan,kd_tree,10,,-1.0
0,1.0,0.1,9,manhattan,kd_tree,10,1.0,-1.0
0,1.0,0.1,9,manhattan,kd_tree,10,2.0,-1.0
0,1.0,0.1,9,manhattan,kd_tree,20,,-1.0
0,1.0,0.1,9,manhattan,kd_tree,20,1.0,-1.0
0,1.0,0.1,9,manhattan,kd_tree,20,2.0,-1.0
0,1.0,0.1,9,manhattan,kd_tree,30,,-1.0
0,1.0,0.1,9,manhattan,kd_tree,30,1.0,-1.0
0,1.0,0.1,9,manhattan,kd_tree,30,2.0,-1.0
0,1.0,0.1,9,manhattan,kd_tree,40,,-1.0
0,1.0,0.1,9,manhattan,kd_tree,40,1.0,-1.0
0,1.0,0.1,9,manhattan,kd_tree,40,2.0,-1.0
0,1.0,0.1,9,manhattan,kd_tree,50,,-1.0
0,1.0,0.1,9,manhattan,kd_tree,50,1.0,-1.0
0,1.0,0.1,9,manhattan,kd_tree,50,2.0,-1.0
0,1.0,0.1,9,manhattan,brute,10,,-1.0
0,1.0,0.1,9,manhattan,brute,10,1.0,-1.0
0,1.0,0.1,9,manhattan,brute,10,2.0,-1.0
0,1.0,0.1,9,manhattan,brute,20,,-1.0
0,1.0,0.1,9,manhattan,brute,20,1.0,-1.0
0,1.0,0.1,9,manhattan,brute,20,2.0,-1.0
0,1.0,0.1,9,manhattan,brute,30,,-1.0
0,1.0,0.1,9,manhattan,brute,30,1.0,-1.0
0,1.0,0.1,9,manhattan,brute,30,2.0,-1.0
0,1.0,0.1,9,manhattan,brute,40,,-1.0
0,1.0,0.1,9,manhattan,brute,40,1.0,-1.0
0,1.0,0.1,9,manhattan,brute,40,2.0,-1.0
0,1.0,0.1,9,manhattan,brute,50,,-1.0
0,1.0,0.1,9,manhattan,brute,50,1.0,-1.0
0,1.0,0.1,9,manhattan,brute,50,2.0,-1.0
0,1.0,0.1,9,mahalanobis,auto,10,,-1.0
0,1.0,0.1,9,mahalanobis,auto,10,1.0,-1.0
0,1.0,0.1,9,mahalanobis,auto,10,2.0,-1.0
0,1.0,0.1,9,mahalanobis,auto,20,,-1.0
0,1.0,0.1,9,mahalanobis,auto,20,1.0,-1.0
0,1.0,0.1,9,mahalanobis,auto,20,2.0,-1.0
0,1.0,0.1,9,mahalanobis,auto,30,,-1.0
0,1.0,0.1,9,mahalanobis,auto,30,1.0,-1.0
0,1.0,0.1,9,mahalanobis,auto,30,2.0,-1.0
0,1.0,0.1,9,mahalanobis,auto,40,,-1.0
0,1.0,0.1,9,mahalanobis,auto,40,1.0,-1.0
0,1.0,0.1,9,mahalanobis,auto,40,2.0,-1.0
0,1.0,0.1,9,mahalanobis,auto,50,,-1.0
0,1.0,0.1,9,mahalanobis,auto,50,1.0,-1.0
0,1.0,0.1,9,mahalanobis,auto,50,2.0,-1.0
0,1.0,0.1,9,mahalanobis,ball_tree,10,,-1.0
0,1.0,0.1,9,mahalanobis,ball_tree,10,1.0,-1.0
0,1.0,0.1,9,mahalanobis,ball_tree,10,2.0,-1.0
0,1.0,0.1,9,mahalanobis,ball_tree,20,,-1.0
0,1.0,0.1,9,mahalanobis,ball_tree,20,1.0,-1.0
0,1.0,0.1,9,mahalanobis,ball_tree,20,2.0,-1.0
0,1.0,0.1,9,mahalanobis,ball_tree,30,,-1.0
0,1.0,0.1,9,mahalanobis,ball_tree,30,1.0,-1.0
0,1.0,0.1,9,mahalanobis,ball_tree,30,2.0,-1.0
0,1.0,0.1,9,mahalanobis,ball_tree,40,,-1.0
0,1.0,0.1,9,mahalanobis,ball_tree,40,1.0,-1.0
0,1.0,0.1,9,mahalanobis,ball_tree,40,2.0,-1.0
0,1.0,0.1,9,mahalanobis,ball_tree,50,,-1.0
0,1.0,0.1,9,mahalanobis,ball_tree,50,1.0,-1.0
0,1.0,0.1,9,mahalanobis,ball_tree,50,2.0,-1.0
0,1.0,0.1,9,mahalanobis,kd_tree,10,,-1.0
0,1.0,0.1,9,mahalanobis,kd_tree,10,1.0,-1.0
0,1.0,0.1,9,mahalanobis,kd_tree,10,2.0,-1.0
0,1.0,0.1,9,mahalanobis,kd_tree,20,,-1.0
0,1.0,0.1,9,mahalanobis,kd_tree,20,1.0,-1.0
0,1.0,0.1,9,mahalanobis,kd_tree,20,2.0,-1.0
0,1.0,0.1,9,mahalanobis,kd_tree,30,,-1.0
0,1.0,0.1,9,mahalanobis,kd_tree,30,1.0,-1.0
0,1.0,0.1,9,mahalanobis,kd_tree,30,2.0,-1.0
0,1.0,0.1,9,mahalanobis,kd_tree,40,,-1.0
0,1.0,0.1,9,mahalanobis,kd_tree,40,1.0,-1.0
0,1.0,0.1,9,mahalanobis,kd_tree,40,2.0,-1.0
0,1.0,0.1,9,mahalanobis,kd_tree,50,,-1.0
0,1.0,0.1,9,mahalanobis,kd_tree,50,1.0,-1.0
0,1.0,0.1,9,mahalanobis,kd_tree,50,2.0,-1.0
0,1.0,0.1,9,mahalanobis,brute,10,,-1.0
0,1.0,0.1,9,mahalanobis,brute,10,1.0,-1.0
0,1.0,0.1,9,mahalanobis,brute,10,2.0,-1.0
0,1.0,0.1,9,mahalanobis,brute,20,,-1.0
0,1.0,0.1,9,mahalanobis,brute,20,1.0,-1.0
0,1.0,0.1,9,mahalanobis,brute,20,2.0,-1.0
0,1.0,0.1,9,mahalanobis,brute,30,,-1.0
0,1.0,0.1,9,mahalanobis,brute,30,1.0,-1.0
0,1.0,0.1,9,mahalanobis,brute,30,2.0,-1.0
0,1.0,0.1,9,mahalanobis,brute,40,,-1.0
0,1.0,0.1,9,mahalanobis,brute,40,1.0,-1.0
0,1.0,0.1,9,mahalanobis,brute,40,2.0,-1.0
0,1.0,0.1,9,mahalanobis,brute,50,,-1.0
0,1.0,0.1,9,mahalanobis,brute,50,1.0,-1.0
0,1.0,0.1,9,mahalanobis,brute,50,2.0,-1.0
2747,0.0,0.3,1,euclidean,auto,10,,-0.059408954428425254
2747,0.0,0.3,1,euclidean,auto,10,1.0,-0.059408954428425254
2747,0.0,0.3,1,euclidean,auto,10,2.0,-0.059408954428425254
2747,0.0,0.3,1,euclidean,auto,20,,-0.059408954428425254
2747,0.0,0.3,1,euclidean,auto,20,1.0,-0.059408954428425254
2747,0.0,0.3,1,euclidean,auto,20,2.0,-0.059408954428425254
2747,0.0,0.3,1,euclidean,auto,30,,-0.059408954428425254
2747,0.0,0.3,1,euclidean,auto,30,1.0,-0.059408954428425254
2747,0.0,0.3,1,euclidean,auto,30,2.0,-0.059408954428425254
2747,0.0,0.3,1,euclidean,auto,40,,-0.059408954428425254
2747,0.0,0.3,1,euclidean,auto,40,1.0,-0.059408954428425254
2747,0.0,0.3,1,euclidean,auto,40,2.0,-0.059408954428425254
2747,0.0,0.3,1,euclidean,auto,50,,-0.059408954428425254
2747,0.0,0.3,1,euclidean,auto,50,1.0,-0.059408954428425254
2747,0.0,0.3,1,euclidean,auto,50,2.0,-0.059408954428425254
2747,0.0,0.3,1,euclidean,ball_tree,10,,-0.059408954428425254
2747,0.0,0.3,1,euclidean,ball_tree,10,1.0,-0.059408954428425254
2747,0.0,0.3,1,euclidean,ball_tree,10,2.0,-0.059408954428425254
2747,0.0,0.3,1,euclidean,ball_tree,20,,-0.059408954428425254
2747,0.0,0.3,1,euclidean,ball_tree,20,1.0,-0.059408954428425254
2747,0.0,0.3,1,euclidean,ball_tree,20,2.0,-0.059408954428425254
2747,0.0,0.3,1,euclidean,ball_tree,30,,-0.059408954428425254
2747,0.0,0.3,1,euclidean,ball_tree,30,1.0,-0.059408954428425254
2747,0.0,0.3,1,euclidean,ball_tree,30,2.0,-0.059408954428425254
2747,0.0,0.3,1,euclidean,ball_tree,40,,-0.059408954428425254
2747,0.0,0.3,1,euclidean,ball_tree,40,1.0,-0.059408954428425254
2747,0.0,0.3,1,euclidean,ball_tree,40,2.0,-0.059408954428425254
2747,0.0,0.3,1,euclidean,ball_tree,50,,-0.059408954428425254
2747,0.0,0.3,1,euclidean,ball_tree,50,1.0,-0.059408954428425254
2747,0.0,0.3,1,euclidean,ball_tree,50,2.0,-0.059408954428425254
2747,0.0,0.3,1,euclidean,kd_tree,10,,-0.059408954428425254
2747,0.0,0.3,1,euclidean,kd_tree,10,1.0,-0.059408954428425254
2747,0.0,0.3,1,euclidean,kd_tree,10,2.0,-0.059408954428425254
2747,0.0,0.3,1,euclidean,kd_tree,20,,-0.059408954428425254
2747,0.0,0.3,1,euclidean,kd_tree,20,1.0,-0.059408954428425254
2747,0.0,0.3,1,euclidean,kd_tree,20,2.0,-0.059408954428425254
2747,0.0,0.3,1,euclidean,kd_tree,30,,-0.059408954428425254
2747,0.0,0.3,1,euclidean,kd_tree,30,1.0,-0.059408954428425254
2747,0.0,0.3,1,euclidean,kd_tree,30,2.0,-0.059408954428425254
2747,0.0,0.3,1,euclidean,kd_tree,40,,-0.059408954428425254
2747,0.0,0.3,1,euclidean,kd_tree,40,1.0,-0.059408954428425254
2747,0.0,0.3,1,euclidean,kd_tree,40,2.0,-0.059408954428425254
2747,0.0,0.3,1,euclidean,kd_tree,50,,-0.059408954428425254
2747,0.0,0.3,1,euclidean,kd_tree,50,1.0,-0.059408954428425254
2747,0.0,0.3,1,euclidean,kd_tree,50,2.0,-0.059408954428425254
2747,0.0,0.3,1,euclidean,brute,10,,-0.059408954428425254
2747,0.0,0.3,1,euclidean,brute,10,1.0,-0.059408954428425254
2747,0.0,0.3,1,euclidean,brute,10,2.0,-0.059408954428425254
2747,0.0,0.3,1,euclidean,brute,20,,-0.059408954428425254
2747,0.0,0.3,1,euclidean,brute,20,1.0,-0.059408954428425254
2747,0.0,0.3,1,euclidean,brute,20,2.0,-0.059408954428425254
2747,0.0,0.3,1,euclidean,brute,30,,-0.059408954428425254
2747,0.0,0.3,1,euclidean,brute,30,1.0,-0.059408954428425254
2747,0.0,0.3,1,euclidean,brute,30,2.0,-0.059408954428425254
2747,0.0,0.3,1,euclidean,brute,40,,-0.059408954428425254
2747,0.0,0.3,1,euclidean,brute,40,1.0,-0.059408954428425254
2747,0.0,0.3,1,euclidean,brute,40,2.0,-0.059408954428425254
2747,0.0,0.3,1,euclidean,brute,50,,-0.059408954428425254
2747,0.0,0.3,1,euclidean,brute,50,1.0,-0.059408954428425254
2747,0.0,0.3,1,euclidean,brute,50,2.0,-0.059408954428425254
3866,0.0,0.3,1,manhattan,auto,10,,0.011609453521592518
3866,0.0,0.3,1,manhattan,auto,10,1.0,0.011609453521592518
3866,0.0,0.3,1,manhattan,auto,10,2.0,0.011609453521592518
3866,0.0,0.3,1,manhattan,auto,20,,0.011609453521592518
3866,0.0,0.3,1,manhattan,auto,20,1.0,0.011609453521592518
3866,0.0,0.3,1,manhattan,auto,20,2.0,0.011609453521592518
3866,0.0,0.3,1,manhattan,auto,30,,0.011609453521592518
3866,0.0,0.3,1,manhattan,auto,30,1.0,0.011609453521592518
3866,0.0,0.3,1,manhattan,auto,30,2.0,0.011609453521592518
3866,0.0,0.3,1,manhattan,auto,40,,0.011609453521592518
3866,0.0,0.3,1,manhattan,auto,40,1.0,0.011609453521592518
3866,0.0,0.3,1,manhattan,auto,40,2.0,0.011609453521592518
3866,0.0,0.3,1,manhattan,auto,50,,0.011609453521592518
3866,0.0,0.3,1,manhattan,auto,50,1.0,0.011609453521592518
3866,0.0,0.3,1,manhattan,auto,50,2.0,0.011609453521592518
3866,0.0,0.3,1,manhattan,ball_tree,10,,0.011609453521592518
3866,0.0,0.3,1,manhattan,ball_tree,10,1.0,0.011609453521592518
3866,0.0,0.3,1,manhattan,ball_tree,10,2.0,0.011609453521592518
3866,0.0,0.3,1,manhattan,ball_tree,20,,0.011609453521592518
3866,0.0,0.3,1,manhattan,ball_tree,20,1.0,0.011609453521592518
3866,0.0,0.3,1,manhattan,ball_tree,20,2.0,0.011609453521592518
3866,0.0,0.3,1,manhattan,ball_tree,30,,0.011609453521592518
3866,0.0,0.3,1,manhattan,ball_tree,30,1.0,0.011609453521592518
3866,0.0,0.3,1,manhattan,ball_tree,30,2.0,0.011609453521592518
3866,0.0,0.3,1,manhattan,ball_tree,40,,0.011609453521592518
3866,0.0,0.3,1,manhattan,ball_tree,40,1.0,0.011609453521592518
3866,0.0,0.3,1,manhattan,ball_tree,40,2.0,0.011609453521592518
3866,0.0,0.3,1,manhattan,ball_tree,50,,0.011609453521592518
3866,0.0,0.3,1,manhattan,ball_tree,50,1.0,0.011609453521592518
3866,0.0,0.3,1,manhattan,ball_tree,50,2.0,0.011609453521592518
3866,0.0,0.3,1,manhattan,kd_tree,10,,0.011609453521592518
3866,0.0,0.3,1,manhattan,kd_tree,10,1.0,0.011609453521592518
3866,0.0,0.3,1,manhattan,kd_tree,10,2.0,0.011609453521592518
3866,0.0,0.3,1,manhattan,kd_tree,20,,0.011609453521592518
3866,0.0,0.3,1,manhattan,kd_tree,20,1.0,0.011609453521592518
3866,0.0,0.3,1,manhattan,kd_tree,20,2.0,0.011609453521592518
3866,0.0,0.3,1,manhattan,kd_tree,30,,0.011609453521592518
3866,0.0,0.3,1,manhattan,kd_tree,30,1.0,0.011609453521592518
3866,0.0,0.3,1,manhattan,kd_tree,30,2.0,0.011609453521592518
3866,0.0,0.3,1,manhattan,kd_tree,40,,0.011609453521592518
3866,0.0,0.3,1,manhattan,kd_tree,40,1.0,0.011609453521592518
3866,0.0,0.3,1,manhattan,kd_tree,40,2.0,0.011609453521592518
3866,0.0,0.3,1,manhattan,kd_tree,50,,0.011609453521592518
3866,0.0,0.3,1,manhattan,kd_tree,50,1.0,0.011609453521592518
3866,0.0,0.3,1,manhattan,kd_tree,50,2.0,0.011609453521592518
3866,0.0,0.3,1,manhattan,brute,10,,0.011609453521592518
3866,0.0,0.3,1,manhattan,brute,10,1.0,0.011609453521592518
3866,0.0,0.3,1,manhattan,brute,10,2.0,0.011609453521592518
3866,0.0,0.3,1,manhattan,brute,20,,0.011609453521592518
3866,0.0,0.3,1,manhattan,brute,20,1.0,0.011609453521592518
3866,0.0,0.3,1,manhattan,brute,20,2.0,0.011609453521592518
3866,0.0,0.3,1,manhattan,brute,30,,0.011609453521592518
3866,0.0,0.3,1,manhattan,brute,30,1.0,0.011609453521592518
3866,0.0,0.3,1,manhattan,brute,30,2.0,0.011609453521592518
3866,0.0,0.3,1,manhattan,brute,40,,0.011609453521592518
3866,0.0,0.3,1,manhattan,brute,40,1.0,0.011609453521592518
3866,0.0,0.3,1,manhattan,brute,40,2.0,0.011609453521592518
3866,0.0,0.3,1,manhattan,brute,50,,0.011609453521592518
3866,0.0,0.3,1,manhattan,brute,50,1.0,0.011609453521592518
3866,0.0,0.3,1,manhattan,brute,50,2.0,0.011609453521592518
4106,0.0,0.3,1,mahalanobis,auto,10,,-0.002429498452664879
4106,0.0,0.3,1,mahalanobis,auto,10,1.0,-0.002429498452664879
4106,0.0,0.3,1,mahalanobis,auto,10,2.0,-0.002429498452664879
4106,0.0,0.3,1,mahalanobis,auto,20,,-0.002429498452664879
4106,0.0,0.3,1,mahalanobis,auto,20,1.0,-0.002429498452664879
4106,0.0,0.3,1,mahalanobis,auto,20,2.0,-0.002429498452664879
4106,0.0,0.3,1,mahalanobis,auto,30,,-0.002429498452664879
4106,0.0,0.3,1,mahalanobis,auto,30,1.0,-0.002429498452664879
4106,0.0,0.3,1,mahalanobis,auto,30,2.0,-0.002429498452664879
4106,0.0,0.3,1,mahalanobis,auto,40,,-0.002429498452664879
4106,0.0,0.3,1,mahalanobis,auto,40,1.0,-0.002429498452664879
4106,0.0,0.3,1,mahalanobis,auto,40,2.0,-0.002429498452664879
4106,0.0,0.3,1,mahalanobis,auto,50,,-0.002429498452664879
4106,0.0,0.3,1,mahalanobis,auto,50,1.0,-0.002429498452664879
4106,0.0,0.3,1,mahalanobis,auto,50,2.0,-0.002429498452664879
4106,0.0,0.3,1,mahalanobis,ball_tree,10,,-0.002429498452664879
4106,0.0,0.3,1,mahalanobis,ball_tree,10,1.0,-0.002429498452664879
4106,0.0,0.3,1,mahalanobis,ball_tree,10,2.0,-0.002429498452664879
4106,0.0,0.3,1,mahalanobis,ball_tree,20,,-0.002429498452664879
4106,0.0,0.3,1,mahalanobis,ball_tree,20,1.0,-0.002429498452664879
4106,0.0,0.3,1,mahalanobis,ball_tree,20,2.0,-0.002429498452664879
4106,0.0,0.3,1,mahalanobis,ball_tree,30,,-0.002429498452664879
4106,0.0,0.3,1,mahalanobis,ball_tree,30,1.0,-0.002429498452664879
4106,0.0,0.3,1,mahalanobis,ball_tree,30,2.0,-0.002429498452664879
4106,0.0,0.3,1,mahalanobis,ball_tree,40,,-0.002429498452664879
4106,0.0,0.3,1,mahalanobis,ball_tree,40,1.0,-0.002429498452664879
4106,0.0,0.3,1,mahalanobis,ball_tree,40,2.0,-0.002429498452664879
4106,0.0,0.3,1,mahalanobis,ball_tree,50,,-0.002429498452664879
4106,0.0,0.3,1,mahalanobis,ball_tree,50,1.0,-0.002429498452664879
4106,0.0,0.3,1,mahalanobis,ball_tree,50,2.0,-0.002429498452664879
4106,0.0,0.3,1,mahalanobis,kd_tree,10,,-0.002429498452664879
4106,0.0,0.3,1,mahalanobis,kd_tree,10,1.0,-0.002429498452664879
4106,0.0,0.3,1,mahalanobis,kd_tree,10,2.0,-0.002429498452664879
4106,0.0,0.3,1,mahalanobis,kd_tree,20,,-0.002429498452664879
4106,0.0,0.3,1,mahalanobis,kd_tree,20,1.0,-0.002429498452664879
4106,0.0,0.3,1,mahalanobis,kd_tree,20,2.0,-0.002429498452664879
4106,0.0,0.3,1,mahalanobis,kd_tree,30,,-0.002429498452664879
4106,0.0,0.3,1,mahalanobis,kd_tree,30,1.0,-0.002429498452664879
4106,0.0,0.3,1,mahalanobis,kd_tree,30,2.0,-0.002429498452664879
4106,0.0,0.3,1,mahalanobis,kd_tree,40,,-0.002429498452664879
4106,0.0,0.3,1,mahalanobis,kd_tree,40,1.0,-0.002429498452664879
4106,0.0,0.3,1,mahalanobis,kd_tree,40,2.0,-0.002429498452664879
4106,0.0,0.3,1,mahalanobis,kd_tree,50,,-0.002429498452664879
4106,0.0,0.3,1,mahalanobis,kd_tree,50,1.0,-0.002429498452664879
4106,0.0,0.3,1,mahalanobis,kd_tree,50,2.0,-0.002429498452664879
4106,0.0,0.3,1,mahalanobis,brute,10,,-0.002429498452664879
4106,0.0,0.3,1,mahalanobis,brute,10,1.0,-0.002429498452664879
4106,0.0,0.3,1,mahalanobis,brute,10,2.0,-0.002429498452664879
4106,0.0,0.3,1,mahalanobis,brute,20,,-0.002429498452664879
4106,0.0,0.3,1,mahalanobis,brute,20,1.0,-0.002429498452664879
4106,0.0,0.3,1,mahalanobis,brute,20,2.0,-0.002429498452664879
4106,0.0,0.3,1,mahalanobis,brute,30,,-0.002429498452664879
4106,0.0,0.3,1,mahalanobis,brute,30,1.0,-0.002429498452664879
4106,0.0,0.3,1,mahalanobis,brute,30,2.0,-0.002429498452664879
4106,0.0,0.3,1,mahalanobis,brute,40,,-0.002429498452664879
4106,0.0,0.3,1,mahalanobis,brute,40,1.0,-0.002429498452664879
4106,0.0,0.3,1,mahalanobis,brute,40,2.0,-0.002429498452664879
4106,0.0,0.3,1,mahalanobis,brute,50,,-0.002429498452664879
4106,0.0,0.3,1,mahalanobis,brute,50,1.0,-0.002429498452664879
4106,0.0,0.3,1,mahalanobis,brute,50,2.0,-0.002429498452664879
300,0.5858271486712952,0.3,2,euclidean,auto,10,,-0.43597663807698084
300,0.5858271486712952,0.3,2,euclidean,auto,10,1.0,-0.43597663807698084
300,0.5858271486712952,0.3,2,euclidean,auto,10,2.0,-0.43597663807698084
300,0.5858271486712952,0.3,2,euclidean,auto,20,,-0.43597663807698084
300,0.5858271486712952,0.3,2,euclidean,auto,20,1.0,-0.43597663807698084
300,0.5858271486712952,0.3,2,euclidean,auto,20,2.0,-0.43597663807698084
300,0.5858271486712952,0.3,2,euclidean,auto,30,,-0.43597663807698084
300,0.5858271486712952,0.3,2,euclidean,auto,30,1.0,-0.43597663807698084
300,0.5858271486712952,0.3,2,euclidean,auto,30,2.0,-0.43597663807698084
300,0.5858271486712952,0.3,2,euclidean,auto,40,,-0.43597663807698084
300,0.5858271486712952,0.3,2,euclidean,auto,40,1.0,-0.43597663807698084
300,0.5858271486712952,0.3,2,euclidean,auto,40,2.0,-0.43597663807698084
300,0.5858271486712952,0.3,2,euclidean,auto,50,,-0.43597663807698084
300,0.5858271486712952,0.3,2,euclidean,auto,50,1.0,-0.43597663807698084
300,0.5858271486712952,0.3,2,euclidean,auto,50,2.0,-0.43597663807698084
300,0.5858271486712952,0.3,2,euclidean,ball_tree,10,,-0.43597663807698084
300,0.5858271486712952,0.3,2,euclidean,ball_tree,10,1.0,-0.43597663807698084
300,0.5858271486712952,0.3,2,euclidean,ball_tree,10,2.0,-0.43597663807698084
300,0.5858271486712952,0.3,2,euclidean,ball_tree,20,,-0.43597663807698084
300,0.5858271486712952,0.3,2,euclidean,ball_tree,20,1.0,-0.43597663807698084
300,0.5858271486712952,0.3,2,euclidean,ball_tree,20,2.0,-0.43597663807698084
300,0.5858271486712952,0.3,2,euclidean,ball_tree,30,,-0.43597663807698084
300,0.5858271486712952,0.3,2,euclidean,ball_tree,30,1.0,-0.43597663807698084
300,0.5858271486712952,0.3,2,euclidean,ball_tree,30,2.0,-0.43597663807698084
300,0.5858271486712952,0.3,2,euclidean,ball_tree,40,,-0.43597663807698084
300,0.5858271486712952,0.3,2,euclidean,ball_tree,40,1.0,-0.43597663807698084
300,0.5858271486712952,0.3,2,euclidean,ball_tree,40,2.0,-0.43597663807698084
300,0.5858271486712952,0.3,2,euclidean,ball_tree,50,,-0.43597663807698084
300,0.5858271486712952,0.3,2,euclidean,ball_tree,50,1.0,-0.43597663807698084
300,0.5858271486712952,0.3,2,euclidean,ball_tree,50,2.0,-0.43597663807698084
300,0.5858271486712952,0.3,2,euclidean,kd_tree,10,,-0.43597663807698084
300,0.5858271486712952,0.3,2,euclidean,kd_tree,10,1.0,-0.43597663807698084
300,0.5858271486712952,0.3,2,euclidean,kd_tree,10,2.0,-0.43597663807698084
300,0.5858271486712952,0.3,2,euclidean,kd_tree,20,,-0.43597663807698084
300,0.5858271486712952,0.3,2,euclidean,kd_tree,20,1.0,-0.43597663807698084
300,0.5858271486712952,0.3,2,euclidean,kd_tree,20,2.0,-0.43597663807698084
300,0.5858271486712952,0.3,2,euclidean,kd_tree,30,,-0.43597663807698084
300,0.5858271486712952,0.3,2,euclidean,kd_tree,30,1.0,-0.43597663807698084
300,0.5858271486712952,0.3,2,euclidean,kd_tree,30,2.0,-0.43597663807698084
300,0.5858271486712952,0.3,2,euclidean,kd_tree,40,,-0.43597663807698084
300,0.5858271486712952,0.3,2,euclidean,kd_tree,40,1.0,-0.43597663807698084
300,0.5858271486712952,0.3,2,euclidean,kd_tree,40,2.0,-0.43597663807698084
300,0.5858271486712952,0.3,2,euclidean,kd_tree,50,,-0.43597663807698084
300,0.5858271486712952,0.3,2,euclidean,kd_tree,50,1.0,-0.43597663807698084
300,0.5858271486712952,0.3,2,euclidean,kd_tree,50,2.0,-0.43597663807698084
300,0.5858271486712952,0.3,2,euclidean,brute,10,,-0.43597663807698084
300,0.5858271486712952,0.3,2,euclidean,brute,10,1.0,-0.43597663807698084
300,0.5858271486712952,0.3,2,euclidean,brute,10,2.0,-0.43597663807698084
300,0.5858271486712952,0.3,2,euclidean,brute,20,,-0.43597663807698084
300,0.5858271486712952,0.3,2,euclidean,brute,20,1.0,-0.43597663807698084
300,0.5858271486712952,0.3,2,euclidean,brute,20,2.0,-0.43597663807698084
300,0.5858271486712952,0.3,2,euclidean,brute,30,,-0.43597663807698084
300,0.5858271486712952,0.3,2,euclidean,brute,30,1.0,-0.43597663807698084
300,0.5858271486712952,0.3,2,euclidean,brute,30,2.0,-0.43597663807698084
300,0.5858271486712952,0.3,2,euclidean,brute,40,,-0.43597663807698084
300,0.5858271486712952,0.3,2,euclidean,brute,40,1.0,-0.43597663807698084
300,0.5858271486712952,0.3,2,euclidean,brute,40,2.0,-0.43597663807698084
300,0.5858271486712952,0.3,2,euclidean,brute,50,,-0.43597663807698084
300,0.5858271486712952,0.3,2,euclidean,brute,50,1.0,-0.43597663807698084
300,0.5858271486712952,0.3,2,euclidean,brute,50,2.0,-0.43597663807698084
117,0.8975341153938233,0.3,2,manhattan,auto,10,,-0.5755451293270658
117,0.8975341153938233,0.3,2,manhattan,auto,10,1.0,-0.5755451293270658
117,0.8975341153938233,0.3,2,manhattan,auto,10,2.0,-0.5755451293270658
117,0.8975341153938233,0.3,2,manhattan,auto,20,,-0.5755451293270658
117,0.8975341153938233,0.3,2,manhattan,auto,20,1.0,-0.5755451293270658
117,0.8975341153938233,0.3,2,manhattan,auto,20,2.0,-0.5755451293270658
117,0.8975341153938233,0.3,2,manhattan,auto,30,,-0.5755451293270658
117,0.8975341153938233,0.3,2,manhattan,auto,30,1.0,-0.5755451293270658
117,0.8975341153938233,0.3,2,manhattan,auto,30,2.0,-0.5755451293270658
117,0.8975341153938233,0.3,2,manhattan,auto,40,,-0.5755451293270658
117,0.8975341153938233,0.3,2,manhattan,auto,40,1.0,-0.5755451293270658
117,0.8975341153938233,0.3,2,manhattan,auto,40,2.0,-0.5755451293270658
117,0.8975341153938233,0.3,2,manhattan,auto,50,,-0.5755451293270658
117,0.8975341153938233,0.3,2,manhattan,auto,50,1.0,-0.5755451293270658
117,0.8975341153938233,0.3,2,manhattan,auto,50,2.0,-0.5755451293270658
117,0.8975341153938233,0.3,2,manhattan,ball_tree,10,,-0.5755451293270658
117,0.8975341153938233,0.3,2,manhattan,ball_tree,10,1.0,-0.5755451293270658
117,0.8975341153938233,0.3,2,manhattan,ball_tree,10,2.0,-0.5755451293270658
117,0.8975341153938233,0.3,2,manhattan,ball_tree,20,,-0.5755451293270658
117,0.8975341153938233,0.3,2,manhattan,ball_tree,20,1.0,-0.5755451293270658
117,0.8975341153938233,0.3,2,manhattan,ball_tree,20,2.0,-0.5755451293270658
117,0.8975341153938233,0.3,2,manhattan,ball_tree,30,,-0.5755451293270658
117,0.8975341153938233,0.3,2,manhattan,ball_tree,30,1.0,-0.5755451293270658
117,0.8975341153938233,0.3,2,manhattan,ball_tree,30,2.0,-0.5755451293270658
117,0.8975341153938233,0.3,2,manhattan,ball_tree,40,,-0.5755451293270658
117,0.8975341153938233,0.3,2,manhattan,ball_tree,40,1.0,-0.5755451293270658
117,0.8975341153938233,0.3,2,manhattan,ball_tree,40,2.0,-0.5755451293270658
117,0.8975341153938233,0.3,2,manhattan,ball_tree,50,,-0.5755451293270658
117,0.8975341153938233,0.3,2,manhattan,ball_tree,50,1.0,-0.5755451293270658
117,0.8975341153938233,0.3,2,manhattan,ball_tree,50,2.0,-0.5755451293270658
117,0.8975341153938233,0.3,2,manhattan,kd_tree,10,,-0.5755451293270658
117,0.8975341153938233,0.3,2,manhattan,kd_tree,10,1.0,-0.5755451293270658
117,0.8975341153938233,0.3,2,manhattan,kd_tree,10,2.0,-0.5755451293270658
117,0.8975341153938233,0.3,2,manhattan,kd_tree,20,,-0.5755451293270658
117,0.8975341153938233,0.3,2,manhattan,kd_tree,20,1.0,-0.5755451293270658
117,0.8975341153938233,0.3,2,manhattan,kd_tree,20,2.0,-0.5755451293270658
117,0.8975341153938233,0.3,2,manhattan,kd_tree,30,,-0.5755451293270658
117,0.8975341153938233,0.3,2,manhattan,kd_tree,30,1.0,-0.5755451293270658
117,0.8975341153938233,0.3,2,manhattan,kd_tree,30,2.0,-0.5755451293270658
117,0.8975341153938233,0.3,2,manhattan,kd_tree,40,,-0.5755451293270658
117,0.8975341153938233,0.3,2,manhattan,kd_tree,40,1.0,-0.5755451293270658
117,0.8975341153938233,0.3,2,manhattan,kd_tree,40,2.0,-0.5755451293270658
117,0.8975341153938233,0.3,2,manhattan,kd_tree,50,,-0.5755451293270658
117,0.8975341153938233,0.3,2,manhattan,kd_tree,50,1.0,-0.5755451293270658
117,0.8975341153938233,0.3,2,manhattan,kd_tree,50,2.0,-0.5755451293270658
117,0.8975341153938233,0.3,2,manhattan,brute,10,,-0.5755451293270658
117,0.8975341153938233,0.3,2,manhattan,brute,10,1.0,-0.5755451293270658
117,0.8975341153938233,0.3,2,manhattan,brute,10,2.0,-0.5755451293270658
117,0.8975341153938233,0.3,2,manhattan,brute,20,,-0.5755451293270658
117,0.8975341153938233,0.3,2,manhattan,brute,20,1.0,-0.5755451293270658
117,0.8975341153938233,0.3,2,manhattan,brute,20,2.0,-0.5755451293270658
117,0.8975341153938233,0.3,2,manhattan,brute,30,,-0.5755451293270658
117,0.8975341153938233,0.3,2,manhattan,brute,30,1.0,-0.5755451293270658
117,0.8975341153938233,0.3,2,manhattan,brute,30,2.0,-0.5755451293270658
117,0.8975341153938233,0.3,2,manhattan,brute,40,,-0.5755451293270658
117,0.8975341153938233,0.3,2,manhattan,brute,40,1.0,-0.5755451293270658
117,0.8975341153938233,0.3,2,manhattan,brute,40,2.0,-0.5755451293270658
117,0.8975341153938233,0.3,2,manhattan,brute,50,,-0.5755451293270658
117,0.8975341153938233,0.3,2,manhattan,brute,50,1.0,-0.5755451293270658
117,0.8975341153938233,0.3,2,manhattan,brute,50,2.0,-0.5755451293270658
41,0.9731864974862341,0.3,2,mahalanobis,auto,10,,-0.46343102199999153
41,0.9731864974862341,0.3,2,mahalanobis,auto,10,1.0,-0.46343102199999153
41,0.9731864974862341,0.3,2,mahalanobis,auto,10,2.0,-0.46343102199999153
41,0.9731864974862341,0.3,2,mahalanobis,auto,20,,-0.46343102199999153
41,0.9731864974862341,0.3,2,mahalanobis,auto,20,1.0,-0.46343102199999153
41,0.9731864974862341,0.3,2,mahalanobis,auto,20,2.0,-0.46343102199999153
41,0.9731864974862341,0.3,2,mahalanobis,auto,30,,-0.46343102199999153
41,0.9731864974862341,0.3,2,mahalanobis,auto,30,1.0,-0.46343102199999153
41,0.9731864974862341,0.3,2,mahalanobis,auto,30,2.0,-0.46343102199999153
41,0.9731864974862341,0.3,2,mahalanobis,auto,40,,-0.46343102199999153
41,0.9731864974862341,0.3,2,mahalanobis,auto,40,1.0,-0.46343102199999153
41,0.9731864974862341,0.3,2,mahalanobis,auto,40,2.0,-0.46343102199999153
41,0.9731864974862341,0.3,2,mahalanobis,auto,50,,-0.46343102199999153
41,0.9731864974862341,0.3,2,mahalanobis,auto,50,1.0,-0.46343102199999153
41,0.9731864974862341,0.3,2,mahalanobis,auto,50,2.0,-0.46343102199999153
41,0.9731864974862341,0.3,2,mahalanobis,ball_tree,10,,-0.46343102199999153
41,0.9731864974862341,0.3,2,mahalanobis,ball_tree,10,1.0,-0.46343102199999153
41,0.9731864974862341,0.3,2,mahalanobis,ball_tree,10,2.0,-0.46343102199999153
41,0.9731864974862341,0.3,2,mahalanobis,ball_tree,20,,-0.46343102199999153
41,0.9731864974862341,0.3,2,mahalanobis,ball_tree,20,1.0,-0.46343102199999153
41,0.9731864974862341,0.3,2,mahalanobis,ball_tree,20,2.0,-0.46343102199999153
41,0.9731864974862341,0.3,2,mahalanobis,ball_tree,30,,-0.46343102199999153
41,0.9731864974862341,0.3,2,mahalanobis,ball_tree,30,1.0,-0.46343102199999153
41,0.9731864974862341,0.3,2,mahalanobis,ball_tree,30,2.0,-0.46343102199999153
41,0.9731864974862341,0.3,2,mahalanobis,ball_tree,40,,-0.46343102199999153
41,0.9731864974862341,0.3,2,mahalanobis,ball_tree,40,1.0,-0.46343102199999153
41,0.9731864974862341,0.3,2,mahalanobis,ball_tree,40,2.0,-0.46343102199999153
41,0.9731864974862341,0.3,2,mahalanobis,ball_tree,50,,-0.46343102199999153
41,0.9731864974862341,0.3,2,mahalanobis,ball_tree,50,1.0,-0.46343102199999153
41,0.9731864974862341,0.3,2,mahalanobis,ball_tree,50,2.0,-0.46343102199999153
41,0.9731864974862341,0.3,2,mahalanobis,kd_tree,10,,-0.46343102199999153
41,0.9731864974862341,0.3,2,mahalanobis,kd_tree,10,1.0,-0.46343102199999153
41,0.9731864974862341,0.3,2,mahalanobis,kd_tree,10,2.0,-0.46343102199999153
41,0.9731864974862341,0.3,2,mahalanobis,kd_tree,20,,-0.46343102199999153
41,0.9731864974862341,0.3,2,mahalanobis,kd_tree,20,1.0,-0.46343102199999153
41,0.9731864974862341,0.3,2,mahalanobis,kd_tree,20,2.0,-0.46343102199999153
41,0.9731864974862341,0.3,2,mahalanobis,kd_tree,30,,-0.46343102199999153
41,0.9731864974862341,0.3,2,mahalanobis,kd_tree,30,1.0,-0.46343102199999153
41,0.9731864974862341,0.3,2,mahalanobis,kd_tree,30,2.0,-0.46343102199999153
41,0.9731864974862341,0.3,2,mahalanobis,kd_tree,40,,-0.46343102199999153
41,0.9731864974862341,0.3,2,mahalanobis,kd_tree,40,1.0,-0.46343102199999153
41,0.9731864974862341,0.3,2,mahalanobis,kd_tree,40,2.0,-0.46343102199999153
41,0.9731864974862341,0.3,2,mahalanobis,kd_tree,50,,-0.46343102199999153
41,0.9731864974862341,0.3,2,mahalanobis,kd_tree,50,1.0,-0.46343102199999153
41,0.9731864974862341,0.3,2,mahalanobis,kd_tree,50,2.0,-0.46343102199999153
41,0.9731864974862341,0.3,2,mahalanobis,brute,10,,-0.46343102199999153
41,0.9731864974862341,0.3,2,mahalanobis,brute,10,1.0,-0.46343102199999153
41,0.9731864974862341,0.3,2,mahalanobis,brute,10,2.0,-0.46343102199999153
41,0.9731864974862341,0.3,2,mahalanobis,brute,20,,-0.46343102199999153
41,0.9731864974862341,0.3,2,mahalanobis,brute,20,1.0,-0.46343102199999153
41,0.9731864974862341,0.3,2,mahalanobis,brute,20,2.0,-0.46343102199999153
41,0.9731864974862341,0.3,2,mahalanobis,brute,30,,-0.46343102199999153
41,0.9731864974862341,0.3,2,mahalanobis,brute,30,1.0,-0.46343102199999153
41,0.9731864974862341,0.3,2,mahalanobis,brute,30,2.0,-0.46343102199999153
41,0.9731864974862341,0.3,2,mahalanobis,brute,40,,-0.46343102199999153
41,0.9731864974862341,0.3,2,mahalanobis,brute,40,1.0,-0.46343102199999153
41,0.9731864974862341,0.3,2,mahalanobis,brute,40,2.0,-0.46343102199999153
41,0.9731864974862341,0.3,2,mahalanobis,brute,50,,-0.46343102199999153
41,0.9731864974862341,0.3,2,mahalanobis,brute,50,1.0,-0.46343102199999153
41,0.9731864974862341,0.3,2,mahalanobis,brute,50,2.0,-0.46343102199999153
123,0.6705769691165908,0.3,3,euclidean,auto,10,,-0.4790784436300929
123,0.6705769691165908,0.3,3,euclidean,auto,10,1.0,-0.4790784436300929
123,0.6705769691165908,0.3,3,euclidean,auto,10,2.0,-0.4790784436300929
123,0.6705769691165908,0.3,3,euclidean,auto,20,,-0.4790784436300929
123,0.6705769691165908,0.3,3,euclidean,auto,20,1.0,-0.4790784436300929
123,0.6705769691165908,0.3,3,euclidean,auto,20,2.0,-0.4790784436300929
123,0.6705769691165908,0.3,3,euclidean,auto,30,,-0.4790784436300929
123,0.6705769691165908,0.3,3,euclidean,auto,30,1.0,-0.4790784436300929
123,0.6705769691165908,0.3,3,euclidean,auto,30,2.0,-0.4790784436300929
123,0.6705769691165908,0.3,3,euclidean,auto,40,,-0.4790784436300929
123,0.6705769691165908,0.3,3,euclidean,auto,40,1.0,-0.4790784436300929
123,0.6705769691165908,0.3,3,euclidean,auto,40,2.0,-0.4790784436300929
123,0.6705769691165908,0.3,3,euclidean,auto,50,,-0.4790784436300929
123,0.6705769691165908,0.3,3,euclidean,auto,50,1.0,-0.4790784436300929
123,0.6705769691165908,0.3,3,euclidean,auto,50,2.0,-0.4790784436300929
123,0.6705769691165908,0.3,3,euclidean,ball_tree,10,,-0.4790784436300929
123,0.6705769691165908,0.3,3,euclidean,ball_tree,10,1.0,-0.4790784436300929
123,0.6705769691165908,0.3,3,euclidean,ball_tree,10,2.0,-0.4790784436300929
123,0.6705769691165908,0.3,3,euclidean,ball_tree,20,,-0.4790784436300929
123,0.6705769691165908,0.3,3,euclidean,ball_tree,20,1.0,-0.4790784436300929
123,0.6705769691165908,0.3,3,euclidean,ball_tree,20,2.0,-0.4790784436300929
123,0.6705769691165908,0.3,3,euclidean,ball_tree,30,,-0.4790784436300929
123,0.6705769691165908,0.3,3,euclidean,ball_tree,30,1.0,-0.4790784436300929
123,0.6705769691165908,0.3,3,euclidean,ball_tree,30,2.0,-0.4790784436300929
123,0.6705769691165908,0.3,3,euclidean,ball_tree,40,,-0.4790784436300929
123,0.6705769691165908,0.3,3,euclidean,ball_tree,40,1.0,-0.4790784436300929
123,0.6705769691165908,0.3,3,euclidean,ball_tree,40,2.0,-0.4790784436300929
123,0.6705769691165908,0.3,3,euclidean,ball_tree,50,,-0.4790784436300929
123,0.6705769691165908,0.3,3,euclidean,ball_tree,50,1.0,-0.4790784436300929
123,0.6705769691165908,0.3,3,euclidean,ball_tree,50,2.0,-0.4790784436300929
123,0.6705769691165908,0.3,3,euclidean,kd_tree,10,,-0.4790784436300929
123,0.6705769691165908,0.3,3,euclidean,kd_tree,10,1.0,-0.4790784436300929
123,0.6705769691165908,0.3,3,euclidean,kd_tree,10,2.0,-0.4790784436300929
123,0.6705769691165908,0.3,3,euclidean,kd_tree,20,,-0.4790784436300929
123,0.6705769691165908,0.3,3,euclidean,kd_tree,20,1.0,-0.4790784436300929
123,0.6705769691165908,0.3,3,euclidean,kd_tree,20,2.0,-0.4790784436300929
123,0.6705769691165908,0.3,3,euclidean,kd_tree,30,,-0.4790784436300929
123,0.6705769691165908,0.3,3,euclidean,kd_tree,30,1.0,-0.4790784436300929
123,0.6705769691165908,0.3,3,euclidean,kd_tree,30,2.0,-0.4790784436300929
123,0.6705769691165908,0.3,3,euclidean,kd_tree,40,,-0.4790784436300929
123,0.6705769691165908,0.3,3,euclidean,kd_tree,40,1.0,-0.4790784436300929
123,0.6705769691165908,0.3,3,euclidean,kd_tree,40,2.0,-0.4790784436300929
123,0.6705769691165908,0.3,3,euclidean,kd_tree,50,,-0.4790784436300929
123,0.6705769691165908,0.3,3,euclidean,kd_tree,50,1.0,-0.4790784436300929
123,0.6705769691165908,0.3,3,euclidean,kd_tree,50,2.0,-0.4790784436300929
123,0.6705769691165908,0.3,3,euclidean,brute,10,,-0.4790784436300929
123,0.6705769691165908,0.3,3,euclidean,brute,10,1.0,-0.4790784436300929
123,0.6705769691165908,0.3,3,euclidean,brute,10,2.0,-0.4790784436300929
123,0.6705769691165908,0.3,3,euclidean,brute,20,,-0.4790784436300929
123,0.6705769691165908,0.3,3,euclidean,brute,20,1.0,-0.4790784436300929
123,0.6705769691165908,0.3,3,euclidean,brute,20,2.0,-0.4790784436300929
123,0.6705769691165908,0.3,3,euclidean,brute,30,,-0.4790784436300929
123,0.6705769691165908,0.3,3,euclidean,brute,30,1.0,-0.4790784436300929
123,0.6705769691165908,0.3,3,euclidean,brute,30,2.0,-0.4790784436300929
123,0.6705769691165908,0.3,3,euclidean,brute,40,,-0.4790784436300929
123,0.6705769691165908,0.3,3,euclidean,brute,40,1.0,-0.4790784436300929
123,0.6705769691165908,0.3,3,euclidean,brute,40,2.0,-0.4790784436300929
123,0.6705769691165908,0.3,3,euclidean,brute,50,,-0.4790784436300929
123,0.6705769691165908,0.3,3,euclidean,brute,50,1.0,-0.4790784436300929
123,0.6705769691165908,0.3,3,euclidean,brute,50,2.0,-0.4790784436300929
34,0.9372755566195834,0.3,3,manhattan,auto,10,,-0.2988529712420544
34,0.9372755566195834,0.3,3,manhattan,auto,10,1.0,-0.2988529712420544
34,0.9372755566195834,0.3,3,manhattan,auto,10,2.0,-0.2988529712420544
34,0.9372755566195834,0.3,3,manhattan,auto,20,,-0.2988529712420544
34,0.9372755566195834,0.3,3,manhattan,auto,20,1.0,-0.2988529712420544
34,0.9372755566195834,0.3,3,manhattan,auto,20,2.0,-0.2988529712420544
34,0.9372755566195834,0.3,3,manhattan,auto,30,,-0.2988529712420544
34,0.9372755566195834,0.3,3,manhattan,auto,30,1.0,-0.2988529712420544
34,0.9372755566195834,0.3,3,manhattan,auto,30,2.0,-0.2988529712420544
34,0.9372755566195834,0.3,3,manhattan,auto,40,,-0.2988529712420544
34,0.9372755566195834,0.3,3,manhattan,auto,40,1.0,-0.2988529712420544
34,0.9372755566195834,0.3,3,manhattan,auto,40,2.0,-0.2988529712420544
34,0.9372755566195834,0.3,3,manhattan,auto,50,,-0.2988529712420544
34,0.9372755566195834,0.3,3,manhattan,auto,50,1.0,-0.2988529712420544
34,0.9372755566195834,0.3,3,manhattan,auto,50,2.0,-0.2988529712420544
34,0.9372755566195834,0.3,3,manhattan,ball_tree,10,,-0.2988529712420544
34,0.9372755566195834,0.3,3,manhattan,ball_tree,10,1.0,-0.2988529712420544
34,0.9372755566195834,0.3,3,manhattan,ball_tree,10,2.0,-0.2988529712420544
34,0.9372755566195834,0.3,3,manhattan,ball_tree,20,,-0.2988529712420544
34,0.9372755566195834,0.3,3,manhattan,ball_tree,20,1.0,-0.2988529712420544
34,0.9372755566195834,0.3,3,manhattan,ball_tree,20,2.0,-0.2988529712420544
34,0.9372755566195834,0.3,3,manhattan,ball_tree,30,,-0.2988529712420544
34,0.9372755566195834,0.3,3,manhattan,ball_tree,30,1.0,-0.2988529712420544
34,0.9372755566195834,0.3,3,manhattan,ball_tree,30,2.0,-0.2988529712420544
34,0.9372755566195834,0.3,3,manhattan,ball_tree,40,,-0.2988529712420544
34,0.9372755566195834,0.3,3,manhattan,ball_tree,40,1.0,-0.2988529712420544
34,0.9372755566195834,0.3,3,manhattan,ball_tree,40,2.0,-0.2988529712420544
34,0.9372755566195834,0.3,3,manhattan,ball_tree,50,,-0.2988529712420544
34,0.9372755566195834,0.3,3,manhattan,ball_tree,50,1.0,-0.2988529712420544
34,0.9372755566195834,0.3,3,manhattan,ball_tree,50,2.0,-0.2988529712420544
34,0.9372755566195834,0.3,3,manhattan,kd_tree,10,,-0.2988529712420544
34,0.9372755566195834,0.3,3,manhattan,kd_tree,10,1.0,-0.2988529712420544
34,0.9372755566195834,0.3,3,manhattan,kd_tree,10,2.0,-0.2988529712420544
34,0.9372755566195834,0.3,3,manhattan,kd_tree,20,,-0.2988529712420544
34,0.9372755566195834,0.3,3,manhattan,kd_tree,20,1.0,-0.2988529712420544
34,0.9372755566195834,0.3,3,manhattan,kd_tree,20,2.0,-0.2988529712420544
34,0.9372755566195834,0.3,3,manhattan,kd_tree,30,,-0.2988529712420544
34,0.9372755566195834,0.3,3,manhattan,kd_tree,30,1.0,-0.2988529712420544
34,0.9372755566195834,0.3,3,manhattan,kd_tree,30,2.0,-0.2988529712420544
34,0.9372755566195834,0.3,3,manhattan,kd_tree,40,,-0.2988529712420544
34,0.9372755566195834,0.3,3,manhattan,kd_tree,40,1.0,-0.2988529712420544
34,0.9372755566195834,0.3,3,manhattan,kd_tree,40,2.0,-0.2988529712420544
34,0.9372755566195834,0.3,3,manhattan,kd_tree,50,,-0.2988529712420544
34,0.9372755566195834,0.3,3,manhattan,kd_tree,50,1.0,-0.2988529712420544
34,0.9372755566195834,0.3,3,manhattan,kd_tree,50,2.0,-0.2988529712420544
34,0.9372755566195834,0.3,3,manhattan,brute,10,,-0.2988529712420544
34,0.9372755566195834,0.3,3,manhattan,brute,10,1.0,-0.2988529712420544
34,0.9372755566195834,0.3,3,manhattan,brute,10,2.0,-0.2988529712420544
34,0.9372755566195834,0.3,3,manhattan,brute,20,,-0.2988529712420544
34,0.9372755566195834,0.3,3,manhattan,brute,20,1.0,-0.2988529712420544
34,0.9372755566195834,0.3,3,manhattan,brute,20,2.0,-0.2988529712420544
34,0.9372755566195834,0.3,3,manhattan,brute,30,,-0.2988529712420544
34,0.9372755566195834,0.3,3,manhattan,brute,30,1.0,-0.2988529712420544
34,0.9372755566195834,0.3,3,manhattan,brute,30,2.0,-0.2988529712420544
34,0.9372755566195834,0.3,3,manhattan,brute,40,,-0.2988529712420544
34,0.9372755566195834,0.3,3,manhattan,brute,40,1.0,-0.2988529712420544
34,0.9372755566195834,0.3,3,manhattan,brute,40,2.0,-0.2988529712420544
34,0.9372755566195834,0.3,3,manhattan,brute,50,,-0.2988529712420544
34,0.9372755566195834,0.3,3,manhattan,brute,50,1.0,-0.2988529712420544
34,0.9372755566195834,0.3,3,manhattan,brute,50,2.0,-0.2988529712420544
15,0.9856356236533397,0.3,3,mahalanobis,auto,10,,-0.06672989548982088
15,0.9856356236533397,0.3,3,mahalanobis,auto,10,1.0,-0.06672989548982088
15,0.9856356236533397,0.3,3,mahalanobis,auto,10,2.0,-0.06672989548982088
15,0.9856356236533397,0.3,3,mahalanobis,auto,20,,-0.06672989548982088
15,0.9856356236533397,0.3,3,mahalanobis,auto,20,1.0,-0.06672989548982088
15,0.9856356236533397,0.3,3,mahalanobis,auto,20,2.0,-0.06672989548982088
15,0.9856356236533397,0.3,3,mahalanobis,auto,30,,-0.06672989548982088
15,0.9856356236533397,0.3,3,mahalanobis,auto,30,1.0,-0.06672989548982088
15,0.9856356236533397,0.3,3,mahalanobis,auto,30,2.0,-0.06672989548982088
15,0.9856356236533397,0.3,3,mahalanobis,auto,40,,-0.06672989548982088
15,0.9856356236533397,0.3,3,mahalanobis,auto,40,1.0,-0.06672989548982088
15,0.9856356236533397,0.3,3,mahalanobis,auto,40,2.0,-0.06672989548982088
15,0.9856356236533397,0.3,3,mahalanobis,auto,50,,-0.06672989548982088
15,0.9856356236533397,0.3,3,mahalanobis,auto,50,1.0,-0.06672989548982088
15,0.9856356236533397,0.3,3,mahalanobis,auto,50,2.0,-0.06672989548982088
15,0.9856356236533397,0.3,3,mahalanobis,ball_tree,10,,-0.06672989548982088
15,0.9856356236533397,0.3,3,mahalanobis,ball_tree,10,1.0,-0.06672989548982088
15,0.9856356236533397,0.3,3,mahalanobis,ball_tree,10,2.0,-0.06672989548982088
15,0.9856356236533397,0.3,3,mahalanobis,ball_tree,20,,-0.06672989548982088
15,0.9856356236533397,0.3,3,mahalanobis,ball_tree,20,1.0,-0.06672989548982088
15,0.9856356236533397,0.3,3,mahalanobis,ball_tree,20,2.0,-0.06672989548982088
15,0.9856356236533397,0.3,3,mahalanobis,ball_tree,30,,-0.06672989548982088
15,0.9856356236533397,0.3,3,mahalanobis,ball_tree,30,1.0,-0.06672989548982088
15,0.9856356236533397,0.3,3,mahalanobis,ball_tree,30,2.0,-0.06672989548982088
15,0.9856356236533397,0.3,3,mahalanobis,ball_tree,40,,-0.06672989548982088
15,0.9856356236533397,0.3,3,mahalanobis,ball_tree,40,1.0,-0.06672989548982088
15,0.9856356236533397,0.3,3,mahalanobis,ball_tree,40,2.0,-0.06672989548982088
15,0.9856356236533397,0.3,3,mahalanobis,ball_tree,50,,-0.06672989548982088
15,0.9856356236533397,0.3,3,mahalanobis,ball_tree,50,1.0,-0.06672989548982088
15,0.9856356236533397,0.3,3,mahalanobis,ball_tree,50,2.0,-0.06672989548982088
15,0.9856356236533397,0.3,3,mahalanobis,kd_tree,10,,-0.06672989548982088
15,0.9856356236533397,0.3,3,mahalanobis,kd_tree,10,1.0,-0.06672989548982088
15,0.9856356236533397,0.3,3,mahalanobis,kd_tree,10,2.0,-0.06672989548982088
15,0.9856356236533397,0.3,3,mahalanobis,kd_tree,20,,-0.06672989548982088
15,0.9856356236533397,0.3,3,mahalanobis,kd_tree,20,1.0,-0.06672989548982088
15,0.9856356236533397,0.3,3,mahalanobis,kd_tree,20,2.0,-0.06672989548982088
15,0.9856356236533397,0.3,3,mahalanobis,kd_tree,30,,-0.06672989548982088
15,0.9856356236533397,0.3,3,mahalanobis,kd_tree,30,1.0,-0.06672989548982088
15,0.9856356236533397,0.3,3,mahalanobis,kd_tree,30,2.0,-0.06672989548982088
15,0.9856356236533397,0.3,3,mahalanobis,kd_tree,40,,-0.06672989548982088
15,0.9856356236533397,0.3,3,mahalanobis,kd_tree,40,1.0,-0.06672989548982088
15,0.9856356236533397,0.3,3,mahalanobis,kd_tree,40,2.0,-0.06672989548982088
15,0.9856356236533397,0.3,3,mahalanobis,kd_tree,50,,-0.06672989548982088
15,0.9856356236533397,0.3,3,mahalanobis,kd_tree,50,1.0,-0.06672989548982088
15,0.9856356236533397,0.3,3,mahalanobis,kd_tree,50,2.0,-0.06672989548982088
15,0.9856356236533397,0.3,3,mahalanobis,brute,10,,-0.06672989548982088
15,0.9856356236533397,0.3,3,mahalanobis,brute,10,1.0,-0.06672989548982088
15,0.9856356236533397,0.3,3,mahalanobis,brute,10,2.0,-0.06672989548982088
15,0.9856356236533397,0.3,3,mahalanobis,brute,20,,-0.06672989548982088
15,0.9856356236533397,0.3,3,mahalanobis,brute,20,1.0,-0.06672989548982088
15,0.9856356236533397,0.3,3,mahalanobis,brute,20,2.0,-0.06672989548982088
15,0.9856356236533397,0.3,3,mahalanobis,brute,30,,-0.06672989548982088
15,0.9856356236533397,0.3,3,mahalanobis,brute,30,1.0,-0.06672989548982088
15,0.9856356236533397,0.3,3,mahalanobis,brute,30,2.0,-0.06672989548982088
15,0.9856356236533397,0.3,3,mahalanobis,brute,40,,-0.06672989548982088
15,0.9856356236533397,0.3,3,mahalanobis,brute,40,1.0,-0.06672989548982088
15,0.9856356236533397,0.3,3,mahalanobis,brute,40,2.0,-0.06672989548982088
15,0.9856356236533397,0.3,3,mahalanobis,brute,50,,-0.06672989548982088
15,0.9856356236533397,0.3,3,mahalanobis,brute,50,1.0,-0.06672989548982088
15,0.9856356236533397,0.3,3,mahalanobis,brute,50,2.0,-0.06672989548982088
60,0.7328225999521187,0.3,4,euclidean,auto,10,,-0.4683623954494079
60,0.7328225999521187,0.3,4,euclidean,auto,10,1.0,-0.4683623954494079
60,0.7328225999521187,0.3,4,euclidean,auto,10,2.0,-0.4683623954494079
60,0.7328225999521187,0.3,4,euclidean,auto,20,,-0.4683623954494079
60,0.7328225999521187,0.3,4,euclidean,auto,20,1.0,-0.4683623954494079
60,0.7328225999521187,0.3,4,euclidean,auto,20,2.0,-0.4683623954494079
60,0.7328225999521187,0.3,4,euclidean,auto,30,,-0.4683623954494079
60,0.7328225999521187,0.3,4,euclidean,auto,30,1.0,-0.4683623954494079
60,0.7328225999521187,0.3,4,euclidean,auto,30,2.0,-0.4683623954494079
60,0.7328225999521187,0.3,4,euclidean,auto,40,,-0.4683623954494079
60,0.7328225999521187,0.3,4,euclidean,auto,40,1.0,-0.4683623954494079
60,0.7328225999521187,0.3,4,euclidean,auto,40,2.0,-0.4683623954494079
60,0.7328225999521187,0.3,4,euclidean,auto,50,,-0.4683623954494079
60,0.7328225999521187,0.3,4,euclidean,auto,50,1.0,-0.4683623954494079
60,0.7328225999521187,0.3,4,euclidean,auto,50,2.0,-0.4683623954494079
60,0.7328225999521187,0.3,4,euclidean,ball_tree,10,,-0.4683623954494079
60,0.7328225999521187,0.3,4,euclidean,ball_tree,10,1.0,-0.4683623954494079
60,0.7328225999521187,0.3,4,euclidean,ball_tree,10,2.0,-0.4683623954494079
60,0.7328225999521187,0.3,4,euclidean,ball_tree,20,,-0.4683623954494079
60,0.7328225999521187,0.3,4,euclidean,ball_tree,20,1.0,-0.4683623954494079
60,0.7328225999521187,0.3,4,euclidean,ball_tree,20,2.0,-0.4683623954494079
60,0.7328225999521187,0.3,4,euclidean,ball_tree,30,,-0.4683623954494079
60,0.7328225999521187,0.3,4,euclidean,ball_tree,30,1.0,-0.4683623954494079
60,0.7328225999521187,0.3,4,euclidean,ball_tree,30,2.0,-0.4683623954494079
60,0.7328225999521187,0.3,4,euclidean,ball_tree,40,,-0.4683623954494079
60,0.7328225999521187,0.3,4,euclidean,ball_tree,40,1.0,-0.4683623954494079
60,0.7328225999521187,0.3,4,euclidean,ball_tree,40,2.0,-0.4683623954494079
60,0.7328225999521187,0.3,4,euclidean,ball_tree,50,,-0.4683623954494079
60,0.7328225999521187,0.3,4,euclidean,ball_tree,50,1.0,-0.4683623954494079
60,0.7328225999521187,0.3,4,euclidean,ball_tree,50,2.0,-0.4683623954494079
60,0.7328225999521187,0.3,4,euclidean,kd_tree,10,,-0.4683623954494079
60,0.7328225999521187,0.3,4,euclidean,kd_tree,10,1.0,-0.4683623954494079
60,0.7328225999521187,0.3,4,euclidean,kd_tree,10,2.0,-0.4683623954494079
60,0.7328225999521187,0.3,4,euclidean,kd_tree,20,,-0.4683623954494079
60,0.7328225999521187,0.3,4,euclidean,kd_tree,20,1.0,-0.4683623954494079
60,0.7328225999521187,0.3,4,euclidean,kd_tree,20,2.0,-0.4683623954494079
60,0.7328225999521187,0.3,4,euclidean,kd_tree,30,,-0.4683623954494079
60,0.7328225999521187,0.3,4,euclidean,kd_tree,30,1.0,-0.4683623954494079
60,0.7328225999521187,0.3,4,euclidean,kd_tree,30,2.0,-0.4683623954494079
60,0.7328225999521187,0.3,4,euclidean,kd_tree,40,,-0.4683623954494079
60,0.7328225999521187,0.3,4,euclidean,kd_tree,40,1.0,-0.4683623954494079
60,0.7328225999521187,0.3,4,euclidean,kd_tree,40,2.0,-0.4683623954494079
60,0.7328225999521187,0.3,4,euclidean,kd_tree,50,,-0.4683623954494079
60,0.7328225999521187,0.3,4,euclidean,kd_tree,50,1.0,-0.4683623954494079
60,0.7328225999521187,0.3,4,euclidean,kd_tree,50,2.0,-0.4683623954494079
60,0.7328225999521187,0.3,4,euclidean,brute,10,,-0.4683623954494079
60,0.7328225999521187,0.3,4,euclidean,brute,10,1.0,-0.4683623954494079
60,0.7328225999521187,0.3,4,euclidean,brute,10,2.0,-0.4683623954494079
60,0.7328225999521187,0.3,4,euclidean,brute,20,,-0.4683623954494079
60,0.7328225999521187,0.3,4,euclidean,brute,20,1.0,-0.4683623954494079
60,0.7328225999521187,0.3,4,euclidean,brute,20,2.0,-0.4683623954494079
60,0.7328225999521187,0.3,4,euclidean,brute,30,,-0.4683623954494079
60,0.7328225999521187,0.3,4,euclidean,brute,30,1.0,-0.4683623954494079
60,0.7328225999521187,0.3,4,euclidean,brute,30,2.0,-0.4683623954494079
60,0.7328225999521187,0.3,4,euclidean,brute,40,,-0.4683623954494079
60,0.7328225999521187,0.3,4,euclidean,brute,40,1.0,-0.4683623954494079
60,0.7328225999521187,0.3,4,euclidean,brute,40,2.0,-0.4683623954494079
60,0.7328225999521187,0.3,4,euclidean,brute,50,,-0.4683623954494079
60,0.7328225999521187,0.3,4,euclidean,brute,50,1.0,-0.4683623954494079
60,0.7328225999521187,0.3,4,euclidean,brute,50,2.0,-0.4683623954494079
19,0.9559492458702418,0.3,4,manhattan,auto,10,,-0.17623105361365105
19,0.9559492458702418,0.3,4,manhattan,auto,10,1.0,-0.17623105361365105
19,0.9559492458702418,0.3,4,manhattan,auto,10,2.0,-0.17623105361365105
19,0.9559492458702418,0.3,4,manhattan,auto,20,,-0.17623105361365105
19,0.9559492458702418,0.3,4,manhattan,auto,20,1.0,-0.17623105361365105
19,0.9559492458702418,0.3,4,manhattan,auto,20,2.0,-0.17623105361365105
19,0.9559492458702418,0.3,4,manhattan,auto,30,,-0.17623105361365105
19,0.9559492458702418,0.3,4,manhattan,auto,30,1.0,-0.17623105361365105
19,0.9559492458702418,0.3,4,manhattan,auto,30,2.0,-0.17623105361365105
19,0.9559492458702418,0.3,4,manhattan,auto,40,,-0.17623105361365105
19,0.9559492458702418,0.3,4,manhattan,auto,40,1.0,-0.17623105361365105
19,0.9559492458702418,0.3,4,manhattan,auto,40,2.0,-0.17623105361365105
19,0.9559492458702418,0.3,4,manhattan,auto,50,,-0.17623105361365105
19,0.9559492458702418,0.3,4,manhattan,auto,50,1.0,-0.17623105361365105
19,0.9559492458702418,0.3,4,manhattan,auto,50,2.0,-0.17623105361365105
19,0.9559492458702418,0.3,4,manhattan,ball_tree,10,,-0.17623105361365105
19,0.9559492458702418,0.3,4,manhattan,ball_tree,10,1.0,-0.17623105361365105
19,0.9559492458702418,0.3,4,manhattan,ball_tree,10,2.0,-0.17623105361365105
19,0.9559492458702418,0.3,4,manhattan,ball_tree,20,,-0.17623105361365105
19,0.9559492458702418,0.3,4,manhattan,ball_tree,20,1.0,-0.17623105361365105
19,0.9559492458702418,0.3,4,manhattan,ball_tree,20,2.0,-0.17623105361365105
19,0.9559492458702418,0.3,4,manhattan,ball_tree,30,,-0.17623105361365105
19,0.9559492458702418,0.3,4,manhattan,ball_tree,30,1.0,-0.17623105361365105
19,0.9559492458702418,0.3,4,manhattan,ball_tree,30,2.0,-0.17623105361365105
19,0.9559492458702418,0.3,4,manhattan,ball_tree,40,,-0.17623105361365105
19,0.9559492458702418,0.3,4,manhattan,ball_tree,40,1.0,-0.17623105361365105
19,0.9559492458702418,0.3,4,manhattan,ball_tree,40,2.0,-0.17623105361365105
19,0.9559492458702418,0.3,4,manhattan,ball_tree,50,,-0.17623105361365105
19,0.9559492458702418,0.3,4,manhattan,ball_tree,50,1.0,-0.17623105361365105
19,0.9559492458702418,0.3,4,manhattan,ball_tree,50,2.0,-0.17623105361365105
19,0.9559492458702418,0.3,4,manhattan,kd_tree,10,,-0.17623105361365105
19,0.9559492458702418,0.3,4,manhattan,kd_tree,10,1.0,-0.17623105361365105
19,0.9559492458702418,0.3,4,manhattan,kd_tree,10,2.0,-0.17623105361365105
19,0.9559492458702418,0.3,4,manhattan,kd_tree,20,,-0.17623105361365105
19,0.9559492458702418,0.3,4,manhattan,kd_tree,20,1.0,-0.17623105361365105
19,0.9559492458702418,0.3,4,manhattan,kd_tree,20,2.0,-0.17623105361365105
19,0.9559492458702418,0.3,4,manhattan,kd_tree,30,,-0.17623105361365105
19,0.9559492458702418,0.3,4,manhattan,kd_tree,30,1.0,-0.17623105361365105
19,0.9559492458702418,0.3,4,manhattan,kd_tree,30,2.0,-0.17623105361365105
19,0.9559492458702418,0.3,4,manhattan,kd_tree,40,,-0.17623105361365105
19,0.9559492458702418,0.3,4,manhattan,kd_tree,40,1.0,-0.17623105361365105
19,0.9559492458702418,0.3,4,manhattan,kd_tree,40,2.0,-0.17623105361365105
19,0.9559492458702418,0.3,4,manhattan,kd_tree,50,,-0.17623105361365105
19,0.9559492458702418,0.3,4,manhattan,kd_tree,50,1.0,-0.17623105361365105
19,0.9559492458702418,0.3,4,manhattan,kd_tree,50,2.0,-0.17623105361365105
19,0.9559492458702418,0.3,4,manhattan,brute,10,,-0.17623105361365105
19,0.9559492458702418,0.3,4,manhattan,brute,10,1.0,-0.17623105361365105
19,0.9559492458702418,0.3,4,manhattan,brute,10,2.0,-0.17623105361365105
19,0.9559492458702418,0.3,4,manhattan,brute,20,,-0.17623105361365105
19,0.9559492458702418,0.3,4,manhattan,brute,20,1.0,-0.17623105361365105
19,0.9559492458702418,0.3,4,manhattan,brute,20,2.0,-0.17623105361365105
19,0.9559492458702418,0.3,4,manhattan,brute,30,,-0.17623105361365105
19,0.9559492458702418,0.3,4,manhattan,brute,30,1.0,-0.17623105361365105
19,0.9559492458702418,0.3,4,manhattan,brute,30,2.0,-0.17623105361365105
19,0.9559492458702418,0.3,4,manhattan,brute,40,,-0.17623105361365105
19,0.9559492458702418,0.3,4,manhattan,brute,40,1.0,-0.17623105361365105
19,0.9559492458702418,0.3,4,manhattan,brute,40,2.0,-0.17623105361365105
19,0.9559492458702418,0.3,4,manhattan,brute,50,,-0.17623105361365105
19,0.9559492458702418,0.3,4,manhattan,brute,50,1.0,-0.17623105361365105
19,0.9559492458702418,0.3,4,manhattan,brute,50,2.0,-0.17623105361365105
4,0.9944936557337802,0.3,4,mahalanobis,auto,10,,0.004159601116205911
4,0.9944936557337802,0.3,4,mahalanobis,auto,10,1.0,0.004159601116205911
4,0.9944936557337802,0.3,4,mahalanobis,auto,10,2.0,0.004159601116205911
4,0.9944936557337802,0.3,4,mahalanobis,auto,20,,0.004159601116205911
4,0.9944936557337802,0.3,4,mahalanobis,auto,20,1.0,0.004159601116205911
4,0.9944936557337802,0.3,4,mahalanobis,auto,20,2.0,0.004159601116205911
4,0.9944936557337802,0.3,4,mahalanobis,auto,30,,0.004159601116205911
4,0.9944936557337802,0.3,4,mahalanobis,auto,30,1.0,0.004159601116205911
4,0.9944936557337802,0.3,4,mahalanobis,auto,30,2.0,0.004159601116205911
4,0.9944936557337802,0.3,4,mahalanobis,auto,40,,0.004159601116205911
4,0.9944936557337802,0.3,4,mahalanobis,auto,40,1.0,0.004159601116205911
4,0.9944936557337802,0.3,4,mahalanobis,auto,40,2.0,0.004159601116205911
4,0.9944936557337802,0.3,4,mahalanobis,auto,50,,0.004159601116205911
4,0.9944936557337802,0.3,4,mahalanobis,auto,50,1.0,0.004159601116205911
4,0.9944936557337802,0.3,4,mahalanobis,auto,50,2.0,0.004159601116205911
4,0.9944936557337802,0.3,4,mahalanobis,ball_tree,10,,0.004159601116205911
4,0.9944936557337802,0.3,4,mahalanobis,ball_tree,10,1.0,0.004159601116205911
4,0.9944936557337802,0.3,4,mahalanobis,ball_tree,10,2.0,0.004159601116205911
4,0.9944936557337802,0.3,4,mahalanobis,ball_tree,20,,0.004159601116205911
4,0.9944936557337802,0.3,4,mahalanobis,ball_tree,20,1.0,0.004159601116205911
4,0.9944936557337802,0.3,4,mahalanobis,ball_tree,20,2.0,0.004159601116205911
4,0.9944936557337802,0.3,4,mahalanobis,ball_tree,30,,0.004159601116205911
4,0.9944936557337802,0.3,4,mahalanobis,ball_tree,30,1.0,0.004159601116205911
4,0.9944936557337802,0.3,4,mahalanobis,ball_tree,30,2.0,0.004159601116205911
4,0.9944936557337802,0.3,4,mahalanobis,ball_tree,40,,0.004159601116205911
4,0.9944936557337802,0.3,4,mahalanobis,ball_tree,40,1.0,0.004159601116205911
4,0.9944936557337802,0.3,4,mahalanobis,ball_tree,40,2.0,0.004159601116205911
4,0.9944936557337802,0.3,4,mahalanobis,ball_tree,50,,0.004159601116205911
4,0.9944936557337802,0.3,4,mahalanobis,ball_tree,50,1.0,0.004159601116205911
4,0.9944936557337802,0.3,4,mahalanobis,ball_tree,50,2.0,0.004159601116205911
4,0.9944936557337802,0.3,4,mahalanobis,kd_tree,10,,0.004159601116205911
4,0.9944936557337802,0.3,4,mahalanobis,kd_tree,10,1.0,0.004159601116205911
4,0.9944936557337802,0.3,4,mahalanobis,kd_tree,10,2.0,0.004159601116205911
4,0.9944936557337802,0.3,4,mahalanobis,kd_tree,20,,0.004159601116205911
4,0.9944936557337802,0.3,4,mahalanobis,kd_tree,20,1.0,0.004159601116205911
4,0.9944936557337802,0.3,4,mahalanobis,kd_tree,20,2.0,0.004159601116205911
4,0.9944936557337802,0.3,4,mahalanobis,kd_tree,30,,0.004159601116205911
4,0.9944936557337802,0.3,4,mahalanobis,kd_tree,30,1.0,0.004159601116205911
4,0.9944936557337802,0.3,4,mahalanobis,kd_tree,30,2.0,0.004159601116205911
4,0.9944936557337802,0.3,4,mahalanobis,kd_tree,40,,0.004159601116205911
4,0.9944936557337802,0.3,4,mahalanobis,kd_tree,40,1.0,0.004159601116205911
4,0.9944936557337802,0.3,4,mahalanobis,kd_tree,40,2.0,0.004159601116205911
4,0.9944936557337802,0.3,4,mahalanobis,kd_tree,50,,0.004159601116205911
4,0.9944936557337802,0.3,4,mahalanobis,kd_tree,50,1.0,0.004159601116205911
4,0.9944936557337802,0.3,4,mahalanobis,kd_tree,50,2.0,0.004159601116205911
4,0.9944936557337802,0.3,4,mahalanobis,brute,10,,0.004159601116205911
4,0.9944936557337802,0.3,4,mahalanobis,brute,10,1.0,0.004159601116205911
4,0.9944936557337802,0.3,4,mahalanobis,brute,10,2.0,0.004159601116205911
4,0.9944936557337802,0.3,4,mahalanobis,brute,20,,0.004159601116205911
4,0.9944936557337802,0.3,4,mahalanobis,brute,20,1.0,0.004159601116205911
4,0.9944936557337802,0.3,4,mahalanobis,brute,20,2.0,0.004159601116205911
4,0.9944936557337802,0.3,4,mahalanobis,brute,30,,0.004159601116205911
4,0.9944936557337802,0.3,4,mahalanobis,brute,30,1.0,0.004159601116205911
4,0.9944936557337802,0.3,4,mahalanobis,brute,30,2.0,0.004159601116205911
4,0.9944936557337802,0.3,4,mahalanobis,brute,40,,0.004159601116205911
4,0.9944936557337802,0.3,4,mahalanobis,brute,40,1.0,0.004159601116205911
4,0.9944936557337802,0.3,4,mahalanobis,brute,40,2.0,0.004159601116205911
4,0.9944936557337802,0.3,4,mahalanobis,brute,50,,0.004159601116205911
4,0.9944936557337802,0.3,4,mahalanobis,brute,50,1.0,0.004159601116205911
4,0.9944936557337802,0.3,4,mahalanobis,brute,50,2.0,0.004159601116205911
29,0.7778309791716543,0.3,5,euclidean,auto,10,,-0.4454457203632311
29,0.7778309791716543,0.3,5,euclidean,auto,10,1.0,-0.4454457203632311
29,0.7778309791716543,0.3,5,euclidean,auto,10,2.0,-0.4454457203632311
29,0.7778309791716543,0.3,5,euclidean,auto,20,,-0.4454457203632311
29,0.7778309791716543,0.3,5,euclidean,auto,20,1.0,-0.4454457203632311
29,0.7778309791716543,0.3,5,euclidean,auto,20,2.0,-0.4454457203632311
29,0.7778309791716543,0.3,5,euclidean,auto,30,,-0.4454457203632311
29,0.7778309791716543,0.3,5,euclidean,auto,30,1.0,-0.4454457203632311
29,0.7778309791716543,0.3,5,euclidean,auto,30,2.0,-0.4454457203632311
29,0.7778309791716543,0.3,5,euclidean,auto,40,,-0.4454457203632311
29,0.7778309791716543,0.3,5,euclidean,auto,40,1.0,-0.4454457203632311
29,0.7778309791716543,0.3,5,euclidean,auto,40,2.0,-0.4454457203632311
29,0.7778309791716543,0.3,5,euclidean,auto,50,,-0.4454457203632311
29,0.7778309791716543,0.3,5,euclidean,auto,50,1.0,-0.4454457203632311
29,0.7778309791716543,0.3,5,euclidean,auto,50,2.0,-0.4454457203632311
29,0.7778309791716543,0.3,5,euclidean,ball_tree,10,,-0.4454457203632311
29,0.7778309791716543,0.3,5,euclidean,ball_tree,10,1.0,-0.4454457203632311
29,0.7778309791716543,0.3,5,euclidean,ball_tree,10,2.0,-0.4454457203632311
29,0.7778309791716543,0.3,5,euclidean,ball_tree,20,,-0.4454457203632311
29,0.7778309791716543,0.3,5,euclidean,ball_tree,20,1.0,-0.4454457203632311
29,0.7778309791716543,0.3,5,euclidean,ball_tree,20,2.0,-0.4454457203632311
29,0.7778309791716543,0.3,5,euclidean,ball_tree,30,,-0.4454457203632311
29,0.7778309791716543,0.3,5,euclidean,ball_tree,30,1.0,-0.4454457203632311
29,0.7778309791716543,0.3,5,euclidean,ball_tree,30,2.0,-0.4454457203632311
29,0.7778309791716543,0.3,5,euclidean,ball_tree,40,,-0.4454457203632311
29,0.7778309791716543,0.3,5,euclidean,ball_tree,40,1.0,-0.4454457203632311
29,0.7778309791716543,0.3,5,euclidean,ball_tree,40,2.0,-0.4454457203632311
29,0.7778309791716543,0.3,5,euclidean,ball_tree,50,,-0.4454457203632311
29,0.7778309791716543,0.3,5,euclidean,ball_tree,50,1.0,-0.4454457203632311
29,0.7778309791716543,0.3,5,euclidean,ball_tree,50,2.0,-0.4454457203632311
29,0.7778309791716543,0.3,5,euclidean,kd_tree,10,,-0.4454457203632311
29,0.7778309791716543,0.3,5,euclidean,kd_tree,10,1.0,-0.4454457203632311
29,0.7778309791716543,0.3,5,euclidean,kd_tree,10,2.0,-0.4454457203632311
29,0.7778309791716543,0.3,5,euclidean,kd_tree,20,,-0.4454457203632311
29,0.7778309791716543,0.3,5,euclidean,kd_tree,20,1.0,-0.4454457203632311
29,0.7778309791716543,0.3,5,euclidean,kd_tree,20,2.0,-0.4454457203632311
29,0.7778309791716543,0.3,5,euclidean,kd_tree,30,,-0.4454457203632311
29,0.7778309791716543,0.3,5,euclidean,kd_tree,30,1.0,-0.4454457203632311
29,0.7778309791716543,0.3,5,euclidean,kd_tree,30,2.0,-0.4454457203632311
29,0.7778309791716543,0.3,5,euclidean,kd_tree,40,,-0.4454457203632311
29,0.7778309791716543,0.3,5,euclidean,kd_tree,40,1.0,-0.4454457203632311
29,0.7778309791716543,0.3,5,euclidean,kd_tree,40,2.0,-0.4454457203632311
29,0.7778309791716543,0.3,5,euclidean,kd_tree,50,,-0.4454457203632311
29,0.7778309791716543,0.3,5,euclidean,kd_tree,50,1.0,-0.4454457203632311
29,0.7778309791716543,0.3,5,euclidean,kd_tree,50,2.0,-0.4454457203632311
29,0.7778309791716543,0.3,5,euclidean,brute,10,,-0.4454457203632311
29,0.7778309791716543,0.3,5,euclidean,brute,10,1.0,-0.4454457203632311
29,0.7778309791716543,0.3,5,euclidean,brute,10,2.0,-0.4454457203632311
29,0.7778309791716543,0.3,5,euclidean,brute,20,,-0.4454457203632311
29,0.7778309791716543,0.3,5,euclidean,brute,20,1.0,-0.4454457203632311
29,0.7778309791716543,0.3,5,euclidean,brute,20,2.0,-0.4454457203632311
29,0.7778309791716543,0.3,5,euclidean,brute,30,,-0.4454457203632311
29,0.7778309791716543,0.3,5,euclidean,brute,30,1.0,-0.4454457203632311
29,0.7778309791716543,0.3,5,euclidean,brute,30,2.0,-0.4454457203632311
29,0.7778309791716543,0.3,5,euclidean,brute,40,,-0.4454457203632311
29,0.7778309791716543,0.3,5,euclidean,brute,40,1.0,-0.4454457203632311
29,0.7778309791716543,0.3,5,euclidean,brute,40,2.0,-0.4454457203632311
29,0.7778309791716543,0.3,5,euclidean,brute,50,,-0.4454457203632311
29,0.7778309791716543,0.3,5,euclidean,brute,50,1.0,-0.4454457203632311
29,0.7778309791716543,0.3,5,euclidean,brute,50,2.0,-0.4454457203632311
9,0.9751017476657888,0.3,5,manhattan,auto,10,,-0.06432507276385716
9,0.9751017476657888,0.3,5,manhattan,auto,10,1.0,-0.06432507276385716
9,0.9751017476657888,0.3,5,manhattan,auto,10,2.0,-0.06432507276385716
9,0.9751017476657888,0.3,5,manhattan,auto,20,,-0.06432507276385716
9,0.9751017476657888,0.3,5,manhattan,auto,20,1.0,-0.06432507276385716
9,0.9751017476657888,0.3,5,manhattan,auto,20,2.0,-0.06432507276385716
9,0.9751017476657888,0.3,5,manhattan,auto,30,,-0.06432507276385716
9,0.9751017476657888,0.3,5,manhattan,auto,30,1.0,-0.06432507276385716
9,0.9751017476657888,0.3,5,manhattan,auto,30,2.0,-0.06432507276385716
9,0.9751017476657888,0.3,5,manhattan,auto,40,,-0.06432507276385716
9,0.9751017476657888,0.3,5,manhattan,auto,40,1.0,-0.06432507276385716
9,0.9751017476657888,0.3,5,manhattan,auto,40,2.0,-0.06432507276385716
9,0.9751017476657888,0.3,5,manhattan,auto,50,,-0.06432507276385716
9,0.9751017476657888,0.3,5,manhattan,auto,50,1.0,-0.06432507276385716
9,0.9751017476657888,0.3,5,manhattan,auto,50,2.0,-0.06432507276385716
9,0.9751017476657888,0.3,5,manhattan,ball_tree,10,,-0.06432507276385716
9,0.9751017476657888,0.3,5,manhattan,ball_tree,10,1.0,-0.06432507276385716
9,0.9751017476657888,0.3,5,manhattan,ball_tree,10,2.0,-0.06432507276385716
9,0.9751017476657888,0.3,5,manhattan,ball_tree,20,,-0.06432507276385716
9,0.9751017476657888,0.3,5,manhattan,ball_tree,20,1.0,-0.06432507276385716
9,0.9751017476657888,0.3,5,manhattan,ball_tree,20,2.0,-0.06432507276385716
9,0.9751017476657888,0.3,5,manhattan,ball_tree,30,,-0.06432507276385716
9,0.9751017476657888,0.3,5,manhattan,ball_tree,30,1.0,-0.06432507276385716
9,0.9751017476657888,0.3,5,manhattan,ball_tree,30,2.0,-0.06432507276385716
9,0.9751017476657888,0.3,5,manhattan,ball_tree,40,,-0.06432507276385716
9,0.9751017476657888,0.3,5,manhattan,ball_tree,40,1.0,-0.06432507276385716
9,0.9751017476657888,0.3,5,manhattan,ball_tree,40,2.0,-0.06432507276385716
9,0.9751017476657888,0.3,5,manhattan,ball_tree,50,,-0.06432507276385716
9,0.9751017476657888,0.3,5,manhattan,ball_tree,50,1.0,-0.06432507276385716
9,0.9751017476657888,0.3,5,manhattan,ball_tree,50,2.0,-0.06432507276385716
9,0.9751017476657888,0.3,5,manhattan,kd_tree,10,,-0.06432507276385716
9,0.9751017476657888,0.3,5,manhattan,kd_tree,10,1.0,-0.06432507276385716
9,0.9751017476657888,0.3,5,manhattan,kd_tree,10,2.0,-0.06432507276385716
9,0.9751017476657888,0.3,5,manhattan,kd_tree,20,,-0.06432507276385716
9,0.9751017476657888,0.3,5,manhattan,kd_tree,20,1.0,-0.06432507276385716
9,0.9751017476657888,0.3,5,manhattan,kd_tree,20,2.0,-0.06432507276385716
9,0.9751017476657888,0.3,5,manhattan,kd_tree,30,,-0.06432507276385716
9,0.9751017476657888,0.3,5,manhattan,kd_tree,30,1.0,-0.06432507276385716
9,0.9751017476657888,0.3,5,manhattan,kd_tree,30,2.0,-0.06432507276385716
9,0.9751017476657888,0.3,5,manhattan,kd_tree,40,,-0.06432507276385716
9,0.9751017476657888,0.3,5,manhattan,kd_tree,40,1.0,-0.06432507276385716
9,0.9751017476657888,0.3,5,manhattan,kd_tree,40,2.0,-0.06432507276385716
9,0.9751017476657888,0.3,5,manhattan,kd_tree,50,,-0.06432507276385716
9,0.9751017476657888,0.3,5,manhattan,kd_tree,50,1.0,-0.06432507276385716
9,0.9751017476657888,0.3,5,manhattan,kd_tree,50,2.0,-0.06432507276385716
9,0.9751017476657888,0.3,5,manhattan,brute,10,,-0.06432507276385716
9,0.9751017476657888,0.3,5,manhattan,brute,10,1.0,-0.06432507276385716
9,0.9751017476657888,0.3,5,manhattan,brute,10,2.0,-0.06432507276385716
9,0.9751017476657888,0.3,5,manhattan,brute,20,,-0.06432507276385716
9,0.9751017476657888,0.3,5,manhattan,brute,20,1.0,-0.06432507276385716
9,0.9751017476657888,0.3,5,manhattan,brute,20,2.0,-0.06432507276385716
9,0.9751017476657888,0.3,5,manhattan,brute,30,,-0.06432507276385716
9,0.9751017476657888,0.3,5,manhattan,brute,30,1.0,-0.06432507276385716
9,0.9751017476657888,0.3,5,manhattan,brute,30,2.0,-0.06432507276385716
9,0.9751017476657888,0.3,5,manhattan,brute,40,,-0.06432507276385716
9,0.9751017476657888,0.3,5,manhattan,brute,40,1.0,-0.06432507276385716
9,0.9751017476657888,0.3,5,manhattan,brute,40,2.0,-0.06432507276385716
9,0.9751017476657888,0.3,5,manhattan,brute,50,,-0.06432507276385716
9,0.9751017476657888,0.3,5,manhattan,brute,50,1.0,-0.06432507276385716
9,0.9751017476657888,0.3,5,manhattan,brute,50,2.0,-0.06432507276385716
1,0.9988029686377783,0.3,5,mahalanobis,auto,10,,0.08220036787022106
1,0.9988029686377783,0.3,5,mahalanobis,auto,10,1.0,0.08220036787022106
1,0.9988029686377783,0.3,5,mahalanobis,auto,10,2.0,0.08220036787022106
1,0.9988029686377783,0.3,5,mahalanobis,auto,20,,0.08220036787022106
1,0.9988029686377783,0.3,5,mahalanobis,auto,20,1.0,0.08220036787022106
1,0.9988029686377783,0.3,5,mahalanobis,auto,20,2.0,0.08220036787022106
1,0.9988029686377783,0.3,5,mahalanobis,auto,30,,0.08220036787022106
1,0.9988029686377783,0.3,5,mahalanobis,auto,30,1.0,0.08220036787022106
1,0.9988029686377783,0.3,5,mahalanobis,auto,30,2.0,0.08220036787022106
1,0.9988029686377783,0.3,5,mahalanobis,auto,40,,0.08220036787022106
1,0.9988029686377783,0.3,5,mahalanobis,auto,40,1.0,0.08220036787022106
1,0.9988029686377783,0.3,5,mahalanobis,auto,40,2.0,0.08220036787022106
1,0.9988029686377783,0.3,5,mahalanobis,auto,50,,0.08220036787022106
1,0.9988029686377783,0.3,5,mahalanobis,auto,50,1.0,0.08220036787022106
1,0.9988029686377783,0.3,5,mahalanobis,auto,50,2.0,0.08220036787022106
1,0.9988029686377783,0.3,5,mahalanobis,ball_tree,10,,0.08220036787022106
1,0.9988029686377783,0.3,5,mahalanobis,ball_tree,10,1.0,0.08220036787022106
1,0.9988029686377783,0.3,5,mahalanobis,ball_tree,10,2.0,0.08220036787022106
1,0.9988029686377783,0.3,5,mahalanobis,ball_tree,20,,0.08220036787022106
1,0.9988029686377783,0.3,5,mahalanobis,ball_tree,20,1.0,0.08220036787022106
1,0.9988029686377783,0.3,5,mahalanobis,ball_tree,20,2.0,0.08220036787022106
1,0.9988029686377783,0.3,5,mahalanobis,ball_tree,30,,0.08220036787022106
1,0.9988029686377783,0.3,5,mahalanobis,ball_tree,30,1.0,0.08220036787022106
1,0.9988029686377783,0.3,5,mahalanobis,ball_tree,30,2.0,0.08220036787022106
1,0.9988029686377783,0.3,5,mahalanobis,ball_tree,40,,0.08220036787022106
1,0.9988029686377783,0.3,5,mahalanobis,ball_tree,40,1.0,0.08220036787022106
1,0.9988029686377783,0.3,5,mahalanobis,ball_tree,40,2.0,0.08220036787022106
1,0.9988029686377783,0.3,5,mahalanobis,ball_tree,50,,0.08220036787022106
1,0.9988029686377783,0.3,5,mahalanobis,ball_tree,50,1.0,0.08220036787022106
1,0.9988029686377783,0.3,5,mahalanobis,ball_tree,50,2.0,0.08220036787022106
1,0.9988029686377783,0.3,5,mahalanobis,kd_tree,10,,0.08220036787022106
1,0.9988029686377783,0.3,5,mahalanobis,kd_tree,10,1.0,0.08220036787022106
1,0.9988029686377783,0.3,5,mahalanobis,kd_tree,10,2.0,0.08220036787022106
1,0.9988029686377783,0.3,5,mahalanobis,kd_tree,20,,0.08220036787022106
1,0.9988029686377783,0.3,5,mahalanobis,kd_tree,20,1.0,0.08220036787022106
1,0.9988029686377783,0.3,5,mahalanobis,kd_tree,20,2.0,0.08220036787022106
1,0.9988029686377783,0.3,5,mahalanobis,kd_tree,30,,0.08220036787022106
1,0.9988029686377783,0.3,5,mahalanobis,kd_tree,30,1.0,0.08220036787022106
1,0.9988029686377783,0.3,5,mahalanobis,kd_tree,30,2.0,0.08220036787022106
1,0.9988029686377783,0.3,5,mahalanobis,kd_tree,40,,0.08220036787022106
1,0.9988029686377783,0.3,5,mahalanobis,kd_tree,40,1.0,0.08220036787022106
1,0.9988029686377783,0.3,5,mahalanobis,kd_tree,40,2.0,0.08220036787022106
1,0.9988029686377783,0.3,5,mahalanobis,kd_tree,50,,0.08220036787022106
1,0.9988029686377783,0.3,5,mahalanobis,kd_tree,50,1.0,0.08220036787022106
1,0.9988029686377783,0.3,5,mahalanobis,kd_tree,50,2.0,0.08220036787022106
1,0.9988029686377783,0.3,5,mahalanobis,brute,10,,0.08220036787022106
1,0.9988029686377783,0.3,5,mahalanobis,brute,10,1.0,0.08220036787022106
1,0.9988029686377783,0.3,5,mahalanobis,brute,10,2.0,0.08220036787022106
1,0.9988029686377783,0.3,5,mahalanobis,brute,20,,0.08220036787022106
1,0.9988029686377783,0.3,5,mahalanobis,brute,20,1.0,0.08220036787022106
1,0.9988029686377783,0.3,5,mahalanobis,brute,20,2.0,0.08220036787022106
1,0.9988029686377783,0.3,5,mahalanobis,brute,30,,0.08220036787022106
1,0.9988029686377783,0.3,5,mahalanobis,brute,30,1.0,0.08220036787022106
1,0.9988029686377783,0.3,5,mahalanobis,brute,30,2.0,0.08220036787022106
1,0.9988029686377783,0.3,5,mahalanobis,brute,40,,0.08220036787022106
1,0.9988029686377783,0.3,5,mahalanobis,brute,40,1.0,0.08220036787022106
1,0.9988029686377783,0.3,5,mahalanobis,brute,40,2.0,0.08220036787022106
1,0.9988029686377783,0.3,5,mahalanobis,brute,50,,0.08220036787022106
1,0.9988029686377783,0.3,5,mahalanobis,brute,50,1.0,0.08220036787022106
1,0.9988029686377783,0.3,5,mahalanobis,brute,50,2.0,0.08220036787022106
22,0.7955470433325353,0.3,6,euclidean,auto,10,,-0.42954965361406944
22,0.7955470433325353,0.3,6,euclidean,auto,10,1.0,-0.42954965361406944
22,0.7955470433325353,0.3,6,euclidean,auto,10,2.0,-0.42954965361406944
22,0.7955470433325353,0.3,6,euclidean,auto,20,,-0.42954965361406944
22,0.7955470433325353,0.3,6,euclidean,auto,20,1.0,-0.42954965361406944
22,0.7955470433325353,0.3,6,euclidean,auto,20,2.0,-0.42954965361406944
22,0.7955470433325353,0.3,6,euclidean,auto,30,,-0.42954965361406944
22,0.7955470433325353,0.3,6,euclidean,auto,30,1.0,-0.42954965361406944
22,0.7955470433325353,0.3,6,euclidean,auto,30,2.0,-0.42954965361406944
22,0.7955470433325353,0.3,6,euclidean,auto,40,,-0.42954965361406944
22,0.7955470433325353,0.3,6,euclidean,auto,40,1.0,-0.42954965361406944
22,0.7955470433325353,0.3,6,euclidean,auto,40,2.0,-0.42954965361406944
22,0.7955470433325353,0.3,6,euclidean,auto,50,,-0.42954965361406944
22,0.7955470433325353,0.3,6,euclidean,auto,50,1.0,-0.42954965361406944
22,0.7955470433325353,0.3,6,euclidean,auto,50,2.0,-0.42954965361406944
22,0.7955470433325353,0.3,6,euclidean,ball_tree,10,,-0.42954965361406944
22,0.7955470433325353,0.3,6,euclidean,ball_tree,10,1.0,-0.42954965361406944
22,0.7955470433325353,0.3,6,euclidean,ball_tree,10,2.0,-0.42954965361406944
22,0.7955470433325353,0.3,6,euclidean,ball_tree,20,,-0.42954965361406944
22,0.7955470433325353,0.3,6,euclidean,ball_tree,20,1.0,-0.42954965361406944
22,0.7955470433325353,0.3,6,euclidean,ball_tree,20,2.0,-0.42954965361406944
22,0.7955470433325353,0.3,6,euclidean,ball_tree,30,,-0.42954965361406944
22,0.7955470433325353,0.3,6,euclidean,ball_tree,30,1.0,-0.42954965361406944
22,0.7955470433325353,0.3,6,euclidean,ball_tree,30,2.0,-0.42954965361406944
22,0.7955470433325353,0.3,6,euclidean,ball_tree,40,,-0.42954965361406944
22,0.7955470433325353,0.3,6,euclidean,ball_tree,40,1.0,-0.42954965361406944
22,0.7955470433325353,0.3,6,euclidean,ball_tree,40,2.0,-0.42954965361406944
22,0.7955470433325353,0.3,6,euclidean,ball_tree,50,,-0.42954965361406944
22,0.7955470433325353,0.3,6,euclidean,ball_tree,50,1.0,-0.42954965361406944
22,0.7955470433325353,0.3,6,euclidean,ball_tree,50,2.0,-0.42954965361406944
22,0.7955470433325353,0.3,6,euclidean,kd_tree,10,,-0.42954965361406944
22,0.7955470433325353,0.3,6,euclidean,kd_tree,10,1.0,-0.42954965361406944
22,0.7955470433325353,0.3,6,euclidean,kd_tree,10,2.0,-0.42954965361406944
22,0.7955470433325353,0.3,6,euclidean,kd_tree,20,,-0.42954965361406944
22,0.7955470433325353,0.3,6,euclidean,kd_tree,20,1.0,-0.42954965361406944
22,0.7955470433325353,0.3,6,euclidean,kd_tree,20,2.0,-0.42954965361406944
22,0.7955470433325353,0.3,6,euclidean,kd_tree,30,,-0.42954965361406944
22,0.7955470433325353,0.3,6,euclidean,kd_tree,30,1.0,-0.42954965361406944
22,0.7955470433325353,0.3,6,euclidean,kd_tree,30,2.0,-0.42954965361406944
22,0.7955470433325353,0.3,6,euclidean,kd_tree,40,,-0.42954965361406944
22,0.7955470433325353,0.3,6,euclidean,kd_tree,40,1.0,-0.42954965361406944
22,0.7955470433325353,0.3,6,euclidean,kd_tree,40,2.0,-0.42954965361406944
22,0.7955470433325353,0.3,6,euclidean,kd_tree,50,,-0.42954965361406944
22,0.7955470433325353,0.3,6,euclidean,kd_tree,50,1.0,-0.42954965361406944
22,0.7955470433325353,0.3,6,euclidean,kd_tree,50,2.0,-0.42954965361406944
22,0.7955470433325353,0.3,6,euclidean,brute,10,,-0.42954965361406944
22,0.7955470433325353,0.3,6,euclidean,brute,10,1.0,-0.42954965361406944
22,0.7955470433325353,0.3,6,euclidean,brute,10,2.0,-0.42954965361406944
22,0.7955470433325353,0.3,6,euclidean,brute,20,,-0.42954965361406944
22,0.7955470433325353,0.3,6,euclidean,brute,20,1.0,-0.42954965361406944
22,0.7955470433325353,0.3,6,euclidean,brute,20,2.0,-0.42954965361406944
22,0.7955470433325353,0.3,6,euclidean,brute,30,,-0.42954965361406944
22,0.7955470433325353,0.3,6,euclidean,brute,30,1.0,-0.42954965361406944
22,0.7955470433325353,0.3,6,euclidean,brute,30,2.0,-0.42954965361406944
22,0.7955470433325353,0.3,6,euclidean,brute,40,,-0.42954965361406944
22,0.7955470433325353,0.3,6,euclidean,brute,40,1.0,-0.42954965361406944
22,0.7955470433325353,0.3,6,euclidean,brute,40,2.0,-0.42954965361406944
22,0.7955470433325353,0.3,6,euclidean,brute,50,,-0.42954965361406944
22,0.7955470433325353,0.3,6,euclidean,brute,50,1.0,-0.42954965361406944
22,0.7955470433325353,0.3,6,euclidean,brute,50,2.0,-0.42954965361406944
9,0.9803686856595643,0.3,6,manhattan,auto,10,,-0.07168174554758602
9,0.9803686856595643,0.3,6,manhattan,auto,10,1.0,-0.07168174554758602
9,0.9803686856595643,0.3,6,manhattan,auto,10,2.0,-0.07168174554758602
9,0.9803686856595643,0.3,6,manhattan,auto,20,,-0.07168174554758602
9,0.9803686856595643,0.3,6,manhattan,auto,20,1.0,-0.07168174554758602
9,0.9803686856595643,0.3,6,manhattan,auto,20,2.0,-0.07168174554758602
9,0.9803686856595643,0.3,6,manhattan,auto,30,,-0.07168174554758602
9,0.9803686856595643,0.3,6,manhattan,auto,30,1.0,-0.07168174554758602
9,0.9803686856595643,0.3,6,manhattan,auto,30,2.0,-0.07168174554758602
9,0.9803686856595643,0.3,6,manhattan,auto,40,,-0.07168174554758602
9,0.9803686856595643,0.3,6,manhattan,auto,40,1.0,-0.07168174554758602
9,0.9803686856595643,0.3,6,manhattan,auto,40,2.0,-0.07168174554758602
9,0.9803686856595643,0.3,6,manhattan,auto,50,,-0.07168174554758602
9,0.9803686856595643,0.3,6,manhattan,auto,50,1.0,-0.07168174554758602
9,0.9803686856595643,0.3,6,manhattan,auto,50,2.0,-0.07168174554758602
9,0.9803686856595643,0.3,6,manhattan,ball_tree,10,,-0.07168174554758602
9,0.9803686856595643,0.3,6,manhattan,ball_tree,10,1.0,-0.07168174554758602
9,0.9803686856595643,0.3,6,manhattan,ball_tree,10,2.0,-0.07168174554758602
9,0.9803686856595643,0.3,6,manhattan,ball_tree,20,,-0.07168174554758602
9,0.9803686856595643,0.3,6,manhattan,ball_tree,20,1.0,-0.07168174554758602
9,0.9803686856595643,0.3,6,manhattan,ball_tree,20,2.0,-0.07168174554758602
9,0.9803686856595643,0.3,6,manhattan,ball_tree,30,,-0.07168174554758602
9,0.9803686856595643,0.3,6,manhattan,ball_tree,30,1.0,-0.07168174554758602
9,0.9803686856595643,0.3,6,manhattan,ball_tree,30,2.0,-0.07168174554758602
9,0.9803686856595643,0.3,6,manhattan,ball_tree,40,,-0.07168174554758602
9,0.9803686856595643,0.3,6,manhattan,ball_tree,40,1.0,-0.07168174554758602
9,0.9803686856595643,0.3,6,manhattan,ball_tree,40,2.0,-0.07168174554758602
9,0.9803686856595643,0.3,6,manhattan,ball_tree,50,,-0.07168174554758602
9,0.9803686856595643,0.3,6,manhattan,ball_tree,50,1.0,-0.07168174554758602
9,0.9803686856595643,0.3,6,manhattan,ball_tree,50,2.0,-0.07168174554758602
9,0.9803686856595643,0.3,6,manhattan,kd_tree,10,,-0.07168174554758602
9,0.9803686856595643,0.3,6,manhattan,kd_tree,10,1.0,-0.07168174554758602
9,0.9803686856595643,0.3,6,manhattan,kd_tree,10,2.0,-0.07168174554758602
9,0.9803686856595643,0.3,6,manhattan,kd_tree,20,,-0.07168174554758602
9,0.9803686856595643,0.3,6,manhattan,kd_tree,20,1.0,-0.07168174554758602
9,0.9803686856595643,0.3,6,manhattan,kd_tree,20,2.0,-0.07168174554758602
9,0.9803686856595643,0.3,6,manhattan,kd_tree,30,,-0.07168174554758602
9,0.9803686856595643,0.3,6,manhattan,kd_tree,30,1.0,-0.07168174554758602
9,0.9803686856595643,0.3,6,manhattan,kd_tree,30,2.0,-0.07168174554758602
9,0.9803686856595643,0.3,6,manhattan,kd_tree,40,,-0.07168174554758602
9,0.9803686856595643,0.3,6,manhattan,kd_tree,40,1.0,-0.07168174554758602
9,0.9803686856595643,0.3,6,manhattan,kd_tree,40,2.0,-0.07168174554758602
9,0.9803686856595643,0.3,6,manhattan,kd_tree,50,,-0.07168174554758602
9,0.9803686856595643,0.3,6,manhattan,kd_tree,50,1.0,-0.07168174554758602
9,0.9803686856595643,0.3,6,manhattan,kd_tree,50,2.0,-0.07168174554758602
9,0.9803686856595643,0.3,6,manhattan,brute,10,,-0.07168174554758602
9,0.9803686856595643,0.3,6,manhattan,brute,10,1.0,-0.07168174554758602
9,0.9803686856595643,0.3,6,manhattan,brute,10,2.0,-0.07168174554758602
9,0.9803686856595643,0.3,6,manhattan,brute,20,,-0.07168174554758602
9,0.9803686856595643,0.3,6,manhattan,brute,20,1.0,-0.07168174554758602
9,0.9803686856595643,0.3,6,manhattan,brute,20,2.0,-0.07168174554758602
9,0.9803686856595643,0.3,6,manhattan,brute,30,,-0.07168174554758602
9,0.9803686856595643,0.3,6,manhattan,brute,30,1.0,-0.07168174554758602
9,0.9803686856595643,0.3,6,manhattan,brute,30,2.0,-0.07168174554758602
9,0.9803686856595643,0.3,6,manhattan,brute,40,,-0.07168174554758602
9,0.9803686856595643,0.3,6,manhattan,brute,40,1.0,-0.07168174554758602
9,0.9803686856595643,0.3,6,manhattan,brute,40,2.0,-0.07168174554758602
9,0.9803686856595643,0.3,6,manhattan,brute,50,,-0.07168174554758602
9,0.9803686856595643,0.3,6,manhattan,brute,50,1.0,-0.07168174554758602
9,0.9803686856595643,0.3,6,manhattan,brute,50,2.0,-0.07168174554758602
0,1.0,0.3,6,mahalanobis,auto,10,,-1.0
0,1.0,0.3,6,mahalanobis,auto,10,1.0,-1.0
0,1.0,0.3,6,mahalanobis,auto,10,2.0,-1.0
0,1.0,0.3,6,mahalanobis,auto,20,,-1.0
0,1.0,0.3,6,mahalanobis,auto,20,1.0,-1.0
0,1.0,0.3,6,mahalanobis,auto,20,2.0,-1.0
0,1.0,0.3,6,mahalanobis,auto,30,,-1.0
0,1.0,0.3,6,mahalanobis,auto,30,1.0,-1.0
0,1.0,0.3,6,mahalanobis,auto,30,2.0,-1.0
0,1.0,0.3,6,mahalanobis,auto,40,,-1.0
0,1.0,0.3,6,mahalanobis,auto,40,1.0,-1.0
0,1.0,0.3,6,mahalanobis,auto,40,2.0,-1.0
0,1.0,0.3,6,mahalanobis,auto,50,,-1.0
0,1.0,0.3,6,mahalanobis,auto,50,1.0,-1.0
0,1.0,0.3,6,mahalanobis,auto,50,2.0,-1.0
0,1.0,0.3,6,mahalanobis,ball_tree,10,,-1.0
0,1.0,0.3,6,mahalanobis,ball_tree,10,1.0,-1.0
0,1.0,0.3,6,mahalanobis,ball_tree,10,2.0,-1.0
0,1.0,0.3,6,mahalanobis,ball_tree,20,,-1.0
0,1.0,0.3,6,mahalanobis,ball_tree,20,1.0,-1.0
0,1.0,0.3,6,mahalanobis,ball_tree,20,2.0,-1.0
0,1.0,0.3,6,mahalanobis,ball_tree,30,,-1.0
0,1.0,0.3,6,mahalanobis,ball_tree,30,1.0,-1.0
0,1.0,0.3,6,mahalanobis,ball_tree,30,2.0,-1.0
0,1.0,0.3,6,mahalanobis,ball_tree,40,,-1.0
0,1.0,0.3,6,mahalanobis,ball_tree,40,1.0,-1.0
0,1.0,0.3,6,mahalanobis,ball_tree,40,2.0,-1.0
0,1.0,0.3,6,mahalanobis,ball_tree,50,,-1.0
0,1.0,0.3,6,mahalanobis,ball_tree,50,1.0,-1.0
0,1.0,0.3,6,mahalanobis,ball_tree,50,2.0,-1.0
0,1.0,0.3,6,mahalanobis,kd_tree,10,,-1.0
0,1.0,0.3,6,mahalanobis,kd_tree,10,1.0,-1.0
0,1.0,0.3,6,mahalanobis,kd_tree,10,2.0,-1.0
0,1.0,0.3,6,mahalanobis,kd_tree,20,,-1.0
0,1.0,0.3,6,mahalanobis,kd_tree,20,1.0,-1.0
0,1.0,0.3,6,mahalanobis,kd_tree,20,2.0,-1.0
0,1.0,0.3,6,mahalanobis,kd_tree,30,,-1.0
0,1.0,0.3,6,mahalanobis,kd_tree,30,1.0,-1.0
0,1.0,0.3,6,mahalanobis,kd_tree,30,2.0,-1.0
0,1.0,0.3,6,mahalanobis,kd_tree,40,,-1.0
0,1.0,0.3,6,mahalanobis,kd_tree,40,1.0,-1.0
0,1.0,0.3,6,mahalanobis,kd_tree,40,2.0,-1.0
0,1.0,0.3,6,mahalanobis,kd_tree,50,,-1.0
0,1.0,0.3,6,mahalanobis,kd_tree,50,1.0,-1.0
0,1.0,0.3,6,mahalanobis,kd_tree,50,2.0,-1.0
0,1.0,0.3,6,mahalanobis,brute,10,,-1.0
0,1.0,0.3,6,mahalanobis,brute,10,1.0,-1.0
0,1.0,0.3,6,mahalanobis,brute,10,2.0,-1.0
0,1.0,0.3,6,mahalanobis,brute,20,,-1.0
0,1.0,0.3,6,mahalanobis,brute,20,1.0,-1.0
0,1.0,0.3,6,mahalanobis,brute,20,2.0,-1.0
0,1.0,0.3,6,mahalanobis,brute,30,,-1.0
0,1.0,0.3,6,mahalanobis,brute,30,1.0,-1.0
0,1.0,0.3,6,mahalanobis,brute,30,2.0,-1.0
0,1.0,0.3,6,mahalanobis,brute,40,,-1.0
0,1.0,0.3,6,mahalanobis,brute,40,1.0,-1.0
0,1.0,0.3,6,mahalanobis,brute,40,2.0,-1.0
0,1.0,0.3,6,mahalanobis,brute,50,,-1.0
0,1.0,0.3,6,mahalanobis,brute,50,1.0,-1.0
0,1.0,0.3,6,mahalanobis,brute,50,2.0,-1.0
16,0.811587263586306,0.3,7,euclidean,auto,10,,-0.3174558947770146
16,0.811587263586306,0.3,7,euclidean,auto,10,1.0,-0.3174558947770146
16,0.811587263586306,0.3,7,euclidean,auto,10,2.0,-0.3174558947770146
16,0.811587263586306,0.3,7,euclidean,auto,20,,-0.3174558947770146
16,0.811587263586306,0.3,7,euclidean,auto,20,1.0,-0.3174558947770146
16,0.811587263586306,0.3,7,euclidean,auto,20,2.0,-0.3174558947770146
16,0.811587263586306,0.3,7,euclidean,auto,30,,-0.3174558947770146
16,0.811587263586306,0.3,7,euclidean,auto,30,1.0,-0.3174558947770146
16,0.811587263586306,0.3,7,euclidean,auto,30,2.0,-0.3174558947770146
16,0.811587263586306,0.3,7,euclidean,auto,40,,-0.3174558947770146
16,0.811587263586306,0.3,7,euclidean,auto,40,1.0,-0.3174558947770146
16,0.811587263586306,0.3,7,euclidean,auto,40,2.0,-0.3174558947770146
16,0.811587263586306,0.3,7,euclidean,auto,50,,-0.3174558947770146
16,0.811587263586306,0.3,7,euclidean,auto,50,1.0,-0.3174558947770146
16,0.811587263586306,0.3,7,euclidean,auto,50,2.0,-0.3174558947770146
16,0.811587263586306,0.3,7,euclidean,ball_tree,10,,-0.3174558947770146
16,0.811587263586306,0.3,7,euclidean,ball_tree,10,1.0,-0.3174558947770146
16,0.811587263586306,0.3,7,euclidean,ball_tree,10,2.0,-0.3174558947770146
16,0.811587263586306,0.3,7,euclidean,ball_tree,20,,-0.3174558947770146
16,0.811587263586306,0.3,7,euclidean,ball_tree,20,1.0,-0.3174558947770146
16,0.811587263586306,0.3,7,euclidean,ball_tree,20,2.0,-0.3174558947770146
16,0.811587263586306,0.3,7,euclidean,ball_tree,30,,-0.3174558947770146
16,0.811587263586306,0.3,7,euclidean,ball_tree,30,1.0,-0.3174558947770146
16,0.811587263586306,0.3,7,euclidean,ball_tree,30,2.0,-0.3174558947770146
16,0.811587263586306,0.3,7,euclidean,ball_tree,40,,-0.3174558947770146
16,0.811587263586306,0.3,7,euclidean,ball_tree,40,1.0,-0.3174558947770146
16,0.811587263586306,0.3,7,euclidean,ball_tree,40,2.0,-0.3174558947770146
16,0.811587263586306,0.3,7,euclidean,ball_tree,50,,-0.3174558947770146
16,0.811587263586306,0.3,7,euclidean,ball_tree,50,1.0,-0.3174558947770146
16,0.811587263586306,0.3,7,euclidean,ball_tree,50,2.0,-0.3174558947770146
16,0.811587263586306,0.3,7,euclidean,kd_tree,10,,-0.3174558947770146
16,0.811587263586306,0.3,7,euclidean,kd_tree,10,1.0,-0.3174558947770146
16,0.811587263586306,0.3,7,euclidean,kd_tree,10,2.0,-0.3174558947770146
16,0.811587263586306,0.3,7,euclidean,kd_tree,20,,-0.3174558947770146
16,0.811587263586306,0.3,7,euclidean,kd_tree,20,1.0,-0.3174558947770146
16,0.811587263586306,0.3,7,euclidean,kd_tree,20,2.0,-0.3174558947770146
16,0.811587263586306,0.3,7,euclidean,kd_tree,30,,-0.3174558947770146
16,0.811587263586306,0.3,7,euclidean,kd_tree,30,1.0,-0.3174558947770146
16,0.811587263586306,0.3,7,euclidean,kd_tree,30,2.0,-0.3174558947770146
16,0.811587263586306,0.3,7,euclidean,kd_tree,40,,-0.3174558947770146
16,0.811587263586306,0.3,7,euclidean,kd_tree,40,1.0,-0.3174558947770146
16,0.811587263586306,0.3,7,euclidean,kd_tree,40,2.0,-0.3174558947770146
16,0.811587263586306,0.3,7,euclidean,kd_tree,50,,-0.3174558947770146
16,0.811587263586306,0.3,7,euclidean,kd_tree,50,1.0,-0.3174558947770146
16,0.811587263586306,0.3,7,euclidean,kd_tree,50,2.0,-0.3174558947770146
16,0.811587263586306,0.3,7,euclidean,brute,10,,-0.3174558947770146
16,0.811587263586306,0.3,7,euclidean,brute,10,1.0,-0.3174558947770146
16,0.811587263586306,0.3,7,euclidean,brute,10,2.0,-0.3174558947770146
16,0.811587263586306,0.3,7,euclidean,brute,20,,-0.3174558947770146
16,0.811587263586306,0.3,7,euclidean,brute,20,1.0,-0.3174558947770146
16,0.811587263586306,0.3,7,euclidean,brute,20,2.0,-0.3174558947770146
16,0.811587263586306,0.3,7,euclidean,brute,30,,-0.3174558947770146
16,0.811587263586306,0.3,7,euclidean,brute,30,1.0,-0.3174558947770146
16,0.811587263586306,0.3,7,euclidean,brute,30,2.0,-0.3174558947770146
16,0.811587263586306,0.3,7,euclidean,brute,40,,-0.3174558947770146
16,0.811587263586306,0.3,7,euclidean,brute,40,1.0,-0.3174558947770146
16,0.811587263586306,0.3,7,euclidean,brute,40,2.0,-0.3174558947770146
16,0.811587263586306,0.3,7,euclidean,brute,50,,-0.3174558947770146
16,0.811587263586306,0.3,7,euclidean,brute,50,1.0,-0.3174558947770146
16,0.811587263586306,0.3,7,euclidean,brute,50,2.0,-0.3174558947770146
5,0.9887479051951161,0.3,7,manhattan,auto,10,,-0.08107789446903213
5,0.9887479051951161,0.3,7,manhattan,auto,10,1.0,-0.08107789446903213
5,0.9887479051951161,0.3,7,manhattan,auto,10,2.0,-0.08107789446903213
5,0.9887479051951161,0.3,7,manhattan,auto,20,,-0.08107789446903213
5,0.9887479051951161,0.3,7,manhattan,auto,20,1.0,-0.08107789446903213
5,0.9887479051951161,0.3,7,manhattan,auto,20,2.0,-0.08107789446903213
5,0.9887479051951161,0.3,7,manhattan,auto,30,,-0.08107789446903213
5,0.9887479051951161,0.3,7,manhattan,auto,30,1.0,-0.08107789446903213
5,0.9887479051951161,0.3,7,manhattan,auto,30,2.0,-0.08107789446903213
5,0.9887479051951161,0.3,7,manhattan,auto,40,,-0.08107789446903213
5,0.9887479051951161,0.3,7,manhattan,auto,40,1.0,-0.08107789446903213
5,0.9887479051951161,0.3,7,manhattan,auto,40,2.0,-0.08107789446903213
5,0.9887479051951161,0.3,7,manhattan,auto,50,,-0.08107789446903213
5,0.9887479051951161,0.3,7,manhattan,auto,50,1.0,-0.08107789446903213
5,0.9887479051951161,0.3,7,manhattan,auto,50,2.0,-0.08107789446903213
5,0.9887479051951161,0.3,7,manhattan,ball_tree,10,,-0.08107789446903213
5,0.9887479051951161,0.3,7,manhattan,ball_tree,10,1.0,-0.08107789446903213
5,0.9887479051951161,0.3,7,manhattan,ball_tree,10,2.0,-0.08107789446903213
5,0.9887479051951161,0.3,7,manhattan,ball_tree,20,,-0.08107789446903213
5,0.9887479051951161,0.3,7,manhattan,ball_tree,20,1.0,-0.08107789446903213
5,0.9887479051951161,0.3,7,manhattan,ball_tree,20,2.0,-0.08107789446903213
5,0.9887479051951161,0.3,7,manhattan,ball_tree,30,,-0.08107789446903213
5,0.9887479051951161,0.3,7,manhattan,ball_tree,30,1.0,-0.08107789446903213
5,0.9887479051951161,0.3,7,manhattan,ball_tree,30,2.0,-0.08107789446903213
5,0.9887479051951161,0.3,7,manhattan,ball_tree,40,,-0.08107789446903213
5,0.9887479051951161,0.3,7,manhattan,ball_tree,40,1.0,-0.08107789446903213
5,0.9887479051951161,0.3,7,manhattan,ball_tree,40,2.0,-0.08107789446903213
5,0.9887479051951161,0.3,7,manhattan,ball_tree,50,,-0.08107789446903213
5,0.9887479051951161,0.3,7,manhattan,ball_tree,50,1.0,-0.08107789446903213
5,0.9887479051951161,0.3,7,manhattan,ball_tree,50,2.0,-0.08107789446903213
5,0.9887479051951161,0.3,7,manhattan,kd_tree,10,,-0.08107789446903213
5,0.9887479051951161,0.3,7,manhattan,kd_tree,10,1.0,-0.08107789446903213
5,0.9887479051951161,0.3,7,manhattan,kd_tree,10,2.0,-0.08107789446903213
5,0.9887479051951161,0.3,7,manhattan,kd_tree,20,,-0.08107789446903213
5,0.9887479051951161,0.3,7,manhattan,kd_tree,20,1.0,-0.08107789446903213
5,0.9887479051951161,0.3,7,manhattan,kd_tree,20,2.0,-0.08107789446903213
5,0.9887479051951161,0.3,7,manhattan,kd_tree,30,,-0.08107789446903213
5,0.9887479051951161,0.3,7,manhattan,kd_tree,30,1.0,-0.08107789446903213
5,0.9887479051951161,0.3,7,manhattan,kd_tree,30,2.0,-0.08107789446903213
5,0.9887479051951161,0.3,7,manhattan,kd_tree,40,,-0.08107789446903213
5,0.9887479051951161,0.3,7,manhattan,kd_tree,40,1.0,-0.08107789446903213
5,0.9887479051951161,0.3,7,manhattan,kd_tree,40,2.0,-0.08107789446903213
5,0.9887479051951161,0.3,7,manhattan,kd_tree,50,,-0.08107789446903213
5,0.9887479051951161,0.3,7,manhattan,kd_tree,50,1.0,-0.08107789446903213
5,0.9887479051951161,0.3,7,manhattan,kd_tree,50,2.0,-0.08107789446903213
5,0.9887479051951161,0.3,7,manhattan,brute,10,,-0.08107789446903213
5,0.9887479051951161,0.3,7,manhattan,brute,10,1.0,-0.08107789446903213
5,0.9887479051951161,0.3,7,manhattan,brute,10,2.0,-0.08107789446903213
5,0.9887479051951161,0.3,7,manhattan,brute,20,,-0.08107789446903213
5,0.9887479051951161,0.3,7,manhattan,brute,20,1.0,-0.08107789446903213
5,0.9887479051951161,0.3,7,manhattan,brute,20,2.0,-0.08107789446903213
5,0.9887479051951161,0.3,7,manhattan,brute,30,,-0.08107789446903213
5,0.9887479051951161,0.3,7,manhattan,brute,30,1.0,-0.08107789446903213
5,0.9887479051951161,0.3,7,manhattan,brute,30,2.0,-0.08107789446903213
5,0.9887479051951161,0.3,7,manhattan,brute,40,,-0.08107789446903213
5,0.9887479051951161,0.3,7,manhattan,brute,40,1.0,-0.08107789446903213
5,0.9887479051951161,0.3,7,manhattan,brute,40,2.0,-0.08107789446903213
5,0.9887479051951161,0.3,7,manhattan,brute,50,,-0.08107789446903213
5,0.9887479051951161,0.3,7,manhattan,brute,50,1.0,-0.08107789446903213
5,0.9887479051951161,0.3,7,manhattan,brute,50,2.0,-0.08107789446903213
0,1.0,0.3,7,mahalanobis,auto,10,,-1.0
0,1.0,0.3,7,mahalanobis,auto,10,1.0,-1.0
0,1.0,0.3,7,mahalanobis,auto,10,2.0,-1.0
0,1.0,0.3,7,mahalanobis,auto,20,,-1.0
0,1.0,0.3,7,mahalanobis,auto,20,1.0,-1.0
0,1.0,0.3,7,mahalanobis,auto,20,2.0,-1.0
0,1.0,0.3,7,mahalanobis,auto,30,,-1.0
0,1.0,0.3,7,mahalanobis,auto,30,1.0,-1.0
0,1.0,0.3,7,mahalanobis,auto,30,2.0,-1.0
0,1.0,0.3,7,mahalanobis,auto,40,,-1.0
0,1.0,0.3,7,mahalanobis,auto,40,1.0,-1.0
0,1.0,0.3,7,mahalanobis,auto,40,2.0,-1.0
0,1.0,0.3,7,mahalanobis,auto,50,,-1.0
0,1.0,0.3,7,mahalanobis,auto,50,1.0,-1.0
0,1.0,0.3,7,mahalanobis,auto,50,2.0,-1.0
0,1.0,0.3,7,mahalanobis,ball_tree,10,,-1.0
0,1.0,0.3,7,mahalanobis,ball_tree,10,1.0,-1.0
0,1.0,0.3,7,mahalanobis,ball_tree,10,2.0,-1.0
0,1.0,0.3,7,mahalanobis,ball_tree,20,,-1.0
0,1.0,0.3,7,mahalanobis,ball_tree,20,1.0,-1.0
0,1.0,0.3,7,mahalanobis,ball_tree,20,2.0,-1.0
0,1.0,0.3,7,mahalanobis,ball_tree,30,,-1.0
0,1.0,0.3,7,mahalanobis,ball_tree,30,1.0,-1.0
0,1.0,0.3,7,mahalanobis,ball_tree,30,2.0,-1.0
0,1.0,0.3,7,mahalanobis,ball_tree,40,,-1.0
0,1.0,0.3,7,mahalanobis,ball_tree,40,1.0,-1.0
0,1.0,0.3,7,mahalanobis,ball_tree,40,2.0,-1.0
0,1.0,0.3,7,mahalanobis,ball_tree,50,,-1.0
0,1.0,0.3,7,mahalanobis,ball_tree,50,1.0,-1.0
0,1.0,0.3,7,mahalanobis,ball_tree,50,2.0,-1.0
0,1.0,0.3,7,mahalanobis,kd_tree,10,,-1.0
0,1.0,0.3,7,mahalanobis,kd_tree,10,1.0,-1.0
0,1.0,0.3,7,mahalanobis,kd_tree,10,2.0,-1.0
0,1.0,0.3,7,mahalanobis,kd_tree,20,,-1.0
0,1.0,0.3,7,mahalanobis,kd_tree,20,1.0,-1.0
0,1.0,0.3,7,mahalanobis,kd_tree,20,2.0,-1.0
0,1.0,0.3,7,mahalanobis,kd_tree,30,,-1.0
0,1.0,0.3,7,mahalanobis,kd_tree,30,1.0,-1.0
0,1.0,0.3,7,mahalanobis,kd_tree,30,2.0,-1.0
0,1.0,0.3,7,mahalanobis,kd_tree,40,,-1.0
0,1.0,0.3,7,mahalanobis,kd_tree,40,1.0,-1.0
0,1.0,0.3,7,mahalanobis,kd_tree,40,2.0,-1.0
0,1.0,0.3,7,mahalanobis,kd_tree,50,,-1.0
0,1.0,0.3,7,mahalanobis,kd_tree,50,1.0,-1.0
0,1.0,0.3,7,mahalanobis,kd_tree,50,2.0,-1.0
0,1.0,0.3,7,mahalanobis,brute,10,,-1.0
0,1.0,0.3,7,mahalanobis,brute,10,1.0,-1.0
0,1.0,0.3,7,mahalanobis,brute,10,2.0,-1.0
0,1.0,0.3,7,mahalanobis,brute,20,,-1.0
0,1.0,0.3,7,mahalanobis,brute,20,1.0,-1.0
0,1.0,0.3,7,mahalanobis,brute,20,2.0,-1.0
0,1.0,0.3,7,mahalanobis,brute,30,,-1.0
0,1.0,0.3,7,mahalanobis,brute,30,1.0,-1.0
0,1.0,0.3,7,mahalanobis,brute,30,2.0,-1.0
0,1.0,0.3,7,mahalanobis,brute,40,,-1.0
0,1.0,0.3,7,mahalanobis,brute,40,1.0,-1.0
0,1.0,0.3,7,mahalanobis,brute,40,2.0,-1.0
0,1.0,0.3,7,mahalanobis,brute,50,,-1.0
0,1.0,0.3,7,mahalanobis,brute,50,1.0,-1.0
0,1.0,0.3,7,mahalanobis,brute,50,2.0,-1.0
11,0.83002154656452,0.3,8,euclidean,auto,10,,-0.3335434169459922
11,0.83002154656452,0.3,8,euclidean,auto,10,1.0,-0.3335434169459922
11,0.83002154656452,0.3,8,euclidean,auto,10,2.0,-0.3335434169459922
11,0.83002154656452,0.3,8,euclidean,auto,20,,-0.3335434169459922
11,0.83002154656452,0.3,8,euclidean,auto,20,1.0,-0.3335434169459922
11,0.83002154656452,0.3,8,euclidean,auto,20,2.0,-0.3335434169459922
11,0.83002154656452,0.3,8,euclidean,auto,30,,-0.3335434169459922
11,0.83002154656452,0.3,8,euclidean,auto,30,1.0,-0.3335434169459922
11,0.83002154656452,0.3,8,euclidean,auto,30,2.0,-0.3335434169459922
11,0.83002154656452,0.3,8,euclidean,auto,40,,-0.3335434169459922
11,0.83002154656452,0.3,8,euclidean,auto,40,1.0,-0.3335434169459922
11,0.83002154656452,0.3,8,euclidean,auto,40,2.0,-0.3335434169459922
11,0.83002154656452,0.3,8,euclidean,auto,50,,-0.3335434169459922
11,0.83002154656452,0.3,8,euclidean,auto,50,1.0,-0.3335434169459922
11,0.83002154656452,0.3,8,euclidean,auto,50,2.0,-0.3335434169459922
11,0.83002154656452,0.3,8,euclidean,ball_tree,10,,-0.3335434169459922
11,0.83002154656452,0.3,8,euclidean,ball_tree,10,1.0,-0.3335434169459922
11,0.83002154656452,0.3,8,euclidean,ball_tree,10,2.0,-0.3335434169459922
11,0.83002154656452,0.3,8,euclidean,ball_tree,20,,-0.3335434169459922
11,0.83002154656452,0.3,8,euclidean,ball_tree,20,1.0,-0.3335434169459922
11,0.83002154656452,0.3,8,euclidean,ball_tree,20,2.0,-0.3335434169459922
11,0.83002154656452,0.3,8,euclidean,ball_tree,30,,-0.3335434169459922
11,0.83002154656452,0.3,8,euclidean,ball_tree,30,1.0,-0.3335434169459922
11,0.83002154656452,0.3,8,euclidean,ball_tree,30,2.0,-0.3335434169459922
11,0.83002154656452,0.3,8,euclidean,ball_tree,40,,-0.3335434169459922
11,0.83002154656452,0.3,8,euclidean,ball_tree,40,1.0,-0.3335434169459922
11,0.83002154656452,0.3,8,euclidean,ball_tree,40,2.0,-0.3335434169459922
11,0.83002154656452,0.3,8,euclidean,ball_tree,50,,-0.3335434169459922
11,0.83002154656452,0.3,8,euclidean,ball_tree,50,1.0,-0.3335434169459922
11,0.83002154656452,0.3,8,euclidean,ball_tree,50,2.0,-0.3335434169459922
11,0.83002154656452,0.3,8,euclidean,kd_tree,10,,-0.3335434169459922
11,0.83002154656452,0.3,8,euclidean,kd_tree,10,1.0,-0.3335434169459922
11,0.83002154656452,0.3,8,euclidean,kd_tree,10,2.0,-0.3335434169459922
11,0.83002154656452,0.3,8,euclidean,kd_tree,20,,-0.3335434169459922
11,0.83002154656452,0.3,8,euclidean,kd_tree,20,1.0,-0.3335434169459922
11,0.83002154656452,0.3,8,euclidean,kd_tree,20,2.0,-0.3335434169459922
11,0.83002154656452,0.3,8,euclidean,kd_tree,30,,-0.3335434169459922
11,0.83002154656452,0.3,8,euclidean,kd_tree,30,1.0,-0.3335434169459922
11,0.83002154656452,0.3,8,euclidean,kd_tree,30,2.0,-0.3335434169459922
11,0.83002154656452,0.3,8,euclidean,kd_tree,40,,-0.3335434169459922
11,0.83002154656452,0.3,8,euclidean,kd_tree,40,1.0,-0.3335434169459922
11,0.83002154656452,0.3,8,euclidean,kd_tree,40,2.0,-0.3335434169459922
11,0.83002154656452,0.3,8,euclidean,kd_tree,50,,-0.3335434169459922
11,0.83002154656452,0.3,8,euclidean,kd_tree,50,1.0,-0.3335434169459922
11,0.83002154656452,0.3,8,euclidean,kd_tree,50,2.0,-0.3335434169459922
11,0.83002154656452,0.3,8,euclidean,brute,10,,-0.3335434169459922
11,0.83002154656452,0.3,8,euclidean,brute,10,1.0,-0.3335434169459922
11,0.83002154656452,0.3,8,euclidean,brute,10,2.0,-0.3335434169459922
11,0.83002154656452,0.3,8,euclidean,brute,20,,-0.3335434169459922
11,0.83002154656452,0.3,8,euclidean,brute,20,1.0,-0.3335434169459922
11,0.83002154656452,0.3,8,euclidean,brute,20,2.0,-0.3335434169459922
11,0.83002154656452,0.3,8,euclidean,brute,30,,-0.3335434169459922
11,0.83002154656452,0.3,8,euclidean,brute,30,1.0,-0.3335434169459922
11,0.83002154656452,0.3,8,euclidean,brute,30,2.0,-0.3335434169459922
11,0.83002154656452,0.3,8,euclidean,brute,40,,-0.3335434169459922
11,0.83002154656452,0.3,8,euclidean,brute,40,1.0,-0.3335434169459922
11,0.83002154656452,0.3,8,euclidean,brute,40,2.0,-0.3335434169459922
11,0.83002154656452,0.3,8,euclidean,brute,50,,-0.3335434169459922
11,0.83002154656452,0.3,8,euclidean,brute,50,1.0,-0.3335434169459922
11,0.83002154656452,0.3,8,euclidean,brute,50,2.0,-0.3335434169459922
2,0.9954512808235576,0.3,8,manhattan,auto,10,,-0.013448791534160988
2,0.9954512808235576,0.3,8,manhattan,auto,10,1.0,-0.013448791534160988
2,0.9954512808235576,0.3,8,manhattan,auto,10,2.0,-0.013448791534160988
2,0.9954512808235576,0.3,8,manhattan,auto,20,,-0.013448791534160988
2,0.9954512808235576,0.3,8,manhattan,auto,20,1.0,-0.013448791534160988
2,0.9954512808235576,0.3,8,manhattan,auto,20,2.0,-0.013448791534160988
2,0.9954512808235576,0.3,8,manhattan,auto,30,,-0.013448791534160988
2,0.9954512808235576,0.3,8,manhattan,auto,30,1.0,-0.013448791534160988
2,0.9954512808235576,0.3,8,manhattan,auto,30,2.0,-0.013448791534160988
2,0.9954512808235576,0.3,8,manhattan,auto,40,,-0.013448791534160988
2,0.9954512808235576,0.3,8,manhattan,auto,40,1.0,-0.013448791534160988
2,0.9954512808235576,0.3,8,manhattan,auto,40,2.0,-0.013448791534160988
2,0.9954512808235576,0.3,8,manhattan,auto,50,,-0.013448791534160988
2,0.9954512808235576,0.3,8,manhattan,auto,50,1.0,-0.013448791534160988
2,0.9954512808235576,0.3,8,manhattan,auto,50,2.0,-0.013448791534160988
2,0.9954512808235576,0.3,8,manhattan,ball_tree,10,,-0.013448791534160988
2,0.9954512808235576,0.3,8,manhattan,ball_tree,10,1.0,-0.013448791534160988
2,0.9954512808235576,0.3,8,manhattan,ball_tree,10,2.0,-0.013448791534160988
2,0.9954512808235576,0.3,8,manhattan,ball_tree,20,,-0.013448791534160988
2,0.9954512808235576,0.3,8,manhattan,ball_tree,20,1.0,-0.013448791534160988
2,0.9954512808235576,0.3,8,manhattan,ball_tree,20,2.0,-0.013448791534160988
2,0.9954512808235576,0.3,8,manhattan,ball_tree,30,,-0.013448791534160988
2,0.9954512808235576,0.3,8,manhattan,ball_tree,30,1.0,-0.013448791534160988
2,0.9954512808235576,0.3,8,manhattan,ball_tree,30,2.0,-0.013448791534160988
2,0.9954512808235576,0.3,8,manhattan,ball_tree,40,,-0.013448791534160988
2,0.9954512808235576,0.3,8,manhattan,ball_tree,40,1.0,-0.013448791534160988
2,0.9954512808235576,0.3,8,manhattan,ball_tree,40,2.0,-0.013448791534160988
2,0.9954512808235576,0.3,8,manhattan,ball_tree,50,,-0.013448791534160988
2,0.9954512808235576,0.3,8,manhattan,ball_tree,50,1.0,-0.013448791534160988
2,0.9954512808235576,0.3,8,manhattan,ball_tree,50,2.0,-0.013448791534160988
2,0.9954512808235576,0.3,8,manhattan,kd_tree,10,,-0.013448791534160988
2,0.9954512808235576,0.3,8,manhattan,kd_tree,10,1.0,-0.013448791534160988
2,0.9954512808235576,0.3,8,manhattan,kd_tree,10,2.0,-0.013448791534160988
2,0.9954512808235576,0.3,8,manhattan,kd_tree,20,,-0.013448791534160988
2,0.9954512808235576,0.3,8,manhattan,kd_tree,20,1.0,-0.013448791534160988
2,0.9954512808235576,0.3,8,manhattan,kd_tree,20,2.0,-0.013448791534160988
2,0.9954512808235576,0.3,8,manhattan,kd_tree,30,,-0.013448791534160988
2,0.9954512808235576,0.3,8,manhattan,kd_tree,30,1.0,-0.013448791534160988
2,0.9954512808235576,0.3,8,manhattan,kd_tree,30,2.0,-0.013448791534160988
2,0.9954512808235576,0.3,8,manhattan,kd_tree,40,,-0.013448791534160988
2,0.9954512808235576,0.3,8,manhattan,kd_tree,40,1.0,-0.013448791534160988
2,0.9954512808235576,0.3,8,manhattan,kd_tree,40,2.0,-0.013448791534160988
2,0.9954512808235576,0.3,8,manhattan,kd_tree,50,,-0.013448791534160988
2,0.9954512808235576,0.3,8,manhattan,kd_tree,50,1.0,-0.013448791534160988
2,0.9954512808235576,0.3,8,manhattan,kd_tree,50,2.0,-0.013448791534160988
2,0.9954512808235576,0.3,8,manhattan,brute,10,,-0.013448791534160988
2,0.9954512808235576,0.3,8,manhattan,brute,10,1.0,-0.013448791534160988
2,0.9954512808235576,0.3,8,manhattan,brute,10,2.0,-0.013448791534160988
2,0.9954512808235576,0.3,8,manhattan,brute,20,,-0.013448791534160988
2,0.9954512808235576,0.3,8,manhattan,brute,20,1.0,-0.013448791534160988
2,0.9954512808235576,0.3,8,manhattan,brute,20,2.0,-0.013448791534160988
2,0.9954512808235576,0.3,8,manhattan,brute,30,,-0.013448791534160988
2,0.9954512808235576,0.3,8,manhattan,brute,30,1.0,-0.013448791534160988
2,0.9954512808235576,0.3,8,manhattan,brute,30,2.0,-0.013448791534160988
2,0.9954512808235576,0.3,8,manhattan,brute,40,,-0.013448791534160988
2,0.9954512808235576,0.3,8,manhattan,brute,40,1.0,-0.013448791534160988
2,0.9954512808235576,0.3,8,manhattan,brute,40,2.0,-0.013448791534160988
2,0.9954512808235576,0.3,8,manhattan,brute,50,,-0.013448791534160988
2,0.9954512808235576,0.3,8,manhattan,brute,50,1.0,-0.013448791534160988
2,0.9954512808235576,0.3,8,manhattan,brute,50,2.0,-0.013448791534160988
0,1.0,0.3,8,mahalanobis,auto,10,,-1.0
0,1.0,0.3,8,mahalanobis,auto,10,1.0,-1.0
0,1.0,0.3,8,mahalanobis,auto,10,2.0,-1.0
0,1.0,0.3,8,mahalanobis,auto,20,,-1.0
0,1.0,0.3,8,mahalanobis,auto,20,1.0,-1.0
0,1.0,0.3,8,mahalanobis,auto,20,2.0,-1.0
0,1.0,0.3,8,mahalanobis,auto,30,,-1.0
0,1.0,0.3,8,mahalanobis,auto,30,1.0,-1.0
0,1.0,0.3,8,mahalanobis,auto,30,2.0,-1.0
0,1.0,0.3,8,mahalanobis,auto,40,,-1.0
0,1.0,0.3,8,mahalanobis,auto,40,1.0,-1.0
0,1.0,0.3,8,mahalanobis,auto,40,2.0,-1.0
0,1.0,0.3,8,mahalanobis,auto,50,,-1.0
0,1.0,0.3,8,mahalanobis,auto,50,1.0,-1.0
0,1.0,0.3,8,mahalanobis,auto,50,2.0,-1.0
0,1.0,0.3,8,mahalanobis,ball_tree,10,,-1.0
0,1.0,0.3,8,mahalanobis,ball_tree,10,1.0,-1.0
0,1.0,0.3,8,mahalanobis,ball_tree,10,2.0,-1.0
0,1.0,0.3,8,mahalanobis,ball_tree,20,,-1.0
0,1.0,0.3,8,mahalanobis,ball_tree,20,1.0,-1.0
0,1.0,0.3,8,mahalanobis,ball_tree,20,2.0,-1.0
0,1.0,0.3,8,mahalanobis,ball_tree,30,,-1.0
0,1.0,0.3,8,mahalanobis,ball_tree,30,1.0,-1.0
0,1.0,0.3,8,mahalanobis,ball_tree,30,2.0,-1.0
0,1.0,0.3,8,mahalanobis,ball_tree,40,,-1.0
0,1.0,0.3,8,mahalanobis,ball_tree,40,1.0,-1.0
0,1.0,0.3,8,mahalanobis,ball_tree,40,2.0,-1.0
0,1.0,0.3,8,mahalanobis,ball_tree,50,,-1.0
0,1.0,0.3,8,mahalanobis,ball_tree,50,1.0,-1.0
0,1.0,0.3,8,mahalanobis,ball_tree,50,2.0,-1.0
0,1.0,0.3,8,mahalanobis,kd_tree,10,,-1.0
0,1.0,0.3,8,mahalanobis,kd_tree,10,1.0,-1.0
0,1.0,0.3,8,mahalanobis,kd_tree,10,2.0,-1.0
0,1.0,0.3,8,mahalanobis,kd_tree,20,,-1.0
0,1.0,0.3,8,mahalanobis,kd_tree,20,1.0,-1.0
0,1.0,0.3,8,mahalanobis,kd_tree,20,2.0,-1.0
0,1.0,0.3,8,mahalanobis,kd_tree,30,,-1.0
0,1.0,0.3,8,mahalanobis,kd_tree,30,1.0,-1.0
0,1.0,0.3,8,mahalanobis,kd_tree,30,2.0,-1.0
0,1.0,0.3,8,mahalanobis,kd_tree,40,,-1.0
0,1.0,0.3,8,mahalanobis,kd_tree,40,1.0,-1.0
0,1.0,0.3,8,mahalanobis,kd_tree,40,2.0,-1.0
0,1.0,0.3,8,mahalanobis,kd_tree,50,,-1.0
0,1.0,0.3,8,mahalanobis,kd_tree,50,1.0,-1.0
0,1.0,0.3,8,mahalanobis,kd_tree,50,2.0,-1.0
0,1.0,0.3,8,mahalanobis,brute,10,,-1.0
0,1.0,0.3,8,mahalanobis,brute,10,1.0,-1.0
0,1.0,0.3,8,mahalanobis,brute,10,2.0,-1.0
0,1.0,0.3,8,mahalanobis,brute,20,,-1.0
0,1.0,0.3,8,mahalanobis,brute,20,1.0,-1.0
0,1.0,0.3,8,mahalanobis,brute,20,2.0,-1.0
0,1.0,0.3,8,mahalanobis,brute,30,,-1.0
0,1.0,0.3,8,mahalanobis,brute,30,1.0,-1.0
0,1.0,0.3,8,mahalanobis,brute,30,2.0,-1.0
0,1.0,0.3,8,mahalanobis,brute,40,,-1.0
0,1.0,0.3,8,mahalanobis,brute,40,1.0,-1.0
0,1.0,0.3,8,mahalanobis,brute,40,2.0,-1.0
0,1.0,0.3,8,mahalanobis,brute,50,,-1.0
0,1.0,0.3,8,mahalanobis,brute,50,1.0,-1.0
0,1.0,0.3,8,mahalanobis,brute,50,2.0,-1.0
8,0.8379219535551832,0.3,9,euclidean,auto,10,,-0.2558041576235806
8,0.8379219535551832,0.3,9,euclidean,auto,10,1.0,-0.2558041576235806
8,0.8379219535551832,0.3,9,euclidean,auto,10,2.0,-0.2558041576235806
8,0.8379219535551832,0.3,9,euclidean,auto,20,,-0.2558041576235806
8,0.8379219535551832,0.3,9,euclidean,auto,20,1.0,-0.2558041576235806
8,0.8379219535551832,0.3,9,euclidean,auto,20,2.0,-0.2558041576235806
8,0.8379219535551832,0.3,9,euclidean,auto,30,,-0.2558041576235806
8,0.8379219535551832,0.3,9,euclidean,auto,30,1.0,-0.2558041576235806
8,0.8379219535551832,0.3,9,euclidean,auto,30,2.0,-0.2558041576235806
8,0.8379219535551832,0.3,9,euclidean,auto,40,,-0.2558041576235806
8,0.8379219535551832,0.3,9,euclidean,auto,40,1.0,-0.2558041576235806
8,0.8379219535551832,0.3,9,euclidean,auto,40,2.0,-0.2558041576235806
8,0.8379219535551832,0.3,9,euclidean,auto,50,,-0.2558041576235806
8,0.8379219535551832,0.3,9,euclidean,auto,50,1.0,-0.2558041576235806
8,0.8379219535551832,0.3,9,euclidean,auto,50,2.0,-0.2558041576235806
8,0.8379219535551832,0.3,9,euclidean,ball_tree,10,,-0.2558041576235806
8,0.8379219535551832,0.3,9,euclidean,ball_tree,10,1.0,-0.2558041576235806
8,0.8379219535551832,0.3,9,euclidean,ball_tree,10,2.0,-0.2558041576235806
8,0.8379219535551832,0.3,9,euclidean,ball_tree,20,,-0.2558041576235806
8,0.8379219535551832,0.3,9,euclidean,ball_tree,20,1.0,-0.2558041576235806
8,0.8379219535551832,0.3,9,euclidean,ball_tree,20,2.0,-0.2558041576235806
8,0.8379219535551832,0.3,9,euclidean,ball_tree,30,,-0.2558041576235806
8,0.8379219535551832,0.3,9,euclidean,ball_tree,30,1.0,-0.2558041576235806
8,0.8379219535551832,0.3,9,euclidean,ball_tree,30,2.0,-0.2558041576235806
8,0.8379219535551832,0.3,9,euclidean,ball_tree,40,,-0.2558041576235806
8,0.8379219535551832,0.3,9,euclidean,ball_tree,40,1.0,-0.2558041576235806
8,0.8379219535551832,0.3,9,euclidean,ball_tree,40,2.0,-0.2558041576235806
8,0.8379219535551832,0.3,9,euclidean,ball_tree,50,,-0.2558041576235806
8,0.8379219535551832,0.3,9,euclidean,ball_tree,50,1.0,-0.2558041576235806
8,0.8379219535551832,0.3,9,euclidean,ball_tree,50,2.0,-0.2558041576235806
8,0.8379219535551832,0.3,9,euclidean,kd_tree,10,,-0.2558041576235806
8,0.8379219535551832,0.3,9,euclidean,kd_tree,10,1.0,-0.2558041576235806
8,0.8379219535551832,0.3,9,euclidean,kd_tree,10,2.0,-0.2558041576235806
8,0.8379219535551832,0.3,9,euclidean,kd_tree,20,,-0.2558041576235806
8,0.8379219535551832,0.3,9,euclidean,kd_tree,20,1.0,-0.2558041576235806
8,0.8379219535551832,0.3,9,euclidean,kd_tree,20,2.0,-0.2558041576235806
8,0.8379219535551832,0.3,9,euclidean,kd_tree,30,,-0.2558041576235806
8,0.8379219535551832,0.3,9,euclidean,kd_tree,30,1.0,-0.2558041576235806
8,0.8379219535551832,0.3,9,euclidean,kd_tree,30,2.0,-0.2558041576235806
8,0.8379219535551832,0.3,9,euclidean,kd_tree,40,,-0.2558041576235806
8,0.8379219535551832,0.3,9,euclidean,kd_tree,40,1.0,-0.2558041576235806
8,0.8379219535551832,0.3,9,euclidean,kd_tree,40,2.0,-0.2558041576235806
8,0.8379219535551832,0.3,9,euclidean,kd_tree,50,,-0.2558041576235806
8,0.8379219535551832,0.3,9,euclidean,kd_tree,50,1.0,-0.2558041576235806
8,0.8379219535551832,0.3,9,euclidean,kd_tree,50,2.0,-0.2558041576235806
8,0.8379219535551832,0.3,9,euclidean,brute,10,,-0.2558041576235806
8,0.8379219535551832,0.3,9,euclidean,brute,10,1.0,-0.2558041576235806
8,0.8379219535551832,0.3,9,euclidean,brute,10,2.0,-0.2558041576235806
8,0.8379219535551832,0.3,9,euclidean,brute,20,,-0.2558041576235806
8,0.8379219535551832,0.3,9,euclidean,brute,20,1.0,-0.2558041576235806
8,0.8379219535551832,0.3,9,euclidean,brute,20,2.0,-0.2558041576235806
8,0.8379219535551832,0.3,9,euclidean,brute,30,,-0.2558041576235806
8,0.8379219535551832,0.3,9,euclidean,brute,30,1.0,-0.2558041576235806
8,0.8379219535551832,0.3,9,euclidean,brute,30,2.0,-0.2558041576235806
8,0.8379219535551832,0.3,9,euclidean,brute,40,,-0.2558041576235806
8,0.8379219535551832,0.3,9,euclidean,brute,40,1.0,-0.2558041576235806
8,0.8379219535551832,0.3,9,euclidean,brute,40,2.0,-0.2558041576235806
8,0.8379219535551832,0.3,9,euclidean,brute,50,,-0.2558041576235806
8,0.8379219535551832,0.3,9,euclidean,brute,50,1.0,-0.2558041576235806
8,0.8379219535551832,0.3,9,euclidean,brute,50,2.0,-0.2558041576235806
1,0.9978453435480009,0.3,9,manhattan,auto,10,,-0.006005971595018009
1,0.9978453435480009,0.3,9,manhattan,auto,10,1.0,-0.006005971595018009
1,0.9978453435480009,0.3,9,manhattan,auto,10,2.0,-0.006005971595018009
1,0.9978453435480009,0.3,9,manhattan,auto,20,,-0.006005971595018009
1,0.9978453435480009,0.3,9,manhattan,auto,20,1.0,-0.006005971595018009
1,0.9978453435480009,0.3,9,manhattan,auto,20,2.0,-0.006005971595018009
1,0.9978453435480009,0.3,9,manhattan,auto,30,,-0.006005971595018009
1,0.9978453435480009,0.3,9,manhattan,auto,30,1.0,-0.006005971595018009
1,0.9978453435480009,0.3,9,manhattan,auto,30,2.0,-0.006005971595018009
1,0.9978453435480009,0.3,9,manhattan,auto,40,,-0.006005971595018009
1,0.9978453435480009,0.3,9,manhattan,auto,40,1.0,-0.006005971595018009
1,0.9978453435480009,0.3,9,manhattan,auto,40,2.0,-0.006005971595018009
1,0.9978453435480009,0.3,9,manhattan,auto,50,,-0.006005971595018009
1,0.9978453435480009,0.3,9,manhattan,auto,50,1.0,-0.006005971595018009
1,0.9978453435480009,0.3,9,manhattan,auto,50,2.0,-0.006005971595018009
1,0.9978453435480009,0.3,9,manhattan,ball_tree,10,,-0.006005971595018009
1,0.9978453435480009,0.3,9,manhattan,ball_tree,10,1.0,-0.006005971595018009
1,0.9978453435480009,0.3,9,manhattan,ball_tree,10,2.0,-0.006005971595018009
1,0.9978453435480009,0.3,9,manhattan,ball_tree,20,,-0.006005971595018009
1,0.9978453435480009,0.3,9,manhattan,ball_tree,20,1.0,-0.006005971595018009
1,0.9978453435480009,0.3,9,manhattan,ball_tree,20,2.0,-0.006005971595018009
1,0.9978453435480009,0.3,9,manhattan,ball_tree,30,,-0.006005971595018009
1,0.9978453435480009,0.3,9,manhattan,ball_tree,30,1.0,-0.006005971595018009
1,0.9978453435480009,0.3,9,manhattan,ball_tree,30,2.0,-0.006005971595018009
1,0.9978453435480009,0.3,9,manhattan,ball_tree,40,,-0.006005971595018009
1,0.9978453435480009,0.3,9,manhattan,ball_tree,40,1.0,-0.006005971595018009
1,0.9978453435480009,0.3,9,manhattan,ball_tree,40,2.0,-0.006005971595018009
1,0.9978453435480009,0.3,9,manhattan,ball_tree,50,,-0.006005971595018009
1,0.9978453435480009,0.3,9,manhattan,ball_tree,50,1.0,-0.006005971595018009
1,0.9978453435480009,0.3,9,manhattan,ball_tree,50,2.0,-0.006005971595018009
1,0.9978453435480009,0.3,9,manhattan,kd_tree,10,,-0.006005971595018009
1,0.9978453435480009,0.3,9,manhattan,kd_tree,10,1.0,-0.006005971595018009
1,0.9978453435480009,0.3,9,manhattan,kd_tree,10,2.0,-0.006005971595018009
1,0.9978453435480009,0.3,9,manhattan,kd_tree,20,,-0.006005971595018009
1,0.9978453435480009,0.3,9,manhattan,kd_tree,20,1.0,-0.006005971595018009
1,0.9978453435480009,0.3,9,manhattan,kd_tree,20,2.0,-0.006005971595018009
1,0.9978453435480009,0.3,9,manhattan,kd_tree,30,,-0.006005971595018009
1,0.9978453435480009,0.3,9,manhattan,kd_tree,30,1.0,-0.006005971595018009
1,0.9978453435480009,0.3,9,manhattan,kd_tree,30,2.0,-0.006005971595018009
1,0.9978453435480009,0.3,9,manhattan,kd_tree,40,,-0.006005971595018009
1,0.9978453435480009,0.3,9,manhattan,kd_tree,40,1.0,-0.006005971595018009
1,0.9978453435480009,0.3,9,manhattan,kd_tree,40,2.0,-0.006005971595018009
1,0.9978453435480009,0.3,9,manhattan,kd_tree,50,,-0.006005971595018009
1,0.9978453435480009,0.3,9,manhattan,kd_tree,50,1.0,-0.006005971595018009
1,0.9978453435480009,0.3,9,manhattan,kd_tree,50,2.0,-0.006005971595018009
1,0.9978453435480009,0.3,9,manhattan,brute,10,,-0.006005971595018009
1,0.9978453435480009,0.3,9,manhattan,brute,10,1.0,-0.006005971595018009
1,0.9978453435480009,0.3,9,manhattan,brute,10,2.0,-0.006005971595018009
1,0.9978453435480009,0.3,9,manhattan,brute,20,,-0.006005971595018009
1,0.9978453435480009,0.3,9,manhattan,brute,20,1.0,-0.006005971595018009
1,0.9978453435480009,0.3,9,manhattan,brute,20,2.0,-0.006005971595018009
1,0.9978453435480009,0.3,9,manhattan,brute,30,,-0.006005971595018009
1,0.9978453435480009,0.3,9,manhattan,brute,30,1.0,-0.006005971595018009
1,0.9978453435480009,0.3,9,manhattan,brute,30,2.0,-0.006005971595018009
1,0.9978453435480009,0.3,9,manhattan,brute,40,,-0.006005971595018009
1,0.9978453435480009,0.3,9,manhattan,brute,40,1.0,-0.006005971595018009
1,0.9978453435480009,0.3,9,manhattan,brute,40,2.0,-0.006005971595018009
1,0.9978453435480009,0.3,9,manhattan,brute,50,,-0.006005971595018009
1,0.9978453435480009,0.3,9,manhattan,brute,50,1.0,-0.006005971595018009
1,0.9978453435480009,0.3,9,manhattan,brute,50,2.0,-0.006005971595018009
0,1.0,0.3,9,mahalanobis,auto,10,,-1.0
0,1.0,0.3,9,mahalanobis,auto,10,1.0,-1.0
0,1.0,0.3,9,mahalanobis,auto,10,2.0,-1.0
0,1.0,0.3,9,mahalanobis,auto,20,,-1.0
0,1.0,0.3,9,mahalanobis,auto,20,1.0,-1.0
0,1.0,0.3,9,mahalanobis,auto,20,2.0,-1.0
0,1.0,0.3,9,mahalanobis,auto,30,,-1.0
0,1.0,0.3,9,mahalanobis,auto,30,1.0,-1.0
0,1.0,0.3,9,mahalanobis,auto,30,2.0,-1.0
0,1.0,0.3,9,mahalanobis,auto,40,,-1.0
0,1.0,0.3,9,mahalanobis,auto,40,1.0,-1.0
0,1.0,0.3,9,mahalanobis,auto,40,2.0,-1.0
0,1.0,0.3,9,mahalanobis,auto,50,,-1.0
0,1.0,0.3,9,mahalanobis,auto,50,1.0,-1.0
0,1.0,0.3,9,mahalanobis,auto,50,2.0,-1.0
0,1.0,0.3,9,mahalanobis,ball_tree,10,,-1.0
0,1.0,0.3,9,mahalanobis,ball_tree,10,1.0,-1.0
0,1.0,0.3,9,mahalanobis,ball_tree,10,2.0,-1.0
0,1.0,0.3,9,mahalanobis,ball_tree,20,,-1.0
0,1.0,0.3,9,mahalanobis,ball_tree,20,1.0,-1.0
0,1.0,0.3,9,mahalanobis,ball_tree,20,2.0,-1.0
0,1.0,0.3,9,mahalanobis,ball_tree,30,,-1.0
0,1.0,0.3,9,mahalanobis,ball_tree,30,1.0,-1.0
0,1.0,0.3,9,mahalanobis,ball_tree,30,2.0,-1.0
0,1.0,0.3,9,mahalanobis,ball_tree,40,,-1.0
0,1.0,0.3,9,mahalanobis,ball_tree,40,1.0,-1.0
0,1.0,0.3,9,mahalanobis,ball_tree,40,2.0,-1.0
0,1.0,0.3,9,mahalanobis,ball_tree,50,,-1.0
0,1.0,0.3,9,mahalanobis,ball_tree,50,1.0,-1.0
0,1.0,0.3,9,mahalanobis,ball_tree,50,2.0,-1.0
0,1.0,0.3,9,mahalanobis,kd_tree,10,,-1.0
0,1.0,0.3,9,mahalanobis,kd_tree,10,1.0,-1.0
0,1.0,0.3,9,mahalanobis,kd_tree,10,2.0,-1.0
0,1.0,0.3,9,mahalanobis,kd_tree,20,,-1.0
0,1.0,0.3,9,mahalanobis,kd_tree,20,1.0,-1.0
0,1.0,0.3,9,mahalanobis,kd_tree,20,2.0,-1.0
0,1.0,0.3,9,mahalanobis,kd_tree,30,,-1.0
0,1.0,0.3,9,mahalanobis,kd_tree,30,1.0,-1.0
0,1.0,0.3,9,mahalanobis,kd_tree,30,2.0,-1.0
0,1.0,0.3,9,mahalanobis,kd_tree,40,,-1.0
0,1.0,0.3,9,mahalanobis,kd_tree,40,1.0,-1.0
0,1.0,0.3,9,mahalanobis,kd_tree,40,2.0,-1.0
0,1.0,0.3,9,mahalanobis,kd_tree,50,,-1.0
0,1.0,0.3,9,mahalanobis,kd_tree,50,1.0,-1.0
0,1.0,0.3,9,mahalanobis,kd_tree,50,2.0,-1.0
0,1.0,0.3,9,mahalanobis,brute,10,,-1.0
0,1.0,0.3,9,mahalanobis,brute,10,1.0,-1.0
0,1.0,0.3,9,mahalanobis,brute,10,2.0,-1.0
0,1.0,0.3,9,mahalanobis,brute,20,,-1.0
0,1.0,0.3,9,mahalanobis,brute,20,1.0,-1.0
0,1.0,0.3,9,mahalanobis,brute,20,2.0,-1.0
0,1.0,0.3,9,mahalanobis,brute,30,,-1.0
0,1.0,0.3,9,mahalanobis,brute,30,1.0,-1.0
0,1.0,0.3,9,mahalanobis,brute,30,2.0,-1.0
0,1.0,0.3,9,mahalanobis,brute,40,,-1.0
0,1.0,0.3,9,mahalanobis,brute,40,1.0,-1.0
0,1.0,0.3,9,mahalanobis,brute,40,2.0,-1.0
0,1.0,0.3,9,mahalanobis,brute,50,,-1.0
0,1.0,0.3,9,mahalanobis,brute,50,1.0,-1.0
0,1.0,0.3,9,mahalanobis,brute,50,2.0,-1.0
911,0.0,0.5,1,euclidean,auto,10,,-0.47714479753685446
911,0.0,0.5,1,euclidean,auto,10,1.0,-0.47714479753685446
911,0.0,0.5,1,euclidean,auto,10,2.0,-0.47714479753685446
911,0.0,0.5,1,euclidean,auto,20,,-0.47714479753685446
911,0.0,0.5,1,euclidean,auto,20,1.0,-0.47714479753685446
911,0.0,0.5,1,euclidean,auto,20,2.0,-0.47714479753685446
911,0.0,0.5,1,euclidean,auto,30,,-0.47714479753685446
911,0.0,0.5,1,euclidean,auto,30,1.0,-0.47714479753685446
911,0.0,0.5,1,euclidean,auto,30,2.0,-0.47714479753685446
911,0.0,0.5,1,euclidean,auto,40,,-0.47714479753685446
911,0.0,0.5,1,euclidean,auto,40,1.0,-0.47714479753685446
911,0.0,0.5,1,euclidean,auto,40,2.0,-0.47714479753685446
911,0.0,0.5,1,euclidean,auto,50,,-0.47714479753685446
911,0.0,0.5,1,euclidean,auto,50,1.0,-0.47714479753685446
911,0.0,0.5,1,euclidean,auto,50,2.0,-0.47714479753685446
911,0.0,0.5,1,euclidean,ball_tree,10,,-0.47714479753685446
911,0.0,0.5,1,euclidean,ball_tree,10,1.0,-0.47714479753685446
911,0.0,0.5,1,euclidean,ball_tree,10,2.0,-0.47714479753685446
911,0.0,0.5,1,euclidean,ball_tree,20,,-0.47714479753685446
911,0.0,0.5,1,euclidean,ball_tree,20,1.0,-0.47714479753685446
911,0.0,0.5,1,euclidean,ball_tree,20,2.0,-0.47714479753685446
911,0.0,0.5,1,euclidean,ball_tree,30,,-0.47714479753685446
911,0.0,0.5,1,euclidean,ball_tree,30,1.0,-0.47714479753685446
911,0.0,0.5,1,euclidean,ball_tree,30,2.0,-0.47714479753685446
911,0.0,0.5,1,euclidean,ball_tree,40,,-0.47714479753685446
911,0.0,0.5,1,euclidean,ball_tree,40,1.0,-0.47714479753685446
911,0.0,0.5,1,euclidean,ball_tree,40,2.0,-0.47714479753685446
911,0.0,0.5,1,euclidean,ball_tree,50,,-0.47714479753685446
911,0.0,0.5,1,euclidean,ball_tree,50,1.0,-0.47714479753685446
911,0.0,0.5,1,euclidean,ball_tree,50,2.0,-0.47714479753685446
911,0.0,0.5,1,euclidean,kd_tree,10,,-0.47714479753685446
911,0.0,0.5,1,euclidean,kd_tree,10,1.0,-0.47714479753685446
911,0.0,0.5,1,euclidean,kd_tree,10,2.0,-0.47714479753685446
911,0.0,0.5,1,euclidean,kd_tree,20,,-0.47714479753685446
911,0.0,0.5,1,euclidean,kd_tree,20,1.0,-0.47714479753685446
911,0.0,0.5,1,euclidean,kd_tree,20,2.0,-0.47714479753685446
911,0.0,0.5,1,euclidean,kd_tree,30,,-0.47714479753685446
911,0.0,0.5,1,euclidean,kd_tree,30,1.0,-0.47714479753685446
911,0.0,0.5,1,euclidean,kd_tree,30,2.0,-0.47714479753685446
911,0.0,0.5,1,euclidean,kd_tree,40,,-0.47714479753685446
911,0.0,0.5,1,euclidean,kd_tree,40,1.0,-0.47714479753685446
911,0.0,0.5,1,euclidean,kd_tree,40,2.0,-0.47714479753685446
911,0.0,0.5,1,euclidean,kd_tree,50,,-0.47714479753685446
911,0.0,0.5,1,euclidean,kd_tree,50,1.0,-0.47714479753685446
911,0.0,0.5,1,euclidean,kd_tree,50,2.0,-0.47714479753685446
911,0.0,0.5,1,euclidean,brute,10,,-0.47714479753685446
911,0.0,0.5,1,euclidean,brute,10,1.0,-0.47714479753685446
911,0.0,0.5,1,euclidean,brute,10,2.0,-0.47714479753685446
911,0.0,0.5,1,euclidean,brute,20,,-0.47714479753685446
911,0.0,0.5,1,euclidean,brute,20,1.0,-0.47714479753685446
911,0.0,0.5,1,euclidean,brute,20,2.0,-0.47714479753685446
911,0.0,0.5,1,euclidean,brute,30,,-0.47714479753685446
911,0.0,0.5,1,euclidean,brute,30,1.0,-0.47714479753685446
911,0.0,0.5,1,euclidean,brute,30,2.0,-0.47714479753685446
911,0.0,0.5,1,euclidean,brute,40,,-0.47714479753685446
911,0.0,0.5,1,euclidean,brute,40,1.0,-0.47714479753685446
911,0.0,0.5,1,euclidean,brute,40,2.0,-0.47714479753685446
911,0.0,0.5,1,euclidean,brute,50,,-0.47714479753685446
911,0.0,0.5,1,euclidean,brute,50,1.0,-0.47714479753685446
911,0.0,0.5,1,euclidean,brute,50,2.0,-0.47714479753685446
3190,0.0,0.5,1,manhattan,auto,10,,-0.08406163166608593
3190,0.0,0.5,1,manhattan,auto,10,1.0,-0.08406163166608593
3190,0.0,0.5,1,manhattan,auto,10,2.0,-0.08406163166608593
3190,0.0,0.5,1,manhattan,auto,20,,-0.08406163166608593
3190,0.0,0.5,1,manhattan,auto,20,1.0,-0.08406163166608593
3190,0.0,0.5,1,manhattan,auto,20,2.0,-0.08406163166608593
3190,0.0,0.5,1,manhattan,auto,30,,-0.08406163166608593
3190,0.0,0.5,1,manhattan,auto,30,1.0,-0.08406163166608593
3190,0.0,0.5,1,manhattan,auto,30,2.0,-0.08406163166608593
3190,0.0,0.5,1,manhattan,auto,40,,-0.08406163166608593
3190,0.0,0.5,1,manhattan,auto,40,1.0,-0.08406163166608593
3190,0.0,0.5,1,manhattan,auto,40,2.0,-0.08406163166608593
3190,0.0,0.5,1,manhattan,auto,50,,-0.08406163166608593
3190,0.0,0.5,1,manhattan,auto,50,1.0,-0.08406163166608593
3190,0.0,0.5,1,manhattan,auto,50,2.0,-0.08406163166608593
3190,0.0,0.5,1,manhattan,ball_tree,10,,-0.08406163166608593
3190,0.0,0.5,1,manhattan,ball_tree,10,1.0,-0.08406163166608593
3190,0.0,0.5,1,manhattan,ball_tree,10,2.0,-0.08406163166608593
3190,0.0,0.5,1,manhattan,ball_tree,20,,-0.08406163166608593
3190,0.0,0.5,1,manhattan,ball_tree,20,1.0,-0.08406163166608593
3190,0.0,0.5,1,manhattan,ball_tree,20,2.0,-0.08406163166608593
3190,0.0,0.5,1,manhattan,ball_tree,30,,-0.08406163166608593
3190,0.0,0.5,1,manhattan,ball_tree,30,1.0,-0.08406163166608593
3190,0.0,0.5,1,manhattan,ball_tree,30,2.0,-0.08406163166608593
3190,0.0,0.5,1,manhattan,ball_tree,40,,-0.08406163166608593
3190,0.0,0.5,1,manhattan,ball_tree,40,1.0,-0.08406163166608593
3190,0.0,0.5,1,manhattan,ball_tree,40,2.0,-0.08406163166608593
3190,0.0,0.5,1,manhattan,ball_tree,50,,-0.08406163166608593
3190,0.0,0.5,1,manhattan,ball_tree,50,1.0,-0.08406163166608593
3190,0.0,0.5,1,manhattan,ball_tree,50,2.0,-0.08406163166608593
3190,0.0,0.5,1,manhattan,kd_tree,10,,-0.08406163166608593
3190,0.0,0.5,1,manhattan,kd_tree,10,1.0,-0.08406163166608593
3190,0.0,0.5,1,manhattan,kd_tree,10,2.0,-0.08406163166608593
3190,0.0,0.5,1,manhattan,kd_tree,20,,-0.08406163166608593
3190,0.0,0.5,1,manhattan,kd_tree,20,1.0,-0.08406163166608593
3190,0.0,0.5,1,manhattan,kd_tree,20,2.0,-0.08406163166608593
3190,0.0,0.5,1,manhattan,kd_tree,30,,-0.08406163166608593
3190,0.0,0.5,1,manhattan,kd_tree,30,1.0,-0.08406163166608593
3190,0.0,0.5,1,manhattan,kd_tree,30,2.0,-0.08406163166608593
3190,0.0,0.5,1,manhattan,kd_tree,40,,-0.08406163166608593
3190,0.0,0.5,1,manhattan,kd_tree,40,1.0,-0.08406163166608593
3190,0.0,0.5,1,manhattan,kd_tree,40,2.0,-0.08406163166608593
3190,0.0,0.5,1,manhattan,kd_tree,50,,-0.08406163166608593
3190,0.0,0.5,1,manhattan,kd_tree,50,1.0,-0.08406163166608593
3190,0.0,0.5,1,manhattan,kd_tree,50,2.0,-0.08406163166608593
3190,0.0,0.5,1,manhattan,brute,10,,-0.08406163166608593
3190,0.0,0.5,1,manhattan,brute,10,1.0,-0.08406163166608593
3190,0.0,0.5,1,manhattan,brute,10,2.0,-0.08406163166608593
3190,0.0,0.5,1,manhattan,brute,20,,-0.08406163166608593
3190,0.0,0.5,1,manhattan,brute,20,1.0,-0.08406163166608593
3190,0.0,0.5,1,manhattan,brute,20,2.0,-0.08406163166608593
3190,0.0,0.5,1,manhattan,brute,30,,-0.08406163166608593
3190,0.0,0.5,1,manhattan,brute,30,1.0,-0.08406163166608593
3190,0.0,0.5,1,manhattan,brute,30,2.0,-0.08406163166608593
3190,0.0,0.5,1,manhattan,brute,40,,-0.08406163166608593
3190,0.0,0.5,1,manhattan,brute,40,1.0,-0.08406163166608593
3190,0.0,0.5,1,manhattan,brute,40,2.0,-0.08406163166608593
3190,0.0,0.5,1,manhattan,brute,50,,-0.08406163166608593
3190,0.0,0.5,1,manhattan,brute,50,1.0,-0.08406163166608593
3190,0.0,0.5,1,manhattan,brute,50,2.0,-0.08406163166608593
3603,0.0,0.5,1,mahalanobis,auto,10,,-0.09490357622908345
3603,0.0,0.5,1,mahalanobis,auto,10,1.0,-0.09490357622908345
3603,0.0,0.5,1,mahalanobis,auto,10,2.0,-0.09490357622908345
3603,0.0,0.5,1,mahalanobis,auto,20,,-0.09490357622908345
3603,0.0,0.5,1,mahalanobis,auto,20,1.0,-0.09490357622908345
3603,0.0,0.5,1,mahalanobis,auto,20,2.0,-0.09490357622908345
3603,0.0,0.5,1,mahalanobis,auto,30,,-0.09490357622908345
3603,0.0,0.5,1,mahalanobis,auto,30,1.0,-0.09490357622908345
3603,0.0,0.5,1,mahalanobis,auto,30,2.0,-0.09490357622908345
3603,0.0,0.5,1,mahalanobis,auto,40,,-0.09490357622908345
3603,0.0,0.5,1,mahalanobis,auto,40,1.0,-0.09490357622908345
3603,0.0,0.5,1,mahalanobis,auto,40,2.0,-0.09490357622908345
3603,0.0,0.5,1,mahalanobis,auto,50,,-0.09490357622908345
3603,0.0,0.5,1,mahalanobis,auto,50,1.0,-0.09490357622908345
3603,0.0,0.5,1,mahalanobis,auto,50,2.0,-0.09490357622908345
3603,0.0,0.5,1,mahalanobis,ball_tree,10,,-0.09490357622908345
3603,0.0,0.5,1,mahalanobis,ball_tree,10,1.0,-0.09490357622908345
3603,0.0,0.5,1,mahalanobis,ball_tree,10,2.0,-0.09490357622908345
3603,0.0,0.5,1,mahalanobis,ball_tree,20,,-0.09490357622908345
3603,0.0,0.5,1,mahalanobis,ball_tree,20,1.0,-0.09490357622908345
3603,0.0,0.5,1,mahalanobis,ball_tree,20,2.0,-0.09490357622908345
3603,0.0,0.5,1,mahalanobis,ball_tree,30,,-0.09490357622908345
3603,0.0,0.5,1,mahalanobis,ball_tree,30,1.0,-0.09490357622908345
3603,0.0,0.5,1,mahalanobis,ball_tree,30,2.0,-0.09490357622908345
3603,0.0,0.5,1,mahalanobis,ball_tree,40,,-0.09490357622908345
3603,0.0,0.5,1,mahalanobis,ball_tree,40,1.0,-0.09490357622908345
3603,0.0,0.5,1,mahalanobis,ball_tree,40,2.0,-0.09490357622908345
3603,0.0,0.5,1,mahalanobis,ball_tree,50,,-0.09490357622908345
3603,0.0,0.5,1,mahalanobis,ball_tree,50,1.0,-0.09490357622908345
3603,0.0,0.5,1,mahalanobis,ball_tree,50,2.0,-0.09490357622908345
3603,0.0,0.5,1,mahalanobis,kd_tree,10,,-0.09490357622908345
3603,0.0,0.5,1,mahalanobis,kd_tree,10,1.0,-0.09490357622908345
3603,0.0,0.5,1,mahalanobis,kd_tree,10,2.0,-0.09490357622908345
3603,0.0,0.5,1,mahalanobis,kd_tree,20,,-0.09490357622908345
3603,0.0,0.5,1,mahalanobis,kd_tree,20,1.0,-0.09490357622908345
3603,0.0,0.5,1,mahalanobis,kd_tree,20,2.0,-0.09490357622908345
3603,0.0,0.5,1,mahalanobis,kd_tree,30,,-0.09490357622908345
3603,0.0,0.5,1,mahalanobis,kd_tree,30,1.0,-0.09490357622908345
3603,0.0,0.5,1,mahalanobis,kd_tree,30,2.0,-0.09490357622908345
3603,0.0,0.5,1,mahalanobis,kd_tree,40,,-0.09490357622908345
3603,0.0,0.5,1,mahalanobis,kd_tree,40,1.0,-0.09490357622908345
3603,0.0,0.5,1,mahalanobis,kd_tree,40,2.0,-0.09490357622908345
3603,0.0,0.5,1,mahalanobis,kd_tree,50,,-0.09490357622908345
3603,0.0,0.5,1,mahalanobis,kd_tree,50,1.0,-0.09490357622908345
3603,0.0,0.5,1,mahalanobis,kd_tree,50,2.0,-0.09490357622908345
3603,0.0,0.5,1,mahalanobis,brute,10,,-0.09490357622908345
3603,0.0,0.5,1,mahalanobis,brute,10,1.0,-0.09490357622908345
3603,0.0,0.5,1,mahalanobis,brute,10,2.0,-0.09490357622908345
3603,0.0,0.5,1,mahalanobis,brute,20,,-0.09490357622908345
3603,0.0,0.5,1,mahalanobis,brute,20,1.0,-0.09490357622908345
3603,0.0,0.5,1,mahalanobis,brute,20,2.0,-0.09490357622908345
3603,0.0,0.5,1,mahalanobis,brute,30,,-0.09490357622908345
3603,0.0,0.5,1,mahalanobis,brute,30,1.0,-0.09490357622908345
3603,0.0,0.5,1,mahalanobis,brute,30,2.0,-0.09490357622908345
3603,0.0,0.5,1,mahalanobis,brute,40,,-0.09490357622908345
3603,0.0,0.5,1,mahalanobis,brute,40,1.0,-0.09490357622908345
3603,0.0,0.5,1,mahalanobis,brute,40,2.0,-0.09490357622908345
3603,0.0,0.5,1,mahalanobis,brute,50,,-0.09490357622908345
3603,0.0,0.5,1,mahalanobis,brute,50,1.0,-0.09490357622908345
3603,0.0,0.5,1,mahalanobis,brute,50,2.0,-0.09490357622908345
82,0.19846779985635624,0.5,2,euclidean,auto,10,,-0.4522756659089993
82,0.19846779985635624,0.5,2,euclidean,auto,10,1.0,-0.4522756659089993
82,0.19846779985635624,0.5,2,euclidean,auto,10,2.0,-0.4522756659089993
82,0.19846779985635624,0.5,2,euclidean,auto,20,,-0.4522756659089993
82,0.19846779985635624,0.5,2,euclidean,auto,20,1.0,-0.4522756659089993
82,0.19846779985635624,0.5,2,euclidean,auto,20,2.0,-0.4522756659089993
82,0.19846779985635624,0.5,2,euclidean,auto,30,,-0.4522756659089993
82,0.19846779985635624,0.5,2,euclidean,auto,30,1.0,-0.4522756659089993
82,0.19846779985635624,0.5,2,euclidean,auto,30,2.0,-0.4522756659089993
82,0.19846779985635624,0.5,2,euclidean,auto,40,,-0.4522756659089993
82,0.19846779985635624,0.5,2,euclidean,auto,40,1.0,-0.4522756659089993
82,0.19846779985635624,0.5,2,euclidean,auto,40,2.0,-0.4522756659089993
82,0.19846779985635624,0.5,2,euclidean,auto,50,,-0.4522756659089993
82,0.19846779985635624,0.5,2,euclidean,auto,50,1.0,-0.4522756659089993
82,0.19846779985635624,0.5,2,euclidean,auto,50,2.0,-0.4522756659089993
82,0.19846779985635624,0.5,2,euclidean,ball_tree,10,,-0.4522756659089993
82,0.19846779985635624,0.5,2,euclidean,ball_tree,10,1.0,-0.4522756659089993
82,0.19846779985635624,0.5,2,euclidean,ball_tree,10,2.0,-0.4522756659089993
82,0.19846779985635624,0.5,2,euclidean,ball_tree,20,,-0.4522756659089993
82,0.19846779985635624,0.5,2,euclidean,ball_tree,20,1.0,-0.4522756659089993
82,0.19846779985635624,0.5,2,euclidean,ball_tree,20,2.0,-0.4522756659089993
82,0.19846779985635624,0.5,2,euclidean,ball_tree,30,,-0.4522756659089993
82,0.19846779985635624,0.5,2,euclidean,ball_tree,30,1.0,-0.4522756659089993
82,0.19846779985635624,0.5,2,euclidean,ball_tree,30,2.0,-0.4522756659089993
82,0.19846779985635624,0.5,2,euclidean,ball_tree,40,,-0.4522756659089993
82,0.19846779985635624,0.5,2,euclidean,ball_tree,40,1.0,-0.4522756659089993
82,0.19846779985635624,0.5,2,euclidean,ball_tree,40,2.0,-0.4522756659089993
82,0.19846779985635624,0.5,2,euclidean,ball_tree,50,,-0.4522756659089993
82,0.19846779985635624,0.5,2,euclidean,ball_tree,50,1.0,-0.4522756659089993
82,0.19846779985635624,0.5,2,euclidean,ball_tree,50,2.0,-0.4522756659089993
82,0.19846779985635624,0.5,2,euclidean,kd_tree,10,,-0.4522756659089993
82,0.19846779985635624,0.5,2,euclidean,kd_tree,10,1.0,-0.4522756659089993
82,0.19846779985635624,0.5,2,euclidean,kd_tree,10,2.0,-0.4522756659089993
82,0.19846779985635624,0.5,2,euclidean,kd_tree,20,,-0.4522756659089993
82,0.19846779985635624,0.5,2,euclidean,kd_tree,20,1.0,-0.4522756659089993
82,0.19846779985635624,0.5,2,euclidean,kd_tree,20,2.0,-0.4522756659089993
82,0.19846779985635624,0.5,2,euclidean,kd_tree,30,,-0.4522756659089993
82,0.19846779985635624,0.5,2,euclidean,kd_tree,30,1.0,-0.4522756659089993
82,0.19846779985635624,0.5,2,euclidean,kd_tree,30,2.0,-0.4522756659089993
82,0.19846779985635624,0.5,2,euclidean,kd_tree,40,,-0.4522756659089993
82,0.19846779985635624,0.5,2,euclidean,kd_tree,40,1.0,-0.4522756659089993
82,0.19846779985635624,0.5,2,euclidean,kd_tree,40,2.0,-0.4522756659089993
82,0.19846779985635624,0.5,2,euclidean,kd_tree,50,,-0.4522756659089993
82,0.19846779985635624,0.5,2,euclidean,kd_tree,50,1.0,-0.4522756659089993
82,0.19846779985635624,0.5,2,euclidean,kd_tree,50,2.0,-0.4522756659089993
82,0.19846779985635624,0.5,2,euclidean,brute,10,,-0.4522756659089993
82,0.19846779985635624,0.5,2,euclidean,brute,10,1.0,-0.4522756659089993
82,0.19846779985635624,0.5,2,euclidean,brute,10,2.0,-0.4522756659089993
82,0.19846779985635624,0.5,2,euclidean,brute,20,,-0.4522756659089993
82,0.19846779985635624,0.5,2,euclidean,brute,20,1.0,-0.4522756659089993
82,0.19846779985635624,0.5,2,euclidean,brute,20,2.0,-0.4522756659089993
82,0.19846779985635624,0.5,2,euclidean,brute,30,,-0.4522756659089993
82,0.19846779985635624,0.5,2,euclidean,brute,30,1.0,-0.4522756659089993
82,0.19846779985635624,0.5,2,euclidean,brute,30,2.0,-0.4522756659089993
82,0.19846779985635624,0.5,2,euclidean,brute,40,,-0.4522756659089993
82,0.19846779985635624,0.5,2,euclidean,brute,40,1.0,-0.4522756659089993
82,0.19846779985635624,0.5,2,euclidean,brute,40,2.0,-0.4522756659089993
82,0.19846779985635624,0.5,2,euclidean,brute,50,,-0.4522756659089993
82,0.19846779985635624,0.5,2,euclidean,brute,50,1.0,-0.4522756659089993
82,0.19846779985635624,0.5,2,euclidean,brute,50,2.0,-0.4522756659089993
192,0.7177400047881255,0.5,2,manhattan,auto,10,,-0.5779837802692224
192,0.7177400047881255,0.5,2,manhattan,auto,10,1.0,-0.5779837802692224
192,0.7177400047881255,0.5,2,manhattan,auto,10,2.0,-0.5779837802692224
192,0.7177400047881255,0.5,2,manhattan,auto,20,,-0.5779837802692224
192,0.7177400047881255,0.5,2,manhattan,auto,20,1.0,-0.5779837802692224
192,0.7177400047881255,0.5,2,manhattan,auto,20,2.0,-0.5779837802692224
192,0.7177400047881255,0.5,2,manhattan,auto,30,,-0.5779837802692224
192,0.7177400047881255,0.5,2,manhattan,auto,30,1.0,-0.5779837802692224
192,0.7177400047881255,0.5,2,manhattan,auto,30,2.0,-0.5779837802692224
192,0.7177400047881255,0.5,2,manhattan,auto,40,,-0.5779837802692224
192,0.7177400047881255,0.5,2,manhattan,auto,40,1.0,-0.5779837802692224
192,0.7177400047881255,0.5,2,manhattan,auto,40,2.0,-0.5779837802692224
192,0.7177400047881255,0.5,2,manhattan,auto,50,,-0.5779837802692224
192,0.7177400047881255,0.5,2,manhattan,auto,50,1.0,-0.5779837802692224
192,0.7177400047881255,0.5,2,manhattan,auto,50,2.0,-0.5779837802692224
192,0.7177400047881255,0.5,2,manhattan,ball_tree,10,,-0.5779837802692224
192,0.7177400047881255,0.5,2,manhattan,ball_tree,10,1.0,-0.5779837802692224
192,0.7177400047881255,0.5,2,manhattan,ball_tree,10,2.0,-0.5779837802692224
192,0.7177400047881255,0.5,2,manhattan,ball_tree,20,,-0.5779837802692224
192,0.7177400047881255,0.5,2,manhattan,ball_tree,20,1.0,-0.5779837802692224
192,0.7177400047881255,0.5,2,manhattan,ball_tree,20,2.0,-0.5779837802692224
192,0.7177400047881255,0.5,2,manhattan,ball_tree,30,,-0.5779837802692224
192,0.7177400047881255,0.5,2,manhattan,ball_tree,30,1.0,-0.5779837802692224
192,0.7177400047881255,0.5,2,manhattan,ball_tree,30,2.0,-0.5779837802692224
192,0.7177400047881255,0.5,2,manhattan,ball_tree,40,,-0.5779837802692224
192,0.7177400047881255,0.5,2,manhattan,ball_tree,40,1.0,-0.5779837802692224
192,0.7177400047881255,0.5,2,manhattan,ball_tree,40,2.0,-0.5779837802692224
192,0.7177400047881255,0.5,2,manhattan,ball_tree,50,,-0.5779837802692224
192,0.7177400047881255,0.5,2,manhattan,ball_tree,50,1.0,-0.5779837802692224
192,0.7177400047881255,0.5,2,manhattan,ball_tree,50,2.0,-0.5779837802692224
192,0.7177400047881255,0.5,2,manhattan,kd_tree,10,,-0.5779837802692224
192,0.7177400047881255,0.5,2,manhattan,kd_tree,10,1.0,-0.5779837802692224
192,0.7177400047881255,0.5,2,manhattan,kd_tree,10,2.0,-0.5779837802692224
192,0.7177400047881255,0.5,2,manhattan,kd_tree,20,,-0.5779837802692224
192,0.7177400047881255,0.5,2,manhattan,kd_tree,20,1.0,-0.5779837802692224
192,0.7177400047881255,0.5,2,manhattan,kd_tree,20,2.0,-0.5779837802692224
192,0.7177400047881255,0.5,2,manhattan,kd_tree,30,,-0.5779837802692224
192,0.7177400047881255,0.5,2,manhattan,kd_tree,30,1.0,-0.5779837802692224
192,0.7177400047881255,0.5,2,manhattan,kd_tree,30,2.0,-0.5779837802692224
192,0.7177400047881255,0.5,2,manhattan,kd_tree,40,,-0.5779837802692224
192,0.7177400047881255,0.5,2,manhattan,kd_tree,40,1.0,-0.5779837802692224
192,0.7177400047881255,0.5,2,manhattan,kd_tree,40,2.0,-0.5779837802692224
192,0.7177400047881255,0.5,2,manhattan,kd_tree,50,,-0.5779837802692224
192,0.7177400047881255,0.5,2,manhattan,kd_tree,50,1.0,-0.5779837802692224
192,0.7177400047881255,0.5,2,manhattan,kd_tree,50,2.0,-0.5779837802692224
192,0.7177400047881255,0.5,2,manhattan,brute,10,,-0.5779837802692224
192,0.7177400047881255,0.5,2,manhattan,brute,10,1.0,-0.5779837802692224
192,0.7177400047881255,0.5,2,manhattan,brute,10,2.0,-0.5779837802692224
192,0.7177400047881255,0.5,2,manhattan,brute,20,,-0.5779837802692224
192,0.7177400047881255,0.5,2,manhattan,brute,20,1.0,-0.5779837802692224
192,0.7177400047881255,0.5,2,manhattan,brute,20,2.0,-0.5779837802692224
192,0.7177400047881255,0.5,2,manhattan,brute,30,,-0.5779837802692224
192,0.7177400047881255,0.5,2,manhattan,brute,30,1.0,-0.5779837802692224
192,0.7177400047881255,0.5,2,manhattan,brute,30,2.0,-0.5779837802692224
192,0.7177400047881255,0.5,2,manhattan,brute,40,,-0.5779837802692224
192,0.7177400047881255,0.5,2,manhattan,brute,40,1.0,-0.5779837802692224
192,0.7177400047881255,0.5,2,manhattan,brute,40,2.0,-0.5779837802692224
192,0.7177400047881255,0.5,2,manhattan,brute,50,,-0.5779837802692224
192,0.7177400047881255,0.5,2,manhattan,brute,50,1.0,-0.5779837802692224
192,0.7177400047881255,0.5,2,manhattan,brute,50,2.0,-0.5779837802692224
100,0.8386401723725162,0.5,2,mahalanobis,auto,10,,-0.6642413384551569
100,0.8386401723725162,0.5,2,mahalanobis,auto,10,1.0,-0.6642413384551569
100,0.8386401723725162,0.5,2,mahalanobis,auto,10,2.0,-0.6642413384551569
100,0.8386401723725162,0.5,2,mahalanobis,auto,20,,-0.6642413384551569
100,0.8386401723725162,0.5,2,mahalanobis,auto,20,1.0,-0.6642413384551569
100,0.8386401723725162,0.5,2,mahalanobis,auto,20,2.0,-0.6642413384551569
100,0.8386401723725162,0.5,2,mahalanobis,auto,30,,-0.6642413384551569
100,0.8386401723725162,0.5,2,mahalanobis,auto,30,1.0,-0.6642413384551569
100,0.8386401723725162,0.5,2,mahalanobis,auto,30,2.0,-0.6642413384551569
100,0.8386401723725162,0.5,2,mahalanobis,auto,40,,-0.6642413384551569
100,0.8386401723725162,0.5,2,mahalanobis,auto,40,1.0,-0.6642413384551569
100,0.8386401723725162,0.5,2,mahalanobis,auto,40,2.0,-0.6642413384551569
100,0.8386401723725162,0.5,2,mahalanobis,auto,50,,-0.6642413384551569
100,0.8386401723725162,0.5,2,mahalanobis,auto,50,1.0,-0.6642413384551569
100,0.8386401723725162,0.5,2,mahalanobis,auto,50,2.0,-0.6642413384551569
100,0.8386401723725162,0.5,2,mahalanobis,ball_tree,10,,-0.6642413384551569
100,0.8386401723725162,0.5,2,mahalanobis,ball_tree,10,1.0,-0.6642413384551569
100,0.8386401723725162,0.5,2,mahalanobis,ball_tree,10,2.0,-0.6642413384551569
100,0.8386401723725162,0.5,2,mahalanobis,ball_tree,20,,-0.6642413384551569
100,0.8386401723725162,0.5,2,mahalanobis,ball_tree,20,1.0,-0.6642413384551569
100,0.8386401723725162,0.5,2,mahalanobis,ball_tree,20,2.0,-0.6642413384551569
100,0.8386401723725162,0.5,2,mahalanobis,ball_tree,30,,-0.6642413384551569
100,0.8386401723725162,0.5,2,mahalanobis,ball_tree,30,1.0,-0.6642413384551569
100,0.8386401723725162,0.5,2,mahalanobis,ball_tree,30,2.0,-0.6642413384551569
100,0.8386401723725162,0.5,2,mahalanobis,ball_tree,40,,-0.6642413384551569
100,0.8386401723725162,0.5,2,mahalanobis,ball_tree,40,1.0,-0.6642413384551569
100,0.8386401723725162,0.5,2,mahalanobis,ball_tree,40,2.0,-0.6642413384551569
100,0.8386401723725162,0.5,2,mahalanobis,ball_tree,50,,-0.6642413384551569
100,0.8386401723725162,0.5,2,mahalanobis,ball_tree,50,1.0,-0.6642413384551569
100,0.8386401723725162,0.5,2,mahalanobis,ball_tree,50,2.0,-0.6642413384551569
100,0.8386401723725162,0.5,2,mahalanobis,kd_tree,10,,-0.6642413384551569
100,0.8386401723725162,0.5,2,mahalanobis,kd_tree,10,1.0,-0.6642413384551569
100,0.8386401723725162,0.5,2,mahalanobis,kd_tree,10,2.0,-0.6642413384551569
100,0.8386401723725162,0.5,2,mahalanobis,kd_tree,20,,-0.6642413384551569
100,0.8386401723725162,0.5,2,mahalanobis,kd_tree,20,1.0,-0.6642413384551569
100,0.8386401723725162,0.5,2,mahalanobis,kd_tree,20,2.0,-0.6642413384551569
100,0.8386401723725162,0.5,2,mahalanobis,kd_tree,30,,-0.6642413384551569
100,0.8386401723725162,0.5,2,mahalanobis,kd_tree,30,1.0,-0.6642413384551569
100,0.8386401723725162,0.5,2,mahalanobis,kd_tree,30,2.0,-0.6642413384551569
100,0.8386401723725162,0.5,2,mahalanobis,kd_tree,40,,-0.6642413384551569
100,0.8386401723725162,0.5,2,mahalanobis,kd_tree,40,1.0,-0.6642413384551569
100,0.8386401723725162,0.5,2,mahalanobis,kd_tree,40,2.0,-0.6642413384551569
100,0.8386401723725162,0.5,2,mahalanobis,kd_tree,50,,-0.6642413384551569
100,0.8386401723725162,0.5,2,mahalanobis,kd_tree,50,1.0,-0.6642413384551569
100,0.8386401723725162,0.5,2,mahalanobis,kd_tree,50,2.0,-0.6642413384551569
100,0.8386401723725162,0.5,2,mahalanobis,brute,10,,-0.6642413384551569
100,0.8386401723725162,0.5,2,mahalanobis,brute,10,1.0,-0.6642413384551569
100,0.8386401723725162,0.5,2,mahalanobis,brute,10,2.0,-0.6642413384551569
100,0.8386401723725162,0.5,2,mahalanobis,brute,20,,-0.6642413384551569
100,0.8386401723725162,0.5,2,mahalanobis,brute,20,1.0,-0.6642413384551569
100,0.8386401723725162,0.5,2,mahalanobis,brute,20,2.0,-0.6642413384551569
100,0.8386401723725162,0.5,2,mahalanobis,brute,30,,-0.6642413384551569
100,0.8386401723725162,0.5,2,mahalanobis,brute,30,1.0,-0.6642413384551569
100,0.8386401723725162,0.5,2,mahalanobis,brute,30,2.0,-0.6642413384551569
100,0.8386401723725162,0.5,2,mahalanobis,brute,40,,-0.6642413384551569
100,0.8386401723725162,0.5,2,mahalanobis,brute,40,1.0,-0.6642413384551569
100,0.8386401723725162,0.5,2,mahalanobis,brute,40,2.0,-0.6642413384551569
100,0.8386401723725162,0.5,2,mahalanobis,brute,50,,-0.6642413384551569
100,0.8386401723725162,0.5,2,mahalanobis,brute,50,1.0,-0.6642413384551569
100,0.8386401723725162,0.5,2,mahalanobis,brute,50,2.0,-0.6642413384551569
34,0.2214508020110127,0.5,3,euclidean,auto,10,,-0.23196984680117394
34,0.2214508020110127,0.5,3,euclidean,auto,10,1.0,-0.23196984680117394
34,0.2214508020110127,0.5,3,euclidean,auto,10,2.0,-0.23196984680117394
34,0.2214508020110127,0.5,3,euclidean,auto,20,,-0.23196984680117394
34,0.2214508020110127,0.5,3,euclidean,auto,20,1.0,-0.23196984680117394
34,0.2214508020110127,0.5,3,euclidean,auto,20,2.0,-0.23196984680117394
34,0.2214508020110127,0.5,3,euclidean,auto,30,,-0.23196984680117394
34,0.2214508020110127,0.5,3,euclidean,auto,30,1.0,-0.23196984680117394
34,0.2214508020110127,0.5,3,euclidean,auto,30,2.0,-0.23196984680117394
34,0.2214508020110127,0.5,3,euclidean,auto,40,,-0.23196984680117394
34,0.2214508020110127,0.5,3,euclidean,auto,40,1.0,-0.23196984680117394
34,0.2214508020110127,0.5,3,euclidean,auto,40,2.0,-0.23196984680117394
34,0.2214508020110127,0.5,3,euclidean,auto,50,,-0.23196984680117394
34,0.2214508020110127,0.5,3,euclidean,auto,50,1.0,-0.23196984680117394
34,0.2214508020110127,0.5,3,euclidean,auto,50,2.0,-0.23196984680117394
34,0.2214508020110127,0.5,3,euclidean,ball_tree,10,,-0.23196984680117394
34,0.2214508020110127,0.5,3,euclidean,ball_tree,10,1.0,-0.23196984680117394
34,0.2214508020110127,0.5,3,euclidean,ball_tree,10,2.0,-0.23196984680117394
34,0.2214508020110127,0.5,3,euclidean,ball_tree,20,,-0.23196984680117394
34,0.2214508020110127,0.5,3,euclidean,ball_tree,20,1.0,-0.23196984680117394
34,0.2214508020110127,0.5,3,euclidean,ball_tree,20,2.0,-0.23196984680117394
34,0.2214508020110127,0.5,3,euclidean,ball_tree,30,,-0.23196984680117394
34,0.2214508020110127,0.5,3,euclidean,ball_tree,30,1.0,-0.23196984680117394
34,0.2214508020110127,0.5,3,euclidean,ball_tree,30,2.0,-0.23196984680117394
34,0.2214508020110127,0.5,3,euclidean,ball_tree,40,,-0.23196984680117394
34,0.2214508020110127,0.5,3,euclidean,ball_tree,40,1.0,-0.23196984680117394
34,0.2214508020110127,0.5,3,euclidean,ball_tree,40,2.0,-0.23196984680117394
34,0.2214508020110127,0.5,3,euclidean,ball_tree,50,,-0.23196984680117394
34,0.2214508020110127,0.5,3,euclidean,ball_tree,50,1.0,-0.23196984680117394
34,0.2214508020110127,0.5,3,euclidean,ball_tree,50,2.0,-0.23196984680117394
34,0.2214508020110127,0.5,3,euclidean,kd_tree,10,,-0.23196984680117394
34,0.2214508020110127,0.5,3,euclidean,kd_tree,10,1.0,-0.23196984680117394
34,0.2214508020110127,0.5,3,euclidean,kd_tree,10,2.0,-0.23196984680117394
34,0.2214508020110127,0.5,3,euclidean,kd_tree,20,,-0.23196984680117394
34,0.2214508020110127,0.5,3,euclidean,kd_tree,20,1.0,-0.23196984680117394
34,0.2214508020110127,0.5,3,euclidean,kd_tree,20,2.0,-0.23196984680117394
34,0.2214508020110127,0.5,3,euclidean,kd_tree,30,,-0.23196984680117394
34,0.2214508020110127,0.5,3,euclidean,kd_tree,30,1.0,-0.23196984680117394
34,0.2214508020110127,0.5,3,euclidean,kd_tree,30,2.0,-0.23196984680117394
34,0.2214508020110127,0.5,3,euclidean,kd_tree,40,,-0.23196984680117394
34,0.2214508020110127,0.5,3,euclidean,kd_tree,40,1.0,-0.23196984680117394
34,0.2214508020110127,0.5,3,euclidean,kd_tree,40,2.0,-0.23196984680117394
34,0.2214508020110127,0.5,3,euclidean,kd_tree,50,,-0.23196984680117394
34,0.2214508020110127,0.5,3,euclidean,kd_tree,50,1.0,-0.23196984680117394
34,0.2214508020110127,0.5,3,euclidean,kd_tree,50,2.0,-0.23196984680117394
34,0.2214508020110127,0.5,3,euclidean,brute,10,,-0.23196984680117394
34,0.2214508020110127,0.5,3,euclidean,brute,10,1.0,-0.23196984680117394
34,0.2214508020110127,0.5,3,euclidean,brute,10,2.0,-0.23196984680117394
34,0.2214508020110127,0.5,3,euclidean,brute,20,,-0.23196984680117394
34,0.2214508020110127,0.5,3,euclidean,brute,20,1.0,-0.23196984680117394
34,0.2214508020110127,0.5,3,euclidean,brute,20,2.0,-0.23196984680117394
34,0.2214508020110127,0.5,3,euclidean,brute,30,,-0.23196984680117394
34,0.2214508020110127,0.5,3,euclidean,brute,30,1.0,-0.23196984680117394
34,0.2214508020110127,0.5,3,euclidean,brute,30,2.0,-0.23196984680117394
34,0.2214508020110127,0.5,3,euclidean,brute,40,,-0.23196984680117394
34,0.2214508020110127,0.5,3,euclidean,brute,40,1.0,-0.23196984680117394
34,0.2214508020110127,0.5,3,euclidean,brute,40,2.0,-0.23196984680117394
34,0.2214508020110127,0.5,3,euclidean,brute,50,,-0.23196984680117394
34,0.2214508020110127,0.5,3,euclidean,brute,50,1.0,-0.23196984680117394
34,0.2214508020110127,0.5,3,euclidean,brute,50,2.0,-0.23196984680117394
59,0.7814220732583194,0.5,3,manhattan,auto,10,,-0.5510170291584078
59,0.7814220732583194,0.5,3,manhattan,auto,10,1.0,-0.5510170291584078
59,0.7814220732583194,0.5,3,manhattan,auto,10,2.0,-0.5510170291584078
59,0.7814220732583194,0.5,3,manhattan,auto,20,,-0.5510170291584078
59,0.7814220732583194,0.5,3,manhattan,auto,20,1.0,-0.5510170291584078
59,0.7814220732583194,0.5,3,manhattan,auto,20,2.0,-0.5510170291584078
59,0.7814220732583194,0.5,3,manhattan,auto,30,,-0.5510170291584078
59,0.7814220732583194,0.5,3,manhattan,auto,30,1.0,-0.5510170291584078
59,0.7814220732583194,0.5,3,manhattan,auto,30,2.0,-0.5510170291584078
59,0.7814220732583194,0.5,3,manhattan,auto,40,,-0.5510170291584078
59,0.7814220732583194,0.5,3,manhattan,auto,40,1.0,-0.5510170291584078
59,0.7814220732583194,0.5,3,manhattan,auto,40,2.0,-0.5510170291584078
59,0.7814220732583194,0.5,3,manhattan,auto,50,,-0.5510170291584078
59,0.7814220732583194,0.5,3,manhattan,auto,50,1.0,-0.5510170291584078
59,0.7814220732583194,0.5,3,manhattan,auto,50,2.0,-0.5510170291584078
59,0.7814220732583194,0.5,3,manhattan,ball_tree,10,,-0.5510170291584078
59,0.7814220732583194,0.5,3,manhattan,ball_tree,10,1.0,-0.5510170291584078
59,0.7814220732583194,0.5,3,manhattan,ball_tree,10,2.0,-0.5510170291584078
59,0.7814220732583194,0.5,3,manhattan,ball_tree,20,,-0.5510170291584078
59,0.7814220732583194,0.5,3,manhattan,ball_tree,20,1.0,-0.5510170291584078
59,0.7814220732583194,0.5,3,manhattan,ball_tree,20,2.0,-0.5510170291584078
59,0.7814220732583194,0.5,3,manhattan,ball_tree,30,,-0.5510170291584078
59,0.7814220732583194,0.5,3,manhattan,ball_tree,30,1.0,-0.5510170291584078
59,0.7814220732583194,0.5,3,manhattan,ball_tree,30,2.0,-0.5510170291584078
59,0.7814220732583194,0.5,3,manhattan,ball_tree,40,,-0.5510170291584078
59,0.7814220732583194,0.5,3,manhattan,ball_tree,40,1.0,-0.5510170291584078
59,0.7814220732583194,0.5,3,manhattan,ball_tree,40,2.0,-0.5510170291584078
59,0.7814220732583194,0.5,3,manhattan,ball_tree,50,,-0.5510170291584078
59,0.7814220732583194,0.5,3,manhattan,ball_tree,50,1.0,-0.5510170291584078
59,0.7814220732583194,0.5,3,manhattan,ball_tree,50,2.0,-0.5510170291584078
59,0.7814220732583194,0.5,3,manhattan,kd_tree,10,,-0.5510170291584078
59,0.7814220732583194,0.5,3,manhattan,kd_tree,10,1.0,-0.5510170291584078
59,0.7814220732583194,0.5,3,manhattan,kd_tree,10,2.0,-0.5510170291584078
59,0.7814220732583194,0.5,3,manhattan,kd_tree,20,,-0.5510170291584078
59,0.7814220732583194,0.5,3,manhattan,kd_tree,20,1.0,-0.5510170291584078
59,0.7814220732583194,0.5,3,manhattan,kd_tree,20,2.0,-0.5510170291584078
59,0.7814220732583194,0.5,3,manhattan,kd_tree,30,,-0.5510170291584078
59,0.7814220732583194,0.5,3,manhattan,kd_tree,30,1.0,-0.5510170291584078
59,0.7814220732583194,0.5,3,manhattan,kd_tree,30,2.0,-0.5510170291584078
59,0.7814220732583194,0.5,3,manhattan,kd_tree,40,,-0.5510170291584078
59,0.7814220732583194,0.5,3,manhattan,kd_tree,40,1.0,-0.5510170291584078
59,0.7814220732583194,0.5,3,manhattan,kd_tree,40,2.0,-0.5510170291584078
59,0.7814220732583194,0.5,3,manhattan,kd_tree,50,,-0.5510170291584078
59,0.7814220732583194,0.5,3,manhattan,kd_tree,50,1.0,-0.5510170291584078
59,0.7814220732583194,0.5,3,manhattan,kd_tree,50,2.0,-0.5510170291584078
59,0.7814220732583194,0.5,3,manhattan,brute,10,,-0.5510170291584078
59,0.7814220732583194,0.5,3,manhattan,brute,10,1.0,-0.5510170291584078
59,0.7814220732583194,0.5,3,manhattan,brute,10,2.0,-0.5510170291584078
59,0.7814220732583194,0.5,3,manhattan,brute,20,,-0.5510170291584078
59,0.7814220732583194,0.5,3,manhattan,brute,20,1.0,-0.5510170291584078
59,0.7814220732583194,0.5,3,manhattan,brute,20,2.0,-0.5510170291584078
59,0.7814220732583194,0.5,3,manhattan,brute,30,,-0.5510170291584078
59,0.7814220732583194,0.5,3,manhattan,brute,30,1.0,-0.5510170291584078
59,0.7814220732583194,0.5,3,manhattan,brute,30,2.0,-0.5510170291584078
59,0.7814220732583194,0.5,3,manhattan,brute,40,,-0.5510170291584078
59,0.7814220732583194,0.5,3,manhattan,brute,40,1.0,-0.5510170291584078
59,0.7814220732583194,0.5,3,manhattan,brute,40,2.0,-0.5510170291584078
59,0.7814220732583194,0.5,3,manhattan,brute,50,,-0.5510170291584078
59,0.7814220732583194,0.5,3,manhattan,brute,50,1.0,-0.5510170291584078
59,0.7814220732583194,0.5,3,manhattan,brute,50,2.0,-0.5510170291584078
27,0.8735934881493895,0.5,3,mahalanobis,auto,10,,-0.39235851511505904
27,0.8735934881493895,0.5,3,mahalanobis,auto,10,1.0,-0.39235851511505904
27,0.8735934881493895,0.5,3,mahalanobis,auto,10,2.0,-0.39235851511505904
27,0.8735934881493895,0.5,3,mahalanobis,auto,20,,-0.39235851511505904
27,0.8735934881493895,0.5,3,mahalanobis,auto,20,1.0,-0.39235851511505904
27,0.8735934881493895,0.5,3,mahalanobis,auto,20,2.0,-0.39235851511505904
27,0.8735934881493895,0.5,3,mahalanobis,auto,30,,-0.39235851511505904
27,0.8735934881493895,0.5,3,mahalanobis,auto,30,1.0,-0.39235851511505904
27,0.8735934881493895,0.5,3,mahalanobis,auto,30,2.0,-0.39235851511505904
27,0.8735934881493895,0.5,3,mahalanobis,auto,40,,-0.39235851511505904
27,0.8735934881493895,0.5,3,mahalanobis,auto,40,1.0,-0.39235851511505904
27,0.8735934881493895,0.5,3,mahalanobis,auto,40,2.0,-0.39235851511505904
27,0.8735934881493895,0.5,3,mahalanobis,auto,50,,-0.39235851511505904
27,0.8735934881493895,0.5,3,mahalanobis,auto,50,1.0,-0.39235851511505904
27,0.8735934881493895,0.5,3,mahalanobis,auto,50,2.0,-0.39235851511505904
27,0.8735934881493895,0.5,3,mahalanobis,ball_tree,10,,-0.39235851511505904
27,0.8735934881493895,0.5,3,mahalanobis,ball_tree,10,1.0,-0.39235851511505904
27,0.8735934881493895,0.5,3,mahalanobis,ball_tree,10,2.0,-0.39235851511505904
27,0.8735934881493895,0.5,3,mahalanobis,ball_tree,20,,-0.39235851511505904
27,0.8735934881493895,0.5,3,mahalanobis,ball_tree,20,1.0,-0.39235851511505904
27,0.8735934881493895,0.5,3,mahalanobis,ball_tree,20,2.0,-0.39235851511505904
27,0.8735934881493895,0.5,3,mahalanobis,ball_tree,30,,-0.39235851511505904
27,0.8735934881493895,0.5,3,mahalanobis,ball_tree,30,1.0,-0.39235851511505904
27,0.8735934881493895,0.5,3,mahalanobis,ball_tree,30,2.0,-0.39235851511505904
27,0.8735934881493895,0.5,3,mahalanobis,ball_tree,40,,-0.39235851511505904
27,0.8735934881493895,0.5,3,mahalanobis,ball_tree,40,1.0,-0.39235851511505904
27,0.8735934881493895,0.5,3,mahalanobis,ball_tree,40,2.0,-0.39235851511505904
27,0.8735934881493895,0.5,3,mahalanobis,ball_tree,50,,-0.39235851511505904
27,0.8735934881493895,0.5,3,mahalanobis,ball_tree,50,1.0,-0.39235851511505904
27,0.8735934881493895,0.5,3,mahalanobis,ball_tree,50,2.0,-0.39235851511505904
27,0.8735934881493895,0.5,3,mahalanobis,kd_tree,10,,-0.39235851511505904
27,0.8735934881493895,0.5,3,mahalanobis,kd_tree,10,1.0,-0.39235851511505904
27,0.8735934881493895,0.5,3,mahalanobis,kd_tree,10,2.0,-0.39235851511505904
27,0.8735934881493895,0.5,3,mahalanobis,kd_tree,20,,-0.39235851511505904
27,0.8735934881493895,0.5,3,mahalanobis,kd_tree,20,1.0,-0.39235851511505904
27,0.8735934881493895,0.5,3,mahalanobis,kd_tree,20,2.0,-0.39235851511505904
27,0.8735934881493895,0.5,3,mahalanobis,kd_tree,30,,-0.39235851511505904
27,0.8735934881493895,0.5,3,mahalanobis,kd_tree,30,1.0,-0.39235851511505904
27,0.8735934881493895,0.5,3,mahalanobis,kd_tree,30,2.0,-0.39235851511505904
27,0.8735934881493895,0.5,3,mahalanobis,kd_tree,40,,-0.39235851511505904
27,0.8735934881493895,0.5,3,mahalanobis,kd_tree,40,1.0,-0.39235851511505904
27,0.8735934881493895,0.5,3,mahalanobis,kd_tree,40,2.0,-0.39235851511505904
27,0.8735934881493895,0.5,3,mahalanobis,kd_tree,50,,-0.39235851511505904
27,0.8735934881493895,0.5,3,mahalanobis,kd_tree,50,1.0,-0.39235851511505904
27,0.8735934881493895,0.5,3,mahalanobis,kd_tree,50,2.0,-0.39235851511505904
27,0.8735934881493895,0.5,3,mahalanobis,brute,10,,-0.39235851511505904
27,0.8735934881493895,0.5,3,mahalanobis,brute,10,1.0,-0.39235851511505904
27,0.8735934881493895,0.5,3,mahalanobis,brute,10,2.0,-0.39235851511505904
27,0.8735934881493895,0.5,3,mahalanobis,brute,20,,-0.39235851511505904
27,0.8735934881493895,0.5,3,mahalanobis,brute,20,1.0,-0.39235851511505904
27,0.8735934881493895,0.5,3,mahalanobis,brute,20,2.0,-0.39235851511505904
27,0.8735934881493895,0.5,3,mahalanobis,brute,30,,-0.39235851511505904
27,0.8735934881493895,0.5,3,mahalanobis,brute,30,1.0,-0.39235851511505904
27,0.8735934881493895,0.5,3,mahalanobis,brute,30,2.0,-0.39235851511505904
27,0.8735934881493895,0.5,3,mahalanobis,brute,40,,-0.39235851511505904
27,0.8735934881493895,0.5,3,mahalanobis,brute,40,1.0,-0.39235851511505904
27,0.8735934881493895,0.5,3,mahalanobis,brute,40,2.0,-0.39235851511505904
27,0.8735934881493895,0.5,3,mahalanobis,brute,50,,-0.39235851511505904
27,0.8735934881493895,0.5,3,mahalanobis,brute,50,1.0,-0.39235851511505904
27,0.8735934881493895,0.5,3,mahalanobis,brute,50,2.0,-0.39235851511505904
19,0.2485037107972229,0.5,4,euclidean,auto,10,,-0.1946551825342142
19,0.2485037107972229,0.5,4,euclidean,auto,10,1.0,-0.1946551825342142
19,0.2485037107972229,0.5,4,euclidean,auto,10,2.0,-0.1946551825342142
19,0.2485037107972229,0.5,4,euclidean,auto,20,,-0.1946551825342142
19,0.2485037107972229,0.5,4,euclidean,auto,20,1.0,-0.1946551825342142
19,0.2485037107972229,0.5,4,euclidean,auto,20,2.0,-0.1946551825342142
19,0.2485037107972229,0.5,4,euclidean,auto,30,,-0.1946551825342142
19,0.2485037107972229,0.5,4,euclidean,auto,30,1.0,-0.1946551825342142
19,0.2485037107972229,0.5,4,euclidean,auto,30,2.0,-0.1946551825342142
19,0.2485037107972229,0.5,4,euclidean,auto,40,,-0.1946551825342142
19,0.2485037107972229,0.5,4,euclidean,auto,40,1.0,-0.1946551825342142
19,0.2485037107972229,0.5,4,euclidean,auto,40,2.0,-0.1946551825342142
19,0.2485037107972229,0.5,4,euclidean,auto,50,,-0.1946551825342142
19,0.2485037107972229,0.5,4,euclidean,auto,50,1.0,-0.1946551825342142
19,0.2485037107972229,0.5,4,euclidean,auto,50,2.0,-0.1946551825342142
19,0.2485037107972229,0.5,4,euclidean,ball_tree,10,,-0.1946551825342142
19,0.2485037107972229,0.5,4,euclidean,ball_tree,10,1.0,-0.1946551825342142
19,0.2485037107972229,0.5,4,euclidean,ball_tree,10,2.0,-0.1946551825342142
19,0.2485037107972229,0.5,4,euclidean,ball_tree,20,,-0.1946551825342142
19,0.2485037107972229,0.5,4,euclidean,ball_tree,20,1.0,-0.1946551825342142
19,0.2485037107972229,0.5,4,euclidean,ball_tree,20,2.0,-0.1946551825342142
19,0.2485037107972229,0.5,4,euclidean,ball_tree,30,,-0.1946551825342142
19,0.2485037107972229,0.5,4,euclidean,ball_tree,30,1.0,-0.1946551825342142
19,0.2485037107972229,0.5,4,euclidean,ball_tree,30,2.0,-0.1946551825342142
19,0.2485037107972229,0.5,4,euclidean,ball_tree,40,,-0.1946551825342142
19,0.2485037107972229,0.5,4,euclidean,ball_tree,40,1.0,-0.1946551825342142
19,0.2485037107972229,0.5,4,euclidean,ball_tree,40,2.0,-0.1946551825342142
19,0.2485037107972229,0.5,4,euclidean,ball_tree,50,,-0.1946551825342142
19,0.2485037107972229,0.5,4,euclidean,ball_tree,50,1.0,-0.1946551825342142
19,0.2485037107972229,0.5,4,euclidean,ball_tree,50,2.0,-0.1946551825342142
19,0.2485037107972229,0.5,4,euclidean,kd_tree,10,,-0.1946551825342142
19,0.2485037107972229,0.5,4,euclidean,kd_tree,10,1.0,-0.1946551825342142
19,0.2485037107972229,0.5,4,euclidean,kd_tree,10,2.0,-0.1946551825342142
19,0.2485037107972229,0.5,4,euclidean,kd_tree,20,,-0.1946551825342142
19,0.2485037107972229,0.5,4,euclidean,kd_tree,20,1.0,-0.1946551825342142
19,0.2485037107972229,0.5,4,euclidean,kd_tree,20,2.0,-0.1946551825342142
19,0.2485037107972229,0.5,4,euclidean,kd_tree,30,,-0.1946551825342142
19,0.2485037107972229,0.5,4,euclidean,kd_tree,30,1.0,-0.1946551825342142
19,0.2485037107972229,0.5,4,euclidean,kd_tree,30,2.0,-0.1946551825342142
19,0.2485037107972229,0.5,4,euclidean,kd_tree,40,,-0.1946551825342142
19,0.2485037107972229,0.5,4,euclidean,kd_tree,40,1.0,-0.1946551825342142
19,0.2485037107972229,0.5,4,euclidean,kd_tree,40,2.0,-0.1946551825342142
19,0.2485037107972229,0.5,4,euclidean,kd_tree,50,,-0.1946551825342142
19,0.2485037107972229,0.5,4,euclidean,kd_tree,50,1.0,-0.1946551825342142
19,0.2485037107972229,0.5,4,euclidean,kd_tree,50,2.0,-0.1946551825342142
19,0.2485037107972229,0.5,4,euclidean,brute,10,,-0.1946551825342142
19,0.2485037107972229,0.5,4,euclidean,brute,10,1.0,-0.1946551825342142
19,0.2485037107972229,0.5,4,euclidean,brute,10,2.0,-0.1946551825342142
19,0.2485037107972229,0.5,4,euclidean,brute,20,,-0.1946551825342142
19,0.2485037107972229,0.5,4,euclidean,brute,20,1.0,-0.1946551825342142
19,0.2485037107972229,0.5,4,euclidean,brute,20,2.0,-0.1946551825342142
19,0.2485037107972229,0.5,4,euclidean,brute,30,,-0.1946551825342142
19,0.2485037107972229,0.5,4,euclidean,brute,30,1.0,-0.1946551825342142
19,0.2485037107972229,0.5,4,euclidean,brute,30,2.0,-0.1946551825342142
19,0.2485037107972229,0.5,4,euclidean,brute,40,,-0.1946551825342142
19,0.2485037107972229,0.5,4,euclidean,brute,40,1.0,-0.1946551825342142
19,0.2485037107972229,0.5,4,euclidean,brute,40,2.0,-0.1946551825342142
19,0.2485037107972229,0.5,4,euclidean,brute,50,,-0.1946551825342142
19,0.2485037107972229,0.5,4,euclidean,brute,50,1.0,-0.1946551825342142
19,0.2485037107972229,0.5,4,euclidean,brute,50,2.0,-0.1946551825342142
23,0.8194876705769691,0.5,4,manhattan,auto,10,,-0.35370115163342175
23,0.8194876705769691,0.5,4,manhattan,auto,10,1.0,-0.35370115163342175
23,0.8194876705769691,0.5,4,manhattan,auto,10,2.0,-0.35370115163342175
23,0.8194876705769691,0.5,4,manhattan,auto,20,,-0.35370115163342175
23,0.8194876705769691,0.5,4,manhattan,auto,20,1.0,-0.35370115163342175
23,0.8194876705769691,0.5,4,manhattan,auto,20,2.0,-0.35370115163342175
23,0.8194876705769691,0.5,4,manhattan,auto,30,,-0.35370115163342175
23,0.8194876705769691,0.5,4,manhattan,auto,30,1.0,-0.35370115163342175
23,0.8194876705769691,0.5,4,manhattan,auto,30,2.0,-0.35370115163342175
23,0.8194876705769691,0.5,4,manhattan,auto,40,,-0.35370115163342175
23,0.8194876705769691,0.5,4,manhattan,auto,40,1.0,-0.35370115163342175
23,0.8194876705769691,0.5,4,manhattan,auto,40,2.0,-0.35370115163342175
23,0.8194876705769691,0.5,4,manhattan,auto,50,,-0.35370115163342175
23,0.8194876705769691,0.5,4,manhattan,auto,50,1.0,-0.35370115163342175
23,0.8194876705769691,0.5,4,manhattan,auto,50,2.0,-0.35370115163342175
23,0.8194876705769691,0.5,4,manhattan,ball_tree,10,,-0.35370115163342175
23,0.8194876705769691,0.5,4,manhattan,ball_tree,10,1.0,-0.35370115163342175
23,0.8194876705769691,0.5,4,manhattan,ball_tree,10,2.0,-0.35370115163342175
23,0.8194876705769691,0.5,4,manhattan,ball_tree,20,,-0.35370115163342175
23,0.8194876705769691,0.5,4,manhattan,ball_tree,20,1.0,-0.35370115163342175
23,0.8194876705769691,0.5,4,manhattan,ball_tree,20,2.0,-0.35370115163342175
23,0.8194876705769691,0.5,4,manhattan,ball_tree,30,,-0.35370115163342175
23,0.8194876705769691,0.5,4,manhattan,ball_tree,30,1.0,-0.35370115163342175
23,0.8194876705769691,0.5,4,manhattan,ball_tree,30,2.0,-0.35370115163342175
23,0.8194876705769691,0.5,4,manhattan,ball_tree,40,,-0.35370115163342175
23,0.8194876705769691,0.5,4,manhattan,ball_tree,40,1.0,-0.35370115163342175
23,0.8194876705769691,0.5,4,manhattan,ball_tree,40,2.0,-0.35370115163342175
23,0.8194876705769691,0.5,4,manhattan,ball_tree,50,,-0.35370115163342175
23,0.8194876705769691,0.5,4,manhattan,ball_tree,50,1.0,-0.35370115163342175
23,0.8194876705769691,0.5,4,manhattan,ball_tree,50,2.0,-0.35370115163342175
23,0.8194876705769691,0.5,4,manhattan,kd_tree,10,,-0.35370115163342175
23,0.8194876705769691,0.5,4,manhattan,kd_tree,10,1.0,-0.35370115163342175
23,0.8194876705769691,0.5,4,manhattan,kd_tree,10,2.0,-0.35370115163342175
23,0.8194876705769691,0.5,4,manhattan,kd_tree,20,,-0.35370115163342175
23,0.8194876705769691,0.5,4,manhattan,kd_tree,20,1.0,-0.35370115163342175
23,0.8194876705769691,0.5,4,manhattan,kd_tree,20,2.0,-0.35370115163342175
23,0.8194876705769691,0.5,4,manhattan,kd_tree,30,,-0.35370115163342175
23,0.8194876705769691,0.5,4,manhattan,kd_tree,30,1.0,-0.35370115163342175
23,0.8194876705769691,0.5,4,manhattan,kd_tree,30,2.0,-0.35370115163342175
23,0.8194876705769691,0.5,4,manhattan,kd_tree,40,,-0.35370115163342175
23,0.8194876705769691,0.5,4,manhattan,kd_tree,40,1.0,-0.35370115163342175
23,0.8194876705769691,0.5,4,manhattan,kd_tree,40,2.0,-0.35370115163342175
23,0.8194876705769691,0.5,4,manhattan,kd_tree,50,,-0.35370115163342175
23,0.8194876705769691,0.5,4,manhattan,kd_tree,50,1.0,-0.35370115163342175
23,0.8194876705769691,0.5,4,manhattan,kd_tree,50,2.0,-0.35370115163342175
23,0.8194876705769691,0.5,4,manhattan,brute,10,,-0.35370115163342175
23,0.8194876705769691,0.5,4,manhattan,brute,10,1.0,-0.35370115163342175
23,0.8194876705769691,0.5,4,manhattan,brute,10,2.0,-0.35370115163342175
23,0.8194876705769691,0.5,4,manhattan,brute,20,,-0.35370115163342175
23,0.8194876705769691,0.5,4,manhattan,brute,20,1.0,-0.35370115163342175
23,0.8194876705769691,0.5,4,manhattan,brute,20,2.0,-0.35370115163342175
23,0.8194876705769691,0.5,4,manhattan,brute,30,,-0.35370115163342175
23,0.8194876705769691,0.5,4,manhattan,brute,30,1.0,-0.35370115163342175
23,0.8194876705769691,0.5,4,manhattan,brute,30,2.0,-0.35370115163342175
23,0.8194876705769691,0.5,4,manhattan,brute,40,,-0.35370115163342175
23,0.8194876705769691,0.5,4,manhattan,brute,40,1.0,-0.35370115163342175
23,0.8194876705769691,0.5,4,manhattan,brute,40,2.0,-0.35370115163342175
23,0.8194876705769691,0.5,4,manhattan,brute,50,,-0.35370115163342175
23,0.8194876705769691,0.5,4,manhattan,brute,50,1.0,-0.35370115163342175
23,0.8194876705769691,0.5,4,manhattan,brute,50,2.0,-0.35370115163342175
12,0.8970553028489346,0.5,4,mahalanobis,auto,10,,-0.28295264054112984
12,0.8970553028489346,0.5,4,mahalanobis,auto,10,1.0,-0.28295264054112984
12,0.8970553028489346,0.5,4,mahalanobis,auto,10,2.0,-0.28295264054112984
12,0.8970553028489346,0.5,4,mahalanobis,auto,20,,-0.28295264054112984
12,0.8970553028489346,0.5,4,mahalanobis,auto,20,1.0,-0.28295264054112984
12,0.8970553028489346,0.5,4,mahalanobis,auto,20,2.0,-0.28295264054112984
12,0.8970553028489346,0.5,4,mahalanobis,auto,30,,-0.28295264054112984
12,0.8970553028489346,0.5,4,mahalanobis,auto,30,1.0,-0.28295264054112984
12,0.8970553028489346,0.5,4,mahalanobis,auto,30,2.0,-0.28295264054112984
12,0.8970553028489346,0.5,4,mahalanobis,auto,40,,-0.28295264054112984
12,0.8970553028489346,0.5,4,mahalanobis,auto,40,1.0,-0.28295264054112984
12,0.8970553028489346,0.5,4,mahalanobis,auto,40,2.0,-0.28295264054112984
12,0.8970553028489346,0.5,4,mahalanobis,auto,50,,-0.28295264054112984
12,0.8970553028489346,0.5,4,mahalanobis,auto,50,1.0,-0.28295264054112984
12,0.8970553028489346,0.5,4,mahalanobis,auto,50,2.0,-0.28295264054112984
12,0.8970553028489346,0.5,4,mahalanobis,ball_tree,10,,-0.28295264054112984
12,0.8970553028489346,0.5,4,mahalanobis,ball_tree,10,1.0,-0.28295264054112984
12,0.8970553028489346,0.5,4,mahalanobis,ball_tree,10,2.0,-0.28295264054112984
12,0.8970553028489346,0.5,4,mahalanobis,ball_tree,20,,-0.28295264054112984
12,0.8970553028489346,0.5,4,mahalanobis,ball_tree,20,1.0,-0.28295264054112984
12,0.8970553028489346,0.5,4,mahalanobis,ball_tree,20,2.0,-0.28295264054112984
12,0.8970553028489346,0.5,4,mahalanobis,ball_tree,30,,-0.28295264054112984
12,0.8970553028489346,0.5,4,mahalanobis,ball_tree,30,1.0,-0.28295264054112984
12,0.8970553028489346,0.5,4,mahalanobis,ball_tree,30,2.0,-0.28295264054112984
12,0.8970553028489346,0.5,4,mahalanobis,ball_tree,40,,-0.28295264054112984
12,0.8970553028489346,0.5,4,mahalanobis,ball_tree,40,1.0,-0.28295264054112984
12,0.8970553028489346,0.5,4,mahalanobis,ball_tree,40,2.0,-0.28295264054112984
12,0.8970553028489346,0.5,4,mahalanobis,ball_tree,50,,-0.28295264054112984
12,0.8970553028489346,0.5,4,mahalanobis,ball_tree,50,1.0,-0.28295264054112984
12,0.8970553028489346,0.5,4,mahalanobis,ball_tree,50,2.0,-0.28295264054112984
12,0.8970553028489346,0.5,4,mahalanobis,kd_tree,10,,-0.28295264054112984
12,0.8970553028489346,0.5,4,mahalanobis,kd_tree,10,1.0,-0.28295264054112984
12,0.8970553028489346,0.5,4,mahalanobis,kd_tree,10,2.0,-0.28295264054112984
12,0.8970553028489346,0.5,4,mahalanobis,kd_tree,20,,-0.28295264054112984
12,0.8970553028489346,0.5,4,mahalanobis,kd_tree,20,1.0,-0.28295264054112984
12,0.8970553028489346,0.5,4,mahalanobis,kd_tree,20,2.0,-0.28295264054112984
12,0.8970553028489346,0.5,4,mahalanobis,kd_tree,30,,-0.28295264054112984
12,0.8970553028489346,0.5,4,mahalanobis,kd_tree,30,1.0,-0.28295264054112984
12,0.8970553028489346,0.5,4,mahalanobis,kd_tree,30,2.0,-0.28295264054112984
12,0.8970553028489346,0.5,4,mahalanobis,kd_tree,40,,-0.28295264054112984
12,0.8970553028489346,0.5,4,mahalanobis,kd_tree,40,1.0,-0.28295264054112984
12,0.8970553028489346,0.5,4,mahalanobis,kd_tree,40,2.0,-0.28295264054112984
12,0.8970553028489346,0.5,4,mahalanobis,kd_tree,50,,-0.28295264054112984
12,0.8970553028489346,0.5,4,mahalanobis,kd_tree,50,1.0,-0.28295264054112984
12,0.8970553028489346,0.5,4,mahalanobis,kd_tree,50,2.0,-0.28295264054112984
12,0.8970553028489346,0.5,4,mahalanobis,brute,10,,-0.28295264054112984
12,0.8970553028489346,0.5,4,mahalanobis,brute,10,1.0,-0.28295264054112984
12,0.8970553028489346,0.5,4,mahalanobis,brute,10,2.0,-0.28295264054112984
12,0.8970553028489346,0.5,4,mahalanobis,brute,20,,-0.28295264054112984
12,0.8970553028489346,0.5,4,mahalanobis,brute,20,1.0,-0.28295264054112984
12,0.8970553028489346,0.5,4,mahalanobis,brute,20,2.0,-0.28295264054112984
12,0.8970553028489346,0.5,4,mahalanobis,brute,30,,-0.28295264054112984
12,0.8970553028489346,0.5,4,mahalanobis,brute,30,1.0,-0.28295264054112984
12,0.8970553028489346,0.5,4,mahalanobis,brute,30,2.0,-0.28295264054112984
12,0.8970553028489346,0.5,4,mahalanobis,brute,40,,-0.28295264054112984
12,0.8970553028489346,0.5,4,mahalanobis,brute,40,1.0,-0.28295264054112984
12,0.8970553028489346,0.5,4,mahalanobis,brute,40,2.0,-0.28295264054112984
12,0.8970553028489346,0.5,4,mahalanobis,brute,50,,-0.28295264054112984
12,0.8970553028489346,0.5,4,mahalanobis,brute,50,1.0,-0.28295264054112984
12,0.8970553028489346,0.5,4,mahalanobis,brute,50,2.0,-0.28295264054112984
16,0.27028968158965766,0.5,5,euclidean,auto,10,,-0.21393433361553504
16,0.27028968158965766,0.5,5,euclidean,auto,10,1.0,-0.21393433361553504
16,0.27028968158965766,0.5,5,euclidean,auto,10,2.0,-0.21393433361553504
16,0.27028968158965766,0.5,5,euclidean,auto,20,,-0.21393433361553504
16,0.27028968158965766,0.5,5,euclidean,auto,20,1.0,-0.21393433361553504
16,0.27028968158965766,0.5,5,euclidean,auto,20,2.0,-0.21393433361553504
16,0.27028968158965766,0.5,5,euclidean,auto,30,,-0.21393433361553504
16,0.27028968158965766,0.5,5,euclidean,auto,30,1.0,-0.21393433361553504
16,0.27028968158965766,0.5,5,euclidean,auto,30,2.0,-0.21393433361553504
16,0.27028968158965766,0.5,5,euclidean,auto,40,,-0.21393433361553504
16,0.27028968158965766,0.5,5,euclidean,auto,40,1.0,-0.21393433361553504
16,0.27028968158965766,0.5,5,euclidean,auto,40,2.0,-0.21393433361553504
16,0.27028968158965766,0.5,5,euclidean,auto,50,,-0.21393433361553504
16,0.27028968158965766,0.5,5,euclidean,auto,50,1.0,-0.21393433361553504
16,0.27028968158965766,0.5,5,euclidean,auto,50,2.0,-0.21393433361553504
16,0.27028968158965766,0.5,5,euclidean,ball_tree,10,,-0.21393433361553504
16,0.27028968158965766,0.5,5,euclidean,ball_tree,10,1.0,-0.21393433361553504
16,0.27028968158965766,0.5,5,euclidean,ball_tree,10,2.0,-0.21393433361553504
16,0.27028968158965766,0.5,5,euclidean,ball_tree,20,,-0.21393433361553504
16,0.27028968158965766,0.5,5,euclidean,ball_tree,20,1.0,-0.21393433361553504
16,0.27028968158965766,0.5,5,euclidean,ball_tree,20,2.0,-0.21393433361553504
16,0.27028968158965766,0.5,5,euclidean,ball_tree,30,,-0.21393433361553504
16,0.27028968158965766,0.5,5,euclidean,ball_tree,30,1.0,-0.21393433361553504
16,0.27028968158965766,0.5,5,euclidean,ball_tree,30,2.0,-0.21393433361553504
16,0.27028968158965766,0.5,5,euclidean,ball_tree,40,,-0.21393433361553504
16,0.27028968158965766,0.5,5,euclidean,ball_tree,40,1.0,-0.21393433361553504
16,0.27028968158965766,0.5,5,euclidean,ball_tree,40,2.0,-0.21393433361553504
16,0.27028968158965766,0.5,5,euclidean,ball_tree,50,,-0.21393433361553504
16,0.27028968158965766,0.5,5,euclidean,ball_tree,50,1.0,-0.21393433361553504
16,0.27028968158965766,0.5,5,euclidean,ball_tree,50,2.0,-0.21393433361553504
16,0.27028968158965766,0.5,5,euclidean,kd_tree,10,,-0.21393433361553504
16,0.27028968158965766,0.5,5,euclidean,kd_tree,10,1.0,-0.21393433361553504
16,0.27028968158965766,0.5,5,euclidean,kd_tree,10,2.0,-0.21393433361553504
16,0.27028968158965766,0.5,5,euclidean,kd_tree,20,,-0.21393433361553504
16,0.27028968158965766,0.5,5,euclidean,kd_tree,20,1.0,-0.21393433361553504
16,0.27028968158965766,0.5,5,euclidean,kd_tree,20,2.0,-0.21393433361553504
16,0.27028968158965766,0.5,5,euclidean,kd_tree,30,,-0.21393433361553504
16,0.27028968158965766,0.5,5,euclidean,kd_tree,30,1.0,-0.21393433361553504
16,0.27028968158965766,0.5,5,euclidean,kd_tree,30,2.0,-0.21393433361553504
16,0.27028968158965766,0.5,5,euclidean,kd_tree,40,,-0.21393433361553504
16,0.27028968158965766,0.5,5,euclidean,kd_tree,40,1.0,-0.21393433361553504
16,0.27028968158965766,0.5,5,euclidean,kd_tree,40,2.0,-0.21393433361553504
16,0.27028968158965766,0.5,5,euclidean,kd_tree,50,,-0.21393433361553504
16,0.27028968158965766,0.5,5,euclidean,kd_tree,50,1.0,-0.21393433361553504
16,0.27028968158965766,0.5,5,euclidean,kd_tree,50,2.0,-0.21393433361553504
16,0.27028968158965766,0.5,5,euclidean,brute,10,,-0.21393433361553504
16,0.27028968158965766,0.5,5,euclidean,brute,10,1.0,-0.21393433361553504
16,0.27028968158965766,0.5,5,euclidean,brute,10,2.0,-0.21393433361553504
16,0.27028968158965766,0.5,5,euclidean,brute,20,,-0.21393433361553504
16,0.27028968158965766,0.5,5,euclidean,brute,20,1.0,-0.21393433361553504
16,0.27028968158965766,0.5,5,euclidean,brute,20,2.0,-0.21393433361553504
16,0.27028968158965766,0.5,5,euclidean,brute,30,,-0.21393433361553504
16,0.27028968158965766,0.5,5,euclidean,brute,30,1.0,-0.21393433361553504
16,0.27028968158965766,0.5,5,euclidean,brute,30,2.0,-0.21393433361553504
16,0.27028968158965766,0.5,5,euclidean,brute,40,,-0.21393433361553504
16,0.27028968158965766,0.5,5,euclidean,brute,40,1.0,-0.21393433361553504
16,0.27028968158965766,0.5,5,euclidean,brute,40,2.0,-0.21393433361553504
16,0.27028968158965766,0.5,5,euclidean,brute,50,,-0.21393433361553504
16,0.27028968158965766,0.5,5,euclidean,brute,50,1.0,-0.21393433361553504
16,0.27028968158965766,0.5,5,euclidean,brute,50,2.0,-0.21393433361553504
12,0.8415130476418482,0.5,5,manhattan,auto,10,,-0.3311753620782196
12,0.8415130476418482,0.5,5,manhattan,auto,10,1.0,-0.3311753620782196
12,0.8415130476418482,0.5,5,manhattan,auto,10,2.0,-0.3311753620782196
12,0.8415130476418482,0.5,5,manhattan,auto,20,,-0.3311753620782196
12,0.8415130476418482,0.5,5,manhattan,auto,20,1.0,-0.3311753620782196
12,0.8415130476418482,0.5,5,manhattan,auto,20,2.0,-0.3311753620782196
12,0.8415130476418482,0.5,5,manhattan,auto,30,,-0.3311753620782196
12,0.8415130476418482,0.5,5,manhattan,auto,30,1.0,-0.3311753620782196
12,0.8415130476418482,0.5,5,manhattan,auto,30,2.0,-0.3311753620782196
12,0.8415130476418482,0.5,5,manhattan,auto,40,,-0.3311753620782196
12,0.8415130476418482,0.5,5,manhattan,auto,40,1.0,-0.3311753620782196
12,0.8415130476418482,0.5,5,manhattan,auto,40,2.0,-0.3311753620782196
12,0.8415130476418482,0.5,5,manhattan,auto,50,,-0.3311753620782196
12,0.8415130476418482,0.5,5,manhattan,auto,50,1.0,-0.3311753620782196
12,0.8415130476418482,0.5,5,manhattan,auto,50,2.0,-0.3311753620782196
12,0.8415130476418482,0.5,5,manhattan,ball_tree,10,,-0.3311753620782196
12,0.8415130476418482,0.5,5,manhattan,ball_tree,10,1.0,-0.3311753620782196
12,0.8415130476418482,0.5,5,manhattan,ball_tree,10,2.0,-0.3311753620782196
12,0.8415130476418482,0.5,5,manhattan,ball_tree,20,,-0.3311753620782196
12,0.8415130476418482,0.5,5,manhattan,ball_tree,20,1.0,-0.3311753620782196
12,0.8415130476418482,0.5,5,manhattan,ball_tree,20,2.0,-0.3311753620782196
12,0.8415130476418482,0.5,5,manhattan,ball_tree,30,,-0.3311753620782196
12,0.8415130476418482,0.5,5,manhattan,ball_tree,30,1.0,-0.3311753620782196
12,0.8415130476418482,0.5,5,manhattan,ball_tree,30,2.0,-0.3311753620782196
12,0.8415130476418482,0.5,5,manhattan,ball_tree,40,,-0.3311753620782196
12,0.8415130476418482,0.5,5,manhattan,ball_tree,40,1.0,-0.3311753620782196
12,0.8415130476418482,0.5,5,manhattan,ball_tree,40,2.0,-0.3311753620782196
12,0.8415130476418482,0.5,5,manhattan,ball_tree,50,,-0.3311753620782196
12,0.8415130476418482,0.5,5,manhattan,ball_tree,50,1.0,-0.3311753620782196
12,0.8415130476418482,0.5,5,manhattan,ball_tree,50,2.0,-0.3311753620782196
12,0.8415130476418482,0.5,5,manhattan,kd_tree,10,,-0.3311753620782196
12,0.8415130476418482,0.5,5,manhattan,kd_tree,10,1.0,-0.3311753620782196
12,0.8415130476418482,0.5,5,manhattan,kd_tree,10,2.0,-0.3311753620782196
12,0.8415130476418482,0.5,5,manhattan,kd_tree,20,,-0.3311753620782196
12,0.8415130476418482,0.5,5,manhattan,kd_tree,20,1.0,-0.3311753620782196
12,0.8415130476418482,0.5,5,manhattan,kd_tree,20,2.0,-0.3311753620782196
12,0.8415130476418482,0.5,5,manhattan,kd_tree,30,,-0.3311753620782196
12,0.8415130476418482,0.5,5,manhattan,kd_tree,30,1.0,-0.3311753620782196
12,0.8415130476418482,0.5,5,manhattan,kd_tree,30,2.0,-0.3311753620782196
12,0.8415130476418482,0.5,5,manhattan,kd_tree,40,,-0.3311753620782196
12,0.8415130476418482,0.5,5,manhattan,kd_tree,40,1.0,-0.3311753620782196
12,0.8415130476418482,0.5,5,manhattan,kd_tree,40,2.0,-0.3311753620782196
12,0.8415130476418482,0.5,5,manhattan,kd_tree,50,,-0.3311753620782196
12,0.8415130476418482,0.5,5,manhattan,kd_tree,50,1.0,-0.3311753620782196
12,0.8415130476418482,0.5,5,manhattan,kd_tree,50,2.0,-0.3311753620782196
12,0.8415130476418482,0.5,5,manhattan,brute,10,,-0.3311753620782196
12,0.8415130476418482,0.5,5,manhattan,brute,10,1.0,-0.3311753620782196
12,0.8415130476418482,0.5,5,manhattan,brute,10,2.0,-0.3311753620782196
12,0.8415130476418482,0.5,5,manhattan,brute,20,,-0.3311753620782196
12,0.8415130476418482,0.5,5,manhattan,brute,20,1.0,-0.3311753620782196
12,0.8415130476418482,0.5,5,manhattan,brute,20,2.0,-0.3311753620782196
12,0.8415130476418482,0.5,5,manhattan,brute,30,,-0.3311753620782196
12,0.8415130476418482,0.5,5,manhattan,brute,30,1.0,-0.3311753620782196
12,0.8415130476418482,0.5,5,manhattan,brute,30,2.0,-0.3311753620782196
12,0.8415130476418482,0.5,5,manhattan,brute,40,,-0.3311753620782196
12,0.8415130476418482,0.5,5,manhattan,brute,40,1.0,-0.3311753620782196
12,0.8415130476418482,0.5,5,manhattan,brute,40,2.0,-0.3311753620782196
12,0.8415130476418482,0.5,5,manhattan,brute,50,,-0.3311753620782196
12,0.8415130476418482,0.5,5,manhattan,brute,50,1.0,-0.3311753620782196
12,0.8415130476418482,0.5,5,manhattan,brute,50,2.0,-0.3311753620782196
8,0.9118984917404837,0.5,5,mahalanobis,auto,10,,-0.20976525363813364
8,0.9118984917404837,0.5,5,mahalanobis,auto,10,1.0,-0.20976525363813364
8,0.9118984917404837,0.5,5,mahalanobis,auto,10,2.0,-0.20976525363813364
8,0.9118984917404837,0.5,5,mahalanobis,auto,20,,-0.20976525363813364
8,0.9118984917404837,0.5,5,mahalanobis,auto,20,1.0,-0.20976525363813364
8,0.9118984917404837,0.5,5,mahalanobis,auto,20,2.0,-0.20976525363813364
8,0.9118984917404837,0.5,5,mahalanobis,auto,30,,-0.20976525363813364
8,0.9118984917404837,0.5,5,mahalanobis,auto,30,1.0,-0.20976525363813364
8,0.9118984917404837,0.5,5,mahalanobis,auto,30,2.0,-0.20976525363813364
8,0.9118984917404837,0.5,5,mahalanobis,auto,40,,-0.20976525363813364
8,0.9118984917404837,0.5,5,mahalanobis,auto,40,1.0,-0.20976525363813364
8,0.9118984917404837,0.5,5,mahalanobis,auto,40,2.0,-0.20976525363813364
8,0.9118984917404837,0.5,5,mahalanobis,auto,50,,-0.20976525363813364
8,0.9118984917404837,0.5,5,mahalanobis,auto,50,1.0,-0.20976525363813364
8,0.9118984917404837,0.5,5,mahalanobis,auto,50,2.0,-0.20976525363813364
8,0.9118984917404837,0.5,5,mahalanobis,ball_tree,10,,-0.20976525363813364
8,0.9118984917404837,0.5,5,mahalanobis,ball_tree,10,1.0,-0.20976525363813364
8,0.9118984917404837,0.5,5,mahalanobis,ball_tree,10,2.0,-0.20976525363813364
8,0.9118984917404837,0.5,5,mahalanobis,ball_tree,20,,-0.20976525363813364
8,0.9118984917404837,0.5,5,mahalanobis,ball_tree,20,1.0,-0.20976525363813364
8,0.9118984917404837,0.5,5,mahalanobis,ball_tree,20,2.0,-0.20976525363813364
8,0.9118984917404837,0.5,5,mahalanobis,ball_tree,30,,-0.20976525363813364
8,0.9118984917404837,0.5,5,mahalanobis,ball_tree,30,1.0,-0.20976525363813364
8,0.9118984917404837,0.5,5,mahalanobis,ball_tree,30,2.0,-0.20976525363813364
8,0.9118984917404837,0.5,5,mahalanobis,ball_tree,40,,-0.20976525363813364
8,0.9118984917404837,0.5,5,mahalanobis,ball_tree,40,1.0,-0.20976525363813364
8,0.9118984917404837,0.5,5,mahalanobis,ball_tree,40,2.0,-0.20976525363813364
8,0.9118984917404837,0.5,5,mahalanobis,ball_tree,50,,-0.20976525363813364
8,0.9118984917404837,0.5,5,mahalanobis,ball_tree,50,1.0,-0.20976525363813364
8,0.9118984917404837,0.5,5,mahalanobis,ball_tree,50,2.0,-0.20976525363813364
8,0.9118984917404837,0.5,5,mahalanobis,kd_tree,10,,-0.20976525363813364
8,0.9118984917404837,0.5,5,mahalanobis,kd_tree,10,1.0,-0.20976525363813364
8,0.9118984917404837,0.5,5,mahalanobis,kd_tree,10,2.0,-0.20976525363813364
8,0.9118984917404837,0.5,5,mahalanobis,kd_tree,20,,-0.20976525363813364
8,0.9118984917404837,0.5,5,mahalanobis,kd_tree,20,1.0,-0.20976525363813364
8,0.9118984917404837,0.5,5,mahalanobis,kd_tree,20,2.0,-0.20976525363813364
8,0.9118984917404837,0.5,5,mahalanobis,kd_tree,30,,-0.20976525363813364
8,0.9118984917404837,0.5,5,mahalanobis,kd_tree,30,1.0,-0.20976525363813364
8,0.9118984917404837,0.5,5,mahalanobis,kd_tree,30,2.0,-0.20976525363813364
8,0.9118984917404837,0.5,5,mahalanobis,kd_tree,40,,-0.20976525363813364
8,0.9118984917404837,0.5,5,mahalanobis,kd_tree,40,1.0,-0.20976525363813364
8,0.9118984917404837,0.5,5,mahalanobis,kd_tree,40,2.0,-0.20976525363813364
8,0.9118984917404837,0.5,5,mahalanobis,kd_tree,50,,-0.20976525363813364
8,0.9118984917404837,0.5,5,mahalanobis,kd_tree,50,1.0,-0.20976525363813364
8,0.9118984917404837,0.5,5,mahalanobis,kd_tree,50,2.0,-0.20976525363813364
8,0.9118984917404837,0.5,5,mahalanobis,brute,10,,-0.20976525363813364
8,0.9118984917404837,0.5,5,mahalanobis,brute,10,1.0,-0.20976525363813364
8,0.9118984917404837,0.5,5,mahalanobis,brute,10,2.0,-0.20976525363813364
8,0.9118984917404837,0.5,5,mahalanobis,brute,20,,-0.20976525363813364
8,0.9118984917404837,0.5,5,mahalanobis,brute,20,1.0,-0.20976525363813364
8,0.9118984917404837,0.5,5,mahalanobis,brute,20,2.0,-0.20976525363813364
8,0.9118984917404837,0.5,5,mahalanobis,brute,30,,-0.20976525363813364
8,0.9118984917404837,0.5,5,mahalanobis,brute,30,1.0,-0.20976525363813364
8,0.9118984917404837,0.5,5,mahalanobis,brute,30,2.0,-0.20976525363813364
8,0.9118984917404837,0.5,5,mahalanobis,brute,40,,-0.20976525363813364
8,0.9118984917404837,0.5,5,mahalanobis,brute,40,1.0,-0.20976525363813364
8,0.9118984917404837,0.5,5,mahalanobis,brute,40,2.0,-0.20976525363813364
8,0.9118984917404837,0.5,5,mahalanobis,brute,50,,-0.20976525363813364
8,0.9118984917404837,0.5,5,mahalanobis,brute,50,1.0,-0.20976525363813364
8,0.9118984917404837,0.5,5,mahalanobis,brute,50,2.0,-0.20976525363813364
7,0.29470912137898014,0.5,6,euclidean,auto,10,,-0.04212342842609677
7,0.29470912137898014,0.5,6,euclidean,auto,10,1.0,-0.04212342842609677
7,0.29470912137898014,0.5,6,euclidean,auto,10,2.0,-0.04212342842609677
7,0.29470912137898014,0.5,6,euclidean,auto,20,,-0.04212342842609677
7,0.29470912137898014,0.5,6,euclidean,auto,20,1.0,-0.04212342842609677
7,0.29470912137898014,0.5,6,euclidean,auto,20,2.0,-0.04212342842609677
7,0.29470912137898014,0.5,6,euclidean,auto,30,,-0.04212342842609677
7,0.29470912137898014,0.5,6,euclidean,auto,30,1.0,-0.04212342842609677
7,0.29470912137898014,0.5,6,euclidean,auto,30,2.0,-0.04212342842609677
7,0.29470912137898014,0.5,6,euclidean,auto,40,,-0.04212342842609677
7,0.29470912137898014,0.5,6,euclidean,auto,40,1.0,-0.04212342842609677
7,0.29470912137898014,0.5,6,euclidean,auto,40,2.0,-0.04212342842609677
7,0.29470912137898014,0.5,6,euclidean,auto,50,,-0.04212342842609677
7,0.29470912137898014,0.5,6,euclidean,auto,50,1.0,-0.04212342842609677
7,0.29470912137898014,0.5,6,euclidean,auto,50,2.0,-0.04212342842609677
7,0.29470912137898014,0.5,6,euclidean,ball_tree,10,,-0.04212342842609677
7,0.29470912137898014,0.5,6,euclidean,ball_tree,10,1.0,-0.04212342842609677
7,0.29470912137898014,0.5,6,euclidean,ball_tree,10,2.0,-0.04212342842609677
7,0.29470912137898014,0.5,6,euclidean,ball_tree,20,,-0.04212342842609677
7,0.29470912137898014,0.5,6,euclidean,ball_tree,20,1.0,-0.04212342842609677
7,0.29470912137898014,0.5,6,euclidean,ball_tree,20,2.0,-0.04212342842609677
7,0.29470912137898014,0.5,6,euclidean,ball_tree,30,,-0.04212342842609677
7,0.29470912137898014,0.5,6,euclidean,ball_tree,30,1.0,-0.04212342842609677
7,0.29470912137898014,0.5,6,euclidean,ball_tree,30,2.0,-0.04212342842609677
7,0.29470912137898014,0.5,6,euclidean,ball_tree,40,,-0.04212342842609677
7,0.29470912137898014,0.5,6,euclidean,ball_tree,40,1.0,-0.04212342842609677
7,0.29470912137898014,0.5,6,euclidean,ball_tree,40,2.0,-0.04212342842609677
7,0.29470912137898014,0.5,6,euclidean,ball_tree,50,,-0.04212342842609677
7,0.29470912137898014,0.5,6,euclidean,ball_tree,50,1.0,-0.04212342842609677
7,0.29470912137898014,0.5,6,euclidean,ball_tree,50,2.0,-0.04212342842609677
7,0.29470912137898014,0.5,6,euclidean,kd_tree,10,,-0.04212342842609677
7,0.29470912137898014,0.5,6,euclidean,kd_tree,10,1.0,-0.04212342842609677
7,0.29470912137898014,0.5,6,euclidean,kd_tree,10,2.0,-0.04212342842609677
7,0.29470912137898014,0.5,6,euclidean,kd_tree,20,,-0.04212342842609677
7,0.29470912137898014,0.5,6,euclidean,kd_tree,20,1.0,-0.04212342842609677
7,0.29470912137898014,0.5,6,euclidean,kd_tree,20,2.0,-0.04212342842609677
7,0.29470912137898014,0.5,6,euclidean,kd_tree,30,,-0.04212342842609677
7,0.29470912137898014,0.5,6,euclidean,kd_tree,30,1.0,-0.04212342842609677
7,0.29470912137898014,0.5,6,euclidean,kd_tree,30,2.0,-0.04212342842609677
7,0.29470912137898014,0.5,6,euclidean,kd_tree,40,,-0.04212342842609677
7,0.29470912137898014,0.5,6,euclidean,kd_tree,40,1.0,-0.04212342842609677
7,0.29470912137898014,0.5,6,euclidean,kd_tree,40,2.0,-0.04212342842609677
7,0.29470912137898014,0.5,6,euclidean,kd_tree,50,,-0.04212342842609677
7,0.29470912137898014,0.5,6,euclidean,kd_tree,50,1.0,-0.04212342842609677
7,0.29470912137898014,0.5,6,euclidean,kd_tree,50,2.0,-0.04212342842609677
7,0.29470912137898014,0.5,6,euclidean,brute,10,,-0.04212342842609677
7,0.29470912137898014,0.5,6,euclidean,brute,10,1.0,-0.04212342842609677
7,0.29470912137898014,0.5,6,euclidean,brute,10,2.0,-0.04212342842609677
7,0.29470912137898014,0.5,6,euclidean,brute,20,,-0.04212342842609677
7,0.29470912137898014,0.5,6,euclidean,brute,20,1.0,-0.04212342842609677
7,0.29470912137898014,0.5,6,euclidean,brute,20,2.0,-0.04212342842609677
7,0.29470912137898014,0.5,6,euclidean,brute,30,,-0.04212342842609677
7,0.29470912137898014,0.5,6,euclidean,brute,30,1.0,-0.04212342842609677
7,0.29470912137898014,0.5,6,euclidean,brute,30,2.0,-0.04212342842609677
7,0.29470912137898014,0.5,6,euclidean,brute,40,,-0.04212342842609677
7,0.29470912137898014,0.5,6,euclidean,brute,40,1.0,-0.04212342842609677
7,0.29470912137898014,0.5,6,euclidean,brute,40,2.0,-0.04212342842609677
7,0.29470912137898014,0.5,6,euclidean,brute,50,,-0.04212342842609677
7,0.29470912137898014,0.5,6,euclidean,brute,50,1.0,-0.04212342842609677
7,0.29470912137898014,0.5,6,euclidean,brute,50,2.0,-0.04212342842609677
12,0.8561168302609529,0.5,6,manhattan,auto,10,,-0.2636020488328933
12,0.8561168302609529,0.5,6,manhattan,auto,10,1.0,-0.2636020488328933
12,0.8561168302609529,0.5,6,manhattan,auto,10,2.0,-0.2636020488328933
12,0.8561168302609529,0.5,6,manhattan,auto,20,,-0.2636020488328933
12,0.8561168302609529,0.5,6,manhattan,auto,20,1.0,-0.2636020488328933
12,0.8561168302609529,0.5,6,manhattan,auto,20,2.0,-0.2636020488328933
12,0.8561168302609529,0.5,6,manhattan,auto,30,,-0.2636020488328933
12,0.8561168302609529,0.5,6,manhattan,auto,30,1.0,-0.2636020488328933
12,0.8561168302609529,0.5,6,manhattan,auto,30,2.0,-0.2636020488328933
12,0.8561168302609529,0.5,6,manhattan,auto,40,,-0.2636020488328933
12,0.8561168302609529,0.5,6,manhattan,auto,40,1.0,-0.2636020488328933
12,0.8561168302609529,0.5,6,manhattan,auto,40,2.0,-0.2636020488328933
12,0.8561168302609529,0.5,6,manhattan,auto,50,,-0.2636020488328933
12,0.8561168302609529,0.5,6,manhattan,auto,50,1.0,-0.2636020488328933
12,0.8561168302609529,0.5,6,manhattan,auto,50,2.0,-0.2636020488328933
12,0.8561168302609529,0.5,6,manhattan,ball_tree,10,,-0.2636020488328933
12,0.8561168302609529,0.5,6,manhattan,ball_tree,10,1.0,-0.2636020488328933
12,0.8561168302609529,0.5,6,manhattan,ball_tree,10,2.0,-0.2636020488328933
12,0.8561168302609529,0.5,6,manhattan,ball_tree,20,,-0.2636020488328933
12,0.8561168302609529,0.5,6,manhattan,ball_tree,20,1.0,-0.2636020488328933
12,0.8561168302609529,0.5,6,manhattan,ball_tree,20,2.0,-0.2636020488328933
12,0.8561168302609529,0.5,6,manhattan,ball_tree,30,,-0.2636020488328933
12,0.8561168302609529,0.5,6,manhattan,ball_tree,30,1.0,-0.2636020488328933
12,0.8561168302609529,0.5,6,manhattan,ball_tree,30,2.0,-0.2636020488328933
12,0.8561168302609529,0.5,6,manhattan,ball_tree,40,,-0.2636020488328933
12,0.8561168302609529,0.5,6,manhattan,ball_tree,40,1.0,-0.2636020488328933
12,0.8561168302609529,0.5,6,manhattan,ball_tree,40,2.0,-0.2636020488328933
12,0.8561168302609529,0.5,6,manhattan,ball_tree,50,,-0.2636020488328933
12,0.8561168302609529,0.5,6,manhattan,ball_tree,50,1.0,-0.2636020488328933
12,0.8561168302609529,0.5,6,manhattan,ball_tree,50,2.0,-0.2636020488328933
12,0.8561168302609529,0.5,6,manhattan,kd_tree,10,,-0.2636020488328933
12,0.8561168302609529,0.5,6,manhattan,kd_tree,10,1.0,-0.2636020488328933
12,0.8561168302609529,0.5,6,manhattan,kd_tree,10,2.0,-0.2636020488328933
12,0.8561168302609529,0.5,6,manhattan,kd_tree,20,,-0.2636020488328933
12,0.8561168302609529,0.5,6,manhattan,kd_tree,20,1.0,-0.2636020488328933
12,0.8561168302609529,0.5,6,manhattan,kd_tree,20,2.0,-0.2636020488328933
12,0.8561168302609529,0.5,6,manhattan,kd_tree,30,,-0.2636020488328933
12,0.8561168302609529,0.5,6,manhattan,kd_tree,30,1.0,-0.2636020488328933
12,0.8561168302609529,0.5,6,manhattan,kd_tree,30,2.0,-0.2636020488328933
12,0.8561168302609529,0.5,6,manhattan,kd_tree,40,,-0.2636020488328933
12,0.8561168302609529,0.5,6,manhattan,kd_tree,40,1.0,-0.2636020488328933
12,0.8561168302609529,0.5,6,manhattan,kd_tree,40,2.0,-0.2636020488328933
12,0.8561168302609529,0.5,6,manhattan,kd_tree,50,,-0.2636020488328933
12,0.8561168302609529,0.5,6,manhattan,kd_tree,50,1.0,-0.2636020488328933
12,0.8561168302609529,0.5,6,manhattan,kd_tree,50,2.0,-0.2636020488328933
12,0.8561168302609529,0.5,6,manhattan,brute,10,,-0.2636020488328933
12,0.8561168302609529,0.5,6,manhattan,brute,10,1.0,-0.2636020488328933
12,0.8561168302609529,0.5,6,manhattan,brute,10,2.0,-0.2636020488328933
12,0.8561168302609529,0.5,6,manhattan,brute,20,,-0.2636020488328933
12,0.8561168302609529,0.5,6,manhattan,brute,20,1.0,-0.2636020488328933
12,0.8561168302609529,0.5,6,manhattan,brute,20,2.0,-0.2636020488328933
12,0.8561168302609529,0.5,6,manhattan,brute,30,,-0.2636020488328933
12,0.8561168302609529,0.5,6,manhattan,brute,30,1.0,-0.2636020488328933
12,0.8561168302609529,0.5,6,manhattan,brute,30,2.0,-0.2636020488328933
12,0.8561168302609529,0.5,6,manhattan,brute,40,,-0.2636020488328933
12,0.8561168302609529,0.5,6,manhattan,brute,40,1.0,-0.2636020488328933
12,0.8561168302609529,0.5,6,manhattan,brute,40,2.0,-0.2636020488328933
12,0.8561168302609529,0.5,6,manhattan,brute,50,,-0.2636020488328933
12,0.8561168302609529,0.5,6,manhattan,brute,50,1.0,-0.2636020488328933
12,0.8561168302609529,0.5,6,manhattan,brute,50,2.0,-0.2636020488328933
2,0.9257840555422552,0.5,6,mahalanobis,auto,10,,-0.1694199258567273
2,0.9257840555422552,0.5,6,mahalanobis,auto,10,1.0,-0.1694199258567273
2,0.9257840555422552,0.5,6,mahalanobis,auto,10,2.0,-0.1694199258567273
2,0.9257840555422552,0.5,6,mahalanobis,auto,20,,-0.1694199258567273
2,0.9257840555422552,0.5,6,mahalanobis,auto,20,1.0,-0.1694199258567273
2,0.9257840555422552,0.5,6,mahalanobis,auto,20,2.0,-0.1694199258567273
2,0.9257840555422552,0.5,6,mahalanobis,auto,30,,-0.1694199258567273
2,0.9257840555422552,0.5,6,mahalanobis,auto,30,1.0,-0.1694199258567273
2,0.9257840555422552,0.5,6,mahalanobis,auto,30,2.0,-0.1694199258567273
2,0.9257840555422552,0.5,6,mahalanobis,auto,40,,-0.1694199258567273
2,0.9257840555422552,0.5,6,mahalanobis,auto,40,1.0,-0.1694199258567273
2,0.9257840555422552,0.5,6,mahalanobis,auto,40,2.0,-0.1694199258567273
2,0.9257840555422552,0.5,6,mahalanobis,auto,50,,-0.1694199258567273
2,0.9257840555422552,0.5,6,mahalanobis,auto,50,1.0,-0.1694199258567273
2,0.9257840555422552,0.5,6,mahalanobis,auto,50,2.0,-0.1694199258567273
2,0.9257840555422552,0.5,6,mahalanobis,ball_tree,10,,-0.1694199258567273
2,0.9257840555422552,0.5,6,mahalanobis,ball_tree,10,1.0,-0.1694199258567273
2,0.9257840555422552,0.5,6,mahalanobis,ball_tree,10,2.0,-0.1694199258567273
2,0.9257840555422552,0.5,6,mahalanobis,ball_tree,20,,-0.1694199258567273
2,0.9257840555422552,0.5,6,mahalanobis,ball_tree,20,1.0,-0.1694199258567273
2,0.9257840555422552,0.5,6,mahalanobis,ball_tree,20,2.0,-0.1694199258567273
2,0.9257840555422552,0.5,6,mahalanobis,ball_tree,30,,-0.1694199258567273
2,0.9257840555422552,0.5,6,mahalanobis,ball_tree,30,1.0,-0.1694199258567273
2,0.9257840555422552,0.5,6,mahalanobis,ball_tree,30,2.0,-0.1694199258567273
2,0.9257840555422552,0.5,6,mahalanobis,ball_tree,40,,-0.1694199258567273
2,0.9257840555422552,0.5,6,mahalanobis,ball_tree,40,1.0,-0.1694199258567273
2,0.9257840555422552,0.5,6,mahalanobis,ball_tree,40,2.0,-0.1694199258567273
2,0.9257840555422552,0.5,6,mahalanobis,ball_tree,50,,-0.1694199258567273
2,0.9257840555422552,0.5,6,mahalanobis,ball_tree,50,1.0,-0.1694199258567273
2,0.9257840555422552,0.5,6,mahalanobis,ball_tree,50,2.0,-0.1694199258567273
2,0.9257840555422552,0.5,6,mahalanobis,kd_tree,10,,-0.1694199258567273
2,0.9257840555422552,0.5,6,mahalanobis,kd_tree,10,1.0,-0.1694199258567273
2,0.9257840555422552,0.5,6,mahalanobis,kd_tree,10,2.0,-0.1694199258567273
2,0.9257840555422552,0.5,6,mahalanobis,kd_tree,20,,-0.1694199258567273
2,0.9257840555422552,0.5,6,mahalanobis,kd_tree,20,1.0,-0.1694199258567273
2,0.9257840555422552,0.5,6,mahalanobis,kd_tree,20,2.0,-0.1694199258567273
2,0.9257840555422552,0.5,6,mahalanobis,kd_tree,30,,-0.1694199258567273
2,0.9257840555422552,0.5,6,mahalanobis,kd_tree,30,1.0,-0.1694199258567273
2,0.9257840555422552,0.5,6,mahalanobis,kd_tree,30,2.0,-0.1694199258567273
2,0.9257840555422552,0.5,6,mahalanobis,kd_tree,40,,-0.1694199258567273
2,0.9257840555422552,0.5,6,mahalanobis,kd_tree,40,1.0,-0.1694199258567273
2,0.9257840555422552,0.5,6,mahalanobis,kd_tree,40,2.0,-0.1694199258567273
2,0.9257840555422552,0.5,6,mahalanobis,kd_tree,50,,-0.1694199258567273
2,0.9257840555422552,0.5,6,mahalanobis,kd_tree,50,1.0,-0.1694199258567273
2,0.9257840555422552,0.5,6,mahalanobis,kd_tree,50,2.0,-0.1694199258567273
2,0.9257840555422552,0.5,6,mahalanobis,brute,10,,-0.1694199258567273
2,0.9257840555422552,0.5,6,mahalanobis,brute,10,1.0,-0.1694199258567273
2,0.9257840555422552,0.5,6,mahalanobis,brute,10,2.0,-0.1694199258567273
2,0.9257840555422552,0.5,6,mahalanobis,brute,20,,-0.1694199258567273
2,0.9257840555422552,0.5,6,mahalanobis,brute,20,1.0,-0.1694199258567273
2,0.9257840555422552,0.5,6,mahalanobis,brute,20,2.0,-0.1694199258567273
2,0.9257840555422552,0.5,6,mahalanobis,brute,30,,-0.1694199258567273
2,0.9257840555422552,0.5,6,mahalanobis,brute,30,1.0,-0.1694199258567273
2,0.9257840555422552,0.5,6,mahalanobis,brute,30,2.0,-0.1694199258567273
2,0.9257840555422552,0.5,6,mahalanobis,brute,40,,-0.1694199258567273
2,0.9257840555422552,0.5,6,mahalanobis,brute,40,1.0,-0.1694199258567273
2,0.9257840555422552,0.5,6,mahalanobis,brute,40,2.0,-0.1694199258567273
2,0.9257840555422552,0.5,6,mahalanobis,brute,50,,-0.1694199258567273
2,0.9257840555422552,0.5,6,mahalanobis,brute,50,1.0,-0.1694199258567273
2,0.9257840555422552,0.5,6,mahalanobis,brute,50,2.0,-0.1694199258567273
6,0.31386162317452715,0.5,7,euclidean,auto,10,,-0.07618407168153865
6,0.31386162317452715,0.5,7,euclidean,auto,10,1.0,-0.07618407168153865
6,0.31386162317452715,0.5,7,euclidean,auto,10,2.0,-0.07618407168153865
6,0.31386162317452715,0.5,7,euclidean,auto,20,,-0.07618407168153865
6,0.31386162317452715,0.5,7,euclidean,auto,20,1.0,-0.07618407168153865
6,0.31386162317452715,0.5,7,euclidean,auto,20,2.0,-0.07618407168153865
6,0.31386162317452715,0.5,7,euclidean,auto,30,,-0.07618407168153865
6,0.31386162317452715,0.5,7,euclidean,auto,30,1.0,-0.07618407168153865
6,0.31386162317452715,0.5,7,euclidean,auto,30,2.0,-0.07618407168153865
6,0.31386162317452715,0.5,7,euclidean,auto,40,,-0.07618407168153865
6,0.31386162317452715,0.5,7,euclidean,auto,40,1.0,-0.07618407168153865
6,0.31386162317452715,0.5,7,euclidean,auto,40,2.0,-0.07618407168153865
6,0.31386162317452715,0.5,7,euclidean,auto,50,,-0.07618407168153865
6,0.31386162317452715,0.5,7,euclidean,auto,50,1.0,-0.07618407168153865
6,0.31386162317452715,0.5,7,euclidean,auto,50,2.0,-0.07618407168153865
6,0.31386162317452715,0.5,7,euclidean,ball_tree,10,,-0.07618407168153865
6,0.31386162317452715,0.5,7,euclidean,ball_tree,10,1.0,-0.07618407168153865
6,0.31386162317452715,0.5,7,euclidean,ball_tree,10,2.0,-0.07618407168153865
6,0.31386162317452715,0.5,7,euclidean,ball_tree,20,,-0.07618407168153865
6,0.31386162317452715,0.5,7,euclidean,ball_tree,20,1.0,-0.07618407168153865
6,0.31386162317452715,0.5,7,euclidean,ball_tree,20,2.0,-0.07618407168153865
6,0.31386162317452715,0.5,7,euclidean,ball_tree,30,,-0.07618407168153865
6,0.31386162317452715,0.5,7,euclidean,ball_tree,30,1.0,-0.07618407168153865
6,0.31386162317452715,0.5,7,euclidean,ball_tree,30,2.0,-0.07618407168153865
6,0.31386162317452715,0.5,7,euclidean,ball_tree,40,,-0.07618407168153865
6,0.31386162317452715,0.5,7,euclidean,ball_tree,40,1.0,-0.07618407168153865
6,0.31386162317452715,0.5,7,euclidean,ball_tree,40,2.0,-0.07618407168153865
6,0.31386162317452715,0.5,7,euclidean,ball_tree,50,,-0.07618407168153865
6,0.31386162317452715,0.5,7,euclidean,ball_tree,50,1.0,-0.07618407168153865
6,0.31386162317452715,0.5,7,euclidean,ball_tree,50,2.0,-0.07618407168153865
6,0.31386162317452715,0.5,7,euclidean,kd_tree,10,,-0.07618407168153865
6,0.31386162317452715,0.5,7,euclidean,kd_tree,10,1.0,-0.07618407168153865
6,0.31386162317452715,0.5,7,euclidean,kd_tree,10,2.0,-0.07618407168153865
6,0.31386162317452715,0.5,7,euclidean,kd_tree,20,,-0.07618407168153865
6,0.31386162317452715,0.5,7,euclidean,kd_tree,20,1.0,-0.07618407168153865
6,0.31386162317452715,0.5,7,euclidean,kd_tree,20,2.0,-0.07618407168153865
6,0.31386162317452715,0.5,7,euclidean,kd_tree,30,,-0.07618407168153865
6,0.31386162317452715,0.5,7,euclidean,kd_tree,30,1.0,-0.07618407168153865
6,0.31386162317452715,0.5,7,euclidean,kd_tree,30,2.0,-0.07618407168153865
6,0.31386162317452715,0.5,7,euclidean,kd_tree,40,,-0.07618407168153865
6,0.31386162317452715,0.5,7,euclidean,kd_tree,40,1.0,-0.07618407168153865
6,0.31386162317452715,0.5,7,euclidean,kd_tree,40,2.0,-0.07618407168153865
6,0.31386162317452715,0.5,7,euclidean,kd_tree,50,,-0.07618407168153865
6,0.31386162317452715,0.5,7,euclidean,kd_tree,50,1.0,-0.07618407168153865
6,0.31386162317452715,0.5,7,euclidean,kd_tree,50,2.0,-0.07618407168153865
6,0.31386162317452715,0.5,7,euclidean,brute,10,,-0.07618407168153865
6,0.31386162317452715,0.5,7,euclidean,brute,10,1.0,-0.07618407168153865
6,0.31386162317452715,0.5,7,euclidean,brute,10,2.0,-0.07618407168153865
6,0.31386162317452715,0.5,7,euclidean,brute,20,,-0.07618407168153865
6,0.31386162317452715,0.5,7,euclidean,brute,20,1.0,-0.07618407168153865
6,0.31386162317452715,0.5,7,euclidean,brute,20,2.0,-0.07618407168153865
6,0.31386162317452715,0.5,7,euclidean,brute,30,,-0.07618407168153865
6,0.31386162317452715,0.5,7,euclidean,brute,30,1.0,-0.07618407168153865
6,0.31386162317452715,0.5,7,euclidean,brute,30,2.0,-0.07618407168153865
6,0.31386162317452715,0.5,7,euclidean,brute,40,,-0.07618407168153865
6,0.31386162317452715,0.5,7,euclidean,brute,40,1.0,-0.07618407168153865
6,0.31386162317452715,0.5,7,euclidean,brute,40,2.0,-0.07618407168153865
6,0.31386162317452715,0.5,7,euclidean,brute,50,,-0.07618407168153865
6,0.31386162317452715,0.5,7,euclidean,brute,50,1.0,-0.07618407168153865
6,0.31386162317452715,0.5,7,euclidean,brute,50,2.0,-0.07618407168153865
6,0.8707206128800574,0.5,7,manhattan,auto,10,,-0.19444065120005774
6,0.8707206128800574,0.5,7,manhattan,auto,10,1.0,-0.19444065120005774
6,0.8707206128800574,0.5,7,manhattan,auto,10,2.0,-0.19444065120005774
6,0.8707206128800574,0.5,7,manhattan,auto,20,,-0.19444065120005774
6,0.8707206128800574,0.5,7,manhattan,auto,20,1.0,-0.19444065120005774
6,0.8707206128800574,0.5,7,manhattan,auto,20,2.0,-0.19444065120005774
6,0.8707206128800574,0.5,7,manhattan,auto,30,,-0.19444065120005774
6,0.8707206128800574,0.5,7,manhattan,auto,30,1.0,-0.19444065120005774
6,0.8707206128800574,0.5,7,manhattan,auto,30,2.0,-0.19444065120005774
6,0.8707206128800574,0.5,7,manhattan,auto,40,,-0.19444065120005774
6,0.8707206128800574,0.5,7,manhattan,auto,40,1.0,-0.19444065120005774
6,0.8707206128800574,0.5,7,manhattan,auto,40,2.0,-0.19444065120005774
6,0.8707206128800574,0.5,7,manhattan,auto,50,,-0.19444065120005774
6,0.8707206128800574,0.5,7,manhattan,auto,50,1.0,-0.19444065120005774
6,0.8707206128800574,0.5,7,manhattan,auto,50,2.0,-0.19444065120005774
6,0.8707206128800574,0.5,7,manhattan,ball_tree,10,,-0.19444065120005774
6,0.8707206128800574,0.5,7,manhattan,ball_tree,10,1.0,-0.19444065120005774
6,0.8707206128800574,0.5,7,manhattan,ball_tree,10,2.0,-0.19444065120005774
6,0.8707206128800574,0.5,7,manhattan,ball_tree,20,,-0.19444065120005774
6,0.8707206128800574,0.5,7,manhattan,ball_tree,20,1.0,-0.19444065120005774
6,0.8707206128800574,0.5,7,manhattan,ball_tree,20,2.0,-0.19444065120005774
6,0.8707206128800574,0.5,7,manhattan,ball_tree,30,,-0.19444065120005774
6,0.8707206128800574,0.5,7,manhattan,ball_tree,30,1.0,-0.19444065120005774
6,0.8707206128800574,0.5,7,manhattan,ball_tree,30,2.0,-0.19444065120005774
6,0.8707206128800574,0.5,7,manhattan,ball_tree,40,,-0.19444065120005774
6,0.8707206128800574,0.5,7,manhattan,ball_tree,40,1.0,-0.19444065120005774
6,0.8707206128800574,0.5,7,manhattan,ball_tree,40,2.0,-0.19444065120005774
6,0.8707206128800574,0.5,7,manhattan,ball_tree,50,,-0.19444065120005774
6,0.8707206128800574,0.5,7,manhattan,ball_tree,50,1.0,-0.19444065120005774
6,0.8707206128800574,0.5,7,manhattan,ball_tree,50,2.0,-0.19444065120005774
6,0.8707206128800574,0.5,7,manhattan,kd_tree,10,,-0.19444065120005774
6,0.8707206128800574,0.5,7,manhattan,kd_tree,10,1.0,-0.19444065120005774
6,0.8707206128800574,0.5,7,manhattan,kd_tree,10,2.0,-0.19444065120005774
6,0.8707206128800574,0.5,7,manhattan,kd_tree,20,,-0.19444065120005774
6,0.8707206128800574,0.5,7,manhattan,kd_tree,20,1.0,-0.19444065120005774
6,0.8707206128800574,0.5,7,manhattan,kd_tree,20,2.0,-0.19444065120005774
6,0.8707206128800574,0.5,7,manhattan,kd_tree,30,,-0.19444065120005774
6,0.8707206128800574,0.5,7,manhattan,kd_tree,30,1.0,-0.19444065120005774
6,0.8707206128800574,0.5,7,manhattan,kd_tree,30,2.0,-0.19444065120005774
6,0.8707206128800574,0.5,7,manhattan,kd_tree,40,,-0.19444065120005774
6,0.8707206128800574,0.5,7,manhattan,kd_tree,40,1.0,-0.19444065120005774
6,0.8707206128800574,0.5,7,manhattan,kd_tree,40,2.0,-0.19444065120005774
6,0.8707206128800574,0.5,7,manhattan,kd_tree,50,,-0.19444065120005774
6,0.8707206128800574,0.5,7,manhattan,kd_tree,50,1.0,-0.19444065120005774
6,0.8707206128800574,0.5,7,manhattan,kd_tree,50,2.0,-0.19444065120005774
6,0.8707206128800574,0.5,7,manhattan,brute,10,,-0.19444065120005774
6,0.8707206128800574,0.5,7,manhattan,brute,10,1.0,-0.19444065120005774
6,0.8707206128800574,0.5,7,manhattan,brute,10,2.0,-0.19444065120005774
6,0.8707206128800574,0.5,7,manhattan,brute,20,,-0.19444065120005774
6,0.8707206128800574,0.5,7,manhattan,brute,20,1.0,-0.19444065120005774
6,0.8707206128800574,0.5,7,manhattan,brute,20,2.0,-0.19444065120005774
6,0.8707206128800574,0.5,7,manhattan,brute,30,,-0.19444065120005774
6,0.8707206128800574,0.5,7,manhattan,brute,30,1.0,-0.19444065120005774
6,0.8707206128800574,0.5,7,manhattan,brute,30,2.0,-0.19444065120005774
6,0.8707206128800574,0.5,7,manhattan,brute,40,,-0.19444065120005774
6,0.8707206128800574,0.5,7,manhattan,brute,40,1.0,-0.19444065120005774
6,0.8707206128800574,0.5,7,manhattan,brute,40,2.0,-0.19444065120005774
6,0.8707206128800574,0.5,7,manhattan,brute,50,,-0.19444065120005774
6,0.8707206128800574,0.5,7,manhattan,brute,50,1.0,-0.19444065120005774
6,0.8707206128800574,0.5,7,manhattan,brute,50,2.0,-0.19444065120005774
2,0.9329662437155853,0.5,7,mahalanobis,auto,10,,-0.1765901417439847
2,0.9329662437155853,0.5,7,mahalanobis,auto,10,1.0,-0.1765901417439847
2,0.9329662437155853,0.5,7,mahalanobis,auto,10,2.0,-0.1765901417439847
2,0.9329662437155853,0.5,7,mahalanobis,auto,20,,-0.1765901417439847
2,0.9329662437155853,0.5,7,mahalanobis,auto,20,1.0,-0.1765901417439847
2,0.9329662437155853,0.5,7,mahalanobis,auto,20,2.0,-0.1765901417439847
2,0.9329662437155853,0.5,7,mahalanobis,auto,30,,-0.1765901417439847
2,0.9329662437155853,0.5,7,mahalanobis,auto,30,1.0,-0.1765901417439847
2,0.9329662437155853,0.5,7,mahalanobis,auto,30,2.0,-0.1765901417439847
2,0.9329662437155853,0.5,7,mahalanobis,auto,40,,-0.1765901417439847
2,0.9329662437155853,0.5,7,mahalanobis,auto,40,1.0,-0.1765901417439847
2,0.9329662437155853,0.5,7,mahalanobis,auto,40,2.0,-0.1765901417439847
2,0.9329662437155853,0.5,7,mahalanobis,auto,50,,-0.1765901417439847
2,0.9329662437155853,0.5,7,mahalanobis,auto,50,1.0,-0.1765901417439847
2,0.9329662437155853,0.5,7,mahalanobis,auto,50,2.0,-0.1765901417439847
2,0.9329662437155853,0.5,7,mahalanobis,ball_tree,10,,-0.1765901417439847
2,0.9329662437155853,0.5,7,mahalanobis,ball_tree,10,1.0,-0.1765901417439847
2,0.9329662437155853,0.5,7,mahalanobis,ball_tree,10,2.0,-0.1765901417439847
2,0.9329662437155853,0.5,7,mahalanobis,ball_tree,20,,-0.1765901417439847
2,0.9329662437155853,0.5,7,mahalanobis,ball_tree,20,1.0,-0.1765901417439847
2,0.9329662437155853,0.5,7,mahalanobis,ball_tree,20,2.0,-0.1765901417439847
2,0.9329662437155853,0.5,7,mahalanobis,ball_tree,30,,-0.1765901417439847
2,0.9329662437155853,0.5,7,mahalanobis,ball_tree,30,1.0,-0.1765901417439847
2,0.9329662437155853,0.5,7,mahalanobis,ball_tree,30,2.0,-0.1765901417439847
2,0.9329662437155853,0.5,7,mahalanobis,ball_tree,40,,-0.1765901417439847
2,0.9329662437155853,0.5,7,mahalanobis,ball_tree,40,1.0,-0.1765901417439847
2,0.9329662437155853,0.5,7,mahalanobis,ball_tree,40,2.0,-0.1765901417439847
2,0.9329662437155853,0.5,7,mahalanobis,ball_tree,50,,-0.1765901417439847
2,0.9329662437155853,0.5,7,mahalanobis,ball_tree,50,1.0,-0.1765901417439847
2,0.9329662437155853,0.5,7,mahalanobis,ball_tree,50,2.0,-0.1765901417439847
2,0.9329662437155853,0.5,7,mahalanobis,kd_tree,10,,-0.1765901417439847
2,0.9329662437155853,0.5,7,mahalanobis,kd_tree,10,1.0,-0.1765901417439847
2,0.9329662437155853,0.5,7,mahalanobis,kd_tree,10,2.0,-0.1765901417439847
2,0.9329662437155853,0.5,7,mahalanobis,kd_tree,20,,-0.1765901417439847
2,0.9329662437155853,0.5,7,mahalanobis,kd_tree,20,1.0,-0.1765901417439847
2,0.9329662437155853,0.5,7,mahalanobis,kd_tree,20,2.0,-0.1765901417439847
2,0.9329662437155853,0.5,7,mahalanobis,kd_tree,30,,-0.1765901417439847
2,0.9329662437155853,0.5,7,mahalanobis,kd_tree,30,1.0,-0.1765901417439847
2,0.9329662437155853,0.5,7,mahalanobis,kd_tree,30,2.0,-0.1765901417439847
2,0.9329662437155853,0.5,7,mahalanobis,kd_tree,40,,-0.1765901417439847
2,0.9329662437155853,0.5,7,mahalanobis,kd_tree,40,1.0,-0.1765901417439847
2,0.9329662437155853,0.5,7,mahalanobis,kd_tree,40,2.0,-0.1765901417439847
2,0.9329662437155853,0.5,7,mahalanobis,kd_tree,50,,-0.1765901417439847
2,0.9329662437155853,0.5,7,mahalanobis,kd_tree,50,1.0,-0.1765901417439847
2,0.9329662437155853,0.5,7,mahalanobis,kd_tree,50,2.0,-0.1765901417439847
2,0.9329662437155853,0.5,7,mahalanobis,brute,10,,-0.1765901417439847
2,0.9329662437155853,0.5,7,mahalanobis,brute,10,1.0,-0.1765901417439847
2,0.9329662437155853,0.5,7,mahalanobis,brute,10,2.0,-0.1765901417439847
2,0.9329662437155853,0.5,7,mahalanobis,brute,20,,-0.1765901417439847
2,0.9329662437155853,0.5,7,mahalanobis,brute,20,1.0,-0.1765901417439847
2,0.9329662437155853,0.5,7,mahalanobis,brute,20,2.0,-0.1765901417439847
2,0.9329662437155853,0.5,7,mahalanobis,brute,30,,-0.1765901417439847
2,0.9329662437155853,0.5,7,mahalanobis,brute,30,1.0,-0.1765901417439847
2,0.9329662437155853,0.5,7,mahalanobis,brute,30,2.0,-0.1765901417439847
2,0.9329662437155853,0.5,7,mahalanobis,brute,40,,-0.1765901417439847
2,0.9329662437155853,0.5,7,mahalanobis,brute,40,1.0,-0.1765901417439847
2,0.9329662437155853,0.5,7,mahalanobis,brute,40,2.0,-0.1765901417439847
2,0.9329662437155853,0.5,7,mahalanobis,brute,50,,-0.1765901417439847
2,0.9329662437155853,0.5,7,mahalanobis,brute,50,1.0,-0.1765901417439847
2,0.9329662437155853,0.5,7,mahalanobis,brute,50,2.0,-0.1765901417439847
7,0.3325353124251855,0.5,8,euclidean,auto,10,,-0.17277801126046705
7,0.3325353124251855,0.5,8,euclidean,auto,10,1.0,-0.17277801126046705
7,0.3325353124251855,0.5,8,euclidean,auto,10,2.0,-0.17277801126046705
7,0.3325353124251855,0.5,8,euclidean,auto,20,,-0.17277801126046705
7,0.3325353124251855,0.5,8,euclidean,auto,20,1.0,-0.17277801126046705
7,0.3325353124251855,0.5,8,euclidean,auto,20,2.0,-0.17277801126046705
7,0.3325353124251855,0.5,8,euclidean,auto,30,,-0.17277801126046705
7,0.3325353124251855,0.5,8,euclidean,auto,30,1.0,-0.17277801126046705
7,0.3325353124251855,0.5,8,euclidean,auto,30,2.0,-0.17277801126046705
7,0.3325353124251855,0.5,8,euclidean,auto,40,,-0.17277801126046705
7,0.3325353124251855,0.5,8,euclidean,auto,40,1.0,-0.17277801126046705
7,0.3325353124251855,0.5,8,euclidean,auto,40,2.0,-0.17277801126046705
7,0.3325353124251855,0.5,8,euclidean,auto,50,,-0.17277801126046705
7,0.3325353124251855,0.5,8,euclidean,auto,50,1.0,-0.17277801126046705
7,0.3325353124251855,0.5,8,euclidean,auto,50,2.0,-0.17277801126046705
7,0.3325353124251855,0.5,8,euclidean,ball_tree,10,,-0.17277801126046705
7,0.3325353124251855,0.5,8,euclidean,ball_tree,10,1.0,-0.17277801126046705
7,0.3325353124251855,0.5,8,euclidean,ball_tree,10,2.0,-0.17277801126046705
7,0.3325353124251855,0.5,8,euclidean,ball_tree,20,,-0.17277801126046705
7,0.3325353124251855,0.5,8,euclidean,ball_tree,20,1.0,-0.17277801126046705
7,0.3325353124251855,0.5,8,euclidean,ball_tree,20,2.0,-0.17277801126046705
7,0.3325353124251855,0.5,8,euclidean,ball_tree,30,,-0.17277801126046705
7,0.3325353124251855,0.5,8,euclidean,ball_tree,30,1.0,-0.17277801126046705
7,0.3325353124251855,0.5,8,euclidean,ball_tree,30,2.0,-0.17277801126046705
7,0.3325353124251855,0.5,8,euclidean,ball_tree,40,,-0.17277801126046705
7,0.3325353124251855,0.5,8,euclidean,ball_tree,40,1.0,-0.17277801126046705
7,0.3325353124251855,0.5,8,euclidean,ball_tree,40,2.0,-0.17277801126046705
7,0.3325353124251855,0.5,8,euclidean,ball_tree,50,,-0.17277801126046705
7,0.3325353124251855,0.5,8,euclidean,ball_tree,50,1.0,-0.17277801126046705
7,0.3325353124251855,0.5,8,euclidean,ball_tree,50,2.0,-0.17277801126046705
7,0.3325353124251855,0.5,8,euclidean,kd_tree,10,,-0.17277801126046705
7,0.3325353124251855,0.5,8,euclidean,kd_tree,10,1.0,-0.17277801126046705
7,0.3325353124251855,0.5,8,euclidean,kd_tree,10,2.0,-0.17277801126046705
7,0.3325353124251855,0.5,8,euclidean,kd_tree,20,,-0.17277801126046705
7,0.3325353124251855,0.5,8,euclidean,kd_tree,20,1.0,-0.17277801126046705
7,0.3325353124251855,0.5,8,euclidean,kd_tree,20,2.0,-0.17277801126046705
7,0.3325353124251855,0.5,8,euclidean,kd_tree,30,,-0.17277801126046705
7,0.3325353124251855,0.5,8,euclidean,kd_tree,30,1.0,-0.17277801126046705
7,0.3325353124251855,0.5,8,euclidean,kd_tree,30,2.0,-0.17277801126046705
7,0.3325353124251855,0.5,8,euclidean,kd_tree,40,,-0.17277801126046705
7,0.3325353124251855,0.5,8,euclidean,kd_tree,40,1.0,-0.17277801126046705
7,0.3325353124251855,0.5,8,euclidean,kd_tree,40,2.0,-0.17277801126046705
7,0.3325353124251855,0.5,8,euclidean,kd_tree,50,,-0.17277801126046705
7,0.3325353124251855,0.5,8,euclidean,kd_tree,50,1.0,-0.17277801126046705
7,0.3325353124251855,0.5,8,euclidean,kd_tree,50,2.0,-0.17277801126046705
7,0.3325353124251855,0.5,8,euclidean,brute,10,,-0.17277801126046705
7,0.3325353124251855,0.5,8,euclidean,brute,10,1.0,-0.17277801126046705
7,0.3325353124251855,0.5,8,euclidean,brute,10,2.0,-0.17277801126046705
7,0.3325353124251855,0.5,8,euclidean,brute,20,,-0.17277801126046705
7,0.3325353124251855,0.5,8,euclidean,brute,20,1.0,-0.17277801126046705
7,0.3325353124251855,0.5,8,euclidean,brute,20,2.0,-0.17277801126046705
7,0.3325353124251855,0.5,8,euclidean,brute,30,,-0.17277801126046705
7,0.3325353124251855,0.5,8,euclidean,brute,30,1.0,-0.17277801126046705
7,0.3325353124251855,0.5,8,euclidean,brute,30,2.0,-0.17277801126046705
7,0.3325353124251855,0.5,8,euclidean,brute,40,,-0.17277801126046705
7,0.3325353124251855,0.5,8,euclidean,brute,40,1.0,-0.17277801126046705
7,0.3325353124251855,0.5,8,euclidean,brute,40,2.0,-0.17277801126046705
7,0.3325353124251855,0.5,8,euclidean,brute,50,,-0.17277801126046705
7,0.3325353124251855,0.5,8,euclidean,brute,50,1.0,-0.17277801126046705
7,0.3325353124251855,0.5,8,euclidean,brute,50,2.0,-0.17277801126046705
4,0.8848455829542734,0.5,8,manhattan,auto,10,,-0.15677936949266483
4,0.8848455829542734,0.5,8,manhattan,auto,10,1.0,-0.15677936949266483
4,0.8848455829542734,0.5,8,manhattan,auto,10,2.0,-0.15677936949266483
4,0.8848455829542734,0.5,8,manhattan,auto,20,,-0.15677936949266483
4,0.8848455829542734,0.5,8,manhattan,auto,20,1.0,-0.15677936949266483
4,0.8848455829542734,0.5,8,manhattan,auto,20,2.0,-0.15677936949266483
4,0.8848455829542734,0.5,8,manhattan,auto,30,,-0.15677936949266483
4,0.8848455829542734,0.5,8,manhattan,auto,30,1.0,-0.15677936949266483
4,0.8848455829542734,0.5,8,manhattan,auto,30,2.0,-0.15677936949266483
4,0.8848455829542734,0.5,8,manhattan,auto,40,,-0.15677936949266483
4,0.8848455829542734,0.5,8,manhattan,auto,40,1.0,-0.15677936949266483
4,0.8848455829542734,0.5,8,manhattan,auto,40,2.0,-0.15677936949266483
4,0.8848455829542734,0.5,8,manhattan,auto,50,,-0.15677936949266483
4,0.8848455829542734,0.5,8,manhattan,auto,50,1.0,-0.15677936949266483
4,0.8848455829542734,0.5,8,manhattan,auto,50,2.0,-0.15677936949266483
4,0.8848455829542734,0.5,8,manhattan,ball_tree,10,,-0.15677936949266483
4,0.8848455829542734,0.5,8,manhattan,ball_tree,10,1.0,-0.15677936949266483
4,0.8848455829542734,0.5,8,manhattan,ball_tree,10,2.0,-0.15677936949266483
4,0.8848455829542734,0.5,8,manhattan,ball_tree,20,,-0.15677936949266483
4,0.8848455829542734,0.5,8,manhattan,ball_tree,20,1.0,-0.15677936949266483
4,0.8848455829542734,0.5,8,manhattan,ball_tree,20,2.0,-0.15677936949266483
4,0.8848455829542734,0.5,8,manhattan,ball_tree,30,,-0.15677936949266483
4,0.8848455829542734,0.5,8,manhattan,ball_tree,30,1.0,-0.15677936949266483
4,0.8848455829542734,0.5,8,manhattan,ball_tree,30,2.0,-0.15677936949266483
4,0.8848455829542734,0.5,8,manhattan,ball_tree,40,,-0.15677936949266483
4,0.8848455829542734,0.5,8,manhattan,ball_tree,40,1.0,-0.15677936949266483
4,0.8848455829542734,0.5,8,manhattan,ball_tree,40,2.0,-0.15677936949266483
4,0.8848455829542734,0.5,8,manhattan,ball_tree,50,,-0.15677936949266483
4,0.8848455829542734,0.5,8,manhattan,ball_tree,50,1.0,-0.15677936949266483
4,0.8848455829542734,0.5,8,manhattan,ball_tree,50,2.0,-0.15677936949266483
4,0.8848455829542734,0.5,8,manhattan,kd_tree,10,,-0.15677936949266483
4,0.8848455829542734,0.5,8,manhattan,kd_tree,10,1.0,-0.15677936949266483
4,0.8848455829542734,0.5,8,manhattan,kd_tree,10,2.0,-0.15677936949266483
4,0.8848455829542734,0.5,8,manhattan,kd_tree,20,,-0.15677936949266483
4,0.8848455829542734,0.5,8,manhattan,kd_tree,20,1.0,-0.15677936949266483
4,0.8848455829542734,0.5,8,manhattan,kd_tree,20,2.0,-0.15677936949266483
4,0.8848455829542734,0.5,8,manhattan,kd_tree,30,,-0.15677936949266483
4,0.8848455829542734,0.5,8,manhattan,kd_tree,30,1.0,-0.15677936949266483
4,0.8848455829542734,0.5,8,manhattan,kd_tree,30,2.0,-0.15677936949266483
4,0.8848455829542734,0.5,8,manhattan,kd_tree,40,,-0.15677936949266483
4,0.8848455829542734,0.5,8,manhattan,kd_tree,40,1.0,-0.15677936949266483
4,0.8848455829542734,0.5,8,manhattan,kd_tree,40,2.0,-0.15677936949266483
4,0.8848455829542734,0.5,8,manhattan,kd_tree,50,,-0.15677936949266483
4,0.8848455829542734,0.5,8,manhattan,kd_tree,50,1.0,-0.15677936949266483
4,0.8848455829542734,0.5,8,manhattan,kd_tree,50,2.0,-0.15677936949266483
4,0.8848455829542734,0.5,8,manhattan,brute,10,,-0.15677936949266483
4,0.8848455829542734,0.5,8,manhattan,brute,10,1.0,-0.15677936949266483
4,0.8848455829542734,0.5,8,manhattan,brute,10,2.0,-0.15677936949266483
4,0.8848455829542734,0.5,8,manhattan,brute,20,,-0.15677936949266483
4,0.8848455829542734,0.5,8,manhattan,brute,20,1.0,-0.15677936949266483
4,0.8848455829542734,0.5,8,manhattan,brute,20,2.0,-0.15677936949266483
4,0.8848455829542734,0.5,8,manhattan,brute,30,,-0.15677936949266483
4,0.8848455829542734,0.5,8,manhattan,brute,30,1.0,-0.15677936949266483
4,0.8848455829542734,0.5,8,manhattan,brute,30,2.0,-0.15677936949266483
4,0.8848455829542734,0.5,8,manhattan,brute,40,,-0.15677936949266483
4,0.8848455829542734,0.5,8,manhattan,brute,40,1.0,-0.15677936949266483
4,0.8848455829542734,0.5,8,manhattan,brute,40,2.0,-0.15677936949266483
4,0.8848455829542734,0.5,8,manhattan,brute,50,,-0.15677936949266483
4,0.8848455829542734,0.5,8,manhattan,brute,50,1.0,-0.15677936949266483
4,0.8848455829542734,0.5,8,manhattan,brute,50,2.0,-0.15677936949266483
1,0.9411060569786929,0.5,8,mahalanobis,auto,10,,0.15477346790362875
1,0.9411060569786929,0.5,8,mahalanobis,auto,10,1.0,0.15477346790362875
1,0.9411060569786929,0.5,8,mahalanobis,auto,10,2.0,0.15477346790362875
1,0.9411060569786929,0.5,8,mahalanobis,auto,20,,0.15477346790362875
1,0.9411060569786929,0.5,8,mahalanobis,auto,20,1.0,0.15477346790362875
1,0.9411060569786929,0.5,8,mahalanobis,auto,20,2.0,0.15477346790362875
1,0.9411060569786929,0.5,8,mahalanobis,auto,30,,0.15477346790362875
1,0.9411060569786929,0.5,8,mahalanobis,auto,30,1.0,0.15477346790362875
1,0.9411060569786929,0.5,8,mahalanobis,auto,30,2.0,0.15477346790362875
1,0.9411060569786929,0.5,8,mahalanobis,auto,40,,0.15477346790362875
1,0.9411060569786929,0.5,8,mahalanobis,auto,40,1.0,0.15477346790362875
1,0.9411060569786929,0.5,8,mahalanobis,auto,40,2.0,0.15477346790362875
1,0.9411060569786929,0.5,8,mahalanobis,auto,50,,0.15477346790362875
1,0.9411060569786929,0.5,8,mahalanobis,auto,50,1.0,0.15477346790362875
1,0.9411060569786929,0.5,8,mahalanobis,auto,50,2.0,0.15477346790362875
1,0.9411060569786929,0.5,8,mahalanobis,ball_tree,10,,0.15477346790362875
1,0.9411060569786929,0.5,8,mahalanobis,ball_tree,10,1.0,0.15477346790362875
1,0.9411060569786929,0.5,8,mahalanobis,ball_tree,10,2.0,0.15477346790362875
1,0.9411060569786929,0.5,8,mahalanobis,ball_tree,20,,0.15477346790362875
1,0.9411060569786929,0.5,8,mahalanobis,ball_tree,20,1.0,0.15477346790362875
1,0.9411060569786929,0.5,8,mahalanobis,ball_tree,20,2.0,0.15477346790362875
1,0.9411060569786929,0.5,8,mahalanobis,ball_tree,30,,0.15477346790362875
1,0.9411060569786929,0.5,8,mahalanobis,ball_tree,30,1.0,0.15477346790362875
1,0.9411060569786929,0.5,8,mahalanobis,ball_tree,30,2.0,0.15477346790362875
1,0.9411060569786929,0.5,8,mahalanobis,ball_tree,40,,0.15477346790362875
1,0.9411060569786929,0.5,8,mahalanobis,ball_tree,40,1.0,0.15477346790362875
1,0.9411060569786929,0.5,8,mahalanobis,ball_tree,40,2.0,0.15477346790362875
1,0.9411060569786929,0.5,8,mahalanobis,ball_tree,50,,0.15477346790362875
1,0.9411060569786929,0.5,8,mahalanobis,ball_tree,50,1.0,0.15477346790362875
1,0.9411060569786929,0.5,8,mahalanobis,ball_tree,50,2.0,0.15477346790362875
1,0.9411060569786929,0.5,8,mahalanobis,kd_tree,10,,0.15477346790362875
1,0.9411060569786929,0.5,8,mahalanobis,kd_tree,10,1.0,0.15477346790362875
1,0.9411060569786929,0.5,8,mahalanobis,kd_tree,10,2.0,0.15477346790362875
1,0.9411060569786929,0.5,8,mahalanobis,kd_tree,20,,0.15477346790362875
1,0.9411060569786929,0.5,8,mahalanobis,kd_tree,20,1.0,0.15477346790362875
1,0.9411060569786929,0.5,8,mahalanobis,kd_tree,20,2.0,0.15477346790362875
1,0.9411060569786929,0.5,8,mahalanobis,kd_tree,30,,0.15477346790362875
1,0.9411060569786929,0.5,8,mahalanobis,kd_tree,30,1.0,0.15477346790362875
1,0.9411060569786929,0.5,8,mahalanobis,kd_tree,30,2.0,0.15477346790362875
1,0.9411060569786929,0.5,8,mahalanobis,kd_tree,40,,0.15477346790362875
1,0.9411060569786929,0.5,8,mahalanobis,kd_tree,40,1.0,0.15477346790362875
1,0.9411060569786929,0.5,8,mahalanobis,kd_tree,40,2.0,0.15477346790362875
1,0.9411060569786929,0.5,8,mahalanobis,kd_tree,50,,0.15477346790362875
1,0.9411060569786929,0.5,8,mahalanobis,kd_tree,50,1.0,0.15477346790362875
1,0.9411060569786929,0.5,8,mahalanobis,kd_tree,50,2.0,0.15477346790362875
1,0.9411060569786929,0.5,8,mahalanobis,brute,10,,0.15477346790362875
1,0.9411060569786929,0.5,8,mahalanobis,brute,10,1.0,0.15477346790362875
1,0.9411060569786929,0.5,8,mahalanobis,brute,10,2.0,0.15477346790362875
1,0.9411060569786929,0.5,8,mahalanobis,brute,20,,0.15477346790362875
1,0.9411060569786929,0.5,8,mahalanobis,brute,20,1.0,0.15477346790362875
1,0.9411060569786929,0.5,8,mahalanobis,brute,20,2.0,0.15477346790362875
1,0.9411060569786929,0.5,8,mahalanobis,brute,30,,0.15477346790362875
1,0.9411060569786929,0.5,8,mahalanobis,brute,30,1.0,0.15477346790362875
1,0.9411060569786929,0.5,8,mahalanobis,brute,30,2.0,0.15477346790362875
1,0.9411060569786929,0.5,8,mahalanobis,brute,40,,0.15477346790362875
1,0.9411060569786929,0.5,8,mahalanobis,brute,40,1.0,0.15477346790362875
1,0.9411060569786929,0.5,8,mahalanobis,brute,40,2.0,0.15477346790362875
1,0.9411060569786929,0.5,8,mahalanobis,brute,50,,0.15477346790362875
1,0.9411060569786929,0.5,8,mahalanobis,brute,50,1.0,0.15477346790362875
1,0.9411060569786929,0.5,8,mahalanobis,brute,50,2.0,0.15477346790362875
3,0.3480967201340675,0.5,9,euclidean,auto,10,,0.11430155290938672
3,0.3480967201340675,0.5,9,euclidean,auto,10,1.0,0.11430155290938672
3,0.3480967201340675,0.5,9,euclidean,auto,10,2.0,0.11430155290938672
3,0.3480967201340675,0.5,9,euclidean,auto,20,,0.11430155290938672
3,0.3480967201340675,0.5,9,euclidean,auto,20,1.0,0.11430155290938672
3,0.3480967201340675,0.5,9,euclidean,auto,20,2.0,0.11430155290938672
3,0.3480967201340675,0.5,9,euclidean,auto,30,,0.11430155290938672
3,0.3480967201340675,0.5,9,euclidean,auto,30,1.0,0.11430155290938672
3,0.3480967201340675,0.5,9,euclidean,auto,30,2.0,0.11430155290938672
3,0.3480967201340675,0.5,9,euclidean,auto,40,,0.11430155290938672
3,0.3480967201340675,0.5,9,euclidean,auto,40,1.0,0.11430155290938672
3,0.3480967201340675,0.5,9,euclidean,auto,40,2.0,0.11430155290938672
3,0.3480967201340675,0.5,9,euclidean,auto,50,,0.11430155290938672
3,0.3480967201340675,0.5,9,euclidean,auto,50,1.0,0.11430155290938672
3,0.3480967201340675,0.5,9,euclidean,auto,50,2.0,0.11430155290938672
3,0.3480967201340675,0.5,9,euclidean,ball_tree,10,,0.11430155290938672
3,0.3480967201340675,0.5,9,euclidean,ball_tree,10,1.0,0.11430155290938672
3,0.3480967201340675,0.5,9,euclidean,ball_tree,10,2.0,0.11430155290938672
3,0.3480967201340675,0.5,9,euclidean,ball_tree,20,,0.11430155290938672
3,0.3480967201340675,0.5,9,euclidean,ball_tree,20,1.0,0.11430155290938672
3,0.3480967201340675,0.5,9,euclidean,ball_tree,20,2.0,0.11430155290938672
3,0.3480967201340675,0.5,9,euclidean,ball_tree,30,,0.11430155290938672
3,0.3480967201340675,0.5,9,euclidean,ball_tree,30,1.0,0.11430155290938672
3,0.3480967201340675,0.5,9,euclidean,ball_tree,30,2.0,0.11430155290938672
3,0.3480967201340675,0.5,9,euclidean,ball_tree,40,,0.11430155290938672
3,0.3480967201340675,0.5,9,euclidean,ball_tree,40,1.0,0.11430155290938672
3,0.3480967201340675,0.5,9,euclidean,ball_tree,40,2.0,0.11430155290938672
3,0.3480967201340675,0.5,9,euclidean,ball_tree,50,,0.11430155290938672
3,0.3480967201340675,0.5,9,euclidean,ball_tree,50,1.0,0.11430155290938672
3,0.3480967201340675,0.5,9,euclidean,ball_tree,50,2.0,0.11430155290938672
3,0.3480967201340675,0.5,9,euclidean,kd_tree,10,,0.11430155290938672
3,0.3480967201340675,0.5,9,euclidean,kd_tree,10,1.0,0.11430155290938672
3,0.3480967201340675,0.5,9,euclidean,kd_tree,10,2.0,0.11430155290938672
3,0.3480967201340675,0.5,9,euclidean,kd_tree,20,,0.11430155290938672
3,0.3480967201340675,0.5,9,euclidean,kd_tree,20,1.0,0.11430155290938672
3,0.3480967201340675,0.5,9,euclidean,kd_tree,20,2.0,0.11430155290938672
3,0.3480967201340675,0.5,9,euclidean,kd_tree,30,,0.11430155290938672
3,0.3480967201340675,0.5,9,euclidean,kd_tree,30,1.0,0.11430155290938672
3,0.3480967201340675,0.5,9,euclidean,kd_tree,30,2.0,0.11430155290938672
3,0.3480967201340675,0.5,9,euclidean,kd_tree,40,,0.11430155290938672
3,0.3480967201340675,0.5,9,euclidean,kd_tree,40,1.0,0.11430155290938672
3,0.3480967201340675,0.5,9,euclidean,kd_tree,40,2.0,0.11430155290938672
3,0.3480967201340675,0.5,9,euclidean,kd_tree,50,,0.11430155290938672
3,0.3480967201340675,0.5,9,euclidean,kd_tree,50,1.0,0.11430155290938672
3,0.3480967201340675,0.5,9,euclidean,kd_tree,50,2.0,0.11430155290938672
3,0.3480967201340675,0.5,9,euclidean,brute,10,,0.11430155290938672
3,0.3480967201340675,0.5,9,euclidean,brute,10,1.0,0.11430155290938672
3,0.3480967201340675,0.5,9,euclidean,brute,10,2.0,0.11430155290938672
3,0.3480967201340675,0.5,9,euclidean,brute,20,,0.11430155290938672
3,0.3480967201340675,0.5,9,euclidean,brute,20,1.0,0.11430155290938672
3,0.3480967201340675,0.5,9,euclidean,brute,20,2.0,0.11430155290938672
3,0.3480967201340675,0.5,9,euclidean,brute,30,,0.11430155290938672
3,0.3480967201340675,0.5,9,euclidean,brute,30,1.0,0.11430155290938672
3,0.3480967201340675,0.5,9,euclidean,brute,30,2.0,0.11430155290938672
3,0.3480967201340675,0.5,9,euclidean,brute,40,,0.11430155290938672
3,0.3480967201340675,0.5,9,euclidean,brute,40,1.0,0.11430155290938672
3,0.3480967201340675,0.5,9,euclidean,brute,40,2.0,0.11430155290938672
3,0.3480967201340675,0.5,9,euclidean,brute,50,,0.11430155290938672
3,0.3480967201340675,0.5,9,euclidean,brute,50,1.0,0.11430155290938672
3,0.3480967201340675,0.5,9,euclidean,brute,50,2.0,0.11430155290938672
5,0.8939430213071582,0.5,9,manhattan,auto,10,,-0.11179132319827742
5,0.8939430213071582,0.5,9,manhattan,auto,10,1.0,-0.11179132319827742
5,0.8939430213071582,0.5,9,manhattan,auto,10,2.0,-0.11179132319827742
5,0.8939430213071582,0.5,9,manhattan,auto,20,,-0.11179132319827742
5,0.8939430213071582,0.5,9,manhattan,auto,20,1.0,-0.11179132319827742
5,0.8939430213071582,0.5,9,manhattan,auto,20,2.0,-0.11179132319827742
5,0.8939430213071582,0.5,9,manhattan,auto,30,,-0.11179132319827742
5,0.8939430213071582,0.5,9,manhattan,auto,30,1.0,-0.11179132319827742
5,0.8939430213071582,0.5,9,manhattan,auto,30,2.0,-0.11179132319827742
5,0.8939430213071582,0.5,9,manhattan,auto,40,,-0.11179132319827742
5,0.8939430213071582,0.5,9,manhattan,auto,40,1.0,-0.11179132319827742
5,0.8939430213071582,0.5,9,manhattan,auto,40,2.0,-0.11179132319827742
5,0.8939430213071582,0.5,9,manhattan,auto,50,,-0.11179132319827742
5,0.8939430213071582,0.5,9,manhattan,auto,50,1.0,-0.11179132319827742
5,0.8939430213071582,0.5,9,manhattan,auto,50,2.0,-0.11179132319827742
5,0.8939430213071582,0.5,9,manhattan,ball_tree,10,,-0.11179132319827742
5,0.8939430213071582,0.5,9,manhattan,ball_tree,10,1.0,-0.11179132319827742
5,0.8939430213071582,0.5,9,manhattan,ball_tree,10,2.0,-0.11179132319827742
5,0.8939430213071582,0.5,9,manhattan,ball_tree,20,,-0.11179132319827742
5,0.8939430213071582,0.5,9,manhattan,ball_tree,20,1.0,-0.11179132319827742
5,0.8939430213071582,0.5,9,manhattan,ball_tree,20,2.0,-0.11179132319827742
5,0.8939430213071582,0.5,9,manhattan,ball_tree,30,,-0.11179132319827742
5,0.8939430213071582,0.5,9,manhattan,ball_tree,30,1.0,-0.11179132319827742
5,0.8939430213071582,0.5,9,manhattan,ball_tree,30,2.0,-0.11179132319827742
5,0.8939430213071582,0.5,9,manhattan,ball_tree,40,,-0.11179132319827742
5,0.8939430213071582,0.5,9,manhattan,ball_tree,40,1.0,-0.11179132319827742
5,0.8939430213071582,0.5,9,manhattan,ball_tree,40,2.0,-0.11179132319827742
5,0.8939430213071582,0.5,9,manhattan,ball_tree,50,,-0.11179132319827742
5,0.8939430213071582,0.5,9,manhattan,ball_tree,50,1.0,-0.11179132319827742
5,0.8939430213071582,0.5,9,manhattan,ball_tree,50,2.0,-0.11179132319827742
5,0.8939430213071582,0.5,9,manhattan,kd_tree,10,,-0.11179132319827742
5,0.8939430213071582,0.5,9,manhattan,kd_tree,10,1.0,-0.11179132319827742
5,0.8939430213071582,0.5,9,manhattan,kd_tree,10,2.0,-0.11179132319827742
5,0.8939430213071582,0.5,9,manhattan,kd_tree,20,,-0.11179132319827742
5,0.8939430213071582,0.5,9,manhattan,kd_tree,20,1.0,-0.11179132319827742
5,0.8939430213071582,0.5,9,manhattan,kd_tree,20,2.0,-0.11179132319827742
5,0.8939430213071582,0.5,9,manhattan,kd_tree,30,,-0.11179132319827742
5,0.8939430213071582,0.5,9,manhattan,kd_tree,30,1.0,-0.11179132319827742
5,0.8939430213071582,0.5,9,manhattan,kd_tree,30,2.0,-0.11179132319827742
5,0.8939430213071582,0.5,9,manhattan,kd_tree,40,,-0.11179132319827742
5,0.8939430213071582,0.5,9,manhattan,kd_tree,40,1.0,-0.11179132319827742
5,0.8939430213071582,0.5,9,manhattan,kd_tree,40,2.0,-0.11179132319827742
5,0.8939430213071582,0.5,9,manhattan,kd_tree,50,,-0.11179132319827742
5,0.8939430213071582,0.5,9,manhattan,kd_tree,50,1.0,-0.11179132319827742
5,0.8939430213071582,0.5,9,manhattan,kd_tree,50,2.0,-0.11179132319827742
5,0.8939430213071582,0.5,9,manhattan,brute,10,,-0.11179132319827742
5,0.8939430213071582,0.5,9,manhattan,brute,10,1.0,-0.11179132319827742
5,0.8939430213071582,0.5,9,manhattan,brute,10,2.0,-0.11179132319827742
5,0.8939430213071582,0.5,9,manhattan,brute,20,,-0.11179132319827742
5,0.8939430213071582,0.5,9,manhattan,brute,20,1.0,-0.11179132319827742
5,0.8939430213071582,0.5,9,manhattan,brute,20,2.0,-0.11179132319827742
5,0.8939430213071582,0.5,9,manhattan,brute,30,,-0.11179132319827742
5,0.8939430213071582,0.5,9,manhattan,brute,30,1.0,-0.11179132319827742
5,0.8939430213071582,0.5,9,manhattan,brute,30,2.0,-0.11179132319827742
5,0.8939430213071582,0.5,9,manhattan,brute,40,,-0.11179132319827742
5,0.8939430213071582,0.5,9,manhattan,brute,40,1.0,-0.11179132319827742
5,0.8939430213071582,0.5,9,manhattan,brute,40,2.0,-0.11179132319827742
5,0.8939430213071582,0.5,9,manhattan,brute,50,,-0.11179132319827742
5,0.8939430213071582,0.5,9,manhattan,brute,50,1.0,-0.11179132319827742
5,0.8939430213071582,0.5,9,manhattan,brute,50,2.0,-0.11179132319827742
1,0.9458941824275796,0.5,9,mahalanobis,auto,10,,0.14950260553882913
1,0.9458941824275796,0.5,9,mahalanobis,auto,10,1.0,0.14950260553882913
1,0.9458941824275796,0.5,9,mahalanobis,auto,10,2.0,0.14950260553882913
1,0.9458941824275796,0.5,9,mahalanobis,auto,20,,0.14950260553882913
1,0.9458941824275796,0.5,9,mahalanobis,auto,20,1.0,0.14950260553882913
1,0.9458941824275796,0.5,9,mahalanobis,auto,20,2.0,0.14950260553882913
1,0.9458941824275796,0.5,9,mahalanobis,auto,30,,0.14950260553882913
1,0.9458941824275796,0.5,9,mahalanobis,auto,30,1.0,0.14950260553882913
1,0.9458941824275796,0.5,9,mahalanobis,auto,30,2.0,0.14950260553882913
1,0.9458941824275796,0.5,9,mahalanobis,auto,40,,0.14950260553882913
1,0.9458941824275796,0.5,9,mahalanobis,auto,40,1.0,0.14950260553882913
1,0.9458941824275796,0.5,9,mahalanobis,auto,40,2.0,0.14950260553882913
1,0.9458941824275796,0.5,9,mahalanobis,auto,50,,0.14950260553882913
1,0.9458941824275796,0.5,9,mahalanobis,auto,50,1.0,0.14950260553882913
1,0.9458941824275796,0.5,9,mahalanobis,auto,50,2.0,0.14950260553882913
1,0.9458941824275796,0.5,9,mahalanobis,ball_tree,10,,0.14950260553882913
1,0.9458941824275796,0.5,9,mahalanobis,ball_tree,10,1.0,0.14950260553882913
1,0.9458941824275796,0.5,9,mahalanobis,ball_tree,10,2.0,0.14950260553882913
1,0.9458941824275796,0.5,9,mahalanobis,ball_tree,20,,0.14950260553882913
1,0.9458941824275796,0.5,9,mahalanobis,ball_tree,20,1.0,0.14950260553882913
1,0.9458941824275796,0.5,9,mahalanobis,ball_tree,20,2.0,0.14950260553882913
1,0.9458941824275796,0.5,9,mahalanobis,ball_tree,30,,0.14950260553882913
1,0.9458941824275796,0.5,9,mahalanobis,ball_tree,30,1.0,0.14950260553882913
1,0.9458941824275796,0.5,9,mahalanobis,ball_tree,30,2.0,0.14950260553882913
1,0.9458941824275796,0.5,9,mahalanobis,ball_tree,40,,0.14950260553882913
1,0.9458941824275796,0.5,9,mahalanobis,ball_tree,40,1.0,0.14950260553882913
1,0.9458941824275796,0.5,9,mahalanobis,ball_tree,40,2.0,0.14950260553882913
1,0.9458941824275796,0.5,9,mahalanobis,ball_tree,50,,0.14950260553882913
1,0.9458941824275796,0.5,9,mahalanobis,ball_tree,50,1.0,0.14950260553882913
1,0.9458941824275796,0.5,9,mahalanobis,ball_tree,50,2.0,0.14950260553882913
1,0.9458941824275796,0.5,9,mahalanobis,kd_tree,10,,0.14950260553882913
1,0.9458941824275796,0.5,9,mahalanobis,kd_tree,10,1.0,0.14950260553882913
1,0.9458941824275796,0.5,9,mahalanobis,kd_tree,10,2.0,0.14950260553882913
1,0.9458941824275796,0.5,9,mahalanobis,kd_tree,20,,0.14950260553882913
1,0.9458941824275796,0.5,9,mahalanobis,kd_tree,20,1.0,0.14950260553882913
1,0.9458941824275796,0.5,9,mahalanobis,kd_tree,20,2.0,0.14950260553882913
1,0.9458941824275796,0.5,9,mahalanobis,kd_tree,30,,0.14950260553882913
1,0.9458941824275796,0.5,9,mahalanobis,kd_tree,30,1.0,0.14950260553882913
1,0.9458941824275796,0.5,9,mahalanobis,kd_tree,30,2.0,0.14950260553882913
1,0.9458941824275796,0.5,9,mahalanobis,kd_tree,40,,0.14950260553882913
1,0.9458941824275796,0.5,9,mahalanobis,kd_tree,40,1.0,0.14950260553882913
1,0.9458941824275796,0.5,9,mahalanobis,kd_tree,40,2.0,0.14950260553882913
1,0.9458941824275796,0.5,9,mahalanobis,kd_tree,50,,0.14950260553882913
1,0.9458941824275796,0.5,9,mahalanobis,kd_tree,50,1.0,0.14950260553882913
1,0.9458941824275796,0.5,9,mahalanobis,kd_tree,50,2.0,0.14950260553882913
1,0.9458941824275796,0.5,9,mahalanobis,brute,10,,0.14950260553882913
1,0.9458941824275796,0.5,9,mahalanobis,brute,10,1.0,0.14950260553882913
1,0.9458941824275796,0.5,9,mahalanobis,brute,10,2.0,0.14950260553882913
1,0.9458941824275796,0.5,9,mahalanobis,brute,20,,0.14950260553882913
1,0.9458941824275796,0.5,9,mahalanobis,brute,20,1.0,0.14950260553882913
1,0.9458941824275796,0.5,9,mahalanobis,brute,20,2.0,0.14950260553882913
1,0.9458941824275796,0.5,9,mahalanobis,brute,30,,0.14950260553882913
1,0.9458941824275796,0.5,9,mahalanobis,brute,30,1.0,0.14950260553882913
1,0.9458941824275796,0.5,9,mahalanobis,brute,30,2.0,0.14950260553882913
1,0.9458941824275796,0.5,9,mahalanobis,brute,40,,0.14950260553882913
1,0.9458941824275796,0.5,9,mahalanobis,brute,40,1.0,0.14950260553882913
1,0.9458941824275796,0.5,9,mahalanobis,brute,40,2.0,0.14950260553882913
1,0.9458941824275796,0.5,9,mahalanobis,brute,50,,0.14950260553882913
1,0.9458941824275796,0.5,9,mahalanobis,brute,50,1.0,0.14950260553882913
1,0.9458941824275796,0.5,9,mahalanobis,brute,50,2.0,0.14950260553882913
322,0.0,0.7,1,euclidean,auto,10,,-0.4517548335938788
322,0.0,0.7,1,euclidean,auto,10,1.0,-0.4517548335938788
322,0.0,0.7,1,euclidean,auto,10,2.0,-0.4517548335938788
322,0.0,0.7,1,euclidean,auto,20,,-0.4517548335938788
322,0.0,0.7,1,euclidean,auto,20,1.0,-0.4517548335938788
322,0.0,0.7,1,euclidean,auto,20,2.0,-0.4517548335938788
322,0.0,0.7,1,euclidean,auto,30,,-0.4517548335938788
322,0.0,0.7,1,euclidean,auto,30,1.0,-0.4517548335938788
322,0.0,0.7,1,euclidean,auto,30,2.0,-0.4517548335938788
322,0.0,0.7,1,euclidean,auto,40,,-0.4517548335938788
322,0.0,0.7,1,euclidean,auto,40,1.0,-0.4517548335938788
322,0.0,0.7,1,euclidean,auto,40,2.0,-0.4517548335938788
322,0.0,0.7,1,euclidean,auto,50,,-0.4517548335938788
322,0.0,0.7,1,euclidean,auto,50,1.0,-0.4517548335938788
322,0.0,0.7,1,euclidean,auto,50,2.0,-0.4517548335938788
322,0.0,0.7,1,euclidean,ball_tree,10,,-0.4517548335938788
322,0.0,0.7,1,euclidean,ball_tree,10,1.0,-0.4517548335938788
322,0.0,0.7,1,euclidean,ball_tree,10,2.0,-0.4517548335938788
322,0.0,0.7,1,euclidean,ball_tree,20,,-0.4517548335938788
322,0.0,0.7,1,euclidean,ball_tree,20,1.0,-0.4517548335938788
322,0.0,0.7,1,euclidean,ball_tree,20,2.0,-0.4517548335938788
322,0.0,0.7,1,euclidean,ball_tree,30,,-0.4517548335938788
322,0.0,0.7,1,euclidean,ball_tree,30,1.0,-0.4517548335938788
322,0.0,0.7,1,euclidean,ball_tree,30,2.0,-0.4517548335938788
322,0.0,0.7,1,euclidean,ball_tree,40,,-0.4517548335938788
322,0.0,0.7,1,euclidean,ball_tree,40,1.0,-0.4517548335938788
322,0.0,0.7,1,euclidean,ball_tree,40,2.0,-0.4517548335938788
322,0.0,0.7,1,euclidean,ball_tree,50,,-0.4517548335938788
322,0.0,0.7,1,euclidean,ball_tree,50,1.0,-0.4517548335938788
322,0.0,0.7,1,euclidean,ball_tree,50,2.0,-0.4517548335938788
322,0.0,0.7,1,euclidean,kd_tree,10,,-0.4517548335938788
322,0.0,0.7,1,euclidean,kd_tree,10,1.0,-0.4517548335938788
322,0.0,0.7,1,euclidean,kd_tree,10,2.0,-0.4517548335938788
322,0.0,0.7,1,euclidean,kd_tree,20,,-0.4517548335938788
322,0.0,0.7,1,euclidean,kd_tree,20,1.0,-0.4517548335938788
322,0.0,0.7,1,euclidean,kd_tree,20,2.0,-0.4517548335938788
322,0.0,0.7,1,euclidean,kd_tree,30,,-0.4517548335938788
322,0.0,0.7,1,euclidean,kd_tree,30,1.0,-0.4517548335938788
322,0.0,0.7,1,euclidean,kd_tree,30,2.0,-0.4517548335938788
322,0.0,0.7,1,euclidean,kd_tree,40,,-0.4517548335938788
322,0.0,0.7,1,euclidean,kd_tree,40,1.0,-0.4517548335938788
322,0.0,0.7,1,euclidean,kd_tree,40,2.0,-0.4517548335938788
322,0.0,0.7,1,euclidean,kd_tree,50,,-0.4517548335938788
322,0.0,0.7,1,euclidean,kd_tree,50,1.0,-0.4517548335938788
322,0.0,0.7,1,euclidean,kd_tree,50,2.0,-0.4517548335938788
322,0.0,0.7,1,euclidean,brute,10,,-0.4517548335938788
322,0.0,0.7,1,euclidean,brute,10,1.0,-0.4517548335938788
322,0.0,0.7,1,euclidean,brute,10,2.0,-0.4517548335938788
322,0.0,0.7,1,euclidean,brute,20,,-0.4517548335938788
322,0.0,0.7,1,euclidean,brute,20,1.0,-0.4517548335938788
322,0.0,0.7,1,euclidean,brute,20,2.0,-0.4517548335938788
322,0.0,0.7,1,euclidean,brute,30,,-0.4517548335938788
322,0.0,0.7,1,euclidean,brute,30,1.0,-0.4517548335938788
322,0.0,0.7,1,euclidean,brute,30,2.0,-0.4517548335938788
322,0.0,0.7,1,euclidean,brute,40,,-0.4517548335938788
322,0.0,0.7,1,euclidean,brute,40,1.0,-0.4517548335938788
322,0.0,0.7,1,euclidean,brute,40,2.0,-0.4517548335938788
322,0.0,0.7,1,euclidean,brute,50,,-0.4517548335938788
322,0.0,0.7,1,euclidean,brute,50,1.0,-0.4517548335938788
322,0.0,0.7,1,euclidean,brute,50,2.0,-0.4517548335938788
2266,0.0,0.7,1,manhattan,auto,10,,-0.18862932318678166
2266,0.0,0.7,1,manhattan,auto,10,1.0,-0.18862932318678166
2266,0.0,0.7,1,manhattan,auto,10,2.0,-0.18862932318678166
2266,0.0,0.7,1,manhattan,auto,20,,-0.18862932318678166
2266,0.0,0.7,1,manhattan,auto,20,1.0,-0.18862932318678166
2266,0.0,0.7,1,manhattan,auto,20,2.0,-0.18862932318678166
2266,0.0,0.7,1,manhattan,auto,30,,-0.18862932318678166
2266,0.0,0.7,1,manhattan,auto,30,1.0,-0.18862932318678166
2266,0.0,0.7,1,manhattan,auto,30,2.0,-0.18862932318678166
2266,0.0,0.7,1,manhattan,auto,40,,-0.18862932318678166
2266,0.0,0.7,1,manhattan,auto,40,1.0,-0.18862932318678166
2266,0.0,0.7,1,manhattan,auto,40,2.0,-0.18862932318678166
2266,0.0,0.7,1,manhattan,auto,50,,-0.18862932318678166
2266,0.0,0.7,1,manhattan,auto,50,1.0,-0.18862932318678166
2266,0.0,0.7,1,manhattan,auto,50,2.0,-0.18862932318678166
2266,0.0,0.7,1,manhattan,ball_tree,10,,-0.18862932318678166
2266,0.0,0.7,1,manhattan,ball_tree,10,1.0,-0.18862932318678166
2266,0.0,0.7,1,manhattan,ball_tree,10,2.0,-0.18862932318678166
2266,0.0,0.7,1,manhattan,ball_tree,20,,-0.18862932318678166
2266,0.0,0.7,1,manhattan,ball_tree,20,1.0,-0.18862932318678166
2266,0.0,0.7,1,manhattan,ball_tree,20,2.0,-0.18862932318678166
2266,0.0,0.7,1,manhattan,ball_tree,30,,-0.18862932318678166
2266,0.0,0.7,1,manhattan,ball_tree,30,1.0,-0.18862932318678166
2266,0.0,0.7,1,manhattan,ball_tree,30,2.0,-0.18862932318678166
2266,0.0,0.7,1,manhattan,ball_tree,40,,-0.18862932318678166
2266,0.0,0.7,1,manhattan,ball_tree,40,1.0,-0.18862932318678166
2266,0.0,0.7,1,manhattan,ball_tree,40,2.0,-0.18862932318678166
2266,0.0,0.7,1,manhattan,ball_tree,50,,-0.18862932318678166
2266,0.0,0.7,1,manhattan,ball_tree,50,1.0,-0.18862932318678166
2266,0.0,0.7,1,manhattan,ball_tree,50,2.0,-0.18862932318678166
2266,0.0,0.7,1,manhattan,kd_tree,10,,-0.18862932318678166
2266,0.0,0.7,1,manhattan,kd_tree,10,1.0,-0.18862932318678166
2266,0.0,0.7,1,manhattan,kd_tree,10,2.0,-0.18862932318678166
2266,0.0,0.7,1,manhattan,kd_tree,20,,-0.18862932318678166
2266,0.0,0.7,1,manhattan,kd_tree,20,1.0,-0.18862932318678166
2266,0.0,0.7,1,manhattan,kd_tree,20,2.0,-0.18862932318678166
2266,0.0,0.7,1,manhattan,kd_tree,30,,-0.18862932318678166
2266,0.0,0.7,1,manhattan,kd_tree,30,1.0,-0.18862932318678166
2266,0.0,0.7,1,manhattan,kd_tree,30,2.0,-0.18862932318678166
2266,0.0,0.7,1,manhattan,kd_tree,40,,-0.18862932318678166
2266,0.0,0.7,1,manhattan,kd_tree,40,1.0,-0.18862932318678166
2266,0.0,0.7,1,manhattan,kd_tree,40,2.0,-0.18862932318678166
2266,0.0,0.7,1,manhattan,kd_tree,50,,-0.18862932318678166
2266,0.0,0.7,1,manhattan,kd_tree,50,1.0,-0.18862932318678166
2266,0.0,0.7,1,manhattan,kd_tree,50,2.0,-0.18862932318678166
2266,0.0,0.7,1,manhattan,brute,10,,-0.18862932318678166
2266,0.0,0.7,1,manhattan,brute,10,1.0,-0.18862932318678166
2266,0.0,0.7,1,manhattan,brute,10,2.0,-0.18862932318678166
2266,0.0,0.7,1,manhattan,brute,20,,-0.18862932318678166
2266,0.0,0.7,1,manhattan,brute,20,1.0,-0.18862932318678166
2266,0.0,0.7,1,manhattan,brute,20,2.0,-0.18862932318678166
2266,0.0,0.7,1,manhattan,brute,30,,-0.18862932318678166
2266,0.0,0.7,1,manhattan,brute,30,1.0,-0.18862932318678166
2266,0.0,0.7,1,manhattan,brute,30,2.0,-0.18862932318678166
2266,0.0,0.7,1,manhattan,brute,40,,-0.18862932318678166
2266,0.0,0.7,1,manhattan,brute,40,1.0,-0.18862932318678166
2266,0.0,0.7,1,manhattan,brute,40,2.0,-0.18862932318678166
2266,0.0,0.7,1,manhattan,brute,50,,-0.18862932318678166
2266,0.0,0.7,1,manhattan,brute,50,1.0,-0.18862932318678166
2266,0.0,0.7,1,manhattan,brute,50,2.0,-0.18862932318678166
2855,0.0,0.7,1,mahalanobis,auto,10,,-0.23453957785822668
2855,0.0,0.7,1,mahalanobis,auto,10,1.0,-0.23453957785822668
2855,0.0,0.7,1,mahalanobis,auto,10,2.0,-0.23453957785822668
2855,0.0,0.7,1,mahalanobis,auto,20,,-0.23453957785822668
2855,0.0,0.7,1,mahalanobis,auto,20,1.0,-0.23453957785822668
2855,0.0,0.7,1,mahalanobis,auto,20,2.0,-0.23453957785822668
2855,0.0,0.7,1,mahalanobis,auto,30,,-0.23453957785822668
2855,0.0,0.7,1,mahalanobis,auto,30,1.0,-0.23453957785822668
2855,0.0,0.7,1,mahalanobis,auto,30,2.0,-0.23453957785822668
2855,0.0,0.7,1,mahalanobis,auto,40,,-0.23453957785822668
2855,0.0,0.7,1,mahalanobis,auto,40,1.0,-0.23453957785822668
2855,0.0,0.7,1,mahalanobis,auto,40,2.0,-0.23453957785822668
2855,0.0,0.7,1,mahalanobis,auto,50,,-0.23453957785822668
2855,0.0,0.7,1,mahalanobis,auto,50,1.0,-0.23453957785822668
2855,0.0,0.7,1,mahalanobis,auto,50,2.0,-0.23453957785822668
2855,0.0,0.7,1,mahalanobis,ball_tree,10,,-0.23453957785822668
2855,0.0,0.7,1,mahalanobis,ball_tree,10,1.0,-0.23453957785822668
2855,0.0,0.7,1,mahalanobis,ball_tree,10,2.0,-0.23453957785822668
2855,0.0,0.7,1,mahalanobis,ball_tree,20,,-0.23453957785822668
2855,0.0,0.7,1,mahalanobis,ball_tree,20,1.0,-0.23453957785822668
2855,0.0,0.7,1,mahalanobis,ball_tree,20,2.0,-0.23453957785822668
2855,0.0,0.7,1,mahalanobis,ball_tree,30,,-0.23453957785822668
2855,0.0,0.7,1,mahalanobis,ball_tree,30,1.0,-0.23453957785822668
2855,0.0,0.7,1,mahalanobis,ball_tree,30,2.0,-0.23453957785822668
2855,0.0,0.7,1,mahalanobis,ball_tree,40,,-0.23453957785822668
2855,0.0,0.7,1,mahalanobis,ball_tree,40,1.0,-0.23453957785822668
2855,0.0,0.7,1,mahalanobis,ball_tree,40,2.0,-0.23453957785822668
2855,0.0,0.7,1,mahalanobis,ball_tree,50,,-0.23453957785822668
2855,0.0,0.7,1,mahalanobis,ball_tree,50,1.0,-0.23453957785822668
2855,0.0,0.7,1,mahalanobis,ball_tree,50,2.0,-0.23453957785822668
2855,0.0,0.7,1,mahalanobis,kd_tree,10,,-0.23453957785822668
2855,0.0,0.7,1,mahalanobis,kd_tree,10,1.0,-0.23453957785822668
2855,0.0,0.7,1,mahalanobis,kd_tree,10,2.0,-0.23453957785822668
2855,0.0,0.7,1,mahalanobis,kd_tree,20,,-0.23453957785822668
2855,0.0,0.7,1,mahalanobis,kd_tree,20,1.0,-0.23453957785822668
2855,0.0,0.7,1,mahalanobis,kd_tree,20,2.0,-0.23453957785822668
2855,0.0,0.7,1,mahalanobis,kd_tree,30,,-0.23453957785822668
2855,0.0,0.7,1,mahalanobis,kd_tree,30,1.0,-0.23453957785822668
2855,0.0,0.7,1,mahalanobis,kd_tree,30,2.0,-0.23453957785822668
2855,0.0,0.7,1,mahalanobis,kd_tree,40,,-0.23453957785822668
2855,0.0,0.7,1,mahalanobis,kd_tree,40,1.0,-0.23453957785822668
2855,0.0,0.7,1,mahalanobis,kd_tree,40,2.0,-0.23453957785822668
2855,0.0,0.7,1,mahalanobis,kd_tree,50,,-0.23453957785822668
2855,0.0,0.7,1,mahalanobis,kd_tree,50,1.0,-0.23453957785822668
2855,0.0,0.7,1,mahalanobis,kd_tree,50,2.0,-0.23453957785822668
2855,0.0,0.7,1,mahalanobis,brute,10,,-0.23453957785822668
2855,0.0,0.7,1,mahalanobis,brute,10,1.0,-0.23453957785822668
2855,0.0,0.7,1,mahalanobis,brute,10,2.0,-0.23453957785822668
2855,0.0,0.7,1,mahalanobis,brute,20,,-0.23453957785822668
2855,0.0,0.7,1,mahalanobis,brute,20,1.0,-0.23453957785822668
2855,0.0,0.7,1,mahalanobis,brute,20,2.0,-0.23453957785822668
2855,0.0,0.7,1,mahalanobis,brute,30,,-0.23453957785822668
2855,0.0,0.7,1,mahalanobis,brute,30,1.0,-0.23453957785822668
2855,0.0,0.7,1,mahalanobis,brute,30,2.0,-0.23453957785822668
2855,0.0,0.7,1,mahalanobis,brute,40,,-0.23453957785822668
2855,0.0,0.7,1,mahalanobis,brute,40,1.0,-0.23453957785822668
2855,0.0,0.7,1,mahalanobis,brute,40,2.0,-0.23453957785822668
2855,0.0,0.7,1,mahalanobis,brute,50,,-0.23453957785822668
2855,0.0,0.7,1,mahalanobis,brute,50,1.0,-0.23453957785822668
2855,0.0,0.7,1,mahalanobis,brute,50,2.0,-0.23453957785822668
45,0.06631553746708163,0.7,2,euclidean,auto,10,,-0.334398910889745
45,0.06631553746708163,0.7,2,euclidean,auto,10,1.0,-0.334398910889745
45,0.06631553746708163,0.7,2,euclidean,auto,10,2.0,-0.334398910889745
45,0.06631553746708163,0.7,2,euclidean,auto,20,,-0.334398910889745
45,0.06631553746708163,0.7,2,euclidean,auto,20,1.0,-0.334398910889745
45,0.06631553746708163,0.7,2,euclidean,auto,20,2.0,-0.334398910889745
45,0.06631553746708163,0.7,2,euclidean,auto,30,,-0.334398910889745
45,0.06631553746708163,0.7,2,euclidean,auto,30,1.0,-0.334398910889745
45,0.06631553746708163,0.7,2,euclidean,auto,30,2.0,-0.334398910889745
45,0.06631553746708163,0.7,2,euclidean,auto,40,,-0.334398910889745
45,0.06631553746708163,0.7,2,euclidean,auto,40,1.0,-0.334398910889745
45,0.06631553746708163,0.7,2,euclidean,auto,40,2.0,-0.334398910889745
45,0.06631553746708163,0.7,2,euclidean,auto,50,,-0.334398910889745
45,0.06631553746708163,0.7,2,euclidean,auto,50,1.0,-0.334398910889745
45,0.06631553746708163,0.7,2,euclidean,auto,50,2.0,-0.334398910889745
45,0.06631553746708163,0.7,2,euclidean,ball_tree,10,,-0.334398910889745
45,0.06631553746708163,0.7,2,euclidean,ball_tree,10,1.0,-0.334398910889745
45,0.06631553746708163,0.7,2,euclidean,ball_tree,10,2.0,-0.334398910889745
45,0.06631553746708163,0.7,2,euclidean,ball_tree,20,,-0.334398910889745
45,0.06631553746708163,0.7,2,euclidean,ball_tree,20,1.0,-0.334398910889745
45,0.06631553746708163,0.7,2,euclidean,ball_tree,20,2.0,-0.334398910889745
45,0.06631553746708163,0.7,2,euclidean,ball_tree,30,,-0.334398910889745
45,0.06631553746708163,0.7,2,euclidean,ball_tree,30,1.0,-0.334398910889745
45,0.06631553746708163,0.7,2,euclidean,ball_tree,30,2.0,-0.334398910889745
45,0.06631553746708163,0.7,2,euclidean,ball_tree,40,,-0.334398910889745
45,0.06631553746708163,0.7,2,euclidean,ball_tree,40,1.0,-0.334398910889745
45,0.06631553746708163,0.7,2,euclidean,ball_tree,40,2.0,-0.334398910889745
45,0.06631553746708163,0.7,2,euclidean,ball_tree,50,,-0.334398910889745
45,0.06631553746708163,0.7,2,euclidean,ball_tree,50,1.0,-0.334398910889745
45,0.06631553746708163,0.7,2,euclidean,ball_tree,50,2.0,-0.334398910889745
45,0.06631553746708163,0.7,2,euclidean,kd_tree,10,,-0.334398910889745
45,0.06631553746708163,0.7,2,euclidean,kd_tree,10,1.0,-0.334398910889745
45,0.06631553746708163,0.7,2,euclidean,kd_tree,10,2.0,-0.334398910889745
45,0.06631553746708163,0.7,2,euclidean,kd_tree,20,,-0.334398910889745
45,0.06631553746708163,0.7,2,euclidean,kd_tree,20,1.0,-0.334398910889745
45,0.06631553746708163,0.7,2,euclidean,kd_tree,20,2.0,-0.334398910889745
45,0.06631553746708163,0.7,2,euclidean,kd_tree,30,,-0.334398910889745
45,0.06631553746708163,0.7,2,euclidean,kd_tree,30,1.0,-0.334398910889745
45,0.06631553746708163,0.7,2,euclidean,kd_tree,30,2.0,-0.334398910889745
45,0.06631553746708163,0.7,2,euclidean,kd_tree,40,,-0.334398910889745
45,0.06631553746708163,0.7,2,euclidean,kd_tree,40,1.0,-0.334398910889745
45,0.06631553746708163,0.7,2,euclidean,kd_tree,40,2.0,-0.334398910889745
45,0.06631553746708163,0.7,2,euclidean,kd_tree,50,,-0.334398910889745
45,0.06631553746708163,0.7,2,euclidean,kd_tree,50,1.0,-0.334398910889745
45,0.06631553746708163,0.7,2,euclidean,kd_tree,50,2.0,-0.334398910889745
45,0.06631553746708163,0.7,2,euclidean,brute,10,,-0.334398910889745
45,0.06631553746708163,0.7,2,euclidean,brute,10,1.0,-0.334398910889745
45,0.06631553746708163,0.7,2,euclidean,brute,10,2.0,-0.334398910889745
45,0.06631553746708163,0.7,2,euclidean,brute,20,,-0.334398910889745
45,0.06631553746708163,0.7,2,euclidean,brute,20,1.0,-0.334398910889745
45,0.06631553746708163,0.7,2,euclidean,brute,20,2.0,-0.334398910889745
45,0.06631553746708163,0.7,2,euclidean,brute,30,,-0.334398910889745
45,0.06631553746708163,0.7,2,euclidean,brute,30,1.0,-0.334398910889745
45,0.06631553746708163,0.7,2,euclidean,brute,30,2.0,-0.334398910889745
45,0.06631553746708163,0.7,2,euclidean,brute,40,,-0.334398910889745
45,0.06631553746708163,0.7,2,euclidean,brute,40,1.0,-0.334398910889745
45,0.06631553746708163,0.7,2,euclidean,brute,40,2.0,-0.334398910889745
45,0.06631553746708163,0.7,2,euclidean,brute,50,,-0.334398910889745
45,0.06631553746708163,0.7,2,euclidean,brute,50,1.0,-0.334398910889745
45,0.06631553746708163,0.7,2,euclidean,brute,50,2.0,-0.334398910889745
238,0.48551592051711756,0.7,2,manhattan,auto,10,,-0.44927862657775797
238,0.48551592051711756,0.7,2,manhattan,auto,10,1.0,-0.44927862657775797
238,0.48551592051711756,0.7,2,manhattan,auto,10,2.0,-0.44927862657775797
238,0.48551592051711756,0.7,2,manhattan,auto,20,,-0.44927862657775797
238,0.48551592051711756,0.7,2,manhattan,auto,20,1.0,-0.44927862657775797
238,0.48551592051711756,0.7,2,manhattan,auto,20,2.0,-0.44927862657775797
238,0.48551592051711756,0.7,2,manhattan,auto,30,,-0.44927862657775797
238,0.48551592051711756,0.7,2,manhattan,auto,30,1.0,-0.44927862657775797
238,0.48551592051711756,0.7,2,manhattan,auto,30,2.0,-0.44927862657775797
238,0.48551592051711756,0.7,2,manhattan,auto,40,,-0.44927862657775797
238,0.48551592051711756,0.7,2,manhattan,auto,40,1.0,-0.44927862657775797
238,0.48551592051711756,0.7,2,manhattan,auto,40,2.0,-0.44927862657775797
238,0.48551592051711756,0.7,2,manhattan,auto,50,,-0.44927862657775797
238,0.48551592051711756,0.7,2,manhattan,auto,50,1.0,-0.44927862657775797
238,0.48551592051711756,0.7,2,manhattan,auto,50,2.0,-0.44927862657775797
238,0.48551592051711756,0.7,2,manhattan,ball_tree,10,,-0.44927862657775797
238,0.48551592051711756,0.7,2,manhattan,ball_tree,10,1.0,-0.44927862657775797
238,0.48551592051711756,0.7,2,manhattan,ball_tree,10,2.0,-0.44927862657775797
238,0.48551592051711756,0.7,2,manhattan,ball_tree,20,,-0.44927862657775797
238,0.48551592051711756,0.7,2,manhattan,ball_tree,20,1.0,-0.44927862657775797
238,0.48551592051711756,0.7,2,manhattan,ball_tree,20,2.0,-0.44927862657775797
238,0.48551592051711756,0.7,2,manhattan,ball_tree,30,,-0.44927862657775797
238,0.48551592051711756,0.7,2,manhattan,ball_tree,30,1.0,-0.44927862657775797
238,0.48551592051711756,0.7,2,manhattan,ball_tree,30,2.0,-0.44927862657775797
238,0.48551592051711756,0.7,2,manhattan,ball_tree,40,,-0.44927862657775797
238,0.48551592051711756,0.7,2,manhattan,ball_tree,40,1.0,-0.44927862657775797
238,0.48551592051711756,0.7,2,manhattan,ball_tree,40,2.0,-0.44927862657775797
238,0.48551592051711756,0.7,2,manhattan,ball_tree,50,,-0.44927862657775797
238,0.48551592051711756,0.7,2,manhattan,ball_tree,50,1.0,-0.44927862657775797
238,0.48551592051711756,0.7,2,manhattan,ball_tree,50,2.0,-0.44927862657775797
238,0.48551592051711756,0.7,2,manhattan,kd_tree,10,,-0.44927862657775797
238,0.48551592051711756,0.7,2,manhattan,kd_tree,10,1.0,-0.44927862657775797
238,0.48551592051711756,0.7,2,manhattan,kd_tree,10,2.0,-0.44927862657775797
238,0.48551592051711756,0.7,2,manhattan,kd_tree,20,,-0.44927862657775797
238,0.48551592051711756,0.7,2,manhattan,kd_tree,20,1.0,-0.44927862657775797
238,0.48551592051711756,0.7,2,manhattan,kd_tree,20,2.0,-0.44927862657775797
238,0.48551592051711756,0.7,2,manhattan,kd_tree,30,,-0.44927862657775797
238,0.48551592051711756,0.7,2,manhattan,kd_tree,30,1.0,-0.44927862657775797
238,0.48551592051711756,0.7,2,manhattan,kd_tree,30,2.0,-0.44927862657775797
238,0.48551592051711756,0.7,2,manhattan,kd_tree,40,,-0.44927862657775797
238,0.48551592051711756,0.7,2,manhattan,kd_tree,40,1.0,-0.44927862657775797
238,0.48551592051711756,0.7,2,manhattan,kd_tree,40,2.0,-0.44927862657775797
238,0.48551592051711756,0.7,2,manhattan,kd_tree,50,,-0.44927862657775797
238,0.48551592051711756,0.7,2,manhattan,kd_tree,50,1.0,-0.44927862657775797
238,0.48551592051711756,0.7,2,manhattan,kd_tree,50,2.0,-0.44927862657775797
238,0.48551592051711756,0.7,2,manhattan,brute,10,,-0.44927862657775797
238,0.48551592051711756,0.7,2,manhattan,brute,10,1.0,-0.44927862657775797
238,0.48551592051711756,0.7,2,manhattan,brute,10,2.0,-0.44927862657775797
238,0.48551592051711756,0.7,2,manhattan,brute,20,,-0.44927862657775797
238,0.48551592051711756,0.7,2,manhattan,brute,20,1.0,-0.44927862657775797
238,0.48551592051711756,0.7,2,manhattan,brute,20,2.0,-0.44927862657775797
238,0.48551592051711756,0.7,2,manhattan,brute,30,,-0.44927862657775797
238,0.48551592051711756,0.7,2,manhattan,brute,30,1.0,-0.44927862657775797
238,0.48551592051711756,0.7,2,manhattan,brute,30,2.0,-0.44927862657775797
238,0.48551592051711756,0.7,2,manhattan,brute,40,,-0.44927862657775797
238,0.48551592051711756,0.7,2,manhattan,brute,40,1.0,-0.44927862657775797
238,0.48551592051711756,0.7,2,manhattan,brute,40,2.0,-0.44927862657775797
238,0.48551592051711756,0.7,2,manhattan,brute,50,,-0.44927862657775797
238,0.48551592051711756,0.7,2,manhattan,brute,50,1.0,-0.44927862657775797
238,0.48551592051711756,0.7,2,manhattan,brute,50,2.0,-0.44927862657775797
142,0.6495092171414891,0.7,2,mahalanobis,auto,10,,-0.6110886000246818
142,0.6495092171414891,0.7,2,mahalanobis,auto,10,1.0,-0.6110886000246818
142,0.6495092171414891,0.7,2,mahalanobis,auto,10,2.0,-0.6110886000246818
142,0.6495092171414891,0.7,2,mahalanobis,auto,20,,-0.6110886000246818
142,0.6495092171414891,0.7,2,mahalanobis,auto,20,1.0,-0.6110886000246818
142,0.6495092171414891,0.7,2,mahalanobis,auto,20,2.0,-0.6110886000246818
142,0.6495092171414891,0.7,2,mahalanobis,auto,30,,-0.6110886000246818
142,0.6495092171414891,0.7,2,mahalanobis,auto,30,1.0,-0.6110886000246818
142,0.6495092171414891,0.7,2,mahalanobis,auto,30,2.0,-0.6110886000246818
142,0.6495092171414891,0.7,2,mahalanobis,auto,40,,-0.6110886000246818
142,0.6495092171414891,0.7,2,mahalanobis,auto,40,1.0,-0.6110886000246818
142,0.6495092171414891,0.7,2,mahalanobis,auto,40,2.0,-0.6110886000246818
142,0.6495092171414891,0.7,2,mahalanobis,auto,50,,-0.6110886000246818
142,0.6495092171414891,0.7,2,mahalanobis,auto,50,1.0,-0.6110886000246818
142,0.6495092171414891,0.7,2,mahalanobis,auto,50,2.0,-0.6110886000246818
142,0.6495092171414891,0.7,2,mahalanobis,ball_tree,10,,-0.6110886000246818
142,0.6495092171414891,0.7,2,mahalanobis,ball_tree,10,1.0,-0.6110886000246818
142,0.6495092171414891,0.7,2,mahalanobis,ball_tree,10,2.0,-0.6110886000246818
142,0.6495092171414891,0.7,2,mahalanobis,ball_tree,20,,-0.6110886000246818
142,0.6495092171414891,0.7,2,mahalanobis,ball_tree,20,1.0,-0.6110886000246818
142,0.6495092171414891,0.7,2,mahalanobis,ball_tree,20,2.0,-0.6110886000246818
142,0.6495092171414891,0.7,2,mahalanobis,ball_tree,30,,-0.6110886000246818
142,0.6495092171414891,0.7,2,mahalanobis,ball_tree,30,1.0,-0.6110886000246818
142,0.6495092171414891,0.7,2,mahalanobis,ball_tree,30,2.0,-0.6110886000246818
142,0.6495092171414891,0.7,2,mahalanobis,ball_tree,40,,-0.6110886000246818
142,0.6495092171414891,0.7,2,mahalanobis,ball_tree,40,1.0,-0.6110886000246818
142,0.6495092171414891,0.7,2,mahalanobis,ball_tree,40,2.0,-0.6110886000246818
142,0.6495092171414891,0.7,2,mahalanobis,ball_tree,50,,-0.6110886000246818
142,0.6495092171414891,0.7,2,mahalanobis,ball_tree,50,1.0,-0.6110886000246818
142,0.6495092171414891,0.7,2,mahalanobis,ball_tree,50,2.0,-0.6110886000246818
142,0.6495092171414891,0.7,2,mahalanobis,kd_tree,10,,-0.6110886000246818
142,0.6495092171414891,0.7,2,mahalanobis,kd_tree,10,1.0,-0.6110886000246818
142,0.6495092171414891,0.7,2,mahalanobis,kd_tree,10,2.0,-0.6110886000246818
142,0.6495092171414891,0.7,2,mahalanobis,kd_tree,20,,-0.6110886000246818
142,0.6495092171414891,0.7,2,mahalanobis,kd_tree,20,1.0,-0.6110886000246818
142,0.6495092171414891,0.7,2,mahalanobis,kd_tree,20,2.0,-0.6110886000246818
142,0.6495092171414891,0.7,2,mahalanobis,kd_tree,30,,-0.6110886000246818
142,0.6495092171414891,0.7,2,mahalanobis,kd_tree,30,1.0,-0.6110886000246818
142,0.6495092171414891,0.7,2,mahalanobis,kd_tree,30,2.0,-0.6110886000246818
142,0.6495092171414891,0.7,2,mahalanobis,kd_tree,40,,-0.6110886000246818
142,0.6495092171414891,0.7,2,mahalanobis,kd_tree,40,1.0,-0.6110886000246818
142,0.6495092171414891,0.7,2,mahalanobis,kd_tree,40,2.0,-0.6110886000246818
142,0.6495092171414891,0.7,2,mahalanobis,kd_tree,50,,-0.6110886000246818
142,0.6495092171414891,0.7,2,mahalanobis,kd_tree,50,1.0,-0.6110886000246818
142,0.6495092171414891,0.7,2,mahalanobis,kd_tree,50,2.0,-0.6110886000246818
142,0.6495092171414891,0.7,2,mahalanobis,brute,10,,-0.6110886000246818
142,0.6495092171414891,0.7,2,mahalanobis,brute,10,1.0,-0.6110886000246818
142,0.6495092171414891,0.7,2,mahalanobis,brute,10,2.0,-0.6110886000246818
142,0.6495092171414891,0.7,2,mahalanobis,brute,20,,-0.6110886000246818
142,0.6495092171414891,0.7,2,mahalanobis,brute,20,1.0,-0.6110886000246818
142,0.6495092171414891,0.7,2,mahalanobis,brute,20,2.0,-0.6110886000246818
142,0.6495092171414891,0.7,2,mahalanobis,brute,30,,-0.6110886000246818
142,0.6495092171414891,0.7,2,mahalanobis,brute,30,1.0,-0.6110886000246818
142,0.6495092171414891,0.7,2,mahalanobis,brute,30,2.0,-0.6110886000246818
142,0.6495092171414891,0.7,2,mahalanobis,brute,40,,-0.6110886000246818
142,0.6495092171414891,0.7,2,mahalanobis,brute,40,1.0,-0.6110886000246818
142,0.6495092171414891,0.7,2,mahalanobis,brute,40,2.0,-0.6110886000246818
142,0.6495092171414891,0.7,2,mahalanobis,brute,50,,-0.6110886000246818
142,0.6495092171414891,0.7,2,mahalanobis,brute,50,1.0,-0.6110886000246818
142,0.6495092171414891,0.7,2,mahalanobis,brute,50,2.0,-0.6110886000246818
17,0.07972228872396457,0.7,3,euclidean,auto,10,,-0.16222057122206215
17,0.07972228872396457,0.7,3,euclidean,auto,10,1.0,-0.16222057122206215
17,0.07972228872396457,0.7,3,euclidean,auto,10,2.0,-0.16222057122206215
17,0.07972228872396457,0.7,3,euclidean,auto,20,,-0.16222057122206215
17,0.07972228872396457,0.7,3,euclidean,auto,20,1.0,-0.16222057122206215
17,0.07972228872396457,0.7,3,euclidean,auto,20,2.0,-0.16222057122206215
17,0.07972228872396457,0.7,3,euclidean,auto,30,,-0.16222057122206215
17,0.07972228872396457,0.7,3,euclidean,auto,30,1.0,-0.16222057122206215
17,0.07972228872396457,0.7,3,euclidean,auto,30,2.0,-0.16222057122206215
17,0.07972228872396457,0.7,3,euclidean,auto,40,,-0.16222057122206215
17,0.07972228872396457,0.7,3,euclidean,auto,40,1.0,-0.16222057122206215
17,0.07972228872396457,0.7,3,euclidean,auto,40,2.0,-0.16222057122206215
17,0.07972228872396457,0.7,3,euclidean,auto,50,,-0.16222057122206215
17,0.07972228872396457,0.7,3,euclidean,auto,50,1.0,-0.16222057122206215
17,0.07972228872396457,0.7,3,euclidean,auto,50,2.0,-0.16222057122206215
17,0.07972228872396457,0.7,3,euclidean,ball_tree,10,,-0.16222057122206215
17,0.07972228872396457,0.7,3,euclidean,ball_tree,10,1.0,-0.16222057122206215
17,0.07972228872396457,0.7,3,euclidean,ball_tree,10,2.0,-0.16222057122206215
17,0.07972228872396457,0.7,3,euclidean,ball_tree,20,,-0.16222057122206215
17,0.07972228872396457,0.7,3,euclidean,ball_tree,20,1.0,-0.16222057122206215
17,0.07972228872396457,0.7,3,euclidean,ball_tree,20,2.0,-0.16222057122206215
17,0.07972228872396457,0.7,3,euclidean,ball_tree,30,,-0.16222057122206215
17,0.07972228872396457,0.7,3,euclidean,ball_tree,30,1.0,-0.16222057122206215
17,0.07972228872396457,0.7,3,euclidean,ball_tree,30,2.0,-0.16222057122206215
17,0.07972228872396457,0.7,3,euclidean,ball_tree,40,,-0.16222057122206215
17,0.07972228872396457,0.7,3,euclidean,ball_tree,40,1.0,-0.16222057122206215
17,0.07972228872396457,0.7,3,euclidean,ball_tree,40,2.0,-0.16222057122206215
17,0.07972228872396457,0.7,3,euclidean,ball_tree,50,,-0.16222057122206215
17,0.07972228872396457,0.7,3,euclidean,ball_tree,50,1.0,-0.16222057122206215
17,0.07972228872396457,0.7,3,euclidean,ball_tree,50,2.0,-0.16222057122206215
17,0.07972228872396457,0.7,3,euclidean,kd_tree,10,,-0.16222057122206215
17,0.07972228872396457,0.7,3,euclidean,kd_tree,10,1.0,-0.16222057122206215
17,0.07972228872396457,0.7,3,euclidean,kd_tree,10,2.0,-0.16222057122206215
17,0.07972228872396457,0.7,3,euclidean,kd_tree,20,,-0.16222057122206215
17,0.07972228872396457,0.7,3,euclidean,kd_tree,20,1.0,-0.16222057122206215
17,0.07972228872396457,0.7,3,euclidean,kd_tree,20,2.0,-0.16222057122206215
17,0.07972228872396457,0.7,3,euclidean,kd_tree,30,,-0.16222057122206215
17,0.07972228872396457,0.7,3,euclidean,kd_tree,30,1.0,-0.16222057122206215
17,0.07972228872396457,0.7,3,euclidean,kd_tree,30,2.0,-0.16222057122206215
17,0.07972228872396457,0.7,3,euclidean,kd_tree,40,,-0.16222057122206215
17,0.07972228872396457,0.7,3,euclidean,kd_tree,40,1.0,-0.16222057122206215
17,0.07972228872396457,0.7,3,euclidean,kd_tree,40,2.0,-0.16222057122206215
17,0.07972228872396457,0.7,3,euclidean,kd_tree,50,,-0.16222057122206215
17,0.07972228872396457,0.7,3,euclidean,kd_tree,50,1.0,-0.16222057122206215
17,0.07972228872396457,0.7,3,euclidean,kd_tree,50,2.0,-0.16222057122206215
17,0.07972228872396457,0.7,3,euclidean,brute,10,,-0.16222057122206215
17,0.07972228872396457,0.7,3,euclidean,brute,10,1.0,-0.16222057122206215
17,0.07972228872396457,0.7,3,euclidean,brute,10,2.0,-0.16222057122206215
17,0.07972228872396457,0.7,3,euclidean,brute,20,,-0.16222057122206215
17,0.07972228872396457,0.7,3,euclidean,brute,20,1.0,-0.16222057122206215
17,0.07972228872396457,0.7,3,euclidean,brute,20,2.0,-0.16222057122206215
17,0.07972228872396457,0.7,3,euclidean,brute,30,,-0.16222057122206215
17,0.07972228872396457,0.7,3,euclidean,brute,30,1.0,-0.16222057122206215
17,0.07972228872396457,0.7,3,euclidean,brute,30,2.0,-0.16222057122206215
17,0.07972228872396457,0.7,3,euclidean,brute,40,,-0.16222057122206215
17,0.07972228872396457,0.7,3,euclidean,brute,40,1.0,-0.16222057122206215
17,0.07972228872396457,0.7,3,euclidean,brute,40,2.0,-0.16222057122206215
17,0.07972228872396457,0.7,3,euclidean,brute,50,,-0.16222057122206215
17,0.07972228872396457,0.7,3,euclidean,brute,50,1.0,-0.16222057122206215
17,0.07972228872396457,0.7,3,euclidean,brute,50,2.0,-0.16222057122206215
86,0.5582954273401963,0.7,3,manhattan,auto,10,,-0.45205403067259514
86,0.5582954273401963,0.7,3,manhattan,auto,10,1.0,-0.45205403067259514
86,0.5582954273401963,0.7,3,manhattan,auto,10,2.0,-0.45205403067259514
86,0.5582954273401963,0.7,3,manhattan,auto,20,,-0.45205403067259514
86,0.5582954273401963,0.7,3,manhattan,auto,20,1.0,-0.45205403067259514
86,0.5582954273401963,0.7,3,manhattan,auto,20,2.0,-0.45205403067259514
86,0.5582954273401963,0.7,3,manhattan,auto,30,,-0.45205403067259514
86,0.5582954273401963,0.7,3,manhattan,auto,30,1.0,-0.45205403067259514
86,0.5582954273401963,0.7,3,manhattan,auto,30,2.0,-0.45205403067259514
86,0.5582954273401963,0.7,3,manhattan,auto,40,,-0.45205403067259514
86,0.5582954273401963,0.7,3,manhattan,auto,40,1.0,-0.45205403067259514
86,0.5582954273401963,0.7,3,manhattan,auto,40,2.0,-0.45205403067259514
86,0.5582954273401963,0.7,3,manhattan,auto,50,,-0.45205403067259514
86,0.5582954273401963,0.7,3,manhattan,auto,50,1.0,-0.45205403067259514
86,0.5582954273401963,0.7,3,manhattan,auto,50,2.0,-0.45205403067259514
86,0.5582954273401963,0.7,3,manhattan,ball_tree,10,,-0.45205403067259514
86,0.5582954273401963,0.7,3,manhattan,ball_tree,10,1.0,-0.45205403067259514
86,0.5582954273401963,0.7,3,manhattan,ball_tree,10,2.0,-0.45205403067259514
86,0.5582954273401963,0.7,3,manhattan,ball_tree,20,,-0.45205403067259514
86,0.5582954273401963,0.7,3,manhattan,ball_tree,20,1.0,-0.45205403067259514
86,0.5582954273401963,0.7,3,manhattan,ball_tree,20,2.0,-0.45205403067259514
86,0.5582954273401963,0.7,3,manhattan,ball_tree,30,,-0.45205403067259514
86,0.5582954273401963,0.7,3,manhattan,ball_tree,30,1.0,-0.45205403067259514
86,0.5582954273401963,0.7,3,manhattan,ball_tree,30,2.0,-0.45205403067259514
86,0.5582954273401963,0.7,3,manhattan,ball_tree,40,,-0.45205403067259514
86,0.5582954273401963,0.7,3,manhattan,ball_tree,40,1.0,-0.45205403067259514
86,0.5582954273401963,0.7,3,manhattan,ball_tree,40,2.0,-0.45205403067259514
86,0.5582954273401963,0.7,3,manhattan,ball_tree,50,,-0.45205403067259514
86,0.5582954273401963,0.7,3,manhattan,ball_tree,50,1.0,-0.45205403067259514
86,0.5582954273401963,0.7,3,manhattan,ball_tree,50,2.0,-0.45205403067259514
86,0.5582954273401963,0.7,3,manhattan,kd_tree,10,,-0.45205403067259514
86,0.5582954273401963,0.7,3,manhattan,kd_tree,10,1.0,-0.45205403067259514
86,0.5582954273401963,0.7,3,manhattan,kd_tree,10,2.0,-0.45205403067259514
86,0.5582954273401963,0.7,3,manhattan,kd_tree,20,,-0.45205403067259514
86,0.5582954273401963,0.7,3,manhattan,kd_tree,20,1.0,-0.45205403067259514
86,0.5582954273401963,0.7,3,manhattan,kd_tree,20,2.0,-0.45205403067259514
86,0.5582954273401963,0.7,3,manhattan,kd_tree,30,,-0.45205403067259514
86,0.5582954273401963,0.7,3,manhattan,kd_tree,30,1.0,-0.45205403067259514
86,0.5582954273401963,0.7,3,manhattan,kd_tree,30,2.0,-0.45205403067259514
86,0.5582954273401963,0.7,3,manhattan,kd_tree,40,,-0.45205403067259514
86,0.5582954273401963,0.7,3,manhattan,kd_tree,40,1.0,-0.45205403067259514
86,0.5582954273401963,0.7,3,manhattan,kd_tree,40,2.0,-0.45205403067259514
86,0.5582954273401963,0.7,3,manhattan,kd_tree,50,,-0.45205403067259514
86,0.5582954273401963,0.7,3,manhattan,kd_tree,50,1.0,-0.45205403067259514
86,0.5582954273401963,0.7,3,manhattan,kd_tree,50,2.0,-0.45205403067259514
86,0.5582954273401963,0.7,3,manhattan,brute,10,,-0.45205403067259514
86,0.5582954273401963,0.7,3,manhattan,brute,10,1.0,-0.45205403067259514
86,0.5582954273401963,0.7,3,manhattan,brute,10,2.0,-0.45205403067259514
86,0.5582954273401963,0.7,3,manhattan,brute,20,,-0.45205403067259514
86,0.5582954273401963,0.7,3,manhattan,brute,20,1.0,-0.45205403067259514
86,0.5582954273401963,0.7,3,manhattan,brute,20,2.0,-0.45205403067259514
86,0.5582954273401963,0.7,3,manhattan,brute,30,,-0.45205403067259514
86,0.5582954273401963,0.7,3,manhattan,brute,30,1.0,-0.45205403067259514
86,0.5582954273401963,0.7,3,manhattan,brute,30,2.0,-0.45205403067259514
86,0.5582954273401963,0.7,3,manhattan,brute,40,,-0.45205403067259514
86,0.5582954273401963,0.7,3,manhattan,brute,40,1.0,-0.45205403067259514
86,0.5582954273401963,0.7,3,manhattan,brute,40,2.0,-0.45205403067259514
86,0.5582954273401963,0.7,3,manhattan,brute,50,,-0.45205403067259514
86,0.5582954273401963,0.7,3,manhattan,brute,50,1.0,-0.45205403067259514
86,0.5582954273401963,0.7,3,manhattan,brute,50,2.0,-0.45205403067259514
49,0.6940387838161359,0.7,3,mahalanobis,auto,10,,-0.5393209922049303
49,0.6940387838161359,0.7,3,mahalanobis,auto,10,1.0,-0.5393209922049303
49,0.6940387838161359,0.7,3,mahalanobis,auto,10,2.0,-0.5393209922049303
49,0.6940387838161359,0.7,3,mahalanobis,auto,20,,-0.5393209922049303
49,0.6940387838161359,0.7,3,mahalanobis,auto,20,1.0,-0.5393209922049303
49,0.6940387838161359,0.7,3,mahalanobis,auto,20,2.0,-0.5393209922049303
49,0.6940387838161359,0.7,3,mahalanobis,auto,30,,-0.5393209922049303
49,0.6940387838161359,0.7,3,mahalanobis,auto,30,1.0,-0.5393209922049303
49,0.6940387838161359,0.7,3,mahalanobis,auto,30,2.0,-0.5393209922049303
49,0.6940387838161359,0.7,3,mahalanobis,auto,40,,-0.5393209922049303
49,0.6940387838161359,0.7,3,mahalanobis,auto,40,1.0,-0.5393209922049303
49,0.6940387838161359,0.7,3,mahalanobis,auto,40,2.0,-0.5393209922049303
49,0.6940387838161359,0.7,3,mahalanobis,auto,50,,-0.5393209922049303
49,0.6940387838161359,0.7,3,mahalanobis,auto,50,1.0,-0.5393209922049303
49,0.6940387838161359,0.7,3,mahalanobis,auto,50,2.0,-0.5393209922049303
49,0.6940387838161359,0.7,3,mahalanobis,ball_tree,10,,-0.5393209922049303
49,0.6940387838161359,0.7,3,mahalanobis,ball_tree,10,1.0,-0.5393209922049303
49,0.6940387838161359,0.7,3,mahalanobis,ball_tree,10,2.0,-0.5393209922049303
49,0.6940387838161359,0.7,3,mahalanobis,ball_tree,20,,-0.5393209922049303
49,0.6940387838161359,0.7,3,mahalanobis,ball_tree,20,1.0,-0.5393209922049303
49,0.6940387838161359,0.7,3,mahalanobis,ball_tree,20,2.0,-0.5393209922049303
49,0.6940387838161359,0.7,3,mahalanobis,ball_tree,30,,-0.5393209922049303
49,0.6940387838161359,0.7,3,mahalanobis,ball_tree,30,1.0,-0.5393209922049303
49,0.6940387838161359,0.7,3,mahalanobis,ball_tree,30,2.0,-0.5393209922049303
49,0.6940387838161359,0.7,3,mahalanobis,ball_tree,40,,-0.5393209922049303
49,0.6940387838161359,0.7,3,mahalanobis,ball_tree,40,1.0,-0.5393209922049303
49,0.6940387838161359,0.7,3,mahalanobis,ball_tree,40,2.0,-0.5393209922049303
49,0.6940387838161359,0.7,3,mahalanobis,ball_tree,50,,-0.5393209922049303
49,0.6940387838161359,0.7,3,mahalanobis,ball_tree,50,1.0,-0.5393209922049303
49,0.6940387838161359,0.7,3,mahalanobis,ball_tree,50,2.0,-0.5393209922049303
49,0.6940387838161359,0.7,3,mahalanobis,kd_tree,10,,-0.5393209922049303
49,0.6940387838161359,0.7,3,mahalanobis,kd_tree,10,1.0,-0.5393209922049303
49,0.6940387838161359,0.7,3,mahalanobis,kd_tree,10,2.0,-0.5393209922049303
49,0.6940387838161359,0.7,3,mahalanobis,kd_tree,20,,-0.5393209922049303
49,0.6940387838161359,0.7,3,mahalanobis,kd_tree,20,1.0,-0.5393209922049303
49,0.6940387838161359,0.7,3,mahalanobis,kd_tree,20,2.0,-0.5393209922049303
49,0.6940387838161359,0.7,3,mahalanobis,kd_tree,30,,-0.5393209922049303
49,0.6940387838161359,0.7,3,mahalanobis,kd_tree,30,1.0,-0.5393209922049303
49,0.6940387838161359,0.7,3,mahalanobis,kd_tree,30,2.0,-0.5393209922049303
49,0.6940387838161359,0.7,3,mahalanobis,kd_tree,40,,-0.5393209922049303
49,0.6940387838161359,0.7,3,mahalanobis,kd_tree,40,1.0,-0.5393209922049303
49,0.6940387838161359,0.7,3,mahalanobis,kd_tree,40,2.0,-0.5393209922049303
49,0.6940387838161359,0.7,3,mahalanobis,kd_tree,50,,-0.5393209922049303
49,0.6940387838161359,0.7,3,mahalanobis,kd_tree,50,1.0,-0.5393209922049303
49,0.6940387838161359,0.7,3,mahalanobis,kd_tree,50,2.0,-0.5393209922049303
49,0.6940387838161359,0.7,3,mahalanobis,brute,10,,-0.5393209922049303
49,0.6940387838161359,0.7,3,mahalanobis,brute,10,1.0,-0.5393209922049303
49,0.6940387838161359,0.7,3,mahalanobis,brute,10,2.0,-0.5393209922049303
49,0.6940387838161359,0.7,3,mahalanobis,brute,20,,-0.5393209922049303
49,0.6940387838161359,0.7,3,mahalanobis,brute,20,1.0,-0.5393209922049303
49,0.6940387838161359,0.7,3,mahalanobis,brute,20,2.0,-0.5393209922049303
49,0.6940387838161359,0.7,3,mahalanobis,brute,30,,-0.5393209922049303
49,0.6940387838161359,0.7,3,mahalanobis,brute,30,1.0,-0.5393209922049303
49,0.6940387838161359,0.7,3,mahalanobis,brute,30,2.0,-0.5393209922049303
49,0.6940387838161359,0.7,3,mahalanobis,brute,40,,-0.5393209922049303
49,0.6940387838161359,0.7,3,mahalanobis,brute,40,1.0,-0.5393209922049303
49,0.6940387838161359,0.7,3,mahalanobis,brute,40,2.0,-0.5393209922049303
49,0.6940387838161359,0.7,3,mahalanobis,brute,50,,-0.5393209922049303
49,0.6940387838161359,0.7,3,mahalanobis,brute,50,1.0,-0.5393209922049303
49,0.6940387838161359,0.7,3,mahalanobis,brute,50,2.0,-0.5393209922049303
11,0.09049557098395979,0.7,4,euclidean,auto,10,,-0.06020786361282748
11,0.09049557098395979,0.7,4,euclidean,auto,10,1.0,-0.06020786361282748
11,0.09049557098395979,0.7,4,euclidean,auto,10,2.0,-0.06020786361282748
11,0.09049557098395979,0.7,4,euclidean,auto,20,,-0.06020786361282748
11,0.09049557098395979,0.7,4,euclidean,auto,20,1.0,-0.06020786361282748
11,0.09049557098395979,0.7,4,euclidean,auto,20,2.0,-0.06020786361282748
11,0.09049557098395979,0.7,4,euclidean,auto,30,,-0.06020786361282748
11,0.09049557098395979,0.7,4,euclidean,auto,30,1.0,-0.06020786361282748
11,0.09049557098395979,0.7,4,euclidean,auto,30,2.0,-0.06020786361282748
11,0.09049557098395979,0.7,4,euclidean,auto,40,,-0.06020786361282748
11,0.09049557098395979,0.7,4,euclidean,auto,40,1.0,-0.06020786361282748
11,0.09049557098395979,0.7,4,euclidean,auto,40,2.0,-0.06020786361282748
11,0.09049557098395979,0.7,4,euclidean,auto,50,,-0.06020786361282748
11,0.09049557098395979,0.7,4,euclidean,auto,50,1.0,-0.06020786361282748
11,0.09049557098395979,0.7,4,euclidean,auto,50,2.0,-0.06020786361282748
11,0.09049557098395979,0.7,4,euclidean,ball_tree,10,,-0.06020786361282748
11,0.09049557098395979,0.7,4,euclidean,ball_tree,10,1.0,-0.06020786361282748
11,0.09049557098395979,0.7,4,euclidean,ball_tree,10,2.0,-0.06020786361282748
11,0.09049557098395979,0.7,4,euclidean,ball_tree,20,,-0.06020786361282748
11,0.09049557098395979,0.7,4,euclidean,ball_tree,20,1.0,-0.06020786361282748
11,0.09049557098395979,0.7,4,euclidean,ball_tree,20,2.0,-0.06020786361282748
11,0.09049557098395979,0.7,4,euclidean,ball_tree,30,,-0.06020786361282748
11,0.09049557098395979,0.7,4,euclidean,ball_tree,30,1.0,-0.06020786361282748
11,0.09049557098395979,0.7,4,euclidean,ball_tree,30,2.0,-0.06020786361282748
11,0.09049557098395979,0.7,4,euclidean,ball_tree,40,,-0.06020786361282748
11,0.09049557098395979,0.7,4,euclidean,ball_tree,40,1.0,-0.06020786361282748
11,0.09049557098395979,0.7,4,euclidean,ball_tree,40,2.0,-0.06020786361282748
11,0.09049557098395979,0.7,4,euclidean,ball_tree,50,,-0.06020786361282748
11,0.09049557098395979,0.7,4,euclidean,ball_tree,50,1.0,-0.06020786361282748
11,0.09049557098395979,0.7,4,euclidean,ball_tree,50,2.0,-0.06020786361282748
11,0.09049557098395979,0.7,4,euclidean,kd_tree,10,,-0.06020786361282748
11,0.09049557098395979,0.7,4,euclidean,kd_tree,10,1.0,-0.06020786361282748
11,0.09049557098395979,0.7,4,euclidean,kd_tree,10,2.0,-0.06020786361282748
11,0.09049557098395979,0.7,4,euclidean,kd_tree,20,,-0.06020786361282748
11,0.09049557098395979,0.7,4,euclidean,kd_tree,20,1.0,-0.06020786361282748
11,0.09049557098395979,0.7,4,euclidean,kd_tree,20,2.0,-0.06020786361282748
11,0.09049557098395979,0.7,4,euclidean,kd_tree,30,,-0.06020786361282748
11,0.09049557098395979,0.7,4,euclidean,kd_tree,30,1.0,-0.06020786361282748
11,0.09049557098395979,0.7,4,euclidean,kd_tree,30,2.0,-0.06020786361282748
11,0.09049557098395979,0.7,4,euclidean,kd_tree,40,,-0.06020786361282748
11,0.09049557098395979,0.7,4,euclidean,kd_tree,40,1.0,-0.06020786361282748
11,0.09049557098395979,0.7,4,euclidean,kd_tree,40,2.0,-0.06020786361282748
11,0.09049557098395979,0.7,4,euclidean,kd_tree,50,,-0.06020786361282748
11,0.09049557098395979,0.7,4,euclidean,kd_tree,50,1.0,-0.06020786361282748
11,0.09049557098395979,0.7,4,euclidean,kd_tree,50,2.0,-0.06020786361282748
11,0.09049557098395979,0.7,4,euclidean,brute,10,,-0.06020786361282748
11,0.09049557098395979,0.7,4,euclidean,brute,10,1.0,-0.06020786361282748
11,0.09049557098395979,0.7,4,euclidean,brute,10,2.0,-0.06020786361282748
11,0.09049557098395979,0.7,4,euclidean,brute,20,,-0.06020786361282748
11,0.09049557098395979,0.7,4,euclidean,brute,20,1.0,-0.06020786361282748
11,0.09049557098395979,0.7,4,euclidean,brute,20,2.0,-0.06020786361282748
11,0.09049557098395979,0.7,4,euclidean,brute,30,,-0.06020786361282748
11,0.09049557098395979,0.7,4,euclidean,brute,30,1.0,-0.06020786361282748
11,0.09049557098395979,0.7,4,euclidean,brute,30,2.0,-0.06020786361282748
11,0.09049557098395979,0.7,4,euclidean,brute,40,,-0.06020786361282748
11,0.09049557098395979,0.7,4,euclidean,brute,40,1.0,-0.06020786361282748
11,0.09049557098395979,0.7,4,euclidean,brute,40,2.0,-0.06020786361282748
11,0.09049557098395979,0.7,4,euclidean,brute,50,,-0.06020786361282748
11,0.09049557098395979,0.7,4,euclidean,brute,50,1.0,-0.06020786361282748
11,0.09049557098395979,0.7,4,euclidean,brute,50,2.0,-0.06020786361282748
62,0.6159923389992817,0.7,4,manhattan,auto,10,,-0.46152245865787084
62,0.6159923389992817,0.7,4,manhattan,auto,10,1.0,-0.46152245865787084
62,0.6159923389992817,0.7,4,manhattan,auto,10,2.0,-0.46152245865787084
62,0.6159923389992817,0.7,4,manhattan,auto,20,,-0.46152245865787084
62,0.6159923389992817,0.7,4,manhattan,auto,20,1.0,-0.46152245865787084
62,0.6159923389992817,0.7,4,manhattan,auto,20,2.0,-0.46152245865787084
62,0.6159923389992817,0.7,4,manhattan,auto,30,,-0.46152245865787084
62,0.6159923389992817,0.7,4,manhattan,auto,30,1.0,-0.46152245865787084
62,0.6159923389992817,0.7,4,manhattan,auto,30,2.0,-0.46152245865787084
62,0.6159923389992817,0.7,4,manhattan,auto,40,,-0.46152245865787084
62,0.6159923389992817,0.7,4,manhattan,auto,40,1.0,-0.46152245865787084
62,0.6159923389992817,0.7,4,manhattan,auto,40,2.0,-0.46152245865787084
62,0.6159923389992817,0.7,4,manhattan,auto,50,,-0.46152245865787084
62,0.6159923389992817,0.7,4,manhattan,auto,50,1.0,-0.46152245865787084
62,0.6159923389992817,0.7,4,manhattan,auto,50,2.0,-0.46152245865787084
62,0.6159923389992817,0.7,4,manhattan,ball_tree,10,,-0.46152245865787084
62,0.6159923389992817,0.7,4,manhattan,ball_tree,10,1.0,-0.46152245865787084
62,0.6159923389992817,0.7,4,manhattan,ball_tree,10,2.0,-0.46152245865787084
62,0.6159923389992817,0.7,4,manhattan,ball_tree,20,,-0.46152245865787084
62,0.6159923389992817,0.7,4,manhattan,ball_tree,20,1.0,-0.46152245865787084
62,0.6159923389992817,0.7,4,manhattan,ball_tree,20,2.0,-0.46152245865787084
62,0.6159923389992817,0.7,4,manhattan,ball_tree,30,,-0.46152245865787084
62,0.6159923389992817,0.7,4,manhattan,ball_tree,30,1.0,-0.46152245865787084
62,0.6159923389992817,0.7,4,manhattan,ball_tree,30,2.0,-0.46152245865787084
62,0.6159923389992817,0.7,4,manhattan,ball_tree,40,,-0.46152245865787084
62,0.6159923389992817,0.7,4,manhattan,ball_tree,40,1.0,-0.46152245865787084
62,0.6159923389992817,0.7,4,manhattan,ball_tree,40,2.0,-0.46152245865787084
62,0.6159923389992817,0.7,4,manhattan,ball_tree,50,,-0.46152245865787084
62,0.6159923389992817,0.7,4,manhattan,ball_tree,50,1.0,-0.46152245865787084
62,0.6159923389992817,0.7,4,manhattan,ball_tree,50,2.0,-0.46152245865787084
62,0.6159923389992817,0.7,4,manhattan,kd_tree,10,,-0.46152245865787084
62,0.6159923389992817,0.7,4,manhattan,kd_tree,10,1.0,-0.46152245865787084
62,0.6159923389992817,0.7,4,manhattan,kd_tree,10,2.0,-0.46152245865787084
62,0.6159923389992817,0.7,4,manhattan,kd_tree,20,,-0.46152245865787084
62,0.6159923389992817,0.7,4,manhattan,kd_tree,20,1.0,-0.46152245865787084
62,0.6159923389992817,0.7,4,manhattan,kd_tree,20,2.0,-0.46152245865787084
62,0.6159923389992817,0.7,4,manhattan,kd_tree,30,,-0.46152245865787084
62,0.6159923389992817,0.7,4,manhattan,kd_tree,30,1.0,-0.46152245865787084
62,0.6159923389992817,0.7,4,manhattan,kd_tree,30,2.0,-0.46152245865787084
62,0.6159923389992817,0.7,4,manhattan,kd_tree,40,,-0.46152245865787084
62,0.6159923389992817,0.7,4,manhattan,kd_tree,40,1.0,-0.46152245865787084
62,0.6159923389992817,0.7,4,manhattan,kd_tree,40,2.0,-0.46152245865787084
62,0.6159923389992817,0.7,4,manhattan,kd_tree,50,,-0.46152245865787084
62,0.6159923389992817,0.7,4,manhattan,kd_tree,50,1.0,-0.46152245865787084
62,0.6159923389992817,0.7,4,manhattan,kd_tree,50,2.0,-0.46152245865787084
62,0.6159923389992817,0.7,4,manhattan,brute,10,,-0.46152245865787084
62,0.6159923389992817,0.7,4,manhattan,brute,10,1.0,-0.46152245865787084
62,0.6159923389992817,0.7,4,manhattan,brute,10,2.0,-0.46152245865787084
62,0.6159923389992817,0.7,4,manhattan,brute,20,,-0.46152245865787084
62,0.6159923389992817,0.7,4,manhattan,brute,20,1.0,-0.46152245865787084
62,0.6159923389992817,0.7,4,manhattan,brute,20,2.0,-0.46152245865787084
62,0.6159923389992817,0.7,4,manhattan,brute,30,,-0.46152245865787084
62,0.6159923389992817,0.7,4,manhattan,brute,30,1.0,-0.46152245865787084
62,0.6159923389992817,0.7,4,manhattan,brute,30,2.0,-0.46152245865787084
62,0.6159923389992817,0.7,4,manhattan,brute,40,,-0.46152245865787084
62,0.6159923389992817,0.7,4,manhattan,brute,40,1.0,-0.46152245865787084
62,0.6159923389992817,0.7,4,manhattan,brute,40,2.0,-0.46152245865787084
62,0.6159923389992817,0.7,4,manhattan,brute,50,,-0.46152245865787084
62,0.6159923389992817,0.7,4,manhattan,brute,50,1.0,-0.46152245865787084
62,0.6159923389992817,0.7,4,manhattan,brute,50,2.0,-0.46152245865787084
23,0.731625568589897,0.7,4,mahalanobis,auto,10,,-0.4961597168736685
23,0.731625568589897,0.7,4,mahalanobis,auto,10,1.0,-0.4961597168736685
23,0.731625568589897,0.7,4,mahalanobis,auto,10,2.0,-0.4961597168736685
23,0.731625568589897,0.7,4,mahalanobis,auto,20,,-0.4961597168736685
23,0.731625568589897,0.7,4,mahalanobis,auto,20,1.0,-0.4961597168736685
23,0.731625568589897,0.7,4,mahalanobis,auto,20,2.0,-0.4961597168736685
23,0.731625568589897,0.7,4,mahalanobis,auto,30,,-0.4961597168736685
23,0.731625568589897,0.7,4,mahalanobis,auto,30,1.0,-0.4961597168736685
23,0.731625568589897,0.7,4,mahalanobis,auto,30,2.0,-0.4961597168736685
23,0.731625568589897,0.7,4,mahalanobis,auto,40,,-0.4961597168736685
23,0.731625568589897,0.7,4,mahalanobis,auto,40,1.0,-0.4961597168736685
23,0.731625568589897,0.7,4,mahalanobis,auto,40,2.0,-0.4961597168736685
23,0.731625568589897,0.7,4,mahalanobis,auto,50,,-0.4961597168736685
23,0.731625568589897,0.7,4,mahalanobis,auto,50,1.0,-0.4961597168736685
23,0.731625568589897,0.7,4,mahalanobis,auto,50,2.0,-0.4961597168736685
23,0.731625568589897,0.7,4,mahalanobis,ball_tree,10,,-0.4961597168736685
23,0.731625568589897,0.7,4,mahalanobis,ball_tree,10,1.0,-0.4961597168736685
23,0.731625568589897,0.7,4,mahalanobis,ball_tree,10,2.0,-0.4961597168736685
23,0.731625568589897,0.7,4,mahalanobis,ball_tree,20,,-0.4961597168736685
23,0.731625568589897,0.7,4,mahalanobis,ball_tree,20,1.0,-0.4961597168736685
23,0.731625568589897,0.7,4,mahalanobis,ball_tree,20,2.0,-0.4961597168736685
23,0.731625568589897,0.7,4,mahalanobis,ball_tree,30,,-0.4961597168736685
23,0.731625568589897,0.7,4,mahalanobis,ball_tree,30,1.0,-0.4961597168736685
23,0.731625568589897,0.7,4,mahalanobis,ball_tree,30,2.0,-0.4961597168736685
23,0.731625568589897,0.7,4,mahalanobis,ball_tree,40,,-0.4961597168736685
23,0.731625568589897,0.7,4,mahalanobis,ball_tree,40,1.0,-0.4961597168736685
23,0.731625568589897,0.7,4,mahalanobis,ball_tree,40,2.0,-0.4961597168736685
23,0.731625568589897,0.7,4,mahalanobis,ball_tree,50,,-0.4961597168736685
23,0.731625568589897,0.7,4,mahalanobis,ball_tree,50,1.0,-0.4961597168736685
23,0.731625568589897,0.7,4,mahalanobis,ball_tree,50,2.0,-0.4961597168736685
23,0.731625568589897,0.7,4,mahalanobis,kd_tree,10,,-0.4961597168736685
23,0.731625568589897,0.7,4,mahalanobis,kd_tree,10,1.0,-0.4961597168736685
23,0.731625568589897,0.7,4,mahalanobis,kd_tree,10,2.0,-0.4961597168736685
23,0.731625568589897,0.7,4,mahalanobis,kd_tree,20,,-0.4961597168736685
23,0.731625568589897,0.7,4,mahalanobis,kd_tree,20,1.0,-0.4961597168736685
23,0.731625568589897,0.7,4,mahalanobis,kd_tree,20,2.0,-0.4961597168736685
23,0.731625568589897,0.7,4,mahalanobis,kd_tree,30,,-0.4961597168736685
23,0.731625568589897,0.7,4,mahalanobis,kd_tree,30,1.0,-0.4961597168736685
23,0.731625568589897,0.7,4,mahalanobis,kd_tree,30,2.0,-0.4961597168736685
23,0.731625568589897,0.7,4,mahalanobis,kd_tree,40,,-0.4961597168736685
23,0.731625568589897,0.7,4,mahalanobis,kd_tree,40,1.0,-0.4961597168736685
23,0.731625568589897,0.7,4,mahalanobis,kd_tree,40,2.0,-0.4961597168736685
23,0.731625568589897,0.7,4,mahalanobis,kd_tree,50,,-0.4961597168736685
23,0.731625568589897,0.7,4,mahalanobis,kd_tree,50,1.0,-0.4961597168736685
23,0.731625568589897,0.7,4,mahalanobis,kd_tree,50,2.0,-0.4961597168736685
23,0.731625568589897,0.7,4,mahalanobis,brute,10,,-0.4961597168736685
23,0.731625568589897,0.7,4,mahalanobis,brute,10,1.0,-0.4961597168736685
23,0.731625568589897,0.7,4,mahalanobis,brute,10,2.0,-0.4961597168736685
23,0.731625568589897,0.7,4,mahalanobis,brute,20,,-0.4961597168736685
23,0.731625568589897,0.7,4,mahalanobis,brute,20,1.0,-0.4961597168736685
23,0.731625568589897,0.7,4,mahalanobis,brute,20,2.0,-0.4961597168736685
23,0.731625568589897,0.7,4,mahalanobis,brute,30,,-0.4961597168736685
23,0.731625568589897,0.7,4,mahalanobis,brute,30,1.0,-0.4961597168736685
23,0.731625568589897,0.7,4,mahalanobis,brute,30,2.0,-0.4961597168736685
23,0.731625568589897,0.7,4,mahalanobis,brute,40,,-0.4961597168736685
23,0.731625568589897,0.7,4,mahalanobis,brute,40,1.0,-0.4961597168736685
23,0.731625568589897,0.7,4,mahalanobis,brute,40,2.0,-0.4961597168736685
23,0.731625568589897,0.7,4,mahalanobis,brute,50,,-0.4961597168736685
23,0.731625568589897,0.7,4,mahalanobis,brute,50,1.0,-0.4961597168736685
23,0.731625568589897,0.7,4,mahalanobis,brute,50,2.0,-0.4961597168736685
6,0.10102944697151066,0.7,5,euclidean,auto,10,,-0.05924822158338205
6,0.10102944697151066,0.7,5,euclidean,auto,10,1.0,-0.05924822158338205
6,0.10102944697151066,0.7,5,euclidean,auto,10,2.0,-0.05924822158338205
6,0.10102944697151066,0.7,5,euclidean,auto,20,,-0.05924822158338205
6,0.10102944697151066,0.7,5,euclidean,auto,20,1.0,-0.05924822158338205
6,0.10102944697151066,0.7,5,euclidean,auto,20,2.0,-0.05924822158338205
6,0.10102944697151066,0.7,5,euclidean,auto,30,,-0.05924822158338205
6,0.10102944697151066,0.7,5,euclidean,auto,30,1.0,-0.05924822158338205
6,0.10102944697151066,0.7,5,euclidean,auto,30,2.0,-0.05924822158338205
6,0.10102944697151066,0.7,5,euclidean,auto,40,,-0.05924822158338205
6,0.10102944697151066,0.7,5,euclidean,auto,40,1.0,-0.05924822158338205
6,0.10102944697151066,0.7,5,euclidean,auto,40,2.0,-0.05924822158338205
6,0.10102944697151066,0.7,5,euclidean,auto,50,,-0.05924822158338205
6,0.10102944697151066,0.7,5,euclidean,auto,50,1.0,-0.05924822158338205
6,0.10102944697151066,0.7,5,euclidean,auto,50,2.0,-0.05924822158338205
6,0.10102944697151066,0.7,5,euclidean,ball_tree,10,,-0.05924822158338205
6,0.10102944697151066,0.7,5,euclidean,ball_tree,10,1.0,-0.05924822158338205
6,0.10102944697151066,0.7,5,euclidean,ball_tree,10,2.0,-0.05924822158338205
6,0.10102944697151066,0.7,5,euclidean,ball_tree,20,,-0.05924822158338205
6,0.10102944697151066,0.7,5,euclidean,ball_tree,20,1.0,-0.05924822158338205
6,0.10102944697151066,0.7,5,euclidean,ball_tree,20,2.0,-0.05924822158338205
6,0.10102944697151066,0.7,5,euclidean,ball_tree,30,,-0.05924822158338205
6,0.10102944697151066,0.7,5,euclidean,ball_tree,30,1.0,-0.05924822158338205
6,0.10102944697151066,0.7,5,euclidean,ball_tree,30,2.0,-0.05924822158338205
6,0.10102944697151066,0.7,5,euclidean,ball_tree,40,,-0.05924822158338205
6,0.10102944697151066,0.7,5,euclidean,ball_tree,40,1.0,-0.05924822158338205
6,0.10102944697151066,0.7,5,euclidean,ball_tree,40,2.0,-0.05924822158338205
6,0.10102944697151066,0.7,5,euclidean,ball_tree,50,,-0.05924822158338205
6,0.10102944697151066,0.7,5,euclidean,ball_tree,50,1.0,-0.05924822158338205
6,0.10102944697151066,0.7,5,euclidean,ball_tree,50,2.0,-0.05924822158338205
6,0.10102944697151066,0.7,5,euclidean,kd_tree,10,,-0.05924822158338205
6,0.10102944697151066,0.7,5,euclidean,kd_tree,10,1.0,-0.05924822158338205
6,0.10102944697151066,0.7,5,euclidean,kd_tree,10,2.0,-0.05924822158338205
6,0.10102944697151066,0.7,5,euclidean,kd_tree,20,,-0.05924822158338205
6,0.10102944697151066,0.7,5,euclidean,kd_tree,20,1.0,-0.05924822158338205
6,0.10102944697151066,0.7,5,euclidean,kd_tree,20,2.0,-0.05924822158338205
6,0.10102944697151066,0.7,5,euclidean,kd_tree,30,,-0.05924822158338205
6,0.10102944697151066,0.7,5,euclidean,kd_tree,30,1.0,-0.05924822158338205
6,0.10102944697151066,0.7,5,euclidean,kd_tree,30,2.0,-0.05924822158338205
6,0.10102944697151066,0.7,5,euclidean,kd_tree,40,,-0.05924822158338205
6,0.10102944697151066,0.7,5,euclidean,kd_tree,40,1.0,-0.05924822158338205
6,0.10102944697151066,0.7,5,euclidean,kd_tree,40,2.0,-0.05924822158338205
6,0.10102944697151066,0.7,5,euclidean,kd_tree,50,,-0.05924822158338205
6,0.10102944697151066,0.7,5,euclidean,kd_tree,50,1.0,-0.05924822158338205
6,0.10102944697151066,0.7,5,euclidean,kd_tree,50,2.0,-0.05924822158338205
6,0.10102944697151066,0.7,5,euclidean,brute,10,,-0.05924822158338205
6,0.10102944697151066,0.7,5,euclidean,brute,10,1.0,-0.05924822158338205
6,0.10102944697151066,0.7,5,euclidean,brute,10,2.0,-0.05924822158338205
6,0.10102944697151066,0.7,5,euclidean,brute,20,,-0.05924822158338205
6,0.10102944697151066,0.7,5,euclidean,brute,20,1.0,-0.05924822158338205
6,0.10102944697151066,0.7,5,euclidean,brute,20,2.0,-0.05924822158338205
6,0.10102944697151066,0.7,5,euclidean,brute,30,,-0.05924822158338205
6,0.10102944697151066,0.7,5,euclidean,brute,30,1.0,-0.05924822158338205
6,0.10102944697151066,0.7,5,euclidean,brute,30,2.0,-0.05924822158338205
6,0.10102944697151066,0.7,5,euclidean,brute,40,,-0.05924822158338205
6,0.10102944697151066,0.7,5,euclidean,brute,40,1.0,-0.05924822158338205
6,0.10102944697151066,0.7,5,euclidean,brute,40,2.0,-0.05924822158338205
6,0.10102944697151066,0.7,5,euclidean,brute,50,,-0.05924822158338205
6,0.10102944697151066,0.7,5,euclidean,brute,50,1.0,-0.05924822158338205
6,0.10102944697151066,0.7,5,euclidean,brute,50,2.0,-0.05924822158338205
33,0.6689011252094805,0.7,5,manhattan,auto,10,,-0.4566001526114606
33,0.6689011252094805,0.7,5,manhattan,auto,10,1.0,-0.4566001526114606
33,0.6689011252094805,0.7,5,manhattan,auto,10,2.0,-0.4566001526114606
33,0.6689011252094805,0.7,5,manhattan,auto,20,,-0.4566001526114606
33,0.6689011252094805,0.7,5,manhattan,auto,20,1.0,-0.4566001526114606
33,0.6689011252094805,0.7,5,manhattan,auto,20,2.0,-0.4566001526114606
33,0.6689011252094805,0.7,5,manhattan,auto,30,,-0.4566001526114606
33,0.6689011252094805,0.7,5,manhattan,auto,30,1.0,-0.4566001526114606
33,0.6689011252094805,0.7,5,manhattan,auto,30,2.0,-0.4566001526114606
33,0.6689011252094805,0.7,5,manhattan,auto,40,,-0.4566001526114606
33,0.6689011252094805,0.7,5,manhattan,auto,40,1.0,-0.4566001526114606
33,0.6689011252094805,0.7,5,manhattan,auto,40,2.0,-0.4566001526114606
33,0.6689011252094805,0.7,5,manhattan,auto,50,,-0.4566001526114606
33,0.6689011252094805,0.7,5,manhattan,auto,50,1.0,-0.4566001526114606
33,0.6689011252094805,0.7,5,manhattan,auto,50,2.0,-0.4566001526114606
33,0.6689011252094805,0.7,5,manhattan,ball_tree,10,,-0.4566001526114606
33,0.6689011252094805,0.7,5,manhattan,ball_tree,10,1.0,-0.4566001526114606
33,0.6689011252094805,0.7,5,manhattan,ball_tree,10,2.0,-0.4566001526114606
33,0.6689011252094805,0.7,5,manhattan,ball_tree,20,,-0.4566001526114606
33,0.6689011252094805,0.7,5,manhattan,ball_tree,20,1.0,-0.4566001526114606
33,0.6689011252094805,0.7,5,manhattan,ball_tree,20,2.0,-0.4566001526114606
33,0.6689011252094805,0.7,5,manhattan,ball_tree,30,,-0.4566001526114606
33,0.6689011252094805,0.7,5,manhattan,ball_tree,30,1.0,-0.4566001526114606
33,0.6689011252094805,0.7,5,manhattan,ball_tree,30,2.0,-0.4566001526114606
33,0.6689011252094805,0.7,5,manhattan,ball_tree,40,,-0.4566001526114606
33,0.6689011252094805,0.7,5,manhattan,ball_tree,40,1.0,-0.4566001526114606
33,0.6689011252094805,0.7,5,manhattan,ball_tree,40,2.0,-0.4566001526114606
33,0.6689011252094805,0.7,5,manhattan,ball_tree,50,,-0.4566001526114606
33,0.6689011252094805,0.7,5,manhattan,ball_tree,50,1.0,-0.4566001526114606
33,0.6689011252094805,0.7,5,manhattan,ball_tree,50,2.0,-0.4566001526114606
33,0.6689011252094805,0.7,5,manhattan,kd_tree,10,,-0.4566001526114606
33,0.6689011252094805,0.7,5,manhattan,kd_tree,10,1.0,-0.4566001526114606
33,0.6689011252094805,0.7,5,manhattan,kd_tree,10,2.0,-0.4566001526114606
33,0.6689011252094805,0.7,5,manhattan,kd_tree,20,,-0.4566001526114606
33,0.6689011252094805,0.7,5,manhattan,kd_tree,20,1.0,-0.4566001526114606
33,0.6689011252094805,0.7,5,manhattan,kd_tree,20,2.0,-0.4566001526114606
33,0.6689011252094805,0.7,5,manhattan,kd_tree,30,,-0.4566001526114606
33,0.6689011252094805,0.7,5,manhattan,kd_tree,30,1.0,-0.4566001526114606
33,0.6689011252094805,0.7,5,manhattan,kd_tree,30,2.0,-0.4566001526114606
33,0.6689011252094805,0.7,5,manhattan,kd_tree,40,,-0.4566001526114606
33,0.6689011252094805,0.7,5,manhattan,kd_tree,40,1.0,-0.4566001526114606
33,0.6689011252094805,0.7,5,manhattan,kd_tree,40,2.0,-0.4566001526114606
33,0.6689011252094805,0.7,5,manhattan,kd_tree,50,,-0.4566001526114606
33,0.6689011252094805,0.7,5,manhattan,kd_tree,50,1.0,-0.4566001526114606
33,0.6689011252094805,0.7,5,manhattan,kd_tree,50,2.0,-0.4566001526114606
33,0.6689011252094805,0.7,5,manhattan,brute,10,,-0.4566001526114606
33,0.6689011252094805,0.7,5,manhattan,brute,10,1.0,-0.4566001526114606
33,0.6689011252094805,0.7,5,manhattan,brute,10,2.0,-0.4566001526114606
33,0.6689011252094805,0.7,5,manhattan,brute,20,,-0.4566001526114606
33,0.6689011252094805,0.7,5,manhattan,brute,20,1.0,-0.4566001526114606
33,0.6689011252094805,0.7,5,manhattan,brute,20,2.0,-0.4566001526114606
33,0.6689011252094805,0.7,5,manhattan,brute,30,,-0.4566001526114606
33,0.6689011252094805,0.7,5,manhattan,brute,30,1.0,-0.4566001526114606
33,0.6689011252094805,0.7,5,manhattan,brute,30,2.0,-0.4566001526114606
33,0.6689011252094805,0.7,5,manhattan,brute,40,,-0.4566001526114606
33,0.6689011252094805,0.7,5,manhattan,brute,40,1.0,-0.4566001526114606
33,0.6689011252094805,0.7,5,manhattan,brute,40,2.0,-0.4566001526114606
33,0.6689011252094805,0.7,5,manhattan,brute,50,,-0.4566001526114606
33,0.6689011252094805,0.7,5,manhattan,brute,50,1.0,-0.4566001526114606
33,0.6689011252094805,0.7,5,manhattan,brute,50,2.0,-0.4566001526114606
17,0.7538903519272205,0.7,5,mahalanobis,auto,10,,-0.4829425116542964
17,0.7538903519272205,0.7,5,mahalanobis,auto,10,1.0,-0.4829425116542964
17,0.7538903519272205,0.7,5,mahalanobis,auto,10,2.0,-0.4829425116542964
17,0.7538903519272205,0.7,5,mahalanobis,auto,20,,-0.4829425116542964
17,0.7538903519272205,0.7,5,mahalanobis,auto,20,1.0,-0.4829425116542964
17,0.7538903519272205,0.7,5,mahalanobis,auto,20,2.0,-0.4829425116542964
17,0.7538903519272205,0.7,5,mahalanobis,auto,30,,-0.4829425116542964
17,0.7538903519272205,0.7,5,mahalanobis,auto,30,1.0,-0.4829425116542964
17,0.7538903519272205,0.7,5,mahalanobis,auto,30,2.0,-0.4829425116542964
17,0.7538903519272205,0.7,5,mahalanobis,auto,40,,-0.4829425116542964
17,0.7538903519272205,0.7,5,mahalanobis,auto,40,1.0,-0.4829425116542964
17,0.7538903519272205,0.7,5,mahalanobis,auto,40,2.0,-0.4829425116542964
17,0.7538903519272205,0.7,5,mahalanobis,auto,50,,-0.4829425116542964
17,0.7538903519272205,0.7,5,mahalanobis,auto,50,1.0,-0.4829425116542964
17,0.7538903519272205,0.7,5,mahalanobis,auto,50,2.0,-0.4829425116542964
17,0.7538903519272205,0.7,5,mahalanobis,ball_tree,10,,-0.4829425116542964
17,0.7538903519272205,0.7,5,mahalanobis,ball_tree,10,1.0,-0.4829425116542964
17,0.7538903519272205,0.7,5,mahalanobis,ball_tree,10,2.0,-0.4829425116542964
17,0.7538903519272205,0.7,5,mahalanobis,ball_tree,20,,-0.4829425116542964
17,0.7538903519272205,0.7,5,mahalanobis,ball_tree,20,1.0,-0.4829425116542964
17,0.7538903519272205,0.7,5,mahalanobis,ball_tree,20,2.0,-0.4829425116542964
17,0.7538903519272205,0.7,5,mahalanobis,ball_tree,30,,-0.4829425116542964
17,0.7538903519272205,0.7,5,mahalanobis,ball_tree,30,1.0,-0.4829425116542964
17,0.7538903519272205,0.7,5,mahalanobis,ball_tree,30,2.0,-0.4829425116542964
17,0.7538903519272205,0.7,5,mahalanobis,ball_tree,40,,-0.4829425116542964
17,0.7538903519272205,0.7,5,mahalanobis,ball_tree,40,1.0,-0.4829425116542964
17,0.7538903519272205,0.7,5,mahalanobis,ball_tree,40,2.0,-0.4829425116542964
17,0.7538903519272205,0.7,5,mahalanobis,ball_tree,50,,-0.4829425116542964
17,0.7538903519272205,0.7,5,mahalanobis,ball_tree,50,1.0,-0.4829425116542964
17,0.7538903519272205,0.7,5,mahalanobis,ball_tree,50,2.0,-0.4829425116542964
17,0.7538903519272205,0.7,5,mahalanobis,kd_tree,10,,-0.4829425116542964
17,0.7538903519272205,0.7,5,mahalanobis,kd_tree,10,1.0,-0.4829425116542964
17,0.7538903519272205,0.7,5,mahalanobis,kd_tree,10,2.0,-0.4829425116542964
17,0.7538903519272205,0.7,5,mahalanobis,kd_tree,20,,-0.4829425116542964
17,0.7538903519272205,0.7,5,mahalanobis,kd_tree,20,1.0,-0.4829425116542964
17,0.7538903519272205,0.7,5,mahalanobis,kd_tree,20,2.0,-0.4829425116542964
17,0.7538903519272205,0.7,5,mahalanobis,kd_tree,30,,-0.4829425116542964
17,0.7538903519272205,0.7,5,mahalanobis,kd_tree,30,1.0,-0.4829425116542964
17,0.7538903519272205,0.7,5,mahalanobis,kd_tree,30,2.0,-0.4829425116542964
17,0.7538903519272205,0.7,5,mahalanobis,kd_tree,40,,-0.4829425116542964
17,0.7538903519272205,0.7,5,mahalanobis,kd_tree,40,1.0,-0.4829425116542964
17,0.7538903519272205,0.7,5,mahalanobis,kd_tree,40,2.0,-0.4829425116542964
17,0.7538903519272205,0.7,5,mahalanobis,kd_tree,50,,-0.4829425116542964
17,0.7538903519272205,0.7,5,mahalanobis,kd_tree,50,1.0,-0.4829425116542964
17,0.7538903519272205,0.7,5,mahalanobis,kd_tree,50,2.0,-0.4829425116542964
17,0.7538903519272205,0.7,5,mahalanobis,brute,10,,-0.4829425116542964
17,0.7538903519272205,0.7,5,mahalanobis,brute,10,1.0,-0.4829425116542964
17,0.7538903519272205,0.7,5,mahalanobis,brute,10,2.0,-0.4829425116542964
17,0.7538903519272205,0.7,5,mahalanobis,brute,20,,-0.4829425116542964
17,0.7538903519272205,0.7,5,mahalanobis,brute,20,1.0,-0.4829425116542964
17,0.7538903519272205,0.7,5,mahalanobis,brute,20,2.0,-0.4829425116542964
17,0.7538903519272205,0.7,5,mahalanobis,brute,30,,-0.4829425116542964
17,0.7538903519272205,0.7,5,mahalanobis,brute,30,1.0,-0.4829425116542964
17,0.7538903519272205,0.7,5,mahalanobis,brute,30,2.0,-0.4829425116542964
17,0.7538903519272205,0.7,5,mahalanobis,brute,40,,-0.4829425116542964
17,0.7538903519272205,0.7,5,mahalanobis,brute,40,1.0,-0.4829425116542964
17,0.7538903519272205,0.7,5,mahalanobis,brute,40,2.0,-0.4829425116542964
17,0.7538903519272205,0.7,5,mahalanobis,brute,50,,-0.4829425116542964
17,0.7538903519272205,0.7,5,mahalanobis,brute,50,1.0,-0.4829425116542964
17,0.7538903519272205,0.7,5,mahalanobis,brute,50,2.0,-0.4829425116542964
6,0.10701460378261911,0.7,6,euclidean,auto,10,,-0.02214681331403811
6,0.10701460378261911,0.7,6,euclidean,auto,10,1.0,-0.02214681331403811
6,0.10701460378261911,0.7,6,euclidean,auto,10,2.0,-0.02214681331403811
6,0.10701460378261911,0.7,6,euclidean,auto,20,,-0.02214681331403811
6,0.10701460378261911,0.7,6,euclidean,auto,20,1.0,-0.02214681331403811
6,0.10701460378261911,0.7,6,euclidean,auto,20,2.0,-0.02214681331403811
6,0.10701460378261911,0.7,6,euclidean,auto,30,,-0.02214681331403811
6,0.10701460378261911,0.7,6,euclidean,auto,30,1.0,-0.02214681331403811
6,0.10701460378261911,0.7,6,euclidean,auto,30,2.0,-0.02214681331403811
6,0.10701460378261911,0.7,6,euclidean,auto,40,,-0.02214681331403811
6,0.10701460378261911,0.7,6,euclidean,auto,40,1.0,-0.02214681331403811
6,0.10701460378261911,0.7,6,euclidean,auto,40,2.0,-0.02214681331403811
6,0.10701460378261911,0.7,6,euclidean,auto,50,,-0.02214681331403811
6,0.10701460378261911,0.7,6,euclidean,auto,50,1.0,-0.02214681331403811
6,0.10701460378261911,0.7,6,euclidean,auto,50,2.0,-0.02214681331403811
6,0.10701460378261911,0.7,6,euclidean,ball_tree,10,,-0.02214681331403811
6,0.10701460378261911,0.7,6,euclidean,ball_tree,10,1.0,-0.02214681331403811
6,0.10701460378261911,0.7,6,euclidean,ball_tree,10,2.0,-0.02214681331403811
6,0.10701460378261911,0.7,6,euclidean,ball_tree,20,,-0.02214681331403811
6,0.10701460378261911,0.7,6,euclidean,ball_tree,20,1.0,-0.02214681331403811
6,0.10701460378261911,0.7,6,euclidean,ball_tree,20,2.0,-0.02214681331403811
6,0.10701460378261911,0.7,6,euclidean,ball_tree,30,,-0.02214681331403811
6,0.10701460378261911,0.7,6,euclidean,ball_tree,30,1.0,-0.02214681331403811
6,0.10701460378261911,0.7,6,euclidean,ball_tree,30,2.0,-0.02214681331403811
6,0.10701460378261911,0.7,6,euclidean,ball_tree,40,,-0.02214681331403811
6,0.10701460378261911,0.7,6,euclidean,ball_tree,40,1.0,-0.02214681331403811
6,0.10701460378261911,0.7,6,euclidean,ball_tree,40,2.0,-0.02214681331403811
6,0.10701460378261911,0.7,6,euclidean,ball_tree,50,,-0.02214681331403811
6,0.10701460378261911,0.7,6,euclidean,ball_tree,50,1.0,-0.02214681331403811
6,0.10701460378261911,0.7,6,euclidean,ball_tree,50,2.0,-0.02214681331403811
6,0.10701460378261911,0.7,6,euclidean,kd_tree,10,,-0.02214681331403811
6,0.10701460378261911,0.7,6,euclidean,kd_tree,10,1.0,-0.02214681331403811
6,0.10701460378261911,0.7,6,euclidean,kd_tree,10,2.0,-0.02214681331403811
6,0.10701460378261911,0.7,6,euclidean,kd_tree,20,,-0.02214681331403811
6,0.10701460378261911,0.7,6,euclidean,kd_tree,20,1.0,-0.02214681331403811
6,0.10701460378261911,0.7,6,euclidean,kd_tree,20,2.0,-0.02214681331403811
6,0.10701460378261911,0.7,6,euclidean,kd_tree,30,,-0.02214681331403811
6,0.10701460378261911,0.7,6,euclidean,kd_tree,30,1.0,-0.02214681331403811
6,0.10701460378261911,0.7,6,euclidean,kd_tree,30,2.0,-0.02214681331403811
6,0.10701460378261911,0.7,6,euclidean,kd_tree,40,,-0.02214681331403811
6,0.10701460378261911,0.7,6,euclidean,kd_tree,40,1.0,-0.02214681331403811
6,0.10701460378261911,0.7,6,euclidean,kd_tree,40,2.0,-0.02214681331403811
6,0.10701460378261911,0.7,6,euclidean,kd_tree,50,,-0.02214681331403811
6,0.10701460378261911,0.7,6,euclidean,kd_tree,50,1.0,-0.02214681331403811
6,0.10701460378261911,0.7,6,euclidean,kd_tree,50,2.0,-0.02214681331403811
6,0.10701460378261911,0.7,6,euclidean,brute,10,,-0.02214681331403811
6,0.10701460378261911,0.7,6,euclidean,brute,10,1.0,-0.02214681331403811
6,0.10701460378261911,0.7,6,euclidean,brute,10,2.0,-0.02214681331403811
6,0.10701460378261911,0.7,6,euclidean,brute,20,,-0.02214681331403811
6,0.10701460378261911,0.7,6,euclidean,brute,20,1.0,-0.02214681331403811
6,0.10701460378261911,0.7,6,euclidean,brute,20,2.0,-0.02214681331403811
6,0.10701460378261911,0.7,6,euclidean,brute,30,,-0.02214681331403811
6,0.10701460378261911,0.7,6,euclidean,brute,30,1.0,-0.02214681331403811
6,0.10701460378261911,0.7,6,euclidean,brute,30,2.0,-0.02214681331403811
6,0.10701460378261911,0.7,6,euclidean,brute,40,,-0.02214681331403811
6,0.10701460378261911,0.7,6,euclidean,brute,40,1.0,-0.02214681331403811
6,0.10701460378261911,0.7,6,euclidean,brute,40,2.0,-0.02214681331403811
6,0.10701460378261911,0.7,6,euclidean,brute,50,,-0.02214681331403811
6,0.10701460378261911,0.7,6,euclidean,brute,50,1.0,-0.02214681331403811
6,0.10701460378261911,0.7,6,euclidean,brute,50,2.0,-0.02214681331403811
19,0.7026574096241321,0.7,6,manhattan,auto,10,,-0.4679683861284312
19,0.7026574096241321,0.7,6,manhattan,auto,10,1.0,-0.4679683861284312
19,0.7026574096241321,0.7,6,manhattan,auto,10,2.0,-0.4679683861284312
19,0.7026574096241321,0.7,6,manhattan,auto,20,,-0.4679683861284312
19,0.7026574096241321,0.7,6,manhattan,auto,20,1.0,-0.4679683861284312
19,0.7026574096241321,0.7,6,manhattan,auto,20,2.0,-0.4679683861284312
19,0.7026574096241321,0.7,6,manhattan,auto,30,,-0.4679683861284312
19,0.7026574096241321,0.7,6,manhattan,auto,30,1.0,-0.4679683861284312
19,0.7026574096241321,0.7,6,manhattan,auto,30,2.0,-0.4679683861284312
19,0.7026574096241321,0.7,6,manhattan,auto,40,,-0.4679683861284312
19,0.7026574096241321,0.7,6,manhattan,auto,40,1.0,-0.4679683861284312
19,0.7026574096241321,0.7,6,manhattan,auto,40,2.0,-0.4679683861284312
19,0.7026574096241321,0.7,6,manhattan,auto,50,,-0.4679683861284312
19,0.7026574096241321,0.7,6,manhattan,auto,50,1.0,-0.4679683861284312
19,0.7026574096241321,0.7,6,manhattan,auto,50,2.0,-0.4679683861284312
19,0.7026574096241321,0.7,6,manhattan,ball_tree,10,,-0.4679683861284312
19,0.7026574096241321,0.7,6,manhattan,ball_tree,10,1.0,-0.4679683861284312
19,0.7026574096241321,0.7,6,manhattan,ball_tree,10,2.0,-0.4679683861284312
19,0.7026574096241321,0.7,6,manhattan,ball_tree,20,,-0.4679683861284312
19,0.7026574096241321,0.7,6,manhattan,ball_tree,20,1.0,-0.4679683861284312
19,0.7026574096241321,0.7,6,manhattan,ball_tree,20,2.0,-0.4679683861284312
19,0.7026574096241321,0.7,6,manhattan,ball_tree,30,,-0.4679683861284312
19,0.7026574096241321,0.7,6,manhattan,ball_tree,30,1.0,-0.4679683861284312
19,0.7026574096241321,0.7,6,manhattan,ball_tree,30,2.0,-0.4679683861284312
19,0.7026574096241321,0.7,6,manhattan,ball_tree,40,,-0.4679683861284312
19,0.7026574096241321,0.7,6,manhattan,ball_tree,40,1.0,-0.4679683861284312
19,0.7026574096241321,0.7,6,manhattan,ball_tree,40,2.0,-0.4679683861284312
19,0.7026574096241321,0.7,6,manhattan,ball_tree,50,,-0.4679683861284312
19,0.7026574096241321,0.7,6,manhattan,ball_tree,50,1.0,-0.4679683861284312
19,0.7026574096241321,0.7,6,manhattan,ball_tree,50,2.0,-0.4679683861284312
19,0.7026574096241321,0.7,6,manhattan,kd_tree,10,,-0.4679683861284312
19,0.7026574096241321,0.7,6,manhattan,kd_tree,10,1.0,-0.4679683861284312
19,0.7026574096241321,0.7,6,manhattan,kd_tree,10,2.0,-0.4679683861284312
19,0.7026574096241321,0.7,6,manhattan,kd_tree,20,,-0.4679683861284312
19,0.7026574096241321,0.7,6,manhattan,kd_tree,20,1.0,-0.4679683861284312
19,0.7026574096241321,0.7,6,manhattan,kd_tree,20,2.0,-0.4679683861284312
19,0.7026574096241321,0.7,6,manhattan,kd_tree,30,,-0.4679683861284312
19,0.7026574096241321,0.7,6,manhattan,kd_tree,30,1.0,-0.4679683861284312
19,0.7026574096241321,0.7,6,manhattan,kd_tree,30,2.0,-0.4679683861284312
19,0.7026574096241321,0.7,6,manhattan,kd_tree,40,,-0.4679683861284312
19,0.7026574096241321,0.7,6,manhattan,kd_tree,40,1.0,-0.4679683861284312
19,0.7026574096241321,0.7,6,manhattan,kd_tree,40,2.0,-0.4679683861284312
19,0.7026574096241321,0.7,6,manhattan,kd_tree,50,,-0.4679683861284312
19,0.7026574096241321,0.7,6,manhattan,kd_tree,50,1.0,-0.4679683861284312
19,0.7026574096241321,0.7,6,manhattan,kd_tree,50,2.0,-0.4679683861284312
19,0.7026574096241321,0.7,6,manhattan,brute,10,,-0.4679683861284312
19,0.7026574096241321,0.7,6,manhattan,brute,10,1.0,-0.4679683861284312
19,0.7026574096241321,0.7,6,manhattan,brute,10,2.0,-0.4679683861284312
19,0.7026574096241321,0.7,6,manhattan,brute,20,,-0.4679683861284312
19,0.7026574096241321,0.7,6,manhattan,brute,20,1.0,-0.4679683861284312
19,0.7026574096241321,0.7,6,manhattan,brute,20,2.0,-0.4679683861284312
19,0.7026574096241321,0.7,6,manhattan,brute,30,,-0.4679683861284312
19,0.7026574096241321,0.7,6,manhattan,brute,30,1.0,-0.4679683861284312
19,0.7026574096241321,0.7,6,manhattan,brute,30,2.0,-0.4679683861284312
19,0.7026574096241321,0.7,6,manhattan,brute,40,,-0.4679683861284312
19,0.7026574096241321,0.7,6,manhattan,brute,40,1.0,-0.4679683861284312
19,0.7026574096241321,0.7,6,manhattan,brute,40,2.0,-0.4679683861284312
19,0.7026574096241321,0.7,6,manhattan,brute,50,,-0.4679683861284312
19,0.7026574096241321,0.7,6,manhattan,brute,50,1.0,-0.4679683861284312
19,0.7026574096241321,0.7,6,manhattan,brute,50,2.0,-0.4679683861284312
11,0.7773521666267657,0.7,6,mahalanobis,auto,10,,-0.41334695784733694
11,0.7773521666267657,0.7,6,mahalanobis,auto,10,1.0,-0.41334695784733694
11,0.7773521666267657,0.7,6,mahalanobis,auto,10,2.0,-0.41334695784733694
11,0.7773521666267657,0.7,6,mahalanobis,auto,20,,-0.41334695784733694
11,0.7773521666267657,0.7,6,mahalanobis,auto,20,1.0,-0.41334695784733694
11,0.7773521666267657,0.7,6,mahalanobis,auto,20,2.0,-0.41334695784733694
11,0.7773521666267657,0.7,6,mahalanobis,auto,30,,-0.41334695784733694
11,0.7773521666267657,0.7,6,mahalanobis,auto,30,1.0,-0.41334695784733694
11,0.7773521666267657,0.7,6,mahalanobis,auto,30,2.0,-0.41334695784733694
11,0.7773521666267657,0.7,6,mahalanobis,auto,40,,-0.41334695784733694
11,0.7773521666267657,0.7,6,mahalanobis,auto,40,1.0,-0.41334695784733694
11,0.7773521666267657,0.7,6,mahalanobis,auto,40,2.0,-0.41334695784733694
11,0.7773521666267657,0.7,6,mahalanobis,auto,50,,-0.41334695784733694
11,0.7773521666267657,0.7,6,mahalanobis,auto,50,1.0,-0.41334695784733694
11,0.7773521666267657,0.7,6,mahalanobis,auto,50,2.0,-0.41334695784733694
11,0.7773521666267657,0.7,6,mahalanobis,ball_tree,10,,-0.41334695784733694
11,0.7773521666267657,0.7,6,mahalanobis,ball_tree,10,1.0,-0.41334695784733694
11,0.7773521666267657,0.7,6,mahalanobis,ball_tree,10,2.0,-0.41334695784733694
11,0.7773521666267657,0.7,6,mahalanobis,ball_tree,20,,-0.41334695784733694
11,0.7773521666267657,0.7,6,mahalanobis,ball_tree,20,1.0,-0.41334695784733694
11,0.7773521666267657,0.7,6,mahalanobis,ball_tree,20,2.0,-0.41334695784733694
11,0.7773521666267657,0.7,6,mahalanobis,ball_tree,30,,-0.41334695784733694
11,0.7773521666267657,0.7,6,mahalanobis,ball_tree,30,1.0,-0.41334695784733694
11,0.7773521666267657,0.7,6,mahalanobis,ball_tree,30,2.0,-0.41334695784733694
11,0.7773521666267657,0.7,6,mahalanobis,ball_tree,40,,-0.41334695784733694
11,0.7773521666267657,0.7,6,mahalanobis,ball_tree,40,1.0,-0.41334695784733694
11,0.7773521666267657,0.7,6,mahalanobis,ball_tree,40,2.0,-0.41334695784733694
11,0.7773521666267657,0.7,6,mahalanobis,ball_tree,50,,-0.41334695784733694
11,0.7773521666267657,0.7,6,mahalanobis,ball_tree,50,1.0,-0.41334695784733694
11,0.7773521666267657,0.7,6,mahalanobis,ball_tree,50,2.0,-0.41334695784733694
11,0.7773521666267657,0.7,6,mahalanobis,kd_tree,10,,-0.41334695784733694
11,0.7773521666267657,0.7,6,mahalanobis,kd_tree,10,1.0,-0.41334695784733694
11,0.7773521666267657,0.7,6,mahalanobis,kd_tree,10,2.0,-0.41334695784733694
11,0.7773521666267657,0.7,6,mahalanobis,kd_tree,20,,-0.41334695784733694
11,0.7773521666267657,0.7,6,mahalanobis,kd_tree,20,1.0,-0.41334695784733694
11,0.7773521666267657,0.7,6,mahalanobis,kd_tree,20,2.0,-0.41334695784733694
11,0.7773521666267657,0.7,6,mahalanobis,kd_tree,30,,-0.41334695784733694
11,0.7773521666267657,0.7,6,mahalanobis,kd_tree,30,1.0,-0.41334695784733694
11,0.7773521666267657,0.7,6,mahalanobis,kd_tree,30,2.0,-0.41334695784733694
11,0.7773521666267657,0.7,6,mahalanobis,kd_tree,40,,-0.41334695784733694
11,0.7773521666267657,0.7,6,mahalanobis,kd_tree,40,1.0,-0.41334695784733694
11,0.7773521666267657,0.7,6,mahalanobis,kd_tree,40,2.0,-0.41334695784733694
11,0.7773521666267657,0.7,6,mahalanobis,kd_tree,50,,-0.41334695784733694
11,0.7773521666267657,0.7,6,mahalanobis,kd_tree,50,1.0,-0.41334695784733694
11,0.7773521666267657,0.7,6,mahalanobis,kd_tree,50,2.0,-0.41334695784733694
11,0.7773521666267657,0.7,6,mahalanobis,brute,10,,-0.41334695784733694
11,0.7773521666267657,0.7,6,mahalanobis,brute,10,1.0,-0.41334695784733694
11,0.7773521666267657,0.7,6,mahalanobis,brute,10,2.0,-0.41334695784733694
11,0.7773521666267657,0.7,6,mahalanobis,brute,20,,-0.41334695784733694
11,0.7773521666267657,0.7,6,mahalanobis,brute,20,1.0,-0.41334695784733694
11,0.7773521666267657,0.7,6,mahalanobis,brute,20,2.0,-0.41334695784733694
11,0.7773521666267657,0.7,6,mahalanobis,brute,30,,-0.41334695784733694
11,0.7773521666267657,0.7,6,mahalanobis,brute,30,1.0,-0.41334695784733694
11,0.7773521666267657,0.7,6,mahalanobis,brute,30,2.0,-0.41334695784733694
11,0.7773521666267657,0.7,6,mahalanobis,brute,40,,-0.41334695784733694
11,0.7773521666267657,0.7,6,mahalanobis,brute,40,1.0,-0.41334695784733694
11,0.7773521666267657,0.7,6,mahalanobis,brute,40,2.0,-0.41334695784733694
11,0.7773521666267657,0.7,6,mahalanobis,brute,50,,-0.41334695784733694
11,0.7773521666267657,0.7,6,mahalanobis,brute,50,1.0,-0.41334695784733694
11,0.7773521666267657,0.7,6,mahalanobis,brute,50,2.0,-0.41334695784733694
6,0.11587263586305961,0.7,7,euclidean,auto,10,,-0.007073288083567295
6,0.11587263586305961,0.7,7,euclidean,auto,10,1.0,-0.007073288083567295
6,0.11587263586305961,0.7,7,euclidean,auto,10,2.0,-0.007073288083567295
6,0.11587263586305961,0.7,7,euclidean,auto,20,,-0.007073288083567295
6,0.11587263586305961,0.7,7,euclidean,auto,20,1.0,-0.007073288083567295
6,0.11587263586305961,0.7,7,euclidean,auto,20,2.0,-0.007073288083567295
6,0.11587263586305961,0.7,7,euclidean,auto,30,,-0.007073288083567295
6,0.11587263586305961,0.7,7,euclidean,auto,30,1.0,-0.007073288083567295
6,0.11587263586305961,0.7,7,euclidean,auto,30,2.0,-0.007073288083567295
6,0.11587263586305961,0.7,7,euclidean,auto,40,,-0.007073288083567295
6,0.11587263586305961,0.7,7,euclidean,auto,40,1.0,-0.007073288083567295
6,0.11587263586305961,0.7,7,euclidean,auto,40,2.0,-0.007073288083567295
6,0.11587263586305961,0.7,7,euclidean,auto,50,,-0.007073288083567295
6,0.11587263586305961,0.7,7,euclidean,auto,50,1.0,-0.007073288083567295
6,0.11587263586305961,0.7,7,euclidean,auto,50,2.0,-0.007073288083567295
6,0.11587263586305961,0.7,7,euclidean,ball_tree,10,,-0.007073288083567295
6,0.11587263586305961,0.7,7,euclidean,ball_tree,10,1.0,-0.007073288083567295
6,0.11587263586305961,0.7,7,euclidean,ball_tree,10,2.0,-0.007073288083567295
6,0.11587263586305961,0.7,7,euclidean,ball_tree,20,,-0.007073288083567295
6,0.11587263586305961,0.7,7,euclidean,ball_tree,20,1.0,-0.007073288083567295
6,0.11587263586305961,0.7,7,euclidean,ball_tree,20,2.0,-0.007073288083567295
6,0.11587263586305961,0.7,7,euclidean,ball_tree,30,,-0.007073288083567295
6,0.11587263586305961,0.7,7,euclidean,ball_tree,30,1.0,-0.007073288083567295
6,0.11587263586305961,0.7,7,euclidean,ball_tree,30,2.0,-0.007073288083567295
6,0.11587263586305961,0.7,7,euclidean,ball_tree,40,,-0.007073288083567295
6,0.11587263586305961,0.7,7,euclidean,ball_tree,40,1.0,-0.007073288083567295
6,0.11587263586305961,0.7,7,euclidean,ball_tree,40,2.0,-0.007073288083567295
6,0.11587263586305961,0.7,7,euclidean,ball_tree,50,,-0.007073288083567295
6,0.11587263586305961,0.7,7,euclidean,ball_tree,50,1.0,-0.007073288083567295
6,0.11587263586305961,0.7,7,euclidean,ball_tree,50,2.0,-0.007073288083567295
6,0.11587263586305961,0.7,7,euclidean,kd_tree,10,,-0.007073288083567295
6,0.11587263586305961,0.7,7,euclidean,kd_tree,10,1.0,-0.007073288083567295
6,0.11587263586305961,0.7,7,euclidean,kd_tree,10,2.0,-0.007073288083567295
6,0.11587263586305961,0.7,7,euclidean,kd_tree,20,,-0.007073288083567295
6,0.11587263586305961,0.7,7,euclidean,kd_tree,20,1.0,-0.007073288083567295
6,0.11587263586305961,0.7,7,euclidean,kd_tree,20,2.0,-0.007073288083567295
6,0.11587263586305961,0.7,7,euclidean,kd_tree,30,,-0.007073288083567295
6,0.11587263586305961,0.7,7,euclidean,kd_tree,30,1.0,-0.007073288083567295
6,0.11587263586305961,0.7,7,euclidean,kd_tree,30,2.0,-0.007073288083567295
6,0.11587263586305961,0.7,7,euclidean,kd_tree,40,,-0.007073288083567295
6,0.11587263586305961,0.7,7,euclidean,kd_tree,40,1.0,-0.007073288083567295
6,0.11587263586305961,0.7,7,euclidean,kd_tree,40,2.0,-0.007073288083567295
6,0.11587263586305961,0.7,7,euclidean,kd_tree,50,,-0.007073288083567295
6,0.11587263586305961,0.7,7,euclidean,kd_tree,50,1.0,-0.007073288083567295
6,0.11587263586305961,0.7,7,euclidean,kd_tree,50,2.0,-0.007073288083567295
6,0.11587263586305961,0.7,7,euclidean,brute,10,,-0.007073288083567295
6,0.11587263586305961,0.7,7,euclidean,brute,10,1.0,-0.007073288083567295
6,0.11587263586305961,0.7,7,euclidean,brute,10,2.0,-0.007073288083567295
6,0.11587263586305961,0.7,7,euclidean,brute,20,,-0.007073288083567295
6,0.11587263586305961,0.7,7,euclidean,brute,20,1.0,-0.007073288083567295
6,0.11587263586305961,0.7,7,euclidean,brute,20,2.0,-0.007073288083567295
6,0.11587263586305961,0.7,7,euclidean,brute,30,,-0.007073288083567295
6,0.11587263586305961,0.7,7,euclidean,brute,30,1.0,-0.007073288083567295
6,0.11587263586305961,0.7,7,euclidean,brute,30,2.0,-0.007073288083567295
6,0.11587263586305961,0.7,7,euclidean,brute,40,,-0.007073288083567295
6,0.11587263586305961,0.7,7,euclidean,brute,40,1.0,-0.007073288083567295
6,0.11587263586305961,0.7,7,euclidean,brute,40,2.0,-0.007073288083567295
6,0.11587263586305961,0.7,7,euclidean,brute,50,,-0.007073288083567295
6,0.11587263586305961,0.7,7,euclidean,brute,50,1.0,-0.007073288083567295
6,0.11587263586305961,0.7,7,euclidean,brute,50,2.0,-0.007073288083567295
14,0.7306679435001197,0.7,7,manhattan,auto,10,,-0.46585392743869103
14,0.7306679435001197,0.7,7,manhattan,auto,10,1.0,-0.46585392743869103
14,0.7306679435001197,0.7,7,manhattan,auto,10,2.0,-0.46585392743869103
14,0.7306679435001197,0.7,7,manhattan,auto,20,,-0.46585392743869103
14,0.7306679435001197,0.7,7,manhattan,auto,20,1.0,-0.46585392743869103
14,0.7306679435001197,0.7,7,manhattan,auto,20,2.0,-0.46585392743869103
14,0.7306679435001197,0.7,7,manhattan,auto,30,,-0.46585392743869103
14,0.7306679435001197,0.7,7,manhattan,auto,30,1.0,-0.46585392743869103
14,0.7306679435001197,0.7,7,manhattan,auto,30,2.0,-0.46585392743869103
14,0.7306679435001197,0.7,7,manhattan,auto,40,,-0.46585392743869103
14,0.7306679435001197,0.7,7,manhattan,auto,40,1.0,-0.46585392743869103
14,0.7306679435001197,0.7,7,manhattan,auto,40,2.0,-0.46585392743869103
14,0.7306679435001197,0.7,7,manhattan,auto,50,,-0.46585392743869103
14,0.7306679435001197,0.7,7,manhattan,auto,50,1.0,-0.46585392743869103
14,0.7306679435001197,0.7,7,manhattan,auto,50,2.0,-0.46585392743869103
14,0.7306679435001197,0.7,7,manhattan,ball_tree,10,,-0.46585392743869103
14,0.7306679435001197,0.7,7,manhattan,ball_tree,10,1.0,-0.46585392743869103
14,0.7306679435001197,0.7,7,manhattan,ball_tree,10,2.0,-0.46585392743869103
14,0.7306679435001197,0.7,7,manhattan,ball_tree,20,,-0.46585392743869103
14,0.7306679435001197,0.7,7,manhattan,ball_tree,20,1.0,-0.46585392743869103
14,0.7306679435001197,0.7,7,manhattan,ball_tree,20,2.0,-0.46585392743869103
14,0.7306679435001197,0.7,7,manhattan,ball_tree,30,,-0.46585392743869103
14,0.7306679435001197,0.7,7,manhattan,ball_tree,30,1.0,-0.46585392743869103
14,0.7306679435001197,0.7,7,manhattan,ball_tree,30,2.0,-0.46585392743869103
14,0.7306679435001197,0.7,7,manhattan,ball_tree,40,,-0.46585392743869103
14,0.7306679435001197,0.7,7,manhattan,ball_tree,40,1.0,-0.46585392743869103
14,0.7306679435001197,0.7,7,manhattan,ball_tree,40,2.0,-0.46585392743869103
14,0.7306679435001197,0.7,7,manhattan,ball_tree,50,,-0.46585392743869103
14,0.7306679435001197,0.7,7,manhattan,ball_tree,50,1.0,-0.46585392743869103
14,0.7306679435001197,0.7,7,manhattan,ball_tree,50,2.0,-0.46585392743869103
14,0.7306679435001197,0.7,7,manhattan,kd_tree,10,,-0.46585392743869103
14,0.7306679435001197,0.7,7,manhattan,kd_tree,10,1.0,-0.46585392743869103
14,0.7306679435001197,0.7,7,manhattan,kd_tree,10,2.0,-0.46585392743869103
14,0.7306679435001197,0.7,7,manhattan,kd_tree,20,,-0.46585392743869103
14,0.7306679435001197,0.7,7,manhattan,kd_tree,20,1.0,-0.46585392743869103
14,0.7306679435001197,0.7,7,manhattan,kd_tree,20,2.0,-0.46585392743869103
14,0.7306679435001197,0.7,7,manhattan,kd_tree,30,,-0.46585392743869103
14,0.7306679435001197,0.7,7,manhattan,kd_tree,30,1.0,-0.46585392743869103
14,0.7306679435001197,0.7,7,manhattan,kd_tree,30,2.0,-0.46585392743869103
14,0.7306679435001197,0.7,7,manhattan,kd_tree,40,,-0.46585392743869103
14,0.7306679435001197,0.7,7,manhattan,kd_tree,40,1.0,-0.46585392743869103
14,0.7306679435001197,0.7,7,manhattan,kd_tree,40,2.0,-0.46585392743869103
14,0.7306679435001197,0.7,7,manhattan,kd_tree,50,,-0.46585392743869103
14,0.7306679435001197,0.7,7,manhattan,kd_tree,50,1.0,-0.46585392743869103
14,0.7306679435001197,0.7,7,manhattan,kd_tree,50,2.0,-0.46585392743869103
14,0.7306679435001197,0.7,7,manhattan,brute,10,,-0.46585392743869103
14,0.7306679435001197,0.7,7,manhattan,brute,10,1.0,-0.46585392743869103
14,0.7306679435001197,0.7,7,manhattan,brute,10,2.0,-0.46585392743869103
14,0.7306679435001197,0.7,7,manhattan,brute,20,,-0.46585392743869103
14,0.7306679435001197,0.7,7,manhattan,brute,20,1.0,-0.46585392743869103
14,0.7306679435001197,0.7,7,manhattan,brute,20,2.0,-0.46585392743869103
14,0.7306679435001197,0.7,7,manhattan,brute,30,,-0.46585392743869103
14,0.7306679435001197,0.7,7,manhattan,brute,30,1.0,-0.46585392743869103
14,0.7306679435001197,0.7,7,manhattan,brute,30,2.0,-0.46585392743869103
14,0.7306679435001197,0.7,7,manhattan,brute,40,,-0.46585392743869103
14,0.7306679435001197,0.7,7,manhattan,brute,40,1.0,-0.46585392743869103
14,0.7306679435001197,0.7,7,manhattan,brute,40,2.0,-0.46585392743869103
14,0.7306679435001197,0.7,7,manhattan,brute,50,,-0.46585392743869103
14,0.7306679435001197,0.7,7,manhattan,brute,50,1.0,-0.46585392743869103
14,0.7306679435001197,0.7,7,manhattan,brute,50,2.0,-0.46585392743869103
6,0.7924347617907589,0.7,7,mahalanobis,auto,10,,-0.3182221675083816
6,0.7924347617907589,0.7,7,mahalanobis,auto,10,1.0,-0.3182221675083816
6,0.7924347617907589,0.7,7,mahalanobis,auto,10,2.0,-0.3182221675083816
6,0.7924347617907589,0.7,7,mahalanobis,auto,20,,-0.3182221675083816
6,0.7924347617907589,0.7,7,mahalanobis,auto,20,1.0,-0.3182221675083816
6,0.7924347617907589,0.7,7,mahalanobis,auto,20,2.0,-0.3182221675083816
6,0.7924347617907589,0.7,7,mahalanobis,auto,30,,-0.3182221675083816
6,0.7924347617907589,0.7,7,mahalanobis,auto,30,1.0,-0.3182221675083816
6,0.7924347617907589,0.7,7,mahalanobis,auto,30,2.0,-0.3182221675083816
6,0.7924347617907589,0.7,7,mahalanobis,auto,40,,-0.3182221675083816
6,0.7924347617907589,0.7,7,mahalanobis,auto,40,1.0,-0.3182221675083816
6,0.7924347617907589,0.7,7,mahalanobis,auto,40,2.0,-0.3182221675083816
6,0.7924347617907589,0.7,7,mahalanobis,auto,50,,-0.3182221675083816
6,0.7924347617907589,0.7,7,mahalanobis,auto,50,1.0,-0.3182221675083816
6,0.7924347617907589,0.7,7,mahalanobis,auto,50,2.0,-0.3182221675083816
6,0.7924347617907589,0.7,7,mahalanobis,ball_tree,10,,-0.3182221675083816
6,0.7924347617907589,0.7,7,mahalanobis,ball_tree,10,1.0,-0.3182221675083816
6,0.7924347617907589,0.7,7,mahalanobis,ball_tree,10,2.0,-0.3182221675083816
6,0.7924347617907589,0.7,7,mahalanobis,ball_tree,20,,-0.3182221675083816
6,0.7924347617907589,0.7,7,mahalanobis,ball_tree,20,1.0,-0.3182221675083816
6,0.7924347617907589,0.7,7,mahalanobis,ball_tree,20,2.0,-0.3182221675083816
6,0.7924347617907589,0.7,7,mahalanobis,ball_tree,30,,-0.3182221675083816
6,0.7924347617907589,0.7,7,mahalanobis,ball_tree,30,1.0,-0.3182221675083816
6,0.7924347617907589,0.7,7,mahalanobis,ball_tree,30,2.0,-0.3182221675083816
6,0.7924347617907589,0.7,7,mahalanobis,ball_tree,40,,-0.3182221675083816
6,0.7924347617907589,0.7,7,mahalanobis,ball_tree,40,1.0,-0.3182221675083816
6,0.7924347617907589,0.7,7,mahalanobis,ball_tree,40,2.0,-0.3182221675083816
6,0.7924347617907589,0.7,7,mahalanobis,ball_tree,50,,-0.3182221675083816
6,0.7924347617907589,0.7,7,mahalanobis,ball_tree,50,1.0,-0.3182221675083816
6,0.7924347617907589,0.7,7,mahalanobis,ball_tree,50,2.0,-0.3182221675083816
6,0.7924347617907589,0.7,7,mahalanobis,kd_tree,10,,-0.3182221675083816
6,0.7924347617907589,0.7,7,mahalanobis,kd_tree,10,1.0,-0.3182221675083816
6,0.7924347617907589,0.7,7,mahalanobis,kd_tree,10,2.0,-0.3182221675083816
6,0.7924347617907589,0.7,7,mahalanobis,kd_tree,20,,-0.3182221675083816
6,0.7924347617907589,0.7,7,mahalanobis,kd_tree,20,1.0,-0.3182221675083816
6,0.7924347617907589,0.7,7,mahalanobis,kd_tree,20,2.0,-0.3182221675083816
6,0.7924347617907589,0.7,7,mahalanobis,kd_tree,30,,-0.3182221675083816
6,0.7924347617907589,0.7,7,mahalanobis,kd_tree,30,1.0,-0.3182221675083816
6,0.7924347617907589,0.7,7,mahalanobis,kd_tree,30,2.0,-0.3182221675083816
6,0.7924347617907589,0.7,7,mahalanobis,kd_tree,40,,-0.3182221675083816
6,0.7924347617907589,0.7,7,mahalanobis,kd_tree,40,1.0,-0.3182221675083816
6,0.7924347617907589,0.7,7,mahalanobis,kd_tree,40,2.0,-0.3182221675083816
6,0.7924347617907589,0.7,7,mahalanobis,kd_tree,50,,-0.3182221675083816
6,0.7924347617907589,0.7,7,mahalanobis,kd_tree,50,1.0,-0.3182221675083816
6,0.7924347617907589,0.7,7,mahalanobis,kd_tree,50,2.0,-0.3182221675083816
6,0.7924347617907589,0.7,7,mahalanobis,brute,10,,-0.3182221675083816
6,0.7924347617907589,0.7,7,mahalanobis,brute,10,1.0,-0.3182221675083816
6,0.7924347617907589,0.7,7,mahalanobis,brute,10,2.0,-0.3182221675083816
6,0.7924347617907589,0.7,7,mahalanobis,brute,20,,-0.3182221675083816
6,0.7924347617907589,0.7,7,mahalanobis,brute,20,1.0,-0.3182221675083816
6,0.7924347617907589,0.7,7,mahalanobis,brute,20,2.0,-0.3182221675083816
6,0.7924347617907589,0.7,7,mahalanobis,brute,30,,-0.3182221675083816
6,0.7924347617907589,0.7,7,mahalanobis,brute,30,1.0,-0.3182221675083816
6,0.7924347617907589,0.7,7,mahalanobis,brute,30,2.0,-0.3182221675083816
6,0.7924347617907589,0.7,7,mahalanobis,brute,40,,-0.3182221675083816
6,0.7924347617907589,0.7,7,mahalanobis,brute,40,1.0,-0.3182221675083816
6,0.7924347617907589,0.7,7,mahalanobis,brute,40,2.0,-0.3182221675083816
6,0.7924347617907589,0.7,7,mahalanobis,brute,50,,-0.3182221675083816
6,0.7924347617907589,0.7,7,mahalanobis,brute,50,1.0,-0.3182221675083816
6,0.7924347617907589,0.7,7,mahalanobis,brute,50,2.0,-0.3182221675083816
6,0.12425185539861144,0.7,8,euclidean,auto,10,,-0.027966463126650062
6,0.12425185539861144,0.7,8,euclidean,auto,10,1.0,-0.027966463126650062
6,0.12425185539861144,0.7,8,euclidean,auto,10,2.0,-0.027966463126650062
6,0.12425185539861144,0.7,8,euclidean,auto,20,,-0.027966463126650062
6,0.12425185539861144,0.7,8,euclidean,auto,20,1.0,-0.027966463126650062
6,0.12425185539861144,0.7,8,euclidean,auto,20,2.0,-0.027966463126650062
6,0.12425185539861144,0.7,8,euclidean,auto,30,,-0.027966463126650062
6,0.12425185539861144,0.7,8,euclidean,auto,30,1.0,-0.027966463126650062
6,0.12425185539861144,0.7,8,euclidean,auto,30,2.0,-0.027966463126650062
6,0.12425185539861144,0.7,8,euclidean,auto,40,,-0.027966463126650062
6,0.12425185539861144,0.7,8,euclidean,auto,40,1.0,-0.027966463126650062
6,0.12425185539861144,0.7,8,euclidean,auto,40,2.0,-0.027966463126650062
6,0.12425185539861144,0.7,8,euclidean,auto,50,,-0.027966463126650062
6,0.12425185539861144,0.7,8,euclidean,auto,50,1.0,-0.027966463126650062
6,0.12425185539861144,0.7,8,euclidean,auto,50,2.0,-0.027966463126650062
6,0.12425185539861144,0.7,8,euclidean,ball_tree,10,,-0.027966463126650062
6,0.12425185539861144,0.7,8,euclidean,ball_tree,10,1.0,-0.027966463126650062
6,0.12425185539861144,0.7,8,euclidean,ball_tree,10,2.0,-0.027966463126650062
6,0.12425185539861144,0.7,8,euclidean,ball_tree,20,,-0.027966463126650062
6,0.12425185539861144,0.7,8,euclidean,ball_tree,20,1.0,-0.027966463126650062
6,0.12425185539861144,0.7,8,euclidean,ball_tree,20,2.0,-0.027966463126650062
6,0.12425185539861144,0.7,8,euclidean,ball_tree,30,,-0.027966463126650062
6,0.12425185539861144,0.7,8,euclidean,ball_tree,30,1.0,-0.027966463126650062
6,0.12425185539861144,0.7,8,euclidean,ball_tree,30,2.0,-0.027966463126650062
6,0.12425185539861144,0.7,8,euclidean,ball_tree,40,,-0.027966463126650062
6,0.12425185539861144,0.7,8,euclidean,ball_tree,40,1.0,-0.027966463126650062
6,0.12425185539861144,0.7,8,euclidean,ball_tree,40,2.0,-0.027966463126650062
6,0.12425185539861144,0.7,8,euclidean,ball_tree,50,,-0.027966463126650062
6,0.12425185539861144,0.7,8,euclidean,ball_tree,50,1.0,-0.027966463126650062
6,0.12425185539861144,0.7,8,euclidean,ball_tree,50,2.0,-0.027966463126650062
6,0.12425185539861144,0.7,8,euclidean,kd_tree,10,,-0.027966463126650062
6,0.12425185539861144,0.7,8,euclidean,kd_tree,10,1.0,-0.027966463126650062
6,0.12425185539861144,0.7,8,euclidean,kd_tree,10,2.0,-0.027966463126650062
6,0.12425185539861144,0.7,8,euclidean,kd_tree,20,,-0.027966463126650062
6,0.12425185539861144,0.7,8,euclidean,kd_tree,20,1.0,-0.027966463126650062
6,0.12425185539861144,0.7,8,euclidean,kd_tree,20,2.0,-0.027966463126650062
6,0.12425185539861144,0.7,8,euclidean,kd_tree,30,,-0.027966463126650062
6,0.12425185539861144,0.7,8,euclidean,kd_tree,30,1.0,-0.027966463126650062
6,0.12425185539861144,0.7,8,euclidean,kd_tree,30,2.0,-0.027966463126650062
6,0.12425185539861144,0.7,8,euclidean,kd_tree,40,,-0.027966463126650062
6,0.12425185539861144,0.7,8,euclidean,kd_tree,40,1.0,-0.027966463126650062
6,0.12425185539861144,0.7,8,euclidean,kd_tree,40,2.0,-0.027966463126650062
6,0.12425185539861144,0.7,8,euclidean,kd_tree,50,,-0.027966463126650062
6,0.12425185539861144,0.7,8,euclidean,kd_tree,50,1.0,-0.027966463126650062
6,0.12425185539861144,0.7,8,euclidean,kd_tree,50,2.0,-0.027966463126650062
6,0.12425185539861144,0.7,8,euclidean,brute,10,,-0.027966463126650062
6,0.12425185539861144,0.7,8,euclidean,brute,10,1.0,-0.027966463126650062
6,0.12425185539861144,0.7,8,euclidean,brute,10,2.0,-0.027966463126650062
6,0.12425185539861144,0.7,8,euclidean,brute,20,,-0.027966463126650062
6,0.12425185539861144,0.7,8,euclidean,brute,20,1.0,-0.027966463126650062
6,0.12425185539861144,0.7,8,euclidean,brute,20,2.0,-0.027966463126650062
6,0.12425185539861144,0.7,8,euclidean,brute,30,,-0.027966463126650062
6,0.12425185539861144,0.7,8,euclidean,brute,30,1.0,-0.027966463126650062
6,0.12425185539861144,0.7,8,euclidean,brute,30,2.0,-0.027966463126650062
6,0.12425185539861144,0.7,8,euclidean,brute,40,,-0.027966463126650062
6,0.12425185539861144,0.7,8,euclidean,brute,40,1.0,-0.027966463126650062
6,0.12425185539861144,0.7,8,euclidean,brute,40,2.0,-0.027966463126650062
6,0.12425185539861144,0.7,8,euclidean,brute,50,,-0.027966463126650062
6,0.12425185539861144,0.7,8,euclidean,brute,50,1.0,-0.027966463126650062
6,0.12425185539861144,0.7,8,euclidean,brute,50,2.0,-0.027966463126650062
13,0.74503231984678,0.7,8,manhattan,auto,10,,-0.43045754931997227
13,0.74503231984678,0.7,8,manhattan,auto,10,1.0,-0.43045754931997227
13,0.74503231984678,0.7,8,manhattan,auto,10,2.0,-0.43045754931997227
13,0.74503231984678,0.7,8,manhattan,auto,20,,-0.43045754931997227
13,0.74503231984678,0.7,8,manhattan,auto,20,1.0,-0.43045754931997227
13,0.74503231984678,0.7,8,manhattan,auto,20,2.0,-0.43045754931997227
13,0.74503231984678,0.7,8,manhattan,auto,30,,-0.43045754931997227
13,0.74503231984678,0.7,8,manhattan,auto,30,1.0,-0.43045754931997227
13,0.74503231984678,0.7,8,manhattan,auto,30,2.0,-0.43045754931997227
13,0.74503231984678,0.7,8,manhattan,auto,40,,-0.43045754931997227
13,0.74503231984678,0.7,8,manhattan,auto,40,1.0,-0.43045754931997227
13,0.74503231984678,0.7,8,manhattan,auto,40,2.0,-0.43045754931997227
13,0.74503231984678,0.7,8,manhattan,auto,50,,-0.43045754931997227
13,0.74503231984678,0.7,8,manhattan,auto,50,1.0,-0.43045754931997227
13,0.74503231984678,0.7,8,manhattan,auto,50,2.0,-0.43045754931997227
13,0.74503231984678,0.7,8,manhattan,ball_tree,10,,-0.43045754931997227
13,0.74503231984678,0.7,8,manhattan,ball_tree,10,1.0,-0.43045754931997227
13,0.74503231984678,0.7,8,manhattan,ball_tree,10,2.0,-0.43045754931997227
13,0.74503231984678,0.7,8,manhattan,ball_tree,20,,-0.43045754931997227
13,0.74503231984678,0.7,8,manhattan,ball_tree,20,1.0,-0.43045754931997227
13,0.74503231984678,0.7,8,manhattan,ball_tree,20,2.0,-0.43045754931997227
13,0.74503231984678,0.7,8,manhattan,ball_tree,30,,-0.43045754931997227
13,0.74503231984678,0.7,8,manhattan,ball_tree,30,1.0,-0.43045754931997227
13,0.74503231984678,0.7,8,manhattan,ball_tree,30,2.0,-0.43045754931997227
13,0.74503231984678,0.7,8,manhattan,ball_tree,40,,-0.43045754931997227
13,0.74503231984678,0.7,8,manhattan,ball_tree,40,1.0,-0.43045754931997227
13,0.74503231984678,0.7,8,manhattan,ball_tree,40,2.0,-0.43045754931997227
13,0.74503231984678,0.7,8,manhattan,ball_tree,50,,-0.43045754931997227
13,0.74503231984678,0.7,8,manhattan,ball_tree,50,1.0,-0.43045754931997227
13,0.74503231984678,0.7,8,manhattan,ball_tree,50,2.0,-0.43045754931997227
13,0.74503231984678,0.7,8,manhattan,kd_tree,10,,-0.43045754931997227
13,0.74503231984678,0.7,8,manhattan,kd_tree,10,1.0,-0.43045754931997227
13,0.74503231984678,0.7,8,manhattan,kd_tree,10,2.0,-0.43045754931997227
13,0.74503231984678,0.7,8,manhattan,kd_tree,20,,-0.43045754931997227
13,0.74503231984678,0.7,8,manhattan,kd_tree,20,1.0,-0.43045754931997227
13,0.74503231984678,0.7,8,manhattan,kd_tree,20,2.0,-0.43045754931997227
13,0.74503231984678,0.7,8,manhattan,kd_tree,30,,-0.43045754931997227
13,0.74503231984678,0.7,8,manhattan,kd_tree,30,1.0,-0.43045754931997227
13,0.74503231984678,0.7,8,manhattan,kd_tree,30,2.0,-0.43045754931997227
13,0.74503231984678,0.7,8,manhattan,kd_tree,40,,-0.43045754931997227
13,0.74503231984678,0.7,8,manhattan,kd_tree,40,1.0,-0.43045754931997227
13,0.74503231984678,0.7,8,manhattan,kd_tree,40,2.0,-0.43045754931997227
13,0.74503231984678,0.7,8,manhattan,kd_tree,50,,-0.43045754931997227
13,0.74503231984678,0.7,8,manhattan,kd_tree,50,1.0,-0.43045754931997227
13,0.74503231984678,0.7,8,manhattan,kd_tree,50,2.0,-0.43045754931997227
13,0.74503231984678,0.7,8,manhattan,brute,10,,-0.43045754931997227
13,0.74503231984678,0.7,8,manhattan,brute,10,1.0,-0.43045754931997227
13,0.74503231984678,0.7,8,manhattan,brute,10,2.0,-0.43045754931997227
13,0.74503231984678,0.7,8,manhattan,brute,20,,-0.43045754931997227
13,0.74503231984678,0.7,8,manhattan,brute,20,1.0,-0.43045754931997227
13,0.74503231984678,0.7,8,manhattan,brute,20,2.0,-0.43045754931997227
13,0.74503231984678,0.7,8,manhattan,brute,30,,-0.43045754931997227
13,0.74503231984678,0.7,8,manhattan,brute,30,1.0,-0.43045754931997227
13,0.74503231984678,0.7,8,manhattan,brute,30,2.0,-0.43045754931997227
13,0.74503231984678,0.7,8,manhattan,brute,40,,-0.43045754931997227
13,0.74503231984678,0.7,8,manhattan,brute,40,1.0,-0.43045754931997227
13,0.74503231984678,0.7,8,manhattan,brute,40,2.0,-0.43045754931997227
13,0.74503231984678,0.7,8,manhattan,brute,50,,-0.43045754931997227
13,0.74503231984678,0.7,8,manhattan,brute,50,1.0,-0.43045754931997227
13,0.74503231984678,0.7,8,manhattan,brute,50,2.0,-0.43045754931997227
4,0.8022504189609768,0.7,8,mahalanobis,auto,10,,-0.08710106486881182
4,0.8022504189609768,0.7,8,mahalanobis,auto,10,1.0,-0.08710106486881182
4,0.8022504189609768,0.7,8,mahalanobis,auto,10,2.0,-0.08710106486881182
4,0.8022504189609768,0.7,8,mahalanobis,auto,20,,-0.08710106486881182
4,0.8022504189609768,0.7,8,mahalanobis,auto,20,1.0,-0.08710106486881182
4,0.8022504189609768,0.7,8,mahalanobis,auto,20,2.0,-0.08710106486881182
4,0.8022504189609768,0.7,8,mahalanobis,auto,30,,-0.08710106486881182
4,0.8022504189609768,0.7,8,mahalanobis,auto,30,1.0,-0.08710106486881182
4,0.8022504189609768,0.7,8,mahalanobis,auto,30,2.0,-0.08710106486881182
4,0.8022504189609768,0.7,8,mahalanobis,auto,40,,-0.08710106486881182
4,0.8022504189609768,0.7,8,mahalanobis,auto,40,1.0,-0.08710106486881182
4,0.8022504189609768,0.7,8,mahalanobis,auto,40,2.0,-0.08710106486881182
4,0.8022504189609768,0.7,8,mahalanobis,auto,50,,-0.08710106486881182
4,0.8022504189609768,0.7,8,mahalanobis,auto,50,1.0,-0.08710106486881182
4,0.8022504189609768,0.7,8,mahalanobis,auto,50,2.0,-0.08710106486881182
4,0.8022504189609768,0.7,8,mahalanobis,ball_tree,10,,-0.08710106486881182
4,0.8022504189609768,0.7,8,mahalanobis,ball_tree,10,1.0,-0.08710106486881182
4,0.8022504189609768,0.7,8,mahalanobis,ball_tree,10,2.0,-0.08710106486881182
4,0.8022504189609768,0.7,8,mahalanobis,ball_tree,20,,-0.08710106486881182
4,0.8022504189609768,0.7,8,mahalanobis,ball_tree,20,1.0,-0.08710106486881182
4,0.8022504189609768,0.7,8,mahalanobis,ball_tree,20,2.0,-0.08710106486881182
4,0.8022504189609768,0.7,8,mahalanobis,ball_tree,30,,-0.08710106486881182
4,0.8022504189609768,0.7,8,mahalanobis,ball_tree,30,1.0,-0.08710106486881182
4,0.8022504189609768,0.7,8,mahalanobis,ball_tree,30,2.0,-0.08710106486881182
4,0.8022504189609768,0.7,8,mahalanobis,ball_tree,40,,-0.08710106486881182
4,0.8022504189609768,0.7,8,mahalanobis,ball_tree,40,1.0,-0.08710106486881182
4,0.8022504189609768,0.7,8,mahalanobis,ball_tree,40,2.0,-0.08710106486881182
4,0.8022504189609768,0.7,8,mahalanobis,ball_tree,50,,-0.08710106486881182
4,0.8022504189609768,0.7,8,mahalanobis,ball_tree,50,1.0,-0.08710106486881182
4,0.8022504189609768,0.7,8,mahalanobis,ball_tree,50,2.0,-0.08710106486881182
4,0.8022504189609768,0.7,8,mahalanobis,kd_tree,10,,-0.08710106486881182
4,0.8022504189609768,0.7,8,mahalanobis,kd_tree,10,1.0,-0.08710106486881182
4,0.8022504189609768,0.7,8,mahalanobis,kd_tree,10,2.0,-0.08710106486881182
4,0.8022504189609768,0.7,8,mahalanobis,kd_tree,20,,-0.08710106486881182
4,0.8022504189609768,0.7,8,mahalanobis,kd_tree,20,1.0,-0.08710106486881182
4,0.8022504189609768,0.7,8,mahalanobis,kd_tree,20,2.0,-0.08710106486881182
4,0.8022504189609768,0.7,8,mahalanobis,kd_tree,30,,-0.08710106486881182
4,0.8022504189609768,0.7,8,mahalanobis,kd_tree,30,1.0,-0.08710106486881182
4,0.8022504189609768,0.7,8,mahalanobis,kd_tree,30,2.0,-0.08710106486881182
4,0.8022504189609768,0.7,8,mahalanobis,kd_tree,40,,-0.08710106486881182
4,0.8022504189609768,0.7,8,mahalanobis,kd_tree,40,1.0,-0.08710106486881182
4,0.8022504189609768,0.7,8,mahalanobis,kd_tree,40,2.0,-0.08710106486881182
4,0.8022504189609768,0.7,8,mahalanobis,kd_tree,50,,-0.08710106486881182
4,0.8022504189609768,0.7,8,mahalanobis,kd_tree,50,1.0,-0.08710106486881182
4,0.8022504189609768,0.7,8,mahalanobis,kd_tree,50,2.0,-0.08710106486881182
4,0.8022504189609768,0.7,8,mahalanobis,brute,10,,-0.08710106486881182
4,0.8022504189609768,0.7,8,mahalanobis,brute,10,1.0,-0.08710106486881182
4,0.8022504189609768,0.7,8,mahalanobis,brute,10,2.0,-0.08710106486881182
4,0.8022504189609768,0.7,8,mahalanobis,brute,20,,-0.08710106486881182
4,0.8022504189609768,0.7,8,mahalanobis,brute,20,1.0,-0.08710106486881182
4,0.8022504189609768,0.7,8,mahalanobis,brute,20,2.0,-0.08710106486881182
4,0.8022504189609768,0.7,8,mahalanobis,brute,30,,-0.08710106486881182
4,0.8022504189609768,0.7,8,mahalanobis,brute,30,1.0,-0.08710106486881182
4,0.8022504189609768,0.7,8,mahalanobis,brute,30,2.0,-0.08710106486881182
4,0.8022504189609768,0.7,8,mahalanobis,brute,40,,-0.08710106486881182
4,0.8022504189609768,0.7,8,mahalanobis,brute,40,1.0,-0.08710106486881182
4,0.8022504189609768,0.7,8,mahalanobis,brute,40,2.0,-0.08710106486881182
4,0.8022504189609768,0.7,8,mahalanobis,brute,50,,-0.08710106486881182
4,0.8022504189609768,0.7,8,mahalanobis,brute,50,1.0,-0.08710106486881182
4,0.8022504189609768,0.7,8,mahalanobis,brute,50,2.0,-0.08710106486881182
5,0.13646157529327269,0.7,9,euclidean,auto,10,,0.08591756521939889
5,0.13646157529327269,0.7,9,euclidean,auto,10,1.0,0.08591756521939889
5,0.13646157529327269,0.7,9,euclidean,auto,10,2.0,0.08591756521939889
5,0.13646157529327269,0.7,9,euclidean,auto,20,,0.08591756521939889
5,0.13646157529327269,0.7,9,euclidean,auto,20,1.0,0.08591756521939889
5,0.13646157529327269,0.7,9,euclidean,auto,20,2.0,0.08591756521939889
5,0.13646157529327269,0.7,9,euclidean,auto,30,,0.08591756521939889
5,0.13646157529327269,0.7,9,euclidean,auto,30,1.0,0.08591756521939889
5,0.13646157529327269,0.7,9,euclidean,auto,30,2.0,0.08591756521939889
5,0.13646157529327269,0.7,9,euclidean,auto,40,,0.08591756521939889
5,0.13646157529327269,0.7,9,euclidean,auto,40,1.0,0.08591756521939889
5,0.13646157529327269,0.7,9,euclidean,auto,40,2.0,0.08591756521939889
5,0.13646157529327269,0.7,9,euclidean,auto,50,,0.08591756521939889
5,0.13646157529327269,0.7,9,euclidean,auto,50,1.0,0.08591756521939889
5,0.13646157529327269,0.7,9,euclidean,auto,50,2.0,0.08591756521939889
5,0.13646157529327269,0.7,9,euclidean,ball_tree,10,,0.08591756521939889
5,0.13646157529327269,0.7,9,euclidean,ball_tree,10,1.0,0.08591756521939889
5,0.13646157529327269,0.7,9,euclidean,ball_tree,10,2.0,0.08591756521939889
5,0.13646157529327269,0.7,9,euclidean,ball_tree,20,,0.08591756521939889
5,0.13646157529327269,0.7,9,euclidean,ball_tree,20,1.0,0.08591756521939889
5,0.13646157529327269,0.7,9,euclidean,ball_tree,20,2.0,0.08591756521939889
5,0.13646157529327269,0.7,9,euclidean,ball_tree,30,,0.08591756521939889
5,0.13646157529327269,0.7,9,euclidean,ball_tree,30,1.0,0.08591756521939889
5,0.13646157529327269,0.7,9,euclidean,ball_tree,30,2.0,0.08591756521939889
5,0.13646157529327269,0.7,9,euclidean,ball_tree,40,,0.08591756521939889
5,0.13646157529327269,0.7,9,euclidean,ball_tree,40,1.0,0.08591756521939889
5,0.13646157529327269,0.7,9,euclidean,ball_tree,40,2.0,0.08591756521939889
5,0.13646157529327269,0.7,9,euclidean,ball_tree,50,,0.08591756521939889
5,0.13646157529327269,0.7,9,euclidean,ball_tree,50,1.0,0.08591756521939889
5,0.13646157529327269,0.7,9,euclidean,ball_tree,50,2.0,0.08591756521939889
5,0.13646157529327269,0.7,9,euclidean,kd_tree,10,,0.08591756521939889
5,0.13646157529327269,0.7,9,euclidean,kd_tree,10,1.0,0.08591756521939889
5,0.13646157529327269,0.7,9,euclidean,kd_tree,10,2.0,0.08591756521939889
5,0.13646157529327269,0.7,9,euclidean,kd_tree,20,,0.08591756521939889
5,0.13646157529327269,0.7,9,euclidean,kd_tree,20,1.0,0.08591756521939889
5,0.13646157529327269,0.7,9,euclidean,kd_tree,20,2.0,0.08591756521939889
5,0.13646157529327269,0.7,9,euclidean,kd_tree,30,,0.08591756521939889
5,0.13646157529327269,0.7,9,euclidean,kd_tree,30,1.0,0.08591756521939889
5,0.13646157529327269,0.7,9,euclidean,kd_tree,30,2.0,0.08591756521939889
5,0.13646157529327269,0.7,9,euclidean,kd_tree,40,,0.08591756521939889
5,0.13646157529327269,0.7,9,euclidean,kd_tree,40,1.0,0.08591756521939889
5,0.13646157529327269,0.7,9,euclidean,kd_tree,40,2.0,0.08591756521939889
5,0.13646157529327269,0.7,9,euclidean,kd_tree,50,,0.08591756521939889
5,0.13646157529327269,0.7,9,euclidean,kd_tree,50,1.0,0.08591756521939889
5,0.13646157529327269,0.7,9,euclidean,kd_tree,50,2.0,0.08591756521939889
5,0.13646157529327269,0.7,9,euclidean,brute,10,,0.08591756521939889
5,0.13646157529327269,0.7,9,euclidean,brute,10,1.0,0.08591756521939889
5,0.13646157529327269,0.7,9,euclidean,brute,10,2.0,0.08591756521939889
5,0.13646157529327269,0.7,9,euclidean,brute,20,,0.08591756521939889
5,0.13646157529327269,0.7,9,euclidean,brute,20,1.0,0.08591756521939889
5,0.13646157529327269,0.7,9,euclidean,brute,20,2.0,0.08591756521939889
5,0.13646157529327269,0.7,9,euclidean,brute,30,,0.08591756521939889
5,0.13646157529327269,0.7,9,euclidean,brute,30,1.0,0.08591756521939889
5,0.13646157529327269,0.7,9,euclidean,brute,30,2.0,0.08591756521939889
5,0.13646157529327269,0.7,9,euclidean,brute,40,,0.08591756521939889
5,0.13646157529327269,0.7,9,euclidean,brute,40,1.0,0.08591756521939889
5,0.13646157529327269,0.7,9,euclidean,brute,40,2.0,0.08591756521939889
5,0.13646157529327269,0.7,9,euclidean,brute,50,,0.08591756521939889
5,0.13646157529327269,0.7,9,euclidean,brute,50,1.0,0.08591756521939889
5,0.13646157529327269,0.7,9,euclidean,brute,50,2.0,0.08591756521939889
11,0.7629877902801053,0.7,9,manhattan,auto,10,,-0.36837910104556454
11,0.7629877902801053,0.7,9,manhattan,auto,10,1.0,-0.36837910104556454
11,0.7629877902801053,0.7,9,manhattan,auto,10,2.0,-0.36837910104556454
11,0.7629877902801053,0.7,9,manhattan,auto,20,,-0.36837910104556454
11,0.7629877902801053,0.7,9,manhattan,auto,20,1.0,-0.36837910104556454
11,0.7629877902801053,0.7,9,manhattan,auto,20,2.0,-0.36837910104556454
11,0.7629877902801053,0.7,9,manhattan,auto,30,,-0.36837910104556454
11,0.7629877902801053,0.7,9,manhattan,auto,30,1.0,-0.36837910104556454
11,0.7629877902801053,0.7,9,manhattan,auto,30,2.0,-0.36837910104556454
11,0.7629877902801053,0.7,9,manhattan,auto,40,,-0.36837910104556454
11,0.7629877902801053,0.7,9,manhattan,auto,40,1.0,-0.36837910104556454
11,0.7629877902801053,0.7,9,manhattan,auto,40,2.0,-0.36837910104556454
11,0.7629877902801053,0.7,9,manhattan,auto,50,,-0.36837910104556454
11,0.7629877902801053,0.7,9,manhattan,auto,50,1.0,-0.36837910104556454
11,0.7629877902801053,0.7,9,manhattan,auto,50,2.0,-0.36837910104556454
11,0.7629877902801053,0.7,9,manhattan,ball_tree,10,,-0.36837910104556454
11,0.7629877902801053,0.7,9,manhattan,ball_tree,10,1.0,-0.36837910104556454
11,0.7629877902801053,0.7,9,manhattan,ball_tree,10,2.0,-0.36837910104556454
11,0.7629877902801053,0.7,9,manhattan,ball_tree,20,,-0.36837910104556454
11,0.7629877902801053,0.7,9,manhattan,ball_tree,20,1.0,-0.36837910104556454
11,0.7629877902801053,0.7,9,manhattan,ball_tree,20,2.0,-0.36837910104556454
11,0.7629877902801053,0.7,9,manhattan,ball_tree,30,,-0.36837910104556454
11,0.7629877902801053,0.7,9,manhattan,ball_tree,30,1.0,-0.36837910104556454
11,0.7629877902801053,0.7,9,manhattan,ball_tree,30,2.0,-0.36837910104556454
11,0.7629877902801053,0.7,9,manhattan,ball_tree,40,,-0.36837910104556454
11,0.7629877902801053,0.7,9,manhattan,ball_tree,40,1.0,-0.36837910104556454
11,0.7629877902801053,0.7,9,manhattan,ball_tree,40,2.0,-0.36837910104556454
11,0.7629877902801053,0.7,9,manhattan,ball_tree,50,,-0.36837910104556454
11,0.7629877902801053,0.7,9,manhattan,ball_tree,50,1.0,-0.36837910104556454
11,0.7629877902801053,0.7,9,manhattan,ball_tree,50,2.0,-0.36837910104556454
11,0.7629877902801053,0.7,9,manhattan,kd_tree,10,,-0.36837910104556454
11,0.7629877902801053,0.7,9,manhattan,kd_tree,10,1.0,-0.36837910104556454
11,0.7629877902801053,0.7,9,manhattan,kd_tree,10,2.0,-0.36837910104556454
11,0.7629877902801053,0.7,9,manhattan,kd_tree,20,,-0.36837910104556454
11,0.7629877902801053,0.7,9,manhattan,kd_tree,20,1.0,-0.36837910104556454
11,0.7629877902801053,0.7,9,manhattan,kd_tree,20,2.0,-0.36837910104556454
11,0.7629877902801053,0.7,9,manhattan,kd_tree,30,,-0.36837910104556454
11,0.7629877902801053,0.7,9,manhattan,kd_tree,30,1.0,-0.36837910104556454
11,0.7629877902801053,0.7,9,manhattan,kd_tree,30,2.0,-0.36837910104556454
11,0.7629877902801053,0.7,9,manhattan,kd_tree,40,,-0.36837910104556454
11,0.7629877902801053,0.7,9,manhattan,kd_tree,40,1.0,-0.36837910104556454
11,0.7629877902801053,0.7,9,manhattan,kd_tree,40,2.0,-0.36837910104556454
11,0.7629877902801053,0.7,9,manhattan,kd_tree,50,,-0.36837910104556454
11,0.7629877902801053,0.7,9,manhattan,kd_tree,50,1.0,-0.36837910104556454
11,0.7629877902801053,0.7,9,manhattan,kd_tree,50,2.0,-0.36837910104556454
11,0.7629877902801053,0.7,9,manhattan,brute,10,,-0.36837910104556454
11,0.7629877902801053,0.7,9,manhattan,brute,10,1.0,-0.36837910104556454
11,0.7629877902801053,0.7,9,manhattan,brute,10,2.0,-0.36837910104556454
11,0.7629877902801053,0.7,9,manhattan,brute,20,,-0.36837910104556454
11,0.7629877902801053,0.7,9,manhattan,brute,20,1.0,-0.36837910104556454
11,0.7629877902801053,0.7,9,manhattan,brute,20,2.0,-0.36837910104556454
11,0.7629877902801053,0.7,9,manhattan,brute,30,,-0.36837910104556454
11,0.7629877902801053,0.7,9,manhattan,brute,30,1.0,-0.36837910104556454
11,0.7629877902801053,0.7,9,manhattan,brute,30,2.0,-0.36837910104556454
11,0.7629877902801053,0.7,9,manhattan,brute,40,,-0.36837910104556454
11,0.7629877902801053,0.7,9,manhattan,brute,40,1.0,-0.36837910104556454
11,0.7629877902801053,0.7,9,manhattan,brute,40,2.0,-0.36837910104556454
11,0.7629877902801053,0.7,9,manhattan,brute,50,,-0.36837910104556454
11,0.7629877902801053,0.7,9,manhattan,brute,50,1.0,-0.36837910104556454
11,0.7629877902801053,0.7,9,manhattan,brute,50,2.0,-0.36837910104556454
3,0.8111084510414173,0.7,9,mahalanobis,auto,10,,0.10790265000266278
3,0.8111084510414173,0.7,9,mahalanobis,auto,10,1.0,0.10790265000266278
3,0.8111084510414173,0.7,9,mahalanobis,auto,10,2.0,0.10790265000266278
3,0.8111084510414173,0.7,9,mahalanobis,auto,20,,0.10790265000266278
3,0.8111084510414173,0.7,9,mahalanobis,auto,20,1.0,0.10790265000266278
3,0.8111084510414173,0.7,9,mahalanobis,auto,20,2.0,0.10790265000266278
3,0.8111084510414173,0.7,9,mahalanobis,auto,30,,0.10790265000266278
3,0.8111084510414173,0.7,9,mahalanobis,auto,30,1.0,0.10790265000266278
3,0.8111084510414173,0.7,9,mahalanobis,auto,30,2.0,0.10790265000266278
3,0.8111084510414173,0.7,9,mahalanobis,auto,40,,0.10790265000266278
3,0.8111084510414173,0.7,9,mahalanobis,auto,40,1.0,0.10790265000266278
3,0.8111084510414173,0.7,9,mahalanobis,auto,40,2.0,0.10790265000266278
3,0.8111084510414173,0.7,9,mahalanobis,auto,50,,0.10790265000266278
3,0.8111084510414173,0.7,9,mahalanobis,auto,50,1.0,0.10790265000266278
3,0.8111084510414173,0.7,9,mahalanobis,auto,50,2.0,0.10790265000266278
3,0.8111084510414173,0.7,9,mahalanobis,ball_tree,10,,0.10790265000266278
3,0.8111084510414173,0.7,9,mahalanobis,ball_tree,10,1.0,0.10790265000266278
3,0.8111084510414173,0.7,9,mahalanobis,ball_tree,10,2.0,0.10790265000266278
3,0.8111084510414173,0.7,9,mahalanobis,ball_tree,20,,0.10790265000266278
3,0.8111084510414173,0.7,9,mahalanobis,ball_tree,20,1.0,0.10790265000266278
3,0.8111084510414173,0.7,9,mahalanobis,ball_tree,20,2.0,0.10790265000266278
3,0.8111084510414173,0.7,9,mahalanobis,ball_tree,30,,0.10790265000266278
3,0.8111084510414173,0.7,9,mahalanobis,ball_tree,30,1.0,0.10790265000266278
3,0.8111084510414173,0.7,9,mahalanobis,ball_tree,30,2.0,0.10790265000266278
3,0.8111084510414173,0.7,9,mahalanobis,ball_tree,40,,0.10790265000266278
3,0.8111084510414173,0.7,9,mahalanobis,ball_tree,40,1.0,0.10790265000266278
3,0.8111084510414173,0.7,9,mahalanobis,ball_tree,40,2.0,0.10790265000266278
3,0.8111084510414173,0.7,9,mahalanobis,ball_tree,50,,0.10790265000266278
3,0.8111084510414173,0.7,9,mahalanobis,ball_tree,50,1.0,0.10790265000266278
3,0.8111084510414173,0.7,9,mahalanobis,ball_tree,50,2.0,0.10790265000266278
3,0.8111084510414173,0.7,9,mahalanobis,kd_tree,10,,0.10790265000266278
3,0.8111084510414173,0.7,9,mahalanobis,kd_tree,10,1.0,0.10790265000266278
3,0.8111084510414173,0.7,9,mahalanobis,kd_tree,10,2.0,0.10790265000266278
3,0.8111084510414173,0.7,9,mahalanobis,kd_tree,20,,0.10790265000266278
3,0.8111084510414173,0.7,9,mahalanobis,kd_tree,20,1.0,0.10790265000266278
3,0.8111084510414173,0.7,9,mahalanobis,kd_tree,20,2.0,0.10790265000266278
3,0.8111084510414173,0.7,9,mahalanobis,kd_tree,30,,0.10790265000266278
3,0.8111084510414173,0.7,9,mahalanobis,kd_tree,30,1.0,0.10790265000266278
3,0.8111084510414173,0.7,9,mahalanobis,kd_tree,30,2.0,0.10790265000266278
3,0.8111084510414173,0.7,9,mahalanobis,kd_tree,40,,0.10790265000266278
3,0.8111084510414173,0.7,9,mahalanobis,kd_tree,40,1.0,0.10790265000266278
3,0.8111084510414173,0.7,9,mahalanobis,kd_tree,40,2.0,0.10790265000266278
3,0.8111084510414173,0.7,9,mahalanobis,kd_tree,50,,0.10790265000266278
3,0.8111084510414173,0.7,9,mahalanobis,kd_tree,50,1.0,0.10790265000266278
3,0.8111084510414173,0.7,9,mahalanobis,kd_tree,50,2.0,0.10790265000266278
3,0.8111084510414173,0.7,9,mahalanobis,brute,10,,0.10790265000266278
3,0.8111084510414173,0.7,9,mahalanobis,brute,10,1.0,0.10790265000266278
3,0.8111084510414173,0.7,9,mahalanobis,brute,10,2.0,0.10790265000266278
3,0.8111084510414173,0.7,9,mahalanobis,brute,20,,0.10790265000266278
3,0.8111084510414173,0.7,9,mahalanobis,brute,20,1.0,0.10790265000266278
3,0.8111084510414173,0.7,9,mahalanobis,brute,20,2.0,0.10790265000266278
3,0.8111084510414173,0.7,9,mahalanobis,brute,30,,0.10790265000266278
3,0.8111084510414173,0.7,9,mahalanobis,brute,30,1.0,0.10790265000266278
3,0.8111084510414173,0.7,9,mahalanobis,brute,30,2.0,0.10790265000266278
3,0.8111084510414173,0.7,9,mahalanobis,brute,40,,0.10790265000266278
3,0.8111084510414173,0.7,9,mahalanobis,brute,40,1.0,0.10790265000266278
3,0.8111084510414173,0.7,9,mahalanobis,brute,40,2.0,0.10790265000266278
3,0.8111084510414173,0.7,9,mahalanobis,brute,50,,0.10790265000266278
3,0.8111084510414173,0.7,9,mahalanobis,brute,50,1.0,0.10790265000266278
3,0.8111084510414173,0.7,9,mahalanobis,brute,50,2.0,0.10790265000266278
83,0.0,1.0,1,euclidean,auto,10,,-0.2617119166404872
83,0.0,1.0,1,euclidean,auto,10,1.0,-0.2617119166404872
83,0.0,1.0,1,euclidean,auto,10,2.0,-0.2617119166404872
83,0.0,1.0,1,euclidean,auto,20,,-0.2617119166404872
83,0.0,1.0,1,euclidean,auto,20,1.0,-0.2617119166404872
83,0.0,1.0,1,euclidean,auto,20,2.0,-0.2617119166404872
83,0.0,1.0,1,euclidean,auto,30,,-0.2617119166404872
83,0.0,1.0,1,euclidean,auto,30,1.0,-0.2617119166404872
83,0.0,1.0,1,euclidean,auto,30,2.0,-0.2617119166404872
83,0.0,1.0,1,euclidean,auto,40,,-0.2617119166404872
83,0.0,1.0,1,euclidean,auto,40,1.0,-0.2617119166404872
83,0.0,1.0,1,euclidean,auto,40,2.0,-0.2617119166404872
83,0.0,1.0,1,euclidean,auto,50,,-0.2617119166404872
83,0.0,1.0,1,euclidean,auto,50,1.0,-0.2617119166404872
83,0.0,1.0,1,euclidean,auto,50,2.0,-0.2617119166404872
83,0.0,1.0,1,euclidean,ball_tree,10,,-0.2617119166404872
83,0.0,1.0,1,euclidean,ball_tree,10,1.0,-0.2617119166404872
83,0.0,1.0,1,euclidean,ball_tree,10,2.0,-0.2617119166404872
83,0.0,1.0,1,euclidean,ball_tree,20,,-0.2617119166404872
83,0.0,1.0,1,euclidean,ball_tree,20,1.0,-0.2617119166404872
83,0.0,1.0,1,euclidean,ball_tree,20,2.0,-0.2617119166404872
83,0.0,1.0,1,euclidean,ball_tree,30,,-0.2617119166404872
83,0.0,1.0,1,euclidean,ball_tree,30,1.0,-0.2617119166404872
83,0.0,1.0,1,euclidean,ball_tree,30,2.0,-0.2617119166404872
83,0.0,1.0,1,euclidean,ball_tree,40,,-0.2617119166404872
83,0.0,1.0,1,euclidean,ball_tree,40,1.0,-0.2617119166404872
83,0.0,1.0,1,euclidean,ball_tree,40,2.0,-0.2617119166404872
83,0.0,1.0,1,euclidean,ball_tree,50,,-0.2617119166404872
83,0.0,1.0,1,euclidean,ball_tree,50,1.0,-0.2617119166404872
83,0.0,1.0,1,euclidean,ball_tree,50,2.0,-0.2617119166404872
83,0.0,1.0,1,euclidean,kd_tree,10,,-0.2617119166404872
83,0.0,1.0,1,euclidean,kd_tree,10,1.0,-0.2617119166404872
83,0.0,1.0,1,euclidean,kd_tree,10,2.0,-0.2617119166404872
83,0.0,1.0,1,euclidean,kd_tree,20,,-0.2617119166404872
83,0.0,1.0,1,euclidean,kd_tree,20,1.0,-0.2617119166404872
83,0.0,1.0,1,euclidean,kd_tree,20,2.0,-0.2617119166404872
83,0.0,1.0,1,euclidean,kd_tree,30,,-0.2617119166404872
83,0.0,1.0,1,euclidean,kd_tree,30,1.0,-0.2617119166404872
83,0.0,1.0,1,euclidean,kd_tree,30,2.0,-0.2617119166404872
83,0.0,1.0,1,euclidean,kd_tree,40,,-0.2617119166404872
83,0.0,1.0,1,euclidean,kd_tree,40,1.0,-0.2617119166404872
83,0.0,1.0,1,euclidean,kd_tree,40,2.0,-0.2617119166404872
83,0.0,1.0,1,euclidean,kd_tree,50,,-0.2617119166404872
83,0.0,1.0,1,euclidean,kd_tree,50,1.0,-0.2617119166404872
83,0.0,1.0,1,euclidean,kd_tree,50,2.0,-0.2617119166404872
83,0.0,1.0,1,euclidean,brute,10,,-0.2617119166404872
83,0.0,1.0,1,euclidean,brute,10,1.0,-0.2617119166404872
83,0.0,1.0,1,euclidean,brute,10,2.0,-0.2617119166404872
83,0.0,1.0,1,euclidean,brute,20,,-0.2617119166404872
83,0.0,1.0,1,euclidean,brute,20,1.0,-0.2617119166404872
83,0.0,1.0,1,euclidean,brute,20,2.0,-0.2617119166404872
83,0.0,1.0,1,euclidean,brute,30,,-0.2617119166404872
83,0.0,1.0,1,euclidean,brute,30,1.0,-0.2617119166404872
83,0.0,1.0,1,euclidean,brute,30,2.0,-0.2617119166404872
83,0.0,1.0,1,euclidean,brute,40,,-0.2617119166404872
83,0.0,1.0,1,euclidean,brute,40,1.0,-0.2617119166404872
83,0.0,1.0,1,euclidean,brute,40,2.0,-0.2617119166404872
83,0.0,1.0,1,euclidean,brute,50,,-0.2617119166404872
83,0.0,1.0,1,euclidean,brute,50,1.0,-0.2617119166404872
83,0.0,1.0,1,euclidean,brute,50,2.0,-0.2617119166404872
1072,0.0,1.0,1,manhattan,auto,10,,-0.4591746270026887
1072,0.0,1.0,1,manhattan,auto,10,1.0,-0.4591746270026887
1072,0.0,1.0,1,manhattan,auto,10,2.0,-0.4591746270026887
1072,0.0,1.0,1,manhattan,auto,20,,-0.4591746270026887
1072,0.0,1.0,1,manhattan,auto,20,1.0,-0.4591746270026887
1072,0.0,1.0,1,manhattan,auto,20,2.0,-0.4591746270026887
1072,0.0,1.0,1,manhattan,auto,30,,-0.4591746270026887
1072,0.0,1.0,1,manhattan,auto,30,1.0,-0.4591746270026887
1072,0.0,1.0,1,manhattan,auto,30,2.0,-0.4591746270026887
1072,0.0,1.0,1,manhattan,auto,40,,-0.4591746270026887
1072,0.0,1.0,1,manhattan,auto,40,1.0,-0.4591746270026887
1072,0.0,1.0,1,manhattan,auto,40,2.0,-0.4591746270026887
1072,0.0,1.0,1,manhattan,auto,50,,-0.4591746270026887
1072,0.0,1.0,1,manhattan,auto,50,1.0,-0.4591746270026887
1072,0.0,1.0,1,manhattan,auto,50,2.0,-0.4591746270026887
1072,0.0,1.0,1,manhattan,ball_tree,10,,-0.4591746270026887
1072,0.0,1.0,1,manhattan,ball_tree,10,1.0,-0.4591746270026887
1072,0.0,1.0,1,manhattan,ball_tree,10,2.0,-0.4591746270026887
1072,0.0,1.0,1,manhattan,ball_tree,20,,-0.4591746270026887
1072,0.0,1.0,1,manhattan,ball_tree,20,1.0,-0.4591746270026887
1072,0.0,1.0,1,manhattan,ball_tree,20,2.0,-0.4591746270026887
1072,0.0,1.0,1,manhattan,ball_tree,30,,-0.4591746270026887
1072,0.0,1.0,1,manhattan,ball_tree,30,1.0,-0.4591746270026887
1072,0.0,1.0,1,manhattan,ball_tree,30,2.0,-0.4591746270026887
1072,0.0,1.0,1,manhattan,ball_tree,40,,-0.4591746270026887
1072,0.0,1.0,1,manhattan,ball_tree,40,1.0,-0.4591746270026887
1072,0.0,1.0,1,manhattan,ball_tree,40,2.0,-0.4591746270026887
1072,0.0,1.0,1,manhattan,ball_tree,50,,-0.4591746270026887
1072,0.0,1.0,1,manhattan,ball_tree,50,1.0,-0.4591746270026887
1072,0.0,1.0,1,manhattan,ball_tree,50,2.0,-0.4591746270026887
1072,0.0,1.0,1,manhattan,kd_tree,10,,-0.4591746270026887
1072,0.0,1.0,1,manhattan,kd_tree,10,1.0,-0.4591746270026887
1072,0.0,1.0,1,manhattan,kd_tree,10,2.0,-0.4591746270026887
1072,0.0,1.0,1,manhattan,kd_tree,20,,-0.4591746270026887
1072,0.0,1.0,1,manhattan,kd_tree,20,1.0,-0.4591746270026887
1072,0.0,1.0,1,manhattan,kd_tree,20,2.0,-0.4591746270026887
1072,0.0,1.0,1,manhattan,kd_tree,30,,-0.4591746270026887
1072,0.0,1.0,1,manhattan,kd_tree,30,1.0,-0.4591746270026887
1072,0.0,1.0,1,manhattan,kd_tree,30,2.0,-0.4591746270026887
1072,0.0,1.0,1,manhattan,kd_tree,40,,-0.4591746270026887
1072,0.0,1.0,1,manhattan,kd_tree,40,1.0,-0.4591746270026887
1072,0.0,1.0,1,manhattan,kd_tree,40,2.0,-0.4591746270026887
1072,0.0,1.0,1,manhattan,kd_tree,50,,-0.4591746270026887
1072,0.0,1.0,1,manhattan,kd_tree,50,1.0,-0.4591746270026887
1072,0.0,1.0,1,manhattan,kd_tree,50,2.0,-0.4591746270026887
1072,0.0,1.0,1,manhattan,brute,10,,-0.4591746270026887
1072,0.0,1.0,1,manhattan,brute,10,1.0,-0.4591746270026887
1072,0.0,1.0,1,manhattan,brute,10,2.0,-0.4591746270026887
1072,0.0,1.0,1,manhattan,brute,20,,-0.4591746270026887
1072,0.0,1.0,1,manhattan,brute,20,1.0,-0.4591746270026887
1072,0.0,1.0,1,manhattan,brute,20,2.0,-0.4591746270026887
1072,0.0,1.0,1,manhattan,brute,30,,-0.4591746270026887
1072,0.0,1.0,1,manhattan,brute,30,1.0,-0.4591746270026887
1072,0.0,1.0,1,manhattan,brute,30,2.0,-0.4591746270026887
1072,0.0,1.0,1,manhattan,brute,40,,-0.4591746270026887
1072,0.0,1.0,1,manhattan,brute,40,1.0,-0.4591746270026887
1072,0.0,1.0,1,manhattan,brute,40,2.0,-0.4591746270026887
1072,0.0,1.0,1,manhattan,brute,50,,-0.4591746270026887
1072,0.0,1.0,1,manhattan,brute,50,1.0,-0.4591746270026887
1072,0.0,1.0,1,manhattan,brute,50,2.0,-0.4591746270026887
1552,0.0,1.0,1,mahalanobis,auto,10,,-0.4688825191790461
1552,0.0,1.0,1,mahalanobis,auto,10,1.0,-0.4688825191790461
1552,0.0,1.0,1,mahalanobis,auto,10,2.0,-0.4688825191790461
1552,0.0,1.0,1,mahalanobis,auto,20,,-0.4688825191790461
1552,0.0,1.0,1,mahalanobis,auto,20,1.0,-0.4688825191790461
1552,0.0,1.0,1,mahalanobis,auto,20,2.0,-0.4688825191790461
1552,0.0,1.0,1,mahalanobis,auto,30,,-0.4688825191790461
1552,0.0,1.0,1,mahalanobis,auto,30,1.0,-0.4688825191790461
1552,0.0,1.0,1,mahalanobis,auto,30,2.0,-0.4688825191790461
1552,0.0,1.0,1,mahalanobis,auto,40,,-0.4688825191790461
1552,0.0,1.0,1,mahalanobis,auto,40,1.0,-0.4688825191790461
1552,0.0,1.0,1,mahalanobis,auto,40,2.0,-0.4688825191790461
1552,0.0,1.0,1,mahalanobis,auto,50,,-0.4688825191790461
1552,0.0,1.0,1,mahalanobis,auto,50,1.0,-0.4688825191790461
1552,0.0,1.0,1,mahalanobis,auto,50,2.0,-0.4688825191790461
1552,0.0,1.0,1,mahalanobis,ball_tree,10,,-0.4688825191790461
1552,0.0,1.0,1,mahalanobis,ball_tree,10,1.0,-0.4688825191790461
1552,0.0,1.0,1,mahalanobis,ball_tree,10,2.0,-0.4688825191790461
1552,0.0,1.0,1,mahalanobis,ball_tree,20,,-0.4688825191790461
1552,0.0,1.0,1,mahalanobis,ball_tree,20,1.0,-0.4688825191790461
1552,0.0,1.0,1,mahalanobis,ball_tree,20,2.0,-0.4688825191790461
1552,0.0,1.0,1,mahalanobis,ball_tree,30,,-0.4688825191790461
1552,0.0,1.0,1,mahalanobis,ball_tree,30,1.0,-0.4688825191790461
1552,0.0,1.0,1,mahalanobis,ball_tree,30,2.0,-0.4688825191790461
1552,0.0,1.0,1,mahalanobis,ball_tree,40,,-0.4688825191790461
1552,0.0,1.0,1,mahalanobis,ball_tree,40,1.0,-0.4688825191790461
1552,0.0,1.0,1,mahalanobis,ball_tree,40,2.0,-0.4688825191790461
1552,0.0,1.0,1,mahalanobis,ball_tree,50,,-0.4688825191790461
1552,0.0,1.0,1,mahalanobis,ball_tree,50,1.0,-0.4688825191790461
1552,0.0,1.0,1,mahalanobis,ball_tree,50,2.0,-0.4688825191790461
1552,0.0,1.0,1,mahalanobis,kd_tree,10,,-0.4688825191790461
1552,0.0,1.0,1,mahalanobis,kd_tree,10,1.0,-0.4688825191790461
1552,0.0,1.0,1,mahalanobis,kd_tree,10,2.0,-0.4688825191790461
1552,0.0,1.0,1,mahalanobis,kd_tree,20,,-0.4688825191790461
1552,0.0,1.0,1,mahalanobis,kd_tree,20,1.0,-0.4688825191790461
1552,0.0,1.0,1,mahalanobis,kd_tree,20,2.0,-0.4688825191790461
1552,0.0,1.0,1,mahalanobis,kd_tree,30,,-0.4688825191790461
1552,0.0,1.0,1,mahalanobis,kd_tree,30,1.0,-0.4688825191790461
1552,0.0,1.0,1,mahalanobis,kd_tree,30,2.0,-0.4688825191790461
1552,0.0,1.0,1,mahalanobis,kd_tree,40,,-0.4688825191790461
1552,0.0,1.0,1,mahalanobis,kd_tree,40,1.0,-0.4688825191790461
1552,0.0,1.0,1,mahalanobis,kd_tree,40,2.0,-0.4688825191790461
1552,0.0,1.0,1,mahalanobis,kd_tree,50,,-0.4688825191790461
1552,0.0,1.0,1,mahalanobis,kd_tree,50,1.0,-0.4688825191790461
1552,0.0,1.0,1,mahalanobis,kd_tree,50,2.0,-0.4688825191790461
1552,0.0,1.0,1,mahalanobis,brute,10,,-0.4688825191790461
1552,0.0,1.0,1,mahalanobis,brute,10,1.0,-0.4688825191790461
1552,0.0,1.0,1,mahalanobis,brute,10,2.0,-0.4688825191790461
1552,0.0,1.0,1,mahalanobis,brute,20,,-0.4688825191790461
1552,0.0,1.0,1,mahalanobis,brute,20,1.0,-0.4688825191790461
1552,0.0,1.0,1,mahalanobis,brute,20,2.0,-0.4688825191790461
1552,0.0,1.0,1,mahalanobis,brute,30,,-0.4688825191790461
1552,0.0,1.0,1,mahalanobis,brute,30,1.0,-0.4688825191790461
1552,0.0,1.0,1,mahalanobis,brute,30,2.0,-0.4688825191790461
1552,0.0,1.0,1,mahalanobis,brute,40,,-0.4688825191790461
1552,0.0,1.0,1,mahalanobis,brute,40,1.0,-0.4688825191790461
1552,0.0,1.0,1,mahalanobis,brute,40,2.0,-0.4688825191790461
1552,0.0,1.0,1,mahalanobis,brute,50,,-0.4688825191790461
1552,0.0,1.0,1,mahalanobis,brute,50,1.0,-0.4688825191790461
1552,0.0,1.0,1,mahalanobis,brute,50,2.0,-0.4688825191790461
8,0.017955470433325352,1.0,2,euclidean,auto,10,,0.061384940289368375
8,0.017955470433325352,1.0,2,euclidean,auto,10,1.0,0.061384940289368375
8,0.017955470433325352,1.0,2,euclidean,auto,10,2.0,0.061384940289368375
8,0.017955470433325352,1.0,2,euclidean,auto,20,,0.061384940289368375
8,0.017955470433325352,1.0,2,euclidean,auto,20,1.0,0.061384940289368375
8,0.017955470433325352,1.0,2,euclidean,auto,20,2.0,0.061384940289368375
8,0.017955470433325352,1.0,2,euclidean,auto,30,,0.061384940289368375
8,0.017955470433325352,1.0,2,euclidean,auto,30,1.0,0.061384940289368375
8,0.017955470433325352,1.0,2,euclidean,auto,30,2.0,0.061384940289368375
8,0.017955470433325352,1.0,2,euclidean,auto,40,,0.061384940289368375
8,0.017955470433325352,1.0,2,euclidean,auto,40,1.0,0.061384940289368375
8,0.017955470433325352,1.0,2,euclidean,auto,40,2.0,0.061384940289368375
8,0.017955470433325352,1.0,2,euclidean,auto,50,,0.061384940289368375
8,0.017955470433325352,1.0,2,euclidean,auto,50,1.0,0.061384940289368375
8,0.017955470433325352,1.0,2,euclidean,auto,50,2.0,0.061384940289368375
8,0.017955470433325352,1.0,2,euclidean,ball_tree,10,,0.061384940289368375
8,0.017955470433325352,1.0,2,euclidean,ball_tree,10,1.0,0.061384940289368375
8,0.017955470433325352,1.0,2,euclidean,ball_tree,10,2.0,0.061384940289368375
8,0.017955470433325352,1.0,2,euclidean,ball_tree,20,,0.061384940289368375
8,0.017955470433325352,1.0,2,euclidean,ball_tree,20,1.0,0.061384940289368375
8,0.017955470433325352,1.0,2,euclidean,ball_tree,20,2.0,0.061384940289368375
8,0.017955470433325352,1.0,2,euclidean,ball_tree,30,,0.061384940289368375
8,0.017955470433325352,1.0,2,euclidean,ball_tree,30,1.0,0.061384940289368375
8,0.017955470433325352,1.0,2,euclidean,ball_tree,30,2.0,0.061384940289368375
8,0.017955470433325352,1.0,2,euclidean,ball_tree,40,,0.061384940289368375
8,0.017955470433325352,1.0,2,euclidean,ball_tree,40,1.0,0.061384940289368375
8,0.017955470433325352,1.0,2,euclidean,ball_tree,40,2.0,0.061384940289368375
8,0.017955470433325352,1.0,2,euclidean,ball_tree,50,,0.061384940289368375
8,0.017955470433325352,1.0,2,euclidean,ball_tree,50,1.0,0.061384940289368375
8,0.017955470433325352,1.0,2,euclidean,ball_tree,50,2.0,0.061384940289368375
8,0.017955470433325352,1.0,2,euclidean,kd_tree,10,,0.061384940289368375
8,0.017955470433325352,1.0,2,euclidean,kd_tree,10,1.0,0.061384940289368375
8,0.017955470433325352,1.0,2,euclidean,kd_tree,10,2.0,0.061384940289368375
8,0.017955470433325352,1.0,2,euclidean,kd_tree,20,,0.061384940289368375
8,0.017955470433325352,1.0,2,euclidean,kd_tree,20,1.0,0.061384940289368375
8,0.017955470433325352,1.0,2,euclidean,kd_tree,20,2.0,0.061384940289368375
8,0.017955470433325352,1.0,2,euclidean,kd_tree,30,,0.061384940289368375
8,0.017955470433325352,1.0,2,euclidean,kd_tree,30,1.0,0.061384940289368375
8,0.017955470433325352,1.0,2,euclidean,kd_tree,30,2.0,0.061384940289368375
8,0.017955470433325352,1.0,2,euclidean,kd_tree,40,,0.061384940289368375
8,0.017955470433325352,1.0,2,euclidean,kd_tree,40,1.0,0.061384940289368375
8,0.017955470433325352,1.0,2,euclidean,kd_tree,40,2.0,0.061384940289368375
8,0.017955470433325352,1.0,2,euclidean,kd_tree,50,,0.061384940289368375
8,0.017955470433325352,1.0,2,euclidean,kd_tree,50,1.0,0.061384940289368375
8,0.017955470433325352,1.0,2,euclidean,kd_tree,50,2.0,0.061384940289368375
8,0.017955470433325352,1.0,2,euclidean,brute,10,,0.061384940289368375
8,0.017955470433325352,1.0,2,euclidean,brute,10,1.0,0.061384940289368375
8,0.017955470433325352,1.0,2,euclidean,brute,10,2.0,0.061384940289368375
8,0.017955470433325352,1.0,2,euclidean,brute,20,,0.061384940289368375
8,0.017955470433325352,1.0,2,euclidean,brute,20,1.0,0.061384940289368375
8,0.017955470433325352,1.0,2,euclidean,brute,20,2.0,0.061384940289368375
8,0.017955470433325352,1.0,2,euclidean,brute,30,,0.061384940289368375
8,0.017955470433325352,1.0,2,euclidean,brute,30,1.0,0.061384940289368375
8,0.017955470433325352,1.0,2,euclidean,brute,30,2.0,0.061384940289368375
8,0.017955470433325352,1.0,2,euclidean,brute,40,,0.061384940289368375
8,0.017955470433325352,1.0,2,euclidean,brute,40,1.0,0.061384940289368375
8,0.017955470433325352,1.0,2,euclidean,brute,40,2.0,0.061384940289368375
8,0.017955470433325352,1.0,2,euclidean,brute,50,,0.061384940289368375
8,0.017955470433325352,1.0,2,euclidean,brute,50,1.0,0.061384940289368375
8,0.017955470433325352,1.0,2,euclidean,brute,50,2.0,0.061384940289368375
97,0.2334211156332296,1.0,2,manhattan,auto,10,,-0.501878157851193
97,0.2334211156332296,1.0,2,manhattan,auto,10,1.0,-0.501878157851193
97,0.2334211156332296,1.0,2,manhattan,auto,10,2.0,-0.501878157851193
97,0.2334211156332296,1.0,2,manhattan,auto,20,,-0.501878157851193
97,0.2334211156332296,1.0,2,manhattan,auto,20,1.0,-0.501878157851193
97,0.2334211156332296,1.0,2,manhattan,auto,20,2.0,-0.501878157851193
97,0.2334211156332296,1.0,2,manhattan,auto,30,,-0.501878157851193
97,0.2334211156332296,1.0,2,manhattan,auto,30,1.0,-0.501878157851193
97,0.2334211156332296,1.0,2,manhattan,auto,30,2.0,-0.501878157851193
97,0.2334211156332296,1.0,2,manhattan,auto,40,,-0.501878157851193
97,0.2334211156332296,1.0,2,manhattan,auto,40,1.0,-0.501878157851193
97,0.2334211156332296,1.0,2,manhattan,auto,40,2.0,-0.501878157851193
97,0.2334211156332296,1.0,2,manhattan,auto,50,,-0.501878157851193
97,0.2334211156332296,1.0,2,manhattan,auto,50,1.0,-0.501878157851193
97,0.2334211156332296,1.0,2,manhattan,auto,50,2.0,-0.501878157851193
97,0.2334211156332296,1.0,2,manhattan,ball_tree,10,,-0.501878157851193
97,0.2334211156332296,1.0,2,manhattan,ball_tree,10,1.0,-0.501878157851193
97,0.2334211156332296,1.0,2,manhattan,ball_tree,10,2.0,-0.501878157851193
97,0.2334211156332296,1.0,2,manhattan,ball_tree,20,,-0.501878157851193
97,0.2334211156332296,1.0,2,manhattan,ball_tree,20,1.0,-0.501878157851193
97,0.2334211156332296,1.0,2,manhattan,ball_tree,20,2.0,-0.501878157851193
97,0.2334211156332296,1.0,2,manhattan,ball_tree,30,,-0.501878157851193
97,0.2334211156332296,1.0,2,manhattan,ball_tree,30,1.0,-0.501878157851193
97,0.2334211156332296,1.0,2,manhattan,ball_tree,30,2.0,-0.501878157851193
97,0.2334211156332296,1.0,2,manhattan,ball_tree,40,,-0.501878157851193
97,0.2334211156332296,1.0,2,manhattan,ball_tree,40,1.0,-0.501878157851193
97,0.2334211156332296,1.0,2,manhattan,ball_tree,40,2.0,-0.501878157851193
97,0.2334211156332296,1.0,2,manhattan,ball_tree,50,,-0.501878157851193
97,0.2334211156332296,1.0,2,manhattan,ball_tree,50,1.0,-0.501878157851193
97,0.2334211156332296,1.0,2,manhattan,ball_tree,50,2.0,-0.501878157851193
97,0.2334211156332296,1.0,2,manhattan,kd_tree,10,,-0.501878157851193
97,0.2334211156332296,1.0,2,manhattan,kd_tree,10,1.0,-0.501878157851193
97,0.2334211156332296,1.0,2,manhattan,kd_tree,10,2.0,-0.501878157851193
97,0.2334211156332296,1.0,2,manhattan,kd_tree,20,,-0.501878157851193
97,0.2334211156332296,1.0,2,manhattan,kd_tree,20,1.0,-0.501878157851193
97,0.2334211156332296,1.0,2,manhattan,kd_tree,20,2.0,-0.501878157851193
97,0.2334211156332296,1.0,2,manhattan,kd_tree,30,,-0.501878157851193
97,0.2334211156332296,1.0,2,manhattan,kd_tree,30,1.0,-0.501878157851193
97,0.2334211156332296,1.0,2,manhattan,kd_tree,30,2.0,-0.501878157851193
97,0.2334211156332296,1.0,2,manhattan,kd_tree,40,,-0.501878157851193
97,0.2334211156332296,1.0,2,manhattan,kd_tree,40,1.0,-0.501878157851193
97,0.2334211156332296,1.0,2,manhattan,kd_tree,40,2.0,-0.501878157851193
97,0.2334211156332296,1.0,2,manhattan,kd_tree,50,,-0.501878157851193
97,0.2334211156332296,1.0,2,manhattan,kd_tree,50,1.0,-0.501878157851193
97,0.2334211156332296,1.0,2,manhattan,kd_tree,50,2.0,-0.501878157851193
97,0.2334211156332296,1.0,2,manhattan,brute,10,,-0.501878157851193
97,0.2334211156332296,1.0,2,manhattan,brute,10,1.0,-0.501878157851193
97,0.2334211156332296,1.0,2,manhattan,brute,10,2.0,-0.501878157851193
97,0.2334211156332296,1.0,2,manhattan,brute,20,,-0.501878157851193
97,0.2334211156332296,1.0,2,manhattan,brute,20,1.0,-0.501878157851193
97,0.2334211156332296,1.0,2,manhattan,brute,20,2.0,-0.501878157851193
97,0.2334211156332296,1.0,2,manhattan,brute,30,,-0.501878157851193
97,0.2334211156332296,1.0,2,manhattan,brute,30,1.0,-0.501878157851193
97,0.2334211156332296,1.0,2,manhattan,brute,30,2.0,-0.501878157851193
97,0.2334211156332296,1.0,2,manhattan,brute,40,,-0.501878157851193
97,0.2334211156332296,1.0,2,manhattan,brute,40,1.0,-0.501878157851193
97,0.2334211156332296,1.0,2,manhattan,brute,40,2.0,-0.501878157851193
97,0.2334211156332296,1.0,2,manhattan,brute,50,,-0.501878157851193
97,0.2334211156332296,1.0,2,manhattan,brute,50,1.0,-0.501878157851193
97,0.2334211156332296,1.0,2,manhattan,brute,50,2.0,-0.501878157851193
91,0.3497725640411779,1.0,2,mahalanobis,auto,10,,-0.5685236799507694
91,0.3497725640411779,1.0,2,mahalanobis,auto,10,1.0,-0.5685236799507694
91,0.3497725640411779,1.0,2,mahalanobis,auto,10,2.0,-0.5685236799507694
91,0.3497725640411779,1.0,2,mahalanobis,auto,20,,-0.5685236799507694
91,0.3497725640411779,1.0,2,mahalanobis,auto,20,1.0,-0.5685236799507694
91,0.3497725640411779,1.0,2,mahalanobis,auto,20,2.0,-0.5685236799507694
91,0.3497725640411779,1.0,2,mahalanobis,auto,30,,-0.5685236799507694
91,0.3497725640411779,1.0,2,mahalanobis,auto,30,1.0,-0.5685236799507694
91,0.3497725640411779,1.0,2,mahalanobis,auto,30,2.0,-0.5685236799507694
91,0.3497725640411779,1.0,2,mahalanobis,auto,40,,-0.5685236799507694
91,0.3497725640411779,1.0,2,mahalanobis,auto,40,1.0,-0.5685236799507694
91,0.3497725640411779,1.0,2,mahalanobis,auto,40,2.0,-0.5685236799507694
91,0.3497725640411779,1.0,2,mahalanobis,auto,50,,-0.5685236799507694
91,0.3497725640411779,1.0,2,mahalanobis,auto,50,1.0,-0.5685236799507694
91,0.3497725640411779,1.0,2,mahalanobis,auto,50,2.0,-0.5685236799507694
91,0.3497725640411779,1.0,2,mahalanobis,ball_tree,10,,-0.5685236799507694
91,0.3497725640411779,1.0,2,mahalanobis,ball_tree,10,1.0,-0.5685236799507694
91,0.3497725640411779,1.0,2,mahalanobis,ball_tree,10,2.0,-0.5685236799507694
91,0.3497725640411779,1.0,2,mahalanobis,ball_tree,20,,-0.5685236799507694
91,0.3497725640411779,1.0,2,mahalanobis,ball_tree,20,1.0,-0.5685236799507694
91,0.3497725640411779,1.0,2,mahalanobis,ball_tree,20,2.0,-0.5685236799507694
91,0.3497725640411779,1.0,2,mahalanobis,ball_tree,30,,-0.5685236799507694
91,0.3497725640411779,1.0,2,mahalanobis,ball_tree,30,1.0,-0.5685236799507694
91,0.3497725640411779,1.0,2,mahalanobis,ball_tree,30,2.0,-0.5685236799507694
91,0.3497725640411779,1.0,2,mahalanobis,ball_tree,40,,-0.5685236799507694
91,0.3497725640411779,1.0,2,mahalanobis,ball_tree,40,1.0,-0.5685236799507694
91,0.3497725640411779,1.0,2,mahalanobis,ball_tree,40,2.0,-0.5685236799507694
91,0.3497725640411779,1.0,2,mahalanobis,ball_tree,50,,-0.5685236799507694
91,0.3497725640411779,1.0,2,mahalanobis,ball_tree,50,1.0,-0.5685236799507694
91,0.3497725640411779,1.0,2,mahalanobis,ball_tree,50,2.0,-0.5685236799507694
91,0.3497725640411779,1.0,2,mahalanobis,kd_tree,10,,-0.5685236799507694
91,0.3497725640411779,1.0,2,mahalanobis,kd_tree,10,1.0,-0.5685236799507694
91,0.3497725640411779,1.0,2,mahalanobis,kd_tree,10,2.0,-0.5685236799507694
91,0.3497725640411779,1.0,2,mahalanobis,kd_tree,20,,-0.5685236799507694
91,0.3497725640411779,1.0,2,mahalanobis,kd_tree,20,1.0,-0.5685236799507694
91,0.3497725640411779,1.0,2,mahalanobis,kd_tree,20,2.0,-0.5685236799507694
91,0.3497725640411779,1.0,2,mahalanobis,kd_tree,30,,-0.5685236799507694
91,0.3497725640411779,1.0,2,mahalanobis,kd_tree,30,1.0,-0.5685236799507694
91,0.3497725640411779,1.0,2,mahalanobis,kd_tree,30,2.0,-0.5685236799507694
91,0.3497725640411779,1.0,2,mahalanobis,kd_tree,40,,-0.5685236799507694
91,0.3497725640411779,1.0,2,mahalanobis,kd_tree,40,1.0,-0.5685236799507694
91,0.3497725640411779,1.0,2,mahalanobis,kd_tree,40,2.0,-0.5685236799507694
91,0.3497725640411779,1.0,2,mahalanobis,kd_tree,50,,-0.5685236799507694
91,0.3497725640411779,1.0,2,mahalanobis,kd_tree,50,1.0,-0.5685236799507694
91,0.3497725640411779,1.0,2,mahalanobis,kd_tree,50,2.0,-0.5685236799507694
91,0.3497725640411779,1.0,2,mahalanobis,brute,10,,-0.5685236799507694
91,0.3497725640411779,1.0,2,mahalanobis,brute,10,1.0,-0.5685236799507694
91,0.3497725640411779,1.0,2,mahalanobis,brute,10,2.0,-0.5685236799507694
91,0.3497725640411779,1.0,2,mahalanobis,brute,20,,-0.5685236799507694
91,0.3497725640411779,1.0,2,mahalanobis,brute,20,1.0,-0.5685236799507694
91,0.3497725640411779,1.0,2,mahalanobis,brute,20,2.0,-0.5685236799507694
91,0.3497725640411779,1.0,2,mahalanobis,brute,30,,-0.5685236799507694
91,0.3497725640411779,1.0,2,mahalanobis,brute,30,1.0,-0.5685236799507694
91,0.3497725640411779,1.0,2,mahalanobis,brute,30,2.0,-0.5685236799507694
91,0.3497725640411779,1.0,2,mahalanobis,brute,40,,-0.5685236799507694
91,0.3497725640411779,1.0,2,mahalanobis,brute,40,1.0,-0.5685236799507694
91,0.3497725640411779,1.0,2,mahalanobis,brute,40,2.0,-0.5685236799507694
91,0.3497725640411779,1.0,2,mahalanobis,brute,50,,-0.5685236799507694
91,0.3497725640411779,1.0,2,mahalanobis,brute,50,1.0,-0.5685236799507694
91,0.3497725640411779,1.0,2,mahalanobis,brute,50,2.0,-0.5685236799507694
5,0.019391908067991383,1.0,3,euclidean,auto,10,,0.15673778486772177
5,0.019391908067991383,1.0,3,euclidean,auto,10,1.0,0.15673778486772177
5,0.019391908067991383,1.0,3,euclidean,auto,10,2.0,0.15673778486772177
5,0.019391908067991383,1.0,3,euclidean,auto,20,,0.15673778486772177
5,0.019391908067991383,1.0,3,euclidean,auto,20,1.0,0.15673778486772177
5,0.019391908067991383,1.0,3,euclidean,auto,20,2.0,0.15673778486772177
5,0.019391908067991383,1.0,3,euclidean,auto,30,,0.15673778486772177
5,0.019391908067991383,1.0,3,euclidean,auto,30,1.0,0.15673778486772177
5,0.019391908067991383,1.0,3,euclidean,auto,30,2.0,0.15673778486772177
5,0.019391908067991383,1.0,3,euclidean,auto,40,,0.15673778486772177
5,0.019391908067991383,1.0,3,euclidean,auto,40,1.0,0.15673778486772177
5,0.019391908067991383,1.0,3,euclidean,auto,40,2.0,0.15673778486772177
5,0.019391908067991383,1.0,3,euclidean,auto,50,,0.15673778486772177
5,0.019391908067991383,1.0,3,euclidean,auto,50,1.0,0.15673778486772177
5,0.019391908067991383,1.0,3,euclidean,auto,50,2.0,0.15673778486772177
5,0.019391908067991383,1.0,3,euclidean,ball_tree,10,,0.15673778486772177
5,0.019391908067991383,1.0,3,euclidean,ball_tree,10,1.0,0.15673778486772177
5,0.019391908067991383,1.0,3,euclidean,ball_tree,10,2.0,0.15673778486772177
5,0.019391908067991383,1.0,3,euclidean,ball_tree,20,,0.15673778486772177
5,0.019391908067991383,1.0,3,euclidean,ball_tree,20,1.0,0.15673778486772177
5,0.019391908067991383,1.0,3,euclidean,ball_tree,20,2.0,0.15673778486772177
5,0.019391908067991383,1.0,3,euclidean,ball_tree,30,,0.15673778486772177
5,0.019391908067991383,1.0,3,euclidean,ball_tree,30,1.0,0.15673778486772177
5,0.019391908067991383,1.0,3,euclidean,ball_tree,30,2.0,0.15673778486772177
5,0.019391908067991383,1.0,3,euclidean,ball_tree,40,,0.15673778486772177
5,0.019391908067991383,1.0,3,euclidean,ball_tree,40,1.0,0.15673778486772177
5,0.019391908067991383,1.0,3,euclidean,ball_tree,40,2.0,0.15673778486772177
5,0.019391908067991383,1.0,3,euclidean,ball_tree,50,,0.15673778486772177
5,0.019391908067991383,1.0,3,euclidean,ball_tree,50,1.0,0.15673778486772177
5,0.019391908067991383,1.0,3,euclidean,ball_tree,50,2.0,0.15673778486772177
5,0.019391908067991383,1.0,3,euclidean,kd_tree,10,,0.15673778486772177
5,0.019391908067991383,1.0,3,euclidean,kd_tree,10,1.0,0.15673778486772177
5,0.019391908067991383,1.0,3,euclidean,kd_tree,10,2.0,0.15673778486772177
5,0.019391908067991383,1.0,3,euclidean,kd_tree,20,,0.15673778486772177
5,0.019391908067991383,1.0,3,euclidean,kd_tree,20,1.0,0.15673778486772177
5,0.019391908067991383,1.0,3,euclidean,kd_tree,20,2.0,0.15673778486772177
5,0.019391908067991383,1.0,3,euclidean,kd_tree,30,,0.15673778486772177
5,0.019391908067991383,1.0,3,euclidean,kd_tree,30,1.0,0.15673778486772177
5,0.019391908067991383,1.0,3,euclidean,kd_tree,30,2.0,0.15673778486772177
5,0.019391908067991383,1.0,3,euclidean,kd_tree,40,,0.15673778486772177
5,0.019391908067991383,1.0,3,euclidean,kd_tree,40,1.0,0.15673778486772177
5,0.019391908067991383,1.0,3,euclidean,kd_tree,40,2.0,0.15673778486772177
5,0.019391908067991383,1.0,3,euclidean,kd_tree,50,,0.15673778486772177
5,0.019391908067991383,1.0,3,euclidean,kd_tree,50,1.0,0.15673778486772177
5,0.019391908067991383,1.0,3,euclidean,kd_tree,50,2.0,0.15673778486772177
5,0.019391908067991383,1.0,3,euclidean,brute,10,,0.15673778486772177
5,0.019391908067991383,1.0,3,euclidean,brute,10,1.0,0.15673778486772177
5,0.019391908067991383,1.0,3,euclidean,brute,10,2.0,0.15673778486772177
5,0.019391908067991383,1.0,3,euclidean,brute,20,,0.15673778486772177
5,0.019391908067991383,1.0,3,euclidean,brute,20,1.0,0.15673778486772177
5,0.019391908067991383,1.0,3,euclidean,brute,20,2.0,0.15673778486772177
5,0.019391908067991383,1.0,3,euclidean,brute,30,,0.15673778486772177
5,0.019391908067991383,1.0,3,euclidean,brute,30,1.0,0.15673778486772177
5,0.019391908067991383,1.0,3,euclidean,brute,30,2.0,0.15673778486772177
5,0.019391908067991383,1.0,3,euclidean,brute,40,,0.15673778486772177
5,0.019391908067991383,1.0,3,euclidean,brute,40,1.0,0.15673778486772177
5,0.019391908067991383,1.0,3,euclidean,brute,40,2.0,0.15673778486772177
5,0.019391908067991383,1.0,3,euclidean,brute,50,,0.15673778486772177
5,0.019391908067991383,1.0,3,euclidean,brute,50,1.0,0.15673778486772177
5,0.019391908067991383,1.0,3,euclidean,brute,50,2.0,0.15673778486772177
30,0.26550155614077087,1.0,3,manhattan,auto,10,,-0.24695228156157523
30,0.26550155614077087,1.0,3,manhattan,auto,10,1.0,-0.24695228156157523
30,0.26550155614077087,1.0,3,manhattan,auto,10,2.0,-0.24695228156157523
30,0.26550155614077087,1.0,3,manhattan,auto,20,,-0.24695228156157523
30,0.26550155614077087,1.0,3,manhattan,auto,20,1.0,-0.24695228156157523
30,0.26550155614077087,1.0,3,manhattan,auto,20,2.0,-0.24695228156157523
30,0.26550155614077087,1.0,3,manhattan,auto,30,,-0.24695228156157523
30,0.26550155614077087,1.0,3,manhattan,auto,30,1.0,-0.24695228156157523
30,0.26550155614077087,1.0,3,manhattan,auto,30,2.0,-0.24695228156157523
30,0.26550155614077087,1.0,3,manhattan,auto,40,,-0.24695228156157523
30,0.26550155614077087,1.0,3,manhattan,auto,40,1.0,-0.24695228156157523
30,0.26550155614077087,1.0,3,manhattan,auto,40,2.0,-0.24695228156157523
30,0.26550155614077087,1.0,3,manhattan,auto,50,,-0.24695228156157523
30,0.26550155614077087,1.0,3,manhattan,auto,50,1.0,-0.24695228156157523
30,0.26550155614077087,1.0,3,manhattan,auto,50,2.0,-0.24695228156157523
30,0.26550155614077087,1.0,3,manhattan,ball_tree,10,,-0.24695228156157523
30,0.26550155614077087,1.0,3,manhattan,ball_tree,10,1.0,-0.24695228156157523
30,0.26550155614077087,1.0,3,manhattan,ball_tree,10,2.0,-0.24695228156157523
30,0.26550155614077087,1.0,3,manhattan,ball_tree,20,,-0.24695228156157523
30,0.26550155614077087,1.0,3,manhattan,ball_tree,20,1.0,-0.24695228156157523
30,0.26550155614077087,1.0,3,manhattan,ball_tree,20,2.0,-0.24695228156157523
30,0.26550155614077087,1.0,3,manhattan,ball_tree,30,,-0.24695228156157523
30,0.26550155614077087,1.0,3,manhattan,ball_tree,30,1.0,-0.24695228156157523
30,0.26550155614077087,1.0,3,manhattan,ball_tree,30,2.0,-0.24695228156157523
30,0.26550155614077087,1.0,3,manhattan,ball_tree,40,,-0.24695228156157523
30,0.26550155614077087,1.0,3,manhattan,ball_tree,40,1.0,-0.24695228156157523
30,0.26550155614077087,1.0,3,manhattan,ball_tree,40,2.0,-0.24695228156157523
30,0.26550155614077087,1.0,3,manhattan,ball_tree,50,,-0.24695228156157523
30,0.26550155614077087,1.0,3,manhattan,ball_tree,50,1.0,-0.24695228156157523
30,0.26550155614077087,1.0,3,manhattan,ball_tree,50,2.0,-0.24695228156157523
30,0.26550155614077087,1.0,3,manhattan,kd_tree,10,,-0.24695228156157523
30,0.26550155614077087,1.0,3,manhattan,kd_tree,10,1.0,-0.24695228156157523
30,0.26550155614077087,1.0,3,manhattan,kd_tree,10,2.0,-0.24695228156157523
30,0.26550155614077087,1.0,3,manhattan,kd_tree,20,,-0.24695228156157523
30,0.26550155614077087,1.0,3,manhattan,kd_tree,20,1.0,-0.24695228156157523
30,0.26550155614077087,1.0,3,manhattan,kd_tree,20,2.0,-0.24695228156157523
30,0.26550155614077087,1.0,3,manhattan,kd_tree,30,,-0.24695228156157523
30,0.26550155614077087,1.0,3,manhattan,kd_tree,30,1.0,-0.24695228156157523
30,0.26550155614077087,1.0,3,manhattan,kd_tree,30,2.0,-0.24695228156157523
30,0.26550155614077087,1.0,3,manhattan,kd_tree,40,,-0.24695228156157523
30,0.26550155614077087,1.0,3,manhattan,kd_tree,40,1.0,-0.24695228156157523
30,0.26550155614077087,1.0,3,manhattan,kd_tree,40,2.0,-0.24695228156157523
30,0.26550155614077087,1.0,3,manhattan,kd_tree,50,,-0.24695228156157523
30,0.26550155614077087,1.0,3,manhattan,kd_tree,50,1.0,-0.24695228156157523
30,0.26550155614077087,1.0,3,manhattan,kd_tree,50,2.0,-0.24695228156157523
30,0.26550155614077087,1.0,3,manhattan,brute,10,,-0.24695228156157523
30,0.26550155614077087,1.0,3,manhattan,brute,10,1.0,-0.24695228156157523
30,0.26550155614077087,1.0,3,manhattan,brute,10,2.0,-0.24695228156157523
30,0.26550155614077087,1.0,3,manhattan,brute,20,,-0.24695228156157523
30,0.26550155614077087,1.0,3,manhattan,brute,20,1.0,-0.24695228156157523
30,0.26550155614077087,1.0,3,manhattan,brute,20,2.0,-0.24695228156157523
30,0.26550155614077087,1.0,3,manhattan,brute,30,,-0.24695228156157523
30,0.26550155614077087,1.0,3,manhattan,brute,30,1.0,-0.24695228156157523
30,0.26550155614077087,1.0,3,manhattan,brute,30,2.0,-0.24695228156157523
30,0.26550155614077087,1.0,3,manhattan,brute,40,,-0.24695228156157523
30,0.26550155614077087,1.0,3,manhattan,brute,40,1.0,-0.24695228156157523
30,0.26550155614077087,1.0,3,manhattan,brute,40,2.0,-0.24695228156157523
30,0.26550155614077087,1.0,3,manhattan,brute,50,,-0.24695228156157523
30,0.26550155614077087,1.0,3,manhattan,brute,50,1.0,-0.24695228156157523
30,0.26550155614077087,1.0,3,manhattan,brute,50,2.0,-0.24695228156157523
21,0.38328944218338523,1.0,3,mahalanobis,auto,10,,-0.4735090952167877
21,0.38328944218338523,1.0,3,mahalanobis,auto,10,1.0,-0.4735090952167877
21,0.38328944218338523,1.0,3,mahalanobis,auto,10,2.0,-0.4735090952167877
21,0.38328944218338523,1.0,3,mahalanobis,auto,20,,-0.4735090952167877
21,0.38328944218338523,1.0,3,mahalanobis,auto,20,1.0,-0.4735090952167877
21,0.38328944218338523,1.0,3,mahalanobis,auto,20,2.0,-0.4735090952167877
21,0.38328944218338523,1.0,3,mahalanobis,auto,30,,-0.4735090952167877
21,0.38328944218338523,1.0,3,mahalanobis,auto,30,1.0,-0.4735090952167877
21,0.38328944218338523,1.0,3,mahalanobis,auto,30,2.0,-0.4735090952167877
21,0.38328944218338523,1.0,3,mahalanobis,auto,40,,-0.4735090952167877
21,0.38328944218338523,1.0,3,mahalanobis,auto,40,1.0,-0.4735090952167877
21,0.38328944218338523,1.0,3,mahalanobis,auto,40,2.0,-0.4735090952167877
21,0.38328944218338523,1.0,3,mahalanobis,auto,50,,-0.4735090952167877
21,0.38328944218338523,1.0,3,mahalanobis,auto,50,1.0,-0.4735090952167877
21,0.38328944218338523,1.0,3,mahalanobis,auto,50,2.0,-0.4735090952167877
21,0.38328944218338523,1.0,3,mahalanobis,ball_tree,10,,-0.4735090952167877
21,0.38328944218338523,1.0,3,mahalanobis,ball_tree,10,1.0,-0.4735090952167877
21,0.38328944218338523,1.0,3,mahalanobis,ball_tree,10,2.0,-0.4735090952167877
21,0.38328944218338523,1.0,3,mahalanobis,ball_tree,20,,-0.4735090952167877
21,0.38328944218338523,1.0,3,mahalanobis,ball_tree,20,1.0,-0.4735090952167877
21,0.38328944218338523,1.0,3,mahalanobis,ball_tree,20,2.0,-0.4735090952167877
21,0.38328944218338523,1.0,3,mahalanobis,ball_tree,30,,-0.4735090952167877
21,0.38328944218338523,1.0,3,mahalanobis,ball_tree,30,1.0,-0.4735090952167877
21,0.38328944218338523,1.0,3,mahalanobis,ball_tree,30,2.0,-0.4735090952167877
21,0.38328944218338523,1.0,3,mahalanobis,ball_tree,40,,-0.4735090952167877
21,0.38328944218338523,1.0,3,mahalanobis,ball_tree,40,1.0,-0.4735090952167877
21,0.38328944218338523,1.0,3,mahalanobis,ball_tree,40,2.0,-0.4735090952167877
21,0.38328944218338523,1.0,3,mahalanobis,ball_tree,50,,-0.4735090952167877
21,0.38328944218338523,1.0,3,mahalanobis,ball_tree,50,1.0,-0.4735090952167877
21,0.38328944218338523,1.0,3,mahalanobis,ball_tree,50,2.0,-0.4735090952167877
21,0.38328944218338523,1.0,3,mahalanobis,kd_tree,10,,-0.4735090952167877
21,0.38328944218338523,1.0,3,mahalanobis,kd_tree,10,1.0,-0.4735090952167877
21,0.38328944218338523,1.0,3,mahalanobis,kd_tree,10,2.0,-0.4735090952167877
21,0.38328944218338523,1.0,3,mahalanobis,kd_tree,20,,-0.4735090952167877
21,0.38328944218338523,1.0,3,mahalanobis,kd_tree,20,1.0,-0.4735090952167877
21,0.38328944218338523,1.0,3,mahalanobis,kd_tree,20,2.0,-0.4735090952167877
21,0.38328944218338523,1.0,3,mahalanobis,kd_tree,30,,-0.4735090952167877
21,0.38328944218338523,1.0,3,mahalanobis,kd_tree,30,1.0,-0.4735090952167877
21,0.38328944218338523,1.0,3,mahalanobis,kd_tree,30,2.0,-0.4735090952167877
21,0.38328944218338523,1.0,3,mahalanobis,kd_tree,40,,-0.4735090952167877
21,0.38328944218338523,1.0,3,mahalanobis,kd_tree,40,1.0,-0.4735090952167877
21,0.38328944218338523,1.0,3,mahalanobis,kd_tree,40,2.0,-0.4735090952167877
21,0.38328944218338523,1.0,3,mahalanobis,kd_tree,50,,-0.4735090952167877
21,0.38328944218338523,1.0,3,mahalanobis,kd_tree,50,1.0,-0.4735090952167877
21,0.38328944218338523,1.0,3,mahalanobis,kd_tree,50,2.0,-0.4735090952167877
21,0.38328944218338523,1.0,3,mahalanobis,brute,10,,-0.4735090952167877
21,0.38328944218338523,1.0,3,mahalanobis,brute,10,1.0,-0.4735090952167877
21,0.38328944218338523,1.0,3,mahalanobis,brute,10,2.0,-0.4735090952167877
21,0.38328944218338523,1.0,3,mahalanobis,brute,20,,-0.4735090952167877
21,0.38328944218338523,1.0,3,mahalanobis,brute,20,1.0,-0.4735090952167877
21,0.38328944218338523,1.0,3,mahalanobis,brute,20,2.0,-0.4735090952167877
21,0.38328944218338523,1.0,3,mahalanobis,brute,30,,-0.4735090952167877
21,0.38328944218338523,1.0,3,mahalanobis,brute,30,1.0,-0.4735090952167877
21,0.38328944218338523,1.0,3,mahalanobis,brute,30,2.0,-0.4735090952167877
21,0.38328944218338523,1.0,3,mahalanobis,brute,40,,-0.4735090952167877
21,0.38328944218338523,1.0,3,mahalanobis,brute,40,1.0,-0.4735090952167877
21,0.38328944218338523,1.0,3,mahalanobis,brute,40,2.0,-0.4735090952167877
21,0.38328944218338523,1.0,3,mahalanobis,brute,50,,-0.4735090952167877
21,0.38328944218338523,1.0,3,mahalanobis,brute,50,1.0,-0.4735090952167877
21,0.38328944218338523,1.0,3,mahalanobis,brute,50,2.0,-0.4735090952167877
5,0.022504189609767775,1.0,4,euclidean,auto,10,,0.16540117876774285
5,0.022504189609767775,1.0,4,euclidean,auto,10,1.0,0.16540117876774285
5,0.022504189609767775,1.0,4,euclidean,auto,10,2.0,0.16540117876774285
5,0.022504189609767775,1.0,4,euclidean,auto,20,,0.16540117876774285
5,0.022504189609767775,1.0,4,euclidean,auto,20,1.0,0.16540117876774285
5,0.022504189609767775,1.0,4,euclidean,auto,20,2.0,0.16540117876774285
5,0.022504189609767775,1.0,4,euclidean,auto,30,,0.16540117876774285
5,0.022504189609767775,1.0,4,euclidean,auto,30,1.0,0.16540117876774285
5,0.022504189609767775,1.0,4,euclidean,auto,30,2.0,0.16540117876774285
5,0.022504189609767775,1.0,4,euclidean,auto,40,,0.16540117876774285
5,0.022504189609767775,1.0,4,euclidean,auto,40,1.0,0.16540117876774285
5,0.022504189609767775,1.0,4,euclidean,auto,40,2.0,0.16540117876774285
5,0.022504189609767775,1.0,4,euclidean,auto,50,,0.16540117876774285
5,0.022504189609767775,1.0,4,euclidean,auto,50,1.0,0.16540117876774285
5,0.022504189609767775,1.0,4,euclidean,auto,50,2.0,0.16540117876774285
5,0.022504189609767775,1.0,4,euclidean,ball_tree,10,,0.16540117876774285
5,0.022504189609767775,1.0,4,euclidean,ball_tree,10,1.0,0.16540117876774285
5,0.022504189609767775,1.0,4,euclidean,ball_tree,10,2.0,0.16540117876774285
5,0.022504189609767775,1.0,4,euclidean,ball_tree,20,,0.16540117876774285
5,0.022504189609767775,1.0,4,euclidean,ball_tree,20,1.0,0.16540117876774285
5,0.022504189609767775,1.0,4,euclidean,ball_tree,20,2.0,0.16540117876774285
5,0.022504189609767775,1.0,4,euclidean,ball_tree,30,,0.16540117876774285
5,0.022504189609767775,1.0,4,euclidean,ball_tree,30,1.0,0.16540117876774285
5,0.022504189609767775,1.0,4,euclidean,ball_tree,30,2.0,0.16540117876774285
5,0.022504189609767775,1.0,4,euclidean,ball_tree,40,,0.16540117876774285
5,0.022504189609767775,1.0,4,euclidean,ball_tree,40,1.0,0.16540117876774285
5,0.022504189609767775,1.0,4,euclidean,ball_tree,40,2.0,0.16540117876774285
5,0.022504189609767775,1.0,4,euclidean,ball_tree,50,,0.16540117876774285
5,0.022504189609767775,1.0,4,euclidean,ball_tree,50,1.0,0.16540117876774285
5,0.022504189609767775,1.0,4,euclidean,ball_tree,50,2.0,0.16540117876774285
5,0.022504189609767775,1.0,4,euclidean,kd_tree,10,,0.16540117876774285
5,0.022504189609767775,1.0,4,euclidean,kd_tree,10,1.0,0.16540117876774285
5,0.022504189609767775,1.0,4,euclidean,kd_tree,10,2.0,0.16540117876774285
5,0.022504189609767775,1.0,4,euclidean,kd_tree,20,,0.16540117876774285
5,0.022504189609767775,1.0,4,euclidean,kd_tree,20,1.0,0.16540117876774285
5,0.022504189609767775,1.0,4,euclidean,kd_tree,20,2.0,0.16540117876774285
5,0.022504189609767775,1.0,4,euclidean,kd_tree,30,,0.16540117876774285
5,0.022504189609767775,1.0,4,euclidean,kd_tree,30,1.0,0.16540117876774285
5,0.022504189609767775,1.0,4,euclidean,kd_tree,30,2.0,0.16540117876774285
5,0.022504189609767775,1.0,4,euclidean,kd_tree,40,,0.16540117876774285
5,0.022504189609767775,1.0,4,euclidean,kd_tree,40,1.0,0.16540117876774285
5,0.022504189609767775,1.0,4,euclidean,kd_tree,40,2.0,0.16540117876774285
5,0.022504189609767775,1.0,4,euclidean,kd_tree,50,,0.16540117876774285
5,0.022504189609767775,1.0,4,euclidean,kd_tree,50,1.0,0.16540117876774285
5,0.022504189609767775,1.0,4,euclidean,kd_tree,50,2.0,0.16540117876774285
5,0.022504189609767775,1.0,4,euclidean,brute,10,,0.16540117876774285
5,0.022504189609767775,1.0,4,euclidean,brute,10,1.0,0.16540117876774285
5,0.022504189609767775,1.0,4,euclidean,brute,10,2.0,0.16540117876774285
5,0.022504189609767775,1.0,4,euclidean,brute,20,,0.16540117876774285
5,0.022504189609767775,1.0,4,euclidean,brute,20,1.0,0.16540117876774285
5,0.022504189609767775,1.0,4,euclidean,brute,20,2.0,0.16540117876774285
5,0.022504189609767775,1.0,4,euclidean,brute,30,,0.16540117876774285
5,0.022504189609767775,1.0,4,euclidean,brute,30,1.0,0.16540117876774285
5,0.022504189609767775,1.0,4,euclidean,brute,30,2.0,0.16540117876774285
5,0.022504189609767775,1.0,4,euclidean,brute,40,,0.16540117876774285
5,0.022504189609767775,1.0,4,euclidean,brute,40,1.0,0.16540117876774285
5,0.022504189609767775,1.0,4,euclidean,brute,40,2.0,0.16540117876774285
5,0.022504189609767775,1.0,4,euclidean,brute,50,,0.16540117876774285
5,0.022504189609767775,1.0,4,euclidean,brute,50,1.0,0.16540117876774285
5,0.022504189609767775,1.0,4,euclidean,brute,50,2.0,0.16540117876774285
16,0.29542734019631317,1.0,4,manhattan,auto,10,,-0.31926052574034886
16,0.29542734019631317,1.0,4,manhattan,auto,10,1.0,-0.31926052574034886
16,0.29542734019631317,1.0,4,manhattan,auto,10,2.0,-0.31926052574034886
16,0.29542734019631317,1.0,4,manhattan,auto,20,,-0.31926052574034886
16,0.29542734019631317,1.0,4,manhattan,auto,20,1.0,-0.31926052574034886
16,0.29542734019631317,1.0,4,manhattan,auto,20,2.0,-0.31926052574034886
16,0.29542734019631317,1.0,4,manhattan,auto,30,,-0.31926052574034886
16,0.29542734019631317,1.0,4,manhattan,auto,30,1.0,-0.31926052574034886
16,0.29542734019631317,1.0,4,manhattan,auto,30,2.0,-0.31926052574034886
16,0.29542734019631317,1.0,4,manhattan,auto,40,,-0.31926052574034886
16,0.29542734019631317,1.0,4,manhattan,auto,40,1.0,-0.31926052574034886
16,0.29542734019631317,1.0,4,manhattan,auto,40,2.0,-0.31926052574034886
16,0.29542734019631317,1.0,4,manhattan,auto,50,,-0.31926052574034886
16,0.29542734019631317,1.0,4,manhattan,auto,50,1.0,-0.31926052574034886
16,0.29542734019631317,1.0,4,manhattan,auto,50,2.0,-0.31926052574034886
16,0.29542734019631317,1.0,4,manhattan,ball_tree,10,,-0.31926052574034886
16,0.29542734019631317,1.0,4,manhattan,ball_tree,10,1.0,-0.31926052574034886
16,0.29542734019631317,1.0,4,manhattan,ball_tree,10,2.0,-0.31926052574034886
16,0.29542734019631317,1.0,4,manhattan,ball_tree,20,,-0.31926052574034886
16,0.29542734019631317,1.0,4,manhattan,ball_tree,20,1.0,-0.31926052574034886
16,0.29542734019631317,1.0,4,manhattan,ball_tree,20,2.0,-0.31926052574034886
16,0.29542734019631317,1.0,4,manhattan,ball_tree,30,,-0.31926052574034886
16,0.29542734019631317,1.0,4,manhattan,ball_tree,30,1.0,-0.31926052574034886
16,0.29542734019631317,1.0,4,manhattan,ball_tree,30,2.0,-0.31926052574034886
16,0.29542734019631317,1.0,4,manhattan,ball_tree,40,,-0.31926052574034886
16,0.29542734019631317,1.0,4,manhattan,ball_tree,40,1.0,-0.31926052574034886
16,0.29542734019631317,1.0,4,manhattan,ball_tree,40,2.0,-0.31926052574034886
16,0.29542734019631317,1.0,4,manhattan,ball_tree,50,,-0.31926052574034886
16,0.29542734019631317,1.0,4,manhattan,ball_tree,50,1.0,-0.31926052574034886
16,0.29542734019631317,1.0,4,manhattan,ball_tree,50,2.0,-0.31926052574034886
16,0.29542734019631317,1.0,4,manhattan,kd_tree,10,,-0.31926052574034886
16,0.29542734019631317,1.0,4,manhattan,kd_tree,10,1.0,-0.31926052574034886
16,0.29542734019631317,1.0,4,manhattan,kd_tree,10,2.0,-0.31926052574034886
16,0.29542734019631317,1.0,4,manhattan,kd_tree,20,,-0.31926052574034886
16,0.29542734019631317,1.0,4,manhattan,kd_tree,20,1.0,-0.31926052574034886
16,0.29542734019631317,1.0,4,manhattan,kd_tree,20,2.0,-0.31926052574034886
16,0.29542734019631317,1.0,4,manhattan,kd_tree,30,,-0.31926052574034886
16,0.29542734019631317,1.0,4,manhattan,kd_tree,30,1.0,-0.31926052574034886
16,0.29542734019631317,1.0,4,manhattan,kd_tree,30,2.0,-0.31926052574034886
16,0.29542734019631317,1.0,4,manhattan,kd_tree,40,,-0.31926052574034886
16,0.29542734019631317,1.0,4,manhattan,kd_tree,40,1.0,-0.31926052574034886
16,0.29542734019631317,1.0,4,manhattan,kd_tree,40,2.0,-0.31926052574034886
16,0.29542734019631317,1.0,4,manhattan,kd_tree,50,,-0.31926052574034886
16,0.29542734019631317,1.0,4,manhattan,kd_tree,50,1.0,-0.31926052574034886
16,0.29542734019631317,1.0,4,manhattan,kd_tree,50,2.0,-0.31926052574034886
16,0.29542734019631317,1.0,4,manhattan,brute,10,,-0.31926052574034886
16,0.29542734019631317,1.0,4,manhattan,brute,10,1.0,-0.31926052574034886
16,0.29542734019631317,1.0,4,manhattan,brute,10,2.0,-0.31926052574034886
16,0.29542734019631317,1.0,4,manhattan,brute,20,,-0.31926052574034886
16,0.29542734019631317,1.0,4,manhattan,brute,20,1.0,-0.31926052574034886
16,0.29542734019631317,1.0,4,manhattan,brute,20,2.0,-0.31926052574034886
16,0.29542734019631317,1.0,4,manhattan,brute,30,,-0.31926052574034886
16,0.29542734019631317,1.0,4,manhattan,brute,30,1.0,-0.31926052574034886
16,0.29542734019631317,1.0,4,manhattan,brute,30,2.0,-0.31926052574034886
16,0.29542734019631317,1.0,4,manhattan,brute,40,,-0.31926052574034886
16,0.29542734019631317,1.0,4,manhattan,brute,40,1.0,-0.31926052574034886
16,0.29542734019631317,1.0,4,manhattan,brute,40,2.0,-0.31926052574034886
16,0.29542734019631317,1.0,4,manhattan,brute,50,,-0.31926052574034886
16,0.29542734019631317,1.0,4,manhattan,brute,50,1.0,-0.31926052574034886
16,0.29542734019631317,1.0,4,manhattan,brute,50,2.0,-0.31926052574034886
14,0.4115393823318171,1.0,4,mahalanobis,auto,10,,-0.40959208507188366
14,0.4115393823318171,1.0,4,mahalanobis,auto,10,1.0,-0.40959208507188366
14,0.4115393823318171,1.0,4,mahalanobis,auto,10,2.0,-0.40959208507188366
14,0.4115393823318171,1.0,4,mahalanobis,auto,20,,-0.40959208507188366
14,0.4115393823318171,1.0,4,mahalanobis,auto,20,1.0,-0.40959208507188366
14,0.4115393823318171,1.0,4,mahalanobis,auto,20,2.0,-0.40959208507188366
14,0.4115393823318171,1.0,4,mahalanobis,auto,30,,-0.40959208507188366
14,0.4115393823318171,1.0,4,mahalanobis,auto,30,1.0,-0.40959208507188366
14,0.4115393823318171,1.0,4,mahalanobis,auto,30,2.0,-0.40959208507188366
14,0.4115393823318171,1.0,4,mahalanobis,auto,40,,-0.40959208507188366
14,0.4115393823318171,1.0,4,mahalanobis,auto,40,1.0,-0.40959208507188366
14,0.4115393823318171,1.0,4,mahalanobis,auto,40,2.0,-0.40959208507188366
14,0.4115393823318171,1.0,4,mahalanobis,auto,50,,-0.40959208507188366
14,0.4115393823318171,1.0,4,mahalanobis,auto,50,1.0,-0.40959208507188366
14,0.4115393823318171,1.0,4,mahalanobis,auto,50,2.0,-0.40959208507188366
14,0.4115393823318171,1.0,4,mahalanobis,ball_tree,10,,-0.40959208507188366
14,0.4115393823318171,1.0,4,mahalanobis,ball_tree,10,1.0,-0.40959208507188366
14,0.4115393823318171,1.0,4,mahalanobis,ball_tree,10,2.0,-0.40959208507188366
14,0.4115393823318171,1.0,4,mahalanobis,ball_tree,20,,-0.40959208507188366
14,0.4115393823318171,1.0,4,mahalanobis,ball_tree,20,1.0,-0.40959208507188366
14,0.4115393823318171,1.0,4,mahalanobis,ball_tree,20,2.0,-0.40959208507188366
14,0.4115393823318171,1.0,4,mahalanobis,ball_tree,30,,-0.40959208507188366
14,0.4115393823318171,1.0,4,mahalanobis,ball_tree,30,1.0,-0.40959208507188366
14,0.4115393823318171,1.0,4,mahalanobis,ball_tree,30,2.0,-0.40959208507188366
14,0.4115393823318171,1.0,4,mahalanobis,ball_tree,40,,-0.40959208507188366
14,0.4115393823318171,1.0,4,mahalanobis,ball_tree,40,1.0,-0.40959208507188366
14,0.4115393823318171,1.0,4,mahalanobis,ball_tree,40,2.0,-0.40959208507188366
14,0.4115393823318171,1.0,4,mahalanobis,ball_tree,50,,-0.40959208507188366
14,0.4115393823318171,1.0,4,mahalanobis,ball_tree,50,1.0,-0.40959208507188366
14,0.4115393823318171,1.0,4,mahalanobis,ball_tree,50,2.0,-0.40959208507188366
14,0.4115393823318171,1.0,4,mahalanobis,kd_tree,10,,-0.40959208507188366
14,0.4115393823318171,1.0,4,mahalanobis,kd_tree,10,1.0,-0.40959208507188366
14,0.4115393823318171,1.0,4,mahalanobis,kd_tree,10,2.0,-0.40959208507188366
14,0.4115393823318171,1.0,4,mahalanobis,kd_tree,20,,-0.40959208507188366
14,0.4115393823318171,1.0,4,mahalanobis,kd_tree,20,1.0,-0.40959208507188366
14,0.4115393823318171,1.0,4,mahalanobis,kd_tree,20,2.0,-0.40959208507188366
14,0.4115393823318171,1.0,4,mahalanobis,kd_tree,30,,-0.40959208507188366
14,0.4115393823318171,1.0,4,mahalanobis,kd_tree,30,1.0,-0.40959208507188366
14,0.4115393823318171,1.0,4,mahalanobis,kd_tree,30,2.0,-0.40959208507188366
14,0.4115393823318171,1.0,4,mahalanobis,kd_tree,40,,-0.40959208507188366
14,0.4115393823318171,1.0,4,mahalanobis,kd_tree,40,1.0,-0.40959208507188366
14,0.4115393823318171,1.0,4,mahalanobis,kd_tree,40,2.0,-0.40959208507188366
14,0.4115393823318171,1.0,4,mahalanobis,kd_tree,50,,-0.40959208507188366
14,0.4115393823318171,1.0,4,mahalanobis,kd_tree,50,1.0,-0.40959208507188366
14,0.4115393823318171,1.0,4,mahalanobis,kd_tree,50,2.0,-0.40959208507188366
14,0.4115393823318171,1.0,4,mahalanobis,brute,10,,-0.40959208507188366
14,0.4115393823318171,1.0,4,mahalanobis,brute,10,1.0,-0.40959208507188366
14,0.4115393823318171,1.0,4,mahalanobis,brute,10,2.0,-0.40959208507188366
14,0.4115393823318171,1.0,4,mahalanobis,brute,20,,-0.40959208507188366
14,0.4115393823318171,1.0,4,mahalanobis,brute,20,1.0,-0.40959208507188366
14,0.4115393823318171,1.0,4,mahalanobis,brute,20,2.0,-0.40959208507188366
14,0.4115393823318171,1.0,4,mahalanobis,brute,30,,-0.40959208507188366
14,0.4115393823318171,1.0,4,mahalanobis,brute,30,1.0,-0.40959208507188366
14,0.4115393823318171,1.0,4,mahalanobis,brute,30,2.0,-0.40959208507188366
14,0.4115393823318171,1.0,4,mahalanobis,brute,40,,-0.40959208507188366
14,0.4115393823318171,1.0,4,mahalanobis,brute,40,1.0,-0.40959208507188366
14,0.4115393823318171,1.0,4,mahalanobis,brute,40,2.0,-0.40959208507188366
14,0.4115393823318171,1.0,4,mahalanobis,brute,50,,-0.40959208507188366
14,0.4115393823318171,1.0,4,mahalanobis,brute,50,1.0,-0.40959208507188366
14,0.4115393823318171,1.0,4,mahalanobis,brute,50,2.0,-0.40959208507188366
4,0.026095283696432846,1.0,5,euclidean,auto,10,,0.19042293775727354
4,0.026095283696432846,1.0,5,euclidean,auto,10,1.0,0.19042293775727354
4,0.026095283696432846,1.0,5,euclidean,auto,10,2.0,0.19042293775727354
4,0.026095283696432846,1.0,5,euclidean,auto,20,,0.19042293775727354
4,0.026095283696432846,1.0,5,euclidean,auto,20,1.0,0.19042293775727354
4,0.026095283696432846,1.0,5,euclidean,auto,20,2.0,0.19042293775727354
4,0.026095283696432846,1.0,5,euclidean,auto,30,,0.19042293775727354
4,0.026095283696432846,1.0,5,euclidean,auto,30,1.0,0.19042293775727354
4,0.026095283696432846,1.0,5,euclidean,auto,30,2.0,0.19042293775727354
4,0.026095283696432846,1.0,5,euclidean,auto,40,,0.19042293775727354
4,0.026095283696432846,1.0,5,euclidean,auto,40,1.0,0.19042293775727354
4,0.026095283696432846,1.0,5,euclidean,auto,40,2.0,0.19042293775727354
4,0.026095283696432846,1.0,5,euclidean,auto,50,,0.19042293775727354
4,0.026095283696432846,1.0,5,euclidean,auto,50,1.0,0.19042293775727354
4,0.026095283696432846,1.0,5,euclidean,auto,50,2.0,0.19042293775727354
4,0.026095283696432846,1.0,5,euclidean,ball_tree,10,,0.19042293775727354
4,0.026095283696432846,1.0,5,euclidean,ball_tree,10,1.0,0.19042293775727354
4,0.026095283696432846,1.0,5,euclidean,ball_tree,10,2.0,0.19042293775727354
4,0.026095283696432846,1.0,5,euclidean,ball_tree,20,,0.19042293775727354
4,0.026095283696432846,1.0,5,euclidean,ball_tree,20,1.0,0.19042293775727354
4,0.026095283696432846,1.0,5,euclidean,ball_tree,20,2.0,0.19042293775727354
4,0.026095283696432846,1.0,5,euclidean,ball_tree,30,,0.19042293775727354
4,0.026095283696432846,1.0,5,euclidean,ball_tree,30,1.0,0.19042293775727354
4,0.026095283696432846,1.0,5,euclidean,ball_tree,30,2.0,0.19042293775727354
4,0.026095283696432846,1.0,5,euclidean,ball_tree,40,,0.19042293775727354
4,0.026095283696432846,1.0,5,euclidean,ball_tree,40,1.0,0.19042293775727354
4,0.026095283696432846,1.0,5,euclidean,ball_tree,40,2.0,0.19042293775727354
4,0.026095283696432846,1.0,5,euclidean,ball_tree,50,,0.19042293775727354
4,0.026095283696432846,1.0,5,euclidean,ball_tree,50,1.0,0.19042293775727354
4,0.026095283696432846,1.0,5,euclidean,ball_tree,50,2.0,0.19042293775727354
4,0.026095283696432846,1.0,5,euclidean,kd_tree,10,,0.19042293775727354
4,0.026095283696432846,1.0,5,euclidean,kd_tree,10,1.0,0.19042293775727354
4,0.026095283696432846,1.0,5,euclidean,kd_tree,10,2.0,0.19042293775727354
4,0.026095283696432846,1.0,5,euclidean,kd_tree,20,,0.19042293775727354
4,0.026095283696432846,1.0,5,euclidean,kd_tree,20,1.0,0.19042293775727354
4,0.026095283696432846,1.0,5,euclidean,kd_tree,20,2.0,0.19042293775727354
4,0.026095283696432846,1.0,5,euclidean,kd_tree,30,,0.19042293775727354
4,0.026095283696432846,1.0,5,euclidean,kd_tree,30,1.0,0.19042293775727354
4,0.026095283696432846,1.0,5,euclidean,kd_tree,30,2.0,0.19042293775727354
4,0.026095283696432846,1.0,5,euclidean,kd_tree,40,,0.19042293775727354
4,0.026095283696432846,1.0,5,euclidean,kd_tree,40,1.0,0.19042293775727354
4,0.026095283696432846,1.0,5,euclidean,kd_tree,40,2.0,0.19042293775727354
4,0.026095283696432846,1.0,5,euclidean,kd_tree,50,,0.19042293775727354
4,0.026095283696432846,1.0,5,euclidean,kd_tree,50,1.0,0.19042293775727354
4,0.026095283696432846,1.0,5,euclidean,kd_tree,50,2.0,0.19042293775727354
4,0.026095283696432846,1.0,5,euclidean,brute,10,,0.19042293775727354
4,0.026095283696432846,1.0,5,euclidean,brute,10,1.0,0.19042293775727354
4,0.026095283696432846,1.0,5,euclidean,brute,10,2.0,0.19042293775727354
4,0.026095283696432846,1.0,5,euclidean,brute,20,,0.19042293775727354
4,0.026095283696432846,1.0,5,euclidean,brute,20,1.0,0.19042293775727354
4,0.026095283696432846,1.0,5,euclidean,brute,20,2.0,0.19042293775727354
4,0.026095283696432846,1.0,5,euclidean,brute,30,,0.19042293775727354
4,0.026095283696432846,1.0,5,euclidean,brute,30,1.0,0.19042293775727354
4,0.026095283696432846,1.0,5,euclidean,brute,30,2.0,0.19042293775727354
4,0.026095283696432846,1.0,5,euclidean,brute,40,,0.19042293775727354
4,0.026095283696432846,1.0,5,euclidean,brute,40,1.0,0.19042293775727354
4,0.026095283696432846,1.0,5,euclidean,brute,40,2.0,0.19042293775727354
4,0.026095283696432846,1.0,5,euclidean,brute,50,,0.19042293775727354
4,0.026095283696432846,1.0,5,euclidean,brute,50,1.0,0.19042293775727354
4,0.026095283696432846,1.0,5,euclidean,brute,50,2.0,0.19042293775727354
15,0.3251137179794111,1.0,5,manhattan,auto,10,,-0.34694389397593345
15,0.3251137179794111,1.0,5,manhattan,auto,10,1.0,-0.34694389397593345
15,0.3251137179794111,1.0,5,manhattan,auto,10,2.0,-0.34694389397593345
15,0.3251137179794111,1.0,5,manhattan,auto,20,,-0.34694389397593345
15,0.3251137179794111,1.0,5,manhattan,auto,20,1.0,-0.34694389397593345
15,0.3251137179794111,1.0,5,manhattan,auto,20,2.0,-0.34694389397593345
15,0.3251137179794111,1.0,5,manhattan,auto,30,,-0.34694389397593345
15,0.3251137179794111,1.0,5,manhattan,auto,30,1.0,-0.34694389397593345
15,0.3251137179794111,1.0,5,manhattan,auto,30,2.0,-0.34694389397593345
15,0.3251137179794111,1.0,5,manhattan,auto,40,,-0.34694389397593345
15,0.3251137179794111,1.0,5,manhattan,auto,40,1.0,-0.34694389397593345
15,0.3251137179794111,1.0,5,manhattan,auto,40,2.0,-0.34694389397593345
15,0.3251137179794111,1.0,5,manhattan,auto,50,,-0.34694389397593345
15,0.3251137179794111,1.0,5,manhattan,auto,50,1.0,-0.34694389397593345
15,0.3251137179794111,1.0,5,manhattan,auto,50,2.0,-0.34694389397593345
15,0.3251137179794111,1.0,5,manhattan,ball_tree,10,,-0.34694389397593345
15,0.3251137179794111,1.0,5,manhattan,ball_tree,10,1.0,-0.34694389397593345
15,0.3251137179794111,1.0,5,manhattan,ball_tree,10,2.0,-0.34694389397593345
15,0.3251137179794111,1.0,5,manhattan,ball_tree,20,,-0.34694389397593345
15,0.3251137179794111,1.0,5,manhattan,ball_tree,20,1.0,-0.34694389397593345
15,0.3251137179794111,1.0,5,manhattan,ball_tree,20,2.0,-0.34694389397593345
15,0.3251137179794111,1.0,5,manhattan,ball_tree,30,,-0.34694389397593345
15,0.3251137179794111,1.0,5,manhattan,ball_tree,30,1.0,-0.34694389397593345
15,0.3251137179794111,1.0,5,manhattan,ball_tree,30,2.0,-0.34694389397593345
15,0.3251137179794111,1.0,5,manhattan,ball_tree,40,,-0.34694389397593345
15,0.3251137179794111,1.0,5,manhattan,ball_tree,40,1.0,-0.34694389397593345
15,0.3251137179794111,1.0,5,manhattan,ball_tree,40,2.0,-0.34694389397593345
15,0.3251137179794111,1.0,5,manhattan,ball_tree,50,,-0.34694389397593345
15,0.3251137179794111,1.0,5,manhattan,ball_tree,50,1.0,-0.34694389397593345
15,0.3251137179794111,1.0,5,manhattan,ball_tree,50,2.0,-0.34694389397593345
15,0.3251137179794111,1.0,5,manhattan,kd_tree,10,,-0.34694389397593345
15,0.3251137179794111,1.0,5,manhattan,kd_tree,10,1.0,-0.34694389397593345
15,0.3251137179794111,1.0,5,manhattan,kd_tree,10,2.0,-0.34694389397593345
15,0.3251137179794111,1.0,5,manhattan,kd_tree,20,,-0.34694389397593345
15,0.3251137179794111,1.0,5,manhattan,kd_tree,20,1.0,-0.34694389397593345
15,0.3251137179794111,1.0,5,manhattan,kd_tree,20,2.0,-0.34694389397593345
15,0.3251137179794111,1.0,5,manhattan,kd_tree,30,,-0.34694389397593345
15,0.3251137179794111,1.0,5,manhattan,kd_tree,30,1.0,-0.34694389397593345
15,0.3251137179794111,1.0,5,manhattan,kd_tree,30,2.0,-0.34694389397593345
15,0.3251137179794111,1.0,5,manhattan,kd_tree,40,,-0.34694389397593345
15,0.3251137179794111,1.0,5,manhattan,kd_tree,40,1.0,-0.34694389397593345
15,0.3251137179794111,1.0,5,manhattan,kd_tree,40,2.0,-0.34694389397593345
15,0.3251137179794111,1.0,5,manhattan,kd_tree,50,,-0.34694389397593345
15,0.3251137179794111,1.0,5,manhattan,kd_tree,50,1.0,-0.34694389397593345
15,0.3251137179794111,1.0,5,manhattan,kd_tree,50,2.0,-0.34694389397593345
15,0.3251137179794111,1.0,5,manhattan,brute,10,,-0.34694389397593345
15,0.3251137179794111,1.0,5,manhattan,brute,10,1.0,-0.34694389397593345
15,0.3251137179794111,1.0,5,manhattan,brute,10,2.0,-0.34694389397593345
15,0.3251137179794111,1.0,5,manhattan,brute,20,,-0.34694389397593345
15,0.3251137179794111,1.0,5,manhattan,brute,20,1.0,-0.34694389397593345
15,0.3251137179794111,1.0,5,manhattan,brute,20,2.0,-0.34694389397593345
15,0.3251137179794111,1.0,5,manhattan,brute,30,,-0.34694389397593345
15,0.3251137179794111,1.0,5,manhattan,brute,30,1.0,-0.34694389397593345
15,0.3251137179794111,1.0,5,manhattan,brute,30,2.0,-0.34694389397593345
15,0.3251137179794111,1.0,5,manhattan,brute,40,,-0.34694389397593345
15,0.3251137179794111,1.0,5,manhattan,brute,40,1.0,-0.34694389397593345
15,0.3251137179794111,1.0,5,manhattan,brute,40,2.0,-0.34694389397593345
15,0.3251137179794111,1.0,5,manhattan,brute,50,,-0.34694389397593345
15,0.3251137179794111,1.0,5,manhattan,brute,50,1.0,-0.34694389397593345
15,0.3251137179794111,1.0,5,manhattan,brute,50,2.0,-0.34694389397593345
11,0.4371558534833613,1.0,5,mahalanobis,auto,10,,-0.28834342554772324
11,0.4371558534833613,1.0,5,mahalanobis,auto,10,1.0,-0.28834342554772324
11,0.4371558534833613,1.0,5,mahalanobis,auto,10,2.0,-0.28834342554772324
11,0.4371558534833613,1.0,5,mahalanobis,auto,20,,-0.28834342554772324
11,0.4371558534833613,1.0,5,mahalanobis,auto,20,1.0,-0.28834342554772324
11,0.4371558534833613,1.0,5,mahalanobis,auto,20,2.0,-0.28834342554772324
11,0.4371558534833613,1.0,5,mahalanobis,auto,30,,-0.28834342554772324
11,0.4371558534833613,1.0,5,mahalanobis,auto,30,1.0,-0.28834342554772324
11,0.4371558534833613,1.0,5,mahalanobis,auto,30,2.0,-0.28834342554772324
11,0.4371558534833613,1.0,5,mahalanobis,auto,40,,-0.28834342554772324
11,0.4371558534833613,1.0,5,mahalanobis,auto,40,1.0,-0.28834342554772324
11,0.4371558534833613,1.0,5,mahalanobis,auto,40,2.0,-0.28834342554772324
11,0.4371558534833613,1.0,5,mahalanobis,auto,50,,-0.28834342554772324
11,0.4371558534833613,1.0,5,mahalanobis,auto,50,1.0,-0.28834342554772324
11,0.4371558534833613,1.0,5,mahalanobis,auto,50,2.0,-0.28834342554772324
11,0.4371558534833613,1.0,5,mahalanobis,ball_tree,10,,-0.28834342554772324
11,0.4371558534833613,1.0,5,mahalanobis,ball_tree,10,1.0,-0.28834342554772324
11,0.4371558534833613,1.0,5,mahalanobis,ball_tree,10,2.0,-0.28834342554772324
11,0.4371558534833613,1.0,5,mahalanobis,ball_tree,20,,-0.28834342554772324
11,0.4371558534833613,1.0,5,mahalanobis,ball_tree,20,1.0,-0.28834342554772324
11,0.4371558534833613,1.0,5,mahalanobis,ball_tree,20,2.0,-0.28834342554772324
11,0.4371558534833613,1.0,5,mahalanobis,ball_tree,30,,-0.28834342554772324
11,0.4371558534833613,1.0,5,mahalanobis,ball_tree,30,1.0,-0.28834342554772324
11,0.4371558534833613,1.0,5,mahalanobis,ball_tree,30,2.0,-0.28834342554772324
11,0.4371558534833613,1.0,5,mahalanobis,ball_tree,40,,-0.28834342554772324
11,0.4371558534833613,1.0,5,mahalanobis,ball_tree,40,1.0,-0.28834342554772324
11,0.4371558534833613,1.0,5,mahalanobis,ball_tree,40,2.0,-0.28834342554772324
11,0.4371558534833613,1.0,5,mahalanobis,ball_tree,50,,-0.28834342554772324
11,0.4371558534833613,1.0,5,mahalanobis,ball_tree,50,1.0,-0.28834342554772324
11,0.4371558534833613,1.0,5,mahalanobis,ball_tree,50,2.0,-0.28834342554772324
11,0.4371558534833613,1.0,5,mahalanobis,kd_tree,10,,-0.28834342554772324
11,0.4371558534833613,1.0,5,mahalanobis,kd_tree,10,1.0,-0.28834342554772324
11,0.4371558534833613,1.0,5,mahalanobis,kd_tree,10,2.0,-0.28834342554772324
11,0.4371558534833613,1.0,5,mahalanobis,kd_tree,20,,-0.28834342554772324
11,0.4371558534833613,1.0,5,mahalanobis,kd_tree,20,1.0,-0.28834342554772324
11,0.4371558534833613,1.0,5,mahalanobis,kd_tree,20,2.0,-0.28834342554772324
11,0.4371558534833613,1.0,5,mahalanobis,kd_tree,30,,-0.28834342554772324
11,0.4371558534833613,1.0,5,mahalanobis,kd_tree,30,1.0,-0.28834342554772324
11,0.4371558534833613,1.0,5,mahalanobis,kd_tree,30,2.0,-0.28834342554772324
11,0.4371558534833613,1.0,5,mahalanobis,kd_tree,40,,-0.28834342554772324
11,0.4371558534833613,1.0,5,mahalanobis,kd_tree,40,1.0,-0.28834342554772324
11,0.4371558534833613,1.0,5,mahalanobis,kd_tree,40,2.0,-0.28834342554772324
11,0.4371558534833613,1.0,5,mahalanobis,kd_tree,50,,-0.28834342554772324
11,0.4371558534833613,1.0,5,mahalanobis,kd_tree,50,1.0,-0.28834342554772324
11,0.4371558534833613,1.0,5,mahalanobis,kd_tree,50,2.0,-0.28834342554772324
11,0.4371558534833613,1.0,5,mahalanobis,brute,10,,-0.28834342554772324
11,0.4371558534833613,1.0,5,mahalanobis,brute,10,1.0,-0.28834342554772324
11,0.4371558534833613,1.0,5,mahalanobis,brute,10,2.0,-0.28834342554772324
11,0.4371558534833613,1.0,5,mahalanobis,brute,20,,-0.28834342554772324
11,0.4371558534833613,1.0,5,mahalanobis,brute,20,1.0,-0.28834342554772324
11,0.4371558534833613,1.0,5,mahalanobis,brute,20,2.0,-0.28834342554772324
11,0.4371558534833613,1.0,5,mahalanobis,brute,30,,-0.28834342554772324
11,0.4371558534833613,1.0,5,mahalanobis,brute,30,1.0,-0.28834342554772324
11,0.4371558534833613,1.0,5,mahalanobis,brute,30,2.0,-0.28834342554772324
11,0.4371558534833613,1.0,5,mahalanobis,brute,40,,-0.28834342554772324
11,0.4371558534833613,1.0,5,mahalanobis,brute,40,1.0,-0.28834342554772324
11,0.4371558534833613,1.0,5,mahalanobis,brute,40,2.0,-0.28834342554772324
11,0.4371558534833613,1.0,5,mahalanobis,brute,50,,-0.28834342554772324
11,0.4371558534833613,1.0,5,mahalanobis,brute,50,1.0,-0.28834342554772324
11,0.4371558534833613,1.0,5,mahalanobis,brute,50,2.0,-0.28834342554772324
3,0.02824994014843189,1.0,6,euclidean,auto,10,,0.20545496811109973
3,0.02824994014843189,1.0,6,euclidean,auto,10,1.0,0.20545496811109973
3,0.02824994014843189,1.0,6,euclidean,auto,10,2.0,0.20545496811109973
3,0.02824994014843189,1.0,6,euclidean,auto,20,,0.20545496811109973
3,0.02824994014843189,1.0,6,euclidean,auto,20,1.0,0.20545496811109973
3,0.02824994014843189,1.0,6,euclidean,auto,20,2.0,0.20545496811109973
3,0.02824994014843189,1.0,6,euclidean,auto,30,,0.20545496811109973
3,0.02824994014843189,1.0,6,euclidean,auto,30,1.0,0.20545496811109973
3,0.02824994014843189,1.0,6,euclidean,auto,30,2.0,0.20545496811109973
3,0.02824994014843189,1.0,6,euclidean,auto,40,,0.20545496811109973
3,0.02824994014843189,1.0,6,euclidean,auto,40,1.0,0.20545496811109973
3,0.02824994014843189,1.0,6,euclidean,auto,40,2.0,0.20545496811109973
3,0.02824994014843189,1.0,6,euclidean,auto,50,,0.20545496811109973
3,0.02824994014843189,1.0,6,euclidean,auto,50,1.0,0.20545496811109973
3,0.02824994014843189,1.0,6,euclidean,auto,50,2.0,0.20545496811109973
3,0.02824994014843189,1.0,6,euclidean,ball_tree,10,,0.20545496811109973
3,0.02824994014843189,1.0,6,euclidean,ball_tree,10,1.0,0.20545496811109973
3,0.02824994014843189,1.0,6,euclidean,ball_tree,10,2.0,0.20545496811109973
3,0.02824994014843189,1.0,6,euclidean,ball_tree,20,,0.20545496811109973
3,0.02824994014843189,1.0,6,euclidean,ball_tree,20,1.0,0.20545496811109973
3,0.02824994014843189,1.0,6,euclidean,ball_tree,20,2.0,0.20545496811109973
3,0.02824994014843189,1.0,6,euclidean,ball_tree,30,,0.20545496811109973
3,0.02824994014843189,1.0,6,euclidean,ball_tree,30,1.0,0.20545496811109973
3,0.02824994014843189,1.0,6,euclidean,ball_tree,30,2.0,0.20545496811109973
3,0.02824994014843189,1.0,6,euclidean,ball_tree,40,,0.20545496811109973
3,0.02824994014843189,1.0,6,euclidean,ball_tree,40,1.0,0.20545496811109973
3,0.02824994014843189,1.0,6,euclidean,ball_tree,40,2.0,0.20545496811109973
3,0.02824994014843189,1.0,6,euclidean,ball_tree,50,,0.20545496811109973
3,0.02824994014843189,1.0,6,euclidean,ball_tree,50,1.0,0.20545496811109973
3,0.02824994014843189,1.0,6,euclidean,ball_tree,50,2.0,0.20545496811109973
3,0.02824994014843189,1.0,6,euclidean,kd_tree,10,,0.20545496811109973
3,0.02824994014843189,1.0,6,euclidean,kd_tree,10,1.0,0.20545496811109973
3,0.02824994014843189,1.0,6,euclidean,kd_tree,10,2.0,0.20545496811109973
3,0.02824994014843189,1.0,6,euclidean,kd_tree,20,,0.20545496811109973
3,0.02824994014843189,1.0,6,euclidean,kd_tree,20,1.0,0.20545496811109973
3,0.02824994014843189,1.0,6,euclidean,kd_tree,20,2.0,0.20545496811109973
3,0.02824994014843189,1.0,6,euclidean,kd_tree,30,,0.20545496811109973
3,0.02824994014843189,1.0,6,euclidean,kd_tree,30,1.0,0.20545496811109973
3,0.02824994014843189,1.0,6,euclidean,kd_tree,30,2.0,0.20545496811109973
3,0.02824994014843189,1.0,6,euclidean,kd_tree,40,,0.20545496811109973
3,0.02824994014843189,1.0,6,euclidean,kd_tree,40,1.0,0.20545496811109973
3,0.02824994014843189,1.0,6,euclidean,kd_tree,40,2.0,0.20545496811109973
3,0.02824994014843189,1.0,6,euclidean,kd_tree,50,,0.20545496811109973
3,0.02824994014843189,1.0,6,euclidean,kd_tree,50,1.0,0.20545496811109973
3,0.02824994014843189,1.0,6,euclidean,kd_tree,50,2.0,0.20545496811109973
3,0.02824994014843189,1.0,6,euclidean,brute,10,,0.20545496811109973
3,0.02824994014843189,1.0,6,euclidean,brute,10,1.0,0.20545496811109973
3,0.02824994014843189,1.0,6,euclidean,brute,10,2.0,0.20545496811109973
3,0.02824994014843189,1.0,6,euclidean,brute,20,,0.20545496811109973
3,0.02824994014843189,1.0,6,euclidean,brute,20,1.0,0.20545496811109973
3,0.02824994014843189,1.0,6,euclidean,brute,20,2.0,0.20545496811109973
3,0.02824994014843189,1.0,6,euclidean,brute,30,,0.20545496811109973
3,0.02824994014843189,1.0,6,euclidean,brute,30,1.0,0.20545496811109973
3,0.02824994014843189,1.0,6,euclidean,brute,30,2.0,0.20545496811109973
3,0.02824994014843189,1.0,6,euclidean,brute,40,,0.20545496811109973
3,0.02824994014843189,1.0,6,euclidean,brute,40,1.0,0.20545496811109973
3,0.02824994014843189,1.0,6,euclidean,brute,40,2.0,0.20545496811109973
3,0.02824994014843189,1.0,6,euclidean,brute,50,,0.20545496811109973
3,0.02824994014843189,1.0,6,euclidean,brute,50,1.0,0.20545496811109973
3,0.02824994014843189,1.0,6,euclidean,brute,50,2.0,0.20545496811109973
11,0.34833612640651185,1.0,6,manhattan,auto,10,,-0.3264644986198178
11,0.34833612640651185,1.0,6,manhattan,auto,10,1.0,-0.3264644986198178
11,0.34833612640651185,1.0,6,manhattan,auto,10,2.0,-0.3264644986198178
11,0.34833612640651185,1.0,6,manhattan,auto,20,,-0.3264644986198178
11,0.34833612640651185,1.0,6,manhattan,auto,20,1.0,-0.3264644986198178
11,0.34833612640651185,1.0,6,manhattan,auto,20,2.0,-0.3264644986198178
11,0.34833612640651185,1.0,6,manhattan,auto,30,,-0.3264644986198178
11,0.34833612640651185,1.0,6,manhattan,auto,30,1.0,-0.3264644986198178
11,0.34833612640651185,1.0,6,manhattan,auto,30,2.0,-0.3264644986198178
11,0.34833612640651185,1.0,6,manhattan,auto,40,,-0.3264644986198178
11,0.34833612640651185,1.0,6,manhattan,auto,40,1.0,-0.3264644986198178
11,0.34833612640651185,1.0,6,manhattan,auto,40,2.0,-0.3264644986198178
11,0.34833612640651185,1.0,6,manhattan,auto,50,,-0.3264644986198178
11,0.34833612640651185,1.0,6,manhattan,auto,50,1.0,-0.3264644986198178
11,0.34833612640651185,1.0,6,manhattan,auto,50,2.0,-0.3264644986198178
11,0.34833612640651185,1.0,6,manhattan,ball_tree,10,,-0.3264644986198178
11,0.34833612640651185,1.0,6,manhattan,ball_tree,10,1.0,-0.3264644986198178
11,0.34833612640651185,1.0,6,manhattan,ball_tree,10,2.0,-0.3264644986198178
11,0.34833612640651185,1.0,6,manhattan,ball_tree,20,,-0.3264644986198178
11,0.34833612640651185,1.0,6,manhattan,ball_tree,20,1.0,-0.3264644986198178
11,0.34833612640651185,1.0,6,manhattan,ball_tree,20,2.0,-0.3264644986198178
11,0.34833612640651185,1.0,6,manhattan,ball_tree,30,,-0.3264644986198178
11,0.34833612640651185,1.0,6,manhattan,ball_tree,30,1.0,-0.3264644986198178
11,0.34833612640651185,1.0,6,manhattan,ball_tree,30,2.0,-0.3264644986198178
11,0.34833612640651185,1.0,6,manhattan,ball_tree,40,,-0.3264644986198178
11,0.34833612640651185,1.0,6,manhattan,ball_tree,40,1.0,-0.3264644986198178
11,0.34833612640651185,1.0,6,manhattan,ball_tree,40,2.0,-0.3264644986198178
11,0.34833612640651185,1.0,6,manhattan,ball_tree,50,,-0.3264644986198178
11,0.34833612640651185,1.0,6,manhattan,ball_tree,50,1.0,-0.3264644986198178
11,0.34833612640651185,1.0,6,manhattan,ball_tree,50,2.0,-0.3264644986198178
11,0.34833612640651185,1.0,6,manhattan,kd_tree,10,,-0.3264644986198178
11,0.34833612640651185,1.0,6,manhattan,kd_tree,10,1.0,-0.3264644986198178
11,0.34833612640651185,1.0,6,manhattan,kd_tree,10,2.0,-0.3264644986198178
11,0.34833612640651185,1.0,6,manhattan,kd_tree,20,,-0.3264644986198178
11,0.34833612640651185,1.0,6,manhattan,kd_tree,20,1.0,-0.3264644986198178
11,0.34833612640651185,1.0,6,manhattan,kd_tree,20,2.0,-0.3264644986198178
11,0.34833612640651185,1.0,6,manhattan,kd_tree,30,,-0.3264644986198178
11,0.34833612640651185,1.0,6,manhattan,kd_tree,30,1.0,-0.3264644986198178
11,0.34833612640651185,1.0,6,manhattan,kd_tree,30,2.0,-0.3264644986198178
11,0.34833612640651185,1.0,6,manhattan,kd_tree,40,,-0.3264644986198178
11,0.34833612640651185,1.0,6,manhattan,kd_tree,40,1.0,-0.3264644986198178
11,0.34833612640651185,1.0,6,manhattan,kd_tree,40,2.0,-0.3264644986198178
11,0.34833612640651185,1.0,6,manhattan,kd_tree,50,,-0.3264644986198178
11,0.34833612640651185,1.0,6,manhattan,kd_tree,50,1.0,-0.3264644986198178
11,0.34833612640651185,1.0,6,manhattan,kd_tree,50,2.0,-0.3264644986198178
11,0.34833612640651185,1.0,6,manhattan,brute,10,,-0.3264644986198178
11,0.34833612640651185,1.0,6,manhattan,brute,10,1.0,-0.3264644986198178
11,0.34833612640651185,1.0,6,manhattan,brute,10,2.0,-0.3264644986198178
11,0.34833612640651185,1.0,6,manhattan,brute,20,,-0.3264644986198178
11,0.34833612640651185,1.0,6,manhattan,brute,20,1.0,-0.3264644986198178
11,0.34833612640651185,1.0,6,manhattan,brute,20,2.0,-0.3264644986198178
11,0.34833612640651185,1.0,6,manhattan,brute,30,,-0.3264644986198178
11,0.34833612640651185,1.0,6,manhattan,brute,30,1.0,-0.3264644986198178
11,0.34833612640651185,1.0,6,manhattan,brute,30,2.0,-0.3264644986198178
11,0.34833612640651185,1.0,6,manhattan,brute,40,,-0.3264644986198178
11,0.34833612640651185,1.0,6,manhattan,brute,40,1.0,-0.3264644986198178
11,0.34833612640651185,1.0,6,manhattan,brute,40,2.0,-0.3264644986198178
11,0.34833612640651185,1.0,6,manhattan,brute,50,,-0.3264644986198178
11,0.34833612640651185,1.0,6,manhattan,brute,50,1.0,-0.3264644986198178
11,0.34833612640651185,1.0,6,manhattan,brute,50,2.0,-0.3264644986198178
7,0.45989944936557337,1.0,6,mahalanobis,auto,10,,-0.2437989763292959
7,0.45989944936557337,1.0,6,mahalanobis,auto,10,1.0,-0.2437989763292959
7,0.45989944936557337,1.0,6,mahalanobis,auto,10,2.0,-0.2437989763292959
7,0.45989944936557337,1.0,6,mahalanobis,auto,20,,-0.2437989763292959
7,0.45989944936557337,1.0,6,mahalanobis,auto,20,1.0,-0.2437989763292959
7,0.45989944936557337,1.0,6,mahalanobis,auto,20,2.0,-0.2437989763292959
7,0.45989944936557337,1.0,6,mahalanobis,auto,30,,-0.2437989763292959
7,0.45989944936557337,1.0,6,mahalanobis,auto,30,1.0,-0.2437989763292959
7,0.45989944936557337,1.0,6,mahalanobis,auto,30,2.0,-0.2437989763292959
7,0.45989944936557337,1.0,6,mahalanobis,auto,40,,-0.2437989763292959
7,0.45989944936557337,1.0,6,mahalanobis,auto,40,1.0,-0.2437989763292959
7,0.45989944936557337,1.0,6,mahalanobis,auto,40,2.0,-0.2437989763292959
7,0.45989944936557337,1.0,6,mahalanobis,auto,50,,-0.2437989763292959
7,0.45989944936557337,1.0,6,mahalanobis,auto,50,1.0,-0.2437989763292959
7,0.45989944936557337,1.0,6,mahalanobis,auto,50,2.0,-0.2437989763292959
7,0.45989944936557337,1.0,6,mahalanobis,ball_tree,10,,-0.2437989763292959
7,0.45989944936557337,1.0,6,mahalanobis,ball_tree,10,1.0,-0.2437989763292959
7,0.45989944936557337,1.0,6,mahalanobis,ball_tree,10,2.0,-0.2437989763292959
7,0.45989944936557337,1.0,6,mahalanobis,ball_tree,20,,-0.2437989763292959
7,0.45989944936557337,1.0,6,mahalanobis,ball_tree,20,1.0,-0.2437989763292959
7,0.45989944936557337,1.0,6,mahalanobis,ball_tree,20,2.0,-0.2437989763292959
7,0.45989944936557337,1.0,6,mahalanobis,ball_tree,30,,-0.2437989763292959
7,0.45989944936557337,1.0,6,mahalanobis,ball_tree,30,1.0,-0.2437989763292959
7,0.45989944936557337,1.0,6,mahalanobis,ball_tree,30,2.0,-0.2437989763292959
7,0.45989944936557337,1.0,6,mahalanobis,ball_tree,40,,-0.2437989763292959
7,0.45989944936557337,1.0,6,mahalanobis,ball_tree,40,1.0,-0.2437989763292959
7,0.45989944936557337,1.0,6,mahalanobis,ball_tree,40,2.0,-0.2437989763292959
7,0.45989944936557337,1.0,6,mahalanobis,ball_tree,50,,-0.2437989763292959
7,0.45989944936557337,1.0,6,mahalanobis,ball_tree,50,1.0,-0.2437989763292959
7,0.45989944936557337,1.0,6,mahalanobis,ball_tree,50,2.0,-0.2437989763292959
7,0.45989944936557337,1.0,6,mahalanobis,kd_tree,10,,-0.2437989763292959
7,0.45989944936557337,1.0,6,mahalanobis,kd_tree,10,1.0,-0.2437989763292959
7,0.45989944936557337,1.0,6,mahalanobis,kd_tree,10,2.0,-0.2437989763292959
7,0.45989944936557337,1.0,6,mahalanobis,kd_tree,20,,-0.2437989763292959
7,0.45989944936557337,1.0,6,mahalanobis,kd_tree,20,1.0,-0.2437989763292959
7,0.45989944936557337,1.0,6,mahalanobis,kd_tree,20,2.0,-0.2437989763292959
7,0.45989944936557337,1.0,6,mahalanobis,kd_tree,30,,-0.2437989763292959
7,0.45989944936557337,1.0,6,mahalanobis,kd_tree,30,1.0,-0.2437989763292959
7,0.45989944936557337,1.0,6,mahalanobis,kd_tree,30,2.0,-0.2437989763292959
7,0.45989944936557337,1.0,6,mahalanobis,kd_tree,40,,-0.2437989763292959
7,0.45989944936557337,1.0,6,mahalanobis,kd_tree,40,1.0,-0.2437989763292959
7,0.45989944936557337,1.0,6,mahalanobis,kd_tree,40,2.0,-0.2437989763292959
7,0.45989944936557337,1.0,6,mahalanobis,kd_tree,50,,-0.2437989763292959
7,0.45989944936557337,1.0,6,mahalanobis,kd_tree,50,1.0,-0.2437989763292959
7,0.45989944936557337,1.0,6,mahalanobis,kd_tree,50,2.0,-0.2437989763292959
7,0.45989944936557337,1.0,6,mahalanobis,brute,10,,-0.2437989763292959
7,0.45989944936557337,1.0,6,mahalanobis,brute,10,1.0,-0.2437989763292959
7,0.45989944936557337,1.0,6,mahalanobis,brute,10,2.0,-0.2437989763292959
7,0.45989944936557337,1.0,6,mahalanobis,brute,20,,-0.2437989763292959
7,0.45989944936557337,1.0,6,mahalanobis,brute,20,1.0,-0.2437989763292959
7,0.45989944936557337,1.0,6,mahalanobis,brute,20,2.0,-0.2437989763292959
7,0.45989944936557337,1.0,6,mahalanobis,brute,30,,-0.2437989763292959
7,0.45989944936557337,1.0,6,mahalanobis,brute,30,1.0,-0.2437989763292959
7,0.45989944936557337,1.0,6,mahalanobis,brute,30,2.0,-0.2437989763292959
7,0.45989944936557337,1.0,6,mahalanobis,brute,40,,-0.2437989763292959
7,0.45989944936557337,1.0,6,mahalanobis,brute,40,1.0,-0.2437989763292959
7,0.45989944936557337,1.0,6,mahalanobis,brute,40,2.0,-0.2437989763292959
7,0.45989944936557337,1.0,6,mahalanobis,brute,50,,-0.2437989763292959
7,0.45989944936557337,1.0,6,mahalanobis,brute,50,1.0,-0.2437989763292959
7,0.45989944936557337,1.0,6,mahalanobis,brute,50,2.0,-0.2437989763292959
3,0.030165190327986594,1.0,7,euclidean,auto,10,,0.20586983294118572
3,0.030165190327986594,1.0,7,euclidean,auto,10,1.0,0.20586983294118572
3,0.030165190327986594,1.0,7,euclidean,auto,10,2.0,0.20586983294118572
3,0.030165190327986594,1.0,7,euclidean,auto,20,,0.20586983294118572
3,0.030165190327986594,1.0,7,euclidean,auto,20,1.0,0.20586983294118572
3,0.030165190327986594,1.0,7,euclidean,auto,20,2.0,0.20586983294118572
3,0.030165190327986594,1.0,7,euclidean,auto,30,,0.20586983294118572
3,0.030165190327986594,1.0,7,euclidean,auto,30,1.0,0.20586983294118572
3,0.030165190327986594,1.0,7,euclidean,auto,30,2.0,0.20586983294118572
3,0.030165190327986594,1.0,7,euclidean,auto,40,,0.20586983294118572
3,0.030165190327986594,1.0,7,euclidean,auto,40,1.0,0.20586983294118572
3,0.030165190327986594,1.0,7,euclidean,auto,40,2.0,0.20586983294118572
3,0.030165190327986594,1.0,7,euclidean,auto,50,,0.20586983294118572
3,0.030165190327986594,1.0,7,euclidean,auto,50,1.0,0.20586983294118572
3,0.030165190327986594,1.0,7,euclidean,auto,50,2.0,0.20586983294118572
3,0.030165190327986594,1.0,7,euclidean,ball_tree,10,,0.20586983294118572
3,0.030165190327986594,1.0,7,euclidean,ball_tree,10,1.0,0.20586983294118572
3,0.030165190327986594,1.0,7,euclidean,ball_tree,10,2.0,0.20586983294118572
3,0.030165190327986594,1.0,7,euclidean,ball_tree,20,,0.20586983294118572
3,0.030165190327986594,1.0,7,euclidean,ball_tree,20,1.0,0.20586983294118572
3,0.030165190327986594,1.0,7,euclidean,ball_tree,20,2.0,0.20586983294118572
3,0.030165190327986594,1.0,7,euclidean,ball_tree,30,,0.20586983294118572
3,0.030165190327986594,1.0,7,euclidean,ball_tree,30,1.0,0.20586983294118572
3,0.030165190327986594,1.0,7,euclidean,ball_tree,30,2.0,0.20586983294118572
3,0.030165190327986594,1.0,7,euclidean,ball_tree,40,,0.20586983294118572
3,0.030165190327986594,1.0,7,euclidean,ball_tree,40,1.0,0.20586983294118572
3,0.030165190327986594,1.0,7,euclidean,ball_tree,40,2.0,0.20586983294118572
3,0.030165190327986594,1.0,7,euclidean,ball_tree,50,,0.20586983294118572
3,0.030165190327986594,1.0,7,euclidean,ball_tree,50,1.0,0.20586983294118572
3,0.030165190327986594,1.0,7,euclidean,ball_tree,50,2.0,0.20586983294118572
3,0.030165190327986594,1.0,7,euclidean,kd_tree,10,,0.20586983294118572
3,0.030165190327986594,1.0,7,euclidean,kd_tree,10,1.0,0.20586983294118572
3,0.030165190327986594,1.0,7,euclidean,kd_tree,10,2.0,0.20586983294118572
3,0.030165190327986594,1.0,7,euclidean,kd_tree,20,,0.20586983294118572
3,0.030165190327986594,1.0,7,euclidean,kd_tree,20,1.0,0.20586983294118572
3,0.030165190327986594,1.0,7,euclidean,kd_tree,20,2.0,0.20586983294118572
3,0.030165190327986594,1.0,7,euclidean,kd_tree,30,,0.20586983294118572
3,0.030165190327986594,1.0,7,euclidean,kd_tree,30,1.0,0.20586983294118572
3,0.030165190327986594,1.0,7,euclidean,kd_tree,30,2.0,0.20586983294118572
3,0.030165190327986594,1.0,7,euclidean,kd_tree,40,,0.20586983294118572
3,0.030165190327986594,1.0,7,euclidean,kd_tree,40,1.0,0.20586983294118572
3,0.030165190327986594,1.0,7,euclidean,kd_tree,40,2.0,0.20586983294118572
3,0.030165190327986594,1.0,7,euclidean,kd_tree,50,,0.20586983294118572
3,0.030165190327986594,1.0,7,euclidean,kd_tree,50,1.0,0.20586983294118572
3,0.030165190327986594,1.0,7,euclidean,kd_tree,50,2.0,0.20586983294118572
3,0.030165190327986594,1.0,7,euclidean,brute,10,,0.20586983294118572
3,0.030165190327986594,1.0,7,euclidean,brute,10,1.0,0.20586983294118572
3,0.030165190327986594,1.0,7,euclidean,brute,10,2.0,0.20586983294118572
3,0.030165190327986594,1.0,7,euclidean,brute,20,,0.20586983294118572
3,0.030165190327986594,1.0,7,euclidean,brute,20,1.0,0.20586983294118572
3,0.030165190327986594,1.0,7,euclidean,brute,20,2.0,0.20586983294118572
3,0.030165190327986594,1.0,7,euclidean,brute,30,,0.20586983294118572
3,0.030165190327986594,1.0,7,euclidean,brute,30,1.0,0.20586983294118572
3,0.030165190327986594,1.0,7,euclidean,brute,30,2.0,0.20586983294118572
3,0.030165190327986594,1.0,7,euclidean,brute,40,,0.20586983294118572
3,0.030165190327986594,1.0,7,euclidean,brute,40,1.0,0.20586983294118572
3,0.030165190327986594,1.0,7,euclidean,brute,40,2.0,0.20586983294118572
3,0.030165190327986594,1.0,7,euclidean,brute,50,,0.20586983294118572
3,0.030165190327986594,1.0,7,euclidean,brute,50,1.0,0.20586983294118572
3,0.030165190327986594,1.0,7,euclidean,brute,50,2.0,0.20586983294118572
6,0.3674886282020589,1.0,7,manhattan,auto,10,,-0.12937293808020434
6,0.3674886282020589,1.0,7,manhattan,auto,10,1.0,-0.12937293808020434
6,0.3674886282020589,1.0,7,manhattan,auto,10,2.0,-0.12937293808020434
6,0.3674886282020589,1.0,7,manhattan,auto,20,,-0.12937293808020434
6,0.3674886282020589,1.0,7,manhattan,auto,20,1.0,-0.12937293808020434
6,0.3674886282020589,1.0,7,manhattan,auto,20,2.0,-0.12937293808020434
6,0.3674886282020589,1.0,7,manhattan,auto,30,,-0.12937293808020434
6,0.3674886282020589,1.0,7,manhattan,auto,30,1.0,-0.12937293808020434
6,0.3674886282020589,1.0,7,manhattan,auto,30,2.0,-0.12937293808020434
6,0.3674886282020589,1.0,7,manhattan,auto,40,,-0.12937293808020434
6,0.3674886282020589,1.0,7,manhattan,auto,40,1.0,-0.12937293808020434
6,0.3674886282020589,1.0,7,manhattan,auto,40,2.0,-0.12937293808020434
6,0.3674886282020589,1.0,7,manhattan,auto,50,,-0.12937293808020434
6,0.3674886282020589,1.0,7,manhattan,auto,50,1.0,-0.12937293808020434
6,0.3674886282020589,1.0,7,manhattan,auto,50,2.0,-0.12937293808020434
6,0.3674886282020589,1.0,7,manhattan,ball_tree,10,,-0.12937293808020434
6,0.3674886282020589,1.0,7,manhattan,ball_tree,10,1.0,-0.12937293808020434
6,0.3674886282020589,1.0,7,manhattan,ball_tree,10,2.0,-0.12937293808020434
6,0.3674886282020589,1.0,7,manhattan,ball_tree,20,,-0.12937293808020434
6,0.3674886282020589,1.0,7,manhattan,ball_tree,20,1.0,-0.12937293808020434
6,0.3674886282020589,1.0,7,manhattan,ball_tree,20,2.0,-0.12937293808020434
6,0.3674886282020589,1.0,7,manhattan,ball_tree,30,,-0.12937293808020434
6,0.3674886282020589,1.0,7,manhattan,ball_tree,30,1.0,-0.12937293808020434
6,0.3674886282020589,1.0,7,manhattan,ball_tree,30,2.0,-0.12937293808020434
6,0.3674886282020589,1.0,7,manhattan,ball_tree,40,,-0.12937293808020434
6,0.3674886282020589,1.0,7,manhattan,ball_tree,40,1.0,-0.12937293808020434
6,0.3674886282020589,1.0,7,manhattan,ball_tree,40,2.0,-0.12937293808020434
6,0.3674886282020589,1.0,7,manhattan,ball_tree,50,,-0.12937293808020434
6,0.3674886282020589,1.0,7,manhattan,ball_tree,50,1.0,-0.12937293808020434
6,0.3674886282020589,1.0,7,manhattan,ball_tree,50,2.0,-0.12937293808020434
6,0.3674886282020589,1.0,7,manhattan,kd_tree,10,,-0.12937293808020434
6,0.3674886282020589,1.0,7,manhattan,kd_tree,10,1.0,-0.12937293808020434
6,0.3674886282020589,1.0,7,manhattan,kd_tree,10,2.0,-0.12937293808020434
6,0.3674886282020589,1.0,7,manhattan,kd_tree,20,,-0.12937293808020434
6,0.3674886282020589,1.0,7,manhattan,kd_tree,20,1.0,-0.12937293808020434
6,0.3674886282020589,1.0,7,manhattan,kd_tree,20,2.0,-0.12937293808020434
6,0.3674886282020589,1.0,7,manhattan,kd_tree,30,,-0.12937293808020434
6,0.3674886282020589,1.0,7,manhattan,kd_tree,30,1.0,-0.12937293808020434
6,0.3674886282020589,1.0,7,manhattan,kd_tree,30,2.0,-0.12937293808020434
6,0.3674886282020589,1.0,7,manhattan,kd_tree,40,,-0.12937293808020434
6,0.3674886282020589,1.0,7,manhattan,kd_tree,40,1.0,-0.12937293808020434
6,0.3674886282020589,1.0,7,manhattan,kd_tree,40,2.0,-0.12937293808020434
6,0.3674886282020589,1.0,7,manhattan,kd_tree,50,,-0.12937293808020434
6,0.3674886282020589,1.0,7,manhattan,kd_tree,50,1.0,-0.12937293808020434
6,0.3674886282020589,1.0,7,manhattan,kd_tree,50,2.0,-0.12937293808020434
6,0.3674886282020589,1.0,7,manhattan,brute,10,,-0.12937293808020434
6,0.3674886282020589,1.0,7,manhattan,brute,10,1.0,-0.12937293808020434
6,0.3674886282020589,1.0,7,manhattan,brute,10,2.0,-0.12937293808020434
6,0.3674886282020589,1.0,7,manhattan,brute,20,,-0.12937293808020434
6,0.3674886282020589,1.0,7,manhattan,brute,20,1.0,-0.12937293808020434
6,0.3674886282020589,1.0,7,manhattan,brute,20,2.0,-0.12937293808020434
6,0.3674886282020589,1.0,7,manhattan,brute,30,,-0.12937293808020434
6,0.3674886282020589,1.0,7,manhattan,brute,30,1.0,-0.12937293808020434
6,0.3674886282020589,1.0,7,manhattan,brute,30,2.0,-0.12937293808020434
6,0.3674886282020589,1.0,7,manhattan,brute,40,,-0.12937293808020434
6,0.3674886282020589,1.0,7,manhattan,brute,40,1.0,-0.12937293808020434
6,0.3674886282020589,1.0,7,manhattan,brute,40,2.0,-0.12937293808020434
6,0.3674886282020589,1.0,7,manhattan,brute,50,,-0.12937293808020434
6,0.3674886282020589,1.0,7,manhattan,brute,50,1.0,-0.12937293808020434
6,0.3674886282020589,1.0,7,manhattan,brute,50,2.0,-0.12937293808020434
7,0.473785013167345,1.0,7,mahalanobis,auto,10,,-0.2282471800970999
7,0.473785013167345,1.0,7,mahalanobis,auto,10,1.0,-0.2282471800970999
7,0.473785013167345,1.0,7,mahalanobis,auto,10,2.0,-0.2282471800970999
7,0.473785013167345,1.0,7,mahalanobis,auto,20,,-0.2282471800970999
7,0.473785013167345,1.0,7,mahalanobis,auto,20,1.0,-0.2282471800970999
7,0.473785013167345,1.0,7,mahalanobis,auto,20,2.0,-0.2282471800970999
7,0.473785013167345,1.0,7,mahalanobis,auto,30,,-0.2282471800970999
7,0.473785013167345,1.0,7,mahalanobis,auto,30,1.0,-0.2282471800970999
7,0.473785013167345,1.0,7,mahalanobis,auto,30,2.0,-0.2282471800970999
7,0.473785013167345,1.0,7,mahalanobis,auto,40,,-0.2282471800970999
7,0.473785013167345,1.0,7,mahalanobis,auto,40,1.0,-0.2282471800970999
7,0.473785013167345,1.0,7,mahalanobis,auto,40,2.0,-0.2282471800970999
7,0.473785013167345,1.0,7,mahalanobis,auto,50,,-0.2282471800970999
7,0.473785013167345,1.0,7,mahalanobis,auto,50,1.0,-0.2282471800970999
7,0.473785013167345,1.0,7,mahalanobis,auto,50,2.0,-0.2282471800970999
7,0.473785013167345,1.0,7,mahalanobis,ball_tree,10,,-0.2282471800970999
7,0.473785013167345,1.0,7,mahalanobis,ball_tree,10,1.0,-0.2282471800970999
7,0.473785013167345,1.0,7,mahalanobis,ball_tree,10,2.0,-0.2282471800970999
7,0.473785013167345,1.0,7,mahalanobis,ball_tree,20,,-0.2282471800970999
7,0.473785013167345,1.0,7,mahalanobis,ball_tree,20,1.0,-0.2282471800970999
7,0.473785013167345,1.0,7,mahalanobis,ball_tree,20,2.0,-0.2282471800970999
7,0.473785013167345,1.0,7,mahalanobis,ball_tree,30,,-0.2282471800970999
7,0.473785013167345,1.0,7,mahalanobis,ball_tree,30,1.0,-0.2282471800970999
7,0.473785013167345,1.0,7,mahalanobis,ball_tree,30,2.0,-0.2282471800970999
7,0.473785013167345,1.0,7,mahalanobis,ball_tree,40,,-0.2282471800970999
7,0.473785013167345,1.0,7,mahalanobis,ball_tree,40,1.0,-0.2282471800970999
7,0.473785013167345,1.0,7,mahalanobis,ball_tree,40,2.0,-0.2282471800970999
7,0.473785013167345,1.0,7,mahalanobis,ball_tree,50,,-0.2282471800970999
7,0.473785013167345,1.0,7,mahalanobis,ball_tree,50,1.0,-0.2282471800970999
7,0.473785013167345,1.0,7,mahalanobis,ball_tree,50,2.0,-0.2282471800970999
7,0.473785013167345,1.0,7,mahalanobis,kd_tree,10,,-0.2282471800970999
7,0.473785013167345,1.0,7,mahalanobis,kd_tree,10,1.0,-0.2282471800970999
7,0.473785013167345,1.0,7,mahalanobis,kd_tree,10,2.0,-0.2282471800970999
7,0.473785013167345,1.0,7,mahalanobis,kd_tree,20,,-0.2282471800970999
7,0.473785013167345,1.0,7,mahalanobis,kd_tree,20,1.0,-0.2282471800970999
7,0.473785013167345,1.0,7,mahalanobis,kd_tree,20,2.0,-0.2282471800970999
7,0.473785013167345,1.0,7,mahalanobis,kd_tree,30,,-0.2282471800970999
7,0.473785013167345,1.0,7,mahalanobis,kd_tree,30,1.0,-0.2282471800970999
7,0.473785013167345,1.0,7,mahalanobis,kd_tree,30,2.0,-0.2282471800970999
7,0.473785013167345,1.0,7,mahalanobis,kd_tree,40,,-0.2282471800970999
7,0.473785013167345,1.0,7,mahalanobis,kd_tree,40,1.0,-0.2282471800970999
7,0.473785013167345,1.0,7,mahalanobis,kd_tree,40,2.0,-0.2282471800970999
7,0.473785013167345,1.0,7,mahalanobis,kd_tree,50,,-0.2282471800970999
7,0.473785013167345,1.0,7,mahalanobis,kd_tree,50,1.0,-0.2282471800970999
7,0.473785013167345,1.0,7,mahalanobis,kd_tree,50,2.0,-0.2282471800970999
7,0.473785013167345,1.0,7,mahalanobis,brute,10,,-0.2282471800970999
7,0.473785013167345,1.0,7,mahalanobis,brute,10,1.0,-0.2282471800970999
7,0.473785013167345,1.0,7,mahalanobis,brute,10,2.0,-0.2282471800970999
7,0.473785013167345,1.0,7,mahalanobis,brute,20,,-0.2282471800970999
7,0.473785013167345,1.0,7,mahalanobis,brute,20,1.0,-0.2282471800970999
7,0.473785013167345,1.0,7,mahalanobis,brute,20,2.0,-0.2282471800970999
7,0.473785013167345,1.0,7,mahalanobis,brute,30,,-0.2282471800970999
7,0.473785013167345,1.0,7,mahalanobis,brute,30,1.0,-0.2282471800970999
7,0.473785013167345,1.0,7,mahalanobis,brute,30,2.0,-0.2282471800970999
7,0.473785013167345,1.0,7,mahalanobis,brute,40,,-0.2282471800970999
7,0.473785013167345,1.0,7,mahalanobis,brute,40,1.0,-0.2282471800970999
7,0.473785013167345,1.0,7,mahalanobis,brute,40,2.0,-0.2282471800970999
7,0.473785013167345,1.0,7,mahalanobis,brute,50,,-0.2282471800970999
7,0.473785013167345,1.0,7,mahalanobis,brute,50,1.0,-0.2282471800970999
7,0.473785013167345,1.0,7,mahalanobis,brute,50,2.0,-0.2282471800970999
3,0.03279865932487431,1.0,8,euclidean,auto,10,,0.20559726481993398
3,0.03279865932487431,1.0,8,euclidean,auto,10,1.0,0.20559726481993398
3,0.03279865932487431,1.0,8,euclidean,auto,10,2.0,0.20559726481993398
3,0.03279865932487431,1.0,8,euclidean,auto,20,,0.20559726481993398
3,0.03279865932487431,1.0,8,euclidean,auto,20,1.0,0.20559726481993398
3,0.03279865932487431,1.0,8,euclidean,auto,20,2.0,0.20559726481993398
3,0.03279865932487431,1.0,8,euclidean,auto,30,,0.20559726481993398
3,0.03279865932487431,1.0,8,euclidean,auto,30,1.0,0.20559726481993398
3,0.03279865932487431,1.0,8,euclidean,auto,30,2.0,0.20559726481993398
3,0.03279865932487431,1.0,8,euclidean,auto,40,,0.20559726481993398
3,0.03279865932487431,1.0,8,euclidean,auto,40,1.0,0.20559726481993398
3,0.03279865932487431,1.0,8,euclidean,auto,40,2.0,0.20559726481993398
3,0.03279865932487431,1.0,8,euclidean,auto,50,,0.20559726481993398
3,0.03279865932487431,1.0,8,euclidean,auto,50,1.0,0.20559726481993398
3,0.03279865932487431,1.0,8,euclidean,auto,50,2.0,0.20559726481993398
3,0.03279865932487431,1.0,8,euclidean,ball_tree,10,,0.20559726481993398
3,0.03279865932487431,1.0,8,euclidean,ball_tree,10,1.0,0.20559726481993398
3,0.03279865932487431,1.0,8,euclidean,ball_tree,10,2.0,0.20559726481993398
3,0.03279865932487431,1.0,8,euclidean,ball_tree,20,,0.20559726481993398
3,0.03279865932487431,1.0,8,euclidean,ball_tree,20,1.0,0.20559726481993398
3,0.03279865932487431,1.0,8,euclidean,ball_tree,20,2.0,0.20559726481993398
3,0.03279865932487431,1.0,8,euclidean,ball_tree,30,,0.20559726481993398
3,0.03279865932487431,1.0,8,euclidean,ball_tree,30,1.0,0.20559726481993398
3,0.03279865932487431,1.0,8,euclidean,ball_tree,30,2.0,0.20559726481993398
3,0.03279865932487431,1.0,8,euclidean,ball_tree,40,,0.20559726481993398
3,0.03279865932487431,1.0,8,euclidean,ball_tree,40,1.0,0.20559726481993398
3,0.03279865932487431,1.0,8,euclidean,ball_tree,40,2.0,0.20559726481993398
3,0.03279865932487431,1.0,8,euclidean,ball_tree,50,,0.20559726481993398
3,0.03279865932487431,1.0,8,euclidean,ball_tree,50,1.0,0.20559726481993398
3,0.03279865932487431,1.0,8,euclidean,ball_tree,50,2.0,0.20559726481993398
3,0.03279865932487431,1.0,8,euclidean,kd_tree,10,,0.20559726481993398
3,0.03279865932487431,1.0,8,euclidean,kd_tree,10,1.0,0.20559726481993398
3,0.03279865932487431,1.0,8,euclidean,kd_tree,10,2.0,0.20559726481993398
3,0.03279865932487431,1.0,8,euclidean,kd_tree,20,,0.20559726481993398
3,0.03279865932487431,1.0,8,euclidean,kd_tree,20,1.0,0.20559726481993398
3,0.03279865932487431,1.0,8,euclidean,kd_tree,20,2.0,0.20559726481993398
3,0.03279865932487431,1.0,8,euclidean,kd_tree,30,,0.20559726481993398
3,0.03279865932487431,1.0,8,euclidean,kd_tree,30,1.0,0.20559726481993398
3,0.03279865932487431,1.0,8,euclidean,kd_tree,30,2.0,0.20559726481993398
3,0.03279865932487431,1.0,8,euclidean,kd_tree,40,,0.20559726481993398
3,0.03279865932487431,1.0,8,euclidean,kd_tree,40,1.0,0.20559726481993398
3,0.03279865932487431,1.0,8,euclidean,kd_tree,40,2.0,0.20559726481993398
3,0.03279865932487431,1.0,8,euclidean,kd_tree,50,,0.20559726481993398
3,0.03279865932487431,1.0,8,euclidean,kd_tree,50,1.0,0.20559726481993398
3,0.03279865932487431,1.0,8,euclidean,kd_tree,50,2.0,0.20559726481993398
3,0.03279865932487431,1.0,8,euclidean,brute,10,,0.20559726481993398
3,0.03279865932487431,1.0,8,euclidean,brute,10,1.0,0.20559726481993398
3,0.03279865932487431,1.0,8,euclidean,brute,10,2.0,0.20559726481993398
3,0.03279865932487431,1.0,8,euclidean,brute,20,,0.20559726481993398
3,0.03279865932487431,1.0,8,euclidean,brute,20,1.0,0.20559726481993398
3,0.03279865932487431,1.0,8,euclidean,brute,20,2.0,0.20559726481993398
3,0.03279865932487431,1.0,8,euclidean,brute,30,,0.20559726481993398
3,0.03279865932487431,1.0,8,euclidean,brute,30,1.0,0.20559726481993398
3,0.03279865932487431,1.0,8,euclidean,brute,30,2.0,0.20559726481993398
3,0.03279865932487431,1.0,8,euclidean,brute,40,,0.20559726481993398
3,0.03279865932487431,1.0,8,euclidean,brute,40,1.0,0.20559726481993398
3,0.03279865932487431,1.0,8,euclidean,brute,40,2.0,0.20559726481993398
3,0.03279865932487431,1.0,8,euclidean,brute,50,,0.20559726481993398
3,0.03279865932487431,1.0,8,euclidean,brute,50,1.0,0.20559726481993398
3,0.03279865932487431,1.0,8,euclidean,brute,50,2.0,0.20559726481993398
5,0.38999281781182665,1.0,8,manhattan,auto,10,,-0.07159105339820496
5,0.38999281781182665,1.0,8,manhattan,auto,10,1.0,-0.07159105339820496
5,0.38999281781182665,1.0,8,manhattan,auto,10,2.0,-0.07159105339820496
5,0.38999281781182665,1.0,8,manhattan,auto,20,,-0.07159105339820496
5,0.38999281781182665,1.0,8,manhattan,auto,20,1.0,-0.07159105339820496
5,0.38999281781182665,1.0,8,manhattan,auto,20,2.0,-0.07159105339820496
5,0.38999281781182665,1.0,8,manhattan,auto,30,,-0.07159105339820496
5,0.38999281781182665,1.0,8,manhattan,auto,30,1.0,-0.07159105339820496
5,0.38999281781182665,1.0,8,manhattan,auto,30,2.0,-0.07159105339820496
5,0.38999281781182665,1.0,8,manhattan,auto,40,,-0.07159105339820496
5,0.38999281781182665,1.0,8,manhattan,auto,40,1.0,-0.07159105339820496
5,0.38999281781182665,1.0,8,manhattan,auto,40,2.0,-0.07159105339820496
5,0.38999281781182665,1.0,8,manhattan,auto,50,,-0.07159105339820496
5,0.38999281781182665,1.0,8,manhattan,auto,50,1.0,-0.07159105339820496
5,0.38999281781182665,1.0,8,manhattan,auto,50,2.0,-0.07159105339820496
5,0.38999281781182665,1.0,8,manhattan,ball_tree,10,,-0.07159105339820496
5,0.38999281781182665,1.0,8,manhattan,ball_tree,10,1.0,-0.07159105339820496
5,0.38999281781182665,1.0,8,manhattan,ball_tree,10,2.0,-0.07159105339820496
5,0.38999281781182665,1.0,8,manhattan,ball_tree,20,,-0.07159105339820496
5,0.38999281781182665,1.0,8,manhattan,ball_tree,20,1.0,-0.07159105339820496
5,0.38999281781182665,1.0,8,manhattan,ball_tree,20,2.0,-0.07159105339820496
5,0.38999281781182665,1.0,8,manhattan,ball_tree,30,,-0.07159105339820496
5,0.38999281781182665,1.0,8,manhattan,ball_tree,30,1.0,-0.07159105339820496
5,0.38999281781182665,1.0,8,manhattan,ball_tree,30,2.0,-0.07159105339820496
5,0.38999281781182665,1.0,8,manhattan,ball_tree,40,,-0.07159105339820496
5,0.38999281781182665,1.0,8,manhattan,ball_tree,40,1.0,-0.07159105339820496
5,0.38999281781182665,1.0,8,manhattan,ball_tree,40,2.0,-0.07159105339820496
5,0.38999281781182665,1.0,8,manhattan,ball_tree,50,,-0.07159105339820496
5,0.38999281781182665,1.0,8,manhattan,ball_tree,50,1.0,-0.07159105339820496
5,0.38999281781182665,1.0,8,manhattan,ball_tree,50,2.0,-0.07159105339820496
5,0.38999281781182665,1.0,8,manhattan,kd_tree,10,,-0.07159105339820496
5,0.38999281781182665,1.0,8,manhattan,kd_tree,10,1.0,-0.07159105339820496
5,0.38999281781182665,1.0,8,manhattan,kd_tree,10,2.0,-0.07159105339820496
5,0.38999281781182665,1.0,8,manhattan,kd_tree,20,,-0.07159105339820496
5,0.38999281781182665,1.0,8,manhattan,kd_tree,20,1.0,-0.07159105339820496
5,0.38999281781182665,1.0,8,manhattan,kd_tree,20,2.0,-0.07159105339820496
5,0.38999281781182665,1.0,8,manhattan,kd_tree,30,,-0.07159105339820496
5,0.38999281781182665,1.0,8,manhattan,kd_tree,30,1.0,-0.07159105339820496
5,0.38999281781182665,1.0,8,manhattan,kd_tree,30,2.0,-0.07159105339820496
5,0.38999281781182665,1.0,8,manhattan,kd_tree,40,,-0.07159105339820496
5,0.38999281781182665,1.0,8,manhattan,kd_tree,40,1.0,-0.07159105339820496
5,0.38999281781182665,1.0,8,manhattan,kd_tree,40,2.0,-0.07159105339820496
5,0.38999281781182665,1.0,8,manhattan,kd_tree,50,,-0.07159105339820496
5,0.38999281781182665,1.0,8,manhattan,kd_tree,50,1.0,-0.07159105339820496
5,0.38999281781182665,1.0,8,manhattan,kd_tree,50,2.0,-0.07159105339820496
5,0.38999281781182665,1.0,8,manhattan,brute,10,,-0.07159105339820496
5,0.38999281781182665,1.0,8,manhattan,brute,10,1.0,-0.07159105339820496
5,0.38999281781182665,1.0,8,manhattan,brute,10,2.0,-0.07159105339820496
5,0.38999281781182665,1.0,8,manhattan,brute,20,,-0.07159105339820496
5,0.38999281781182665,1.0,8,manhattan,brute,20,1.0,-0.07159105339820496
5,0.38999281781182665,1.0,8,manhattan,brute,20,2.0,-0.07159105339820496
5,0.38999281781182665,1.0,8,manhattan,brute,30,,-0.07159105339820496
5,0.38999281781182665,1.0,8,manhattan,brute,30,1.0,-0.07159105339820496
5,0.38999281781182665,1.0,8,manhattan,brute,30,2.0,-0.07159105339820496
5,0.38999281781182665,1.0,8,manhattan,brute,40,,-0.07159105339820496
5,0.38999281781182665,1.0,8,manhattan,brute,40,1.0,-0.07159105339820496
5,0.38999281781182665,1.0,8,manhattan,brute,40,2.0,-0.07159105339820496
5,0.38999281781182665,1.0,8,manhattan,brute,50,,-0.07159105339820496
5,0.38999281781182665,1.0,8,manhattan,brute,50,1.0,-0.07159105339820496
5,0.38999281781182665,1.0,8,manhattan,brute,50,2.0,-0.07159105339820496
6,0.4924587024180033,1.0,8,mahalanobis,auto,10,,-0.1926025600425312
6,0.4924587024180033,1.0,8,mahalanobis,auto,10,1.0,-0.1926025600425312
6,0.4924587024180033,1.0,8,mahalanobis,auto,10,2.0,-0.1926025600425312
6,0.4924587024180033,1.0,8,mahalanobis,auto,20,,-0.1926025600425312
6,0.4924587024180033,1.0,8,mahalanobis,auto,20,1.0,-0.1926025600425312
6,0.4924587024180033,1.0,8,mahalanobis,auto,20,2.0,-0.1926025600425312
6,0.4924587024180033,1.0,8,mahalanobis,auto,30,,-0.1926025600425312
6,0.4924587024180033,1.0,8,mahalanobis,auto,30,1.0,-0.1926025600425312
6,0.4924587024180033,1.0,8,mahalanobis,auto,30,2.0,-0.1926025600425312
6,0.4924587024180033,1.0,8,mahalanobis,auto,40,,-0.1926025600425312
6,0.4924587024180033,1.0,8,mahalanobis,auto,40,1.0,-0.1926025600425312
6,0.4924587024180033,1.0,8,mahalanobis,auto,40,2.0,-0.1926025600425312
6,0.4924587024180033,1.0,8,mahalanobis,auto,50,,-0.1926025600425312
6,0.4924587024180033,1.0,8,mahalanobis,auto,50,1.0,-0.1926025600425312
6,0.4924587024180033,1.0,8,mahalanobis,auto,50,2.0,-0.1926025600425312
6,0.4924587024180033,1.0,8,mahalanobis,ball_tree,10,,-0.1926025600425312
6,0.4924587024180033,1.0,8,mahalanobis,ball_tree,10,1.0,-0.1926025600425312
6,0.4924587024180033,1.0,8,mahalanobis,ball_tree,10,2.0,-0.1926025600425312
6,0.4924587024180033,1.0,8,mahalanobis,ball_tree,20,,-0.1926025600425312
6,0.4924587024180033,1.0,8,mahalanobis,ball_tree,20,1.0,-0.1926025600425312
6,0.4924587024180033,1.0,8,mahalanobis,ball_tree,20,2.0,-0.1926025600425312
6,0.4924587024180033,1.0,8,mahalanobis,ball_tree,30,,-0.1926025600425312
6,0.4924587024180033,1.0,8,mahalanobis,ball_tree,30,1.0,-0.1926025600425312
6,0.4924587024180033,1.0,8,mahalanobis,ball_tree,30,2.0,-0.1926025600425312
6,0.4924587024180033,1.0,8,mahalanobis,ball_tree,40,,-0.1926025600425312
6,0.4924587024180033,1.0,8,mahalanobis,ball_tree,40,1.0,-0.1926025600425312
6,0.4924587024180033,1.0,8,mahalanobis,ball_tree,40,2.0,-0.1926025600425312
6,0.4924587024180033,1.0,8,mahalanobis,ball_tree,50,,-0.1926025600425312
6,0.4924587024180033,1.0,8,mahalanobis,ball_tree,50,1.0,-0.1926025600425312
6,0.4924587024180033,1.0,8,mahalanobis,ball_tree,50,2.0,-0.1926025600425312
6,0.4924587024180033,1.0,8,mahalanobis,kd_tree,10,,-0.1926025600425312
6,0.4924587024180033,1.0,8,mahalanobis,kd_tree,10,1.0,-0.1926025600425312
6,0.4924587024180033,1.0,8,mahalanobis,kd_tree,10,2.0,-0.1926025600425312
6,0.4924587024180033,1.0,8,mahalanobis,kd_tree,20,,-0.1926025600425312
6,0.4924587024180033,1.0,8,mahalanobis,kd_tree,20,1.0,-0.1926025600425312
6,0.4924587024180033,1.0,8,mahalanobis,kd_tree,20,2.0,-0.1926025600425312
6,0.4924587024180033,1.0,8,mahalanobis,kd_tree,30,,-0.1926025600425312
6,0.4924587024180033,1.0,8,mahalanobis,kd_tree,30,1.0,-0.1926025600425312
6,0.4924587024180033,1.0,8,mahalanobis,kd_tree,30,2.0,-0.1926025600425312
6,0.4924587024180033,1.0,8,mahalanobis,kd_tree,40,,-0.1926025600425312
6,0.4924587024180033,1.0,8,mahalanobis,kd_tree,40,1.0,-0.1926025600425312
6,0.4924587024180033,1.0,8,mahalanobis,kd_tree,40,2.0,-0.1926025600425312
6,0.4924587024180033,1.0,8,mahalanobis,kd_tree,50,,-0.1926025600425312
6,0.4924587024180033,1.0,8,mahalanobis,kd_tree,50,1.0,-0.1926025600425312
6,0.4924587024180033,1.0,8,mahalanobis,kd_tree,50,2.0,-0.1926025600425312
6,0.4924587024180033,1.0,8,mahalanobis,brute,10,,-0.1926025600425312
6,0.4924587024180033,1.0,8,mahalanobis,brute,10,1.0,-0.1926025600425312
6,0.4924587024180033,1.0,8,mahalanobis,brute,10,2.0,-0.1926025600425312
6,0.4924587024180033,1.0,8,mahalanobis,brute,20,,-0.1926025600425312
6,0.4924587024180033,1.0,8,mahalanobis,brute,20,1.0,-0.1926025600425312
6,0.4924587024180033,1.0,8,mahalanobis,brute,20,2.0,-0.1926025600425312
6,0.4924587024180033,1.0,8,mahalanobis,brute,30,,-0.1926025600425312
6,0.4924587024180033,1.0,8,mahalanobis,brute,30,1.0,-0.1926025600425312
6,0.4924587024180033,1.0,8,mahalanobis,brute,30,2.0,-0.1926025600425312
6,0.4924587024180033,1.0,8,mahalanobis,brute,40,,-0.1926025600425312
6,0.4924587024180033,1.0,8,mahalanobis,brute,40,1.0,-0.1926025600425312
6,0.4924587024180033,1.0,8,mahalanobis,brute,40,2.0,-0.1926025600425312
6,0.4924587024180033,1.0,8,mahalanobis,brute,50,,-0.1926025600425312
6,0.4924587024180033,1.0,8,mahalanobis,brute,50,1.0,-0.1926025600425312
6,0.4924587024180033,1.0,8,mahalanobis,brute,50,2.0,-0.1926025600425312
3,0.034953315776873356,1.0,9,euclidean,auto,10,,0.2058215116246613
3,0.034953315776873356,1.0,9,euclidean,auto,10,1.0,0.2058215116246613
3,0.034953315776873356,1.0,9,euclidean,auto,10,2.0,0.2058215116246613
3,0.034953315776873356,1.0,9,euclidean,auto,20,,0.2058215116246613
3,0.034953315776873356,1.0,9,euclidean,auto,20,1.0,0.2058215116246613
3,0.034953315776873356,1.0,9,euclidean,auto,20,2.0,0.2058215116246613
3,0.034953315776873356,1.0,9,euclidean,auto,30,,0.2058215116246613
3,0.034953315776873356,1.0,9,euclidean,auto,30,1.0,0.2058215116246613
3,0.034953315776873356,1.0,9,euclidean,auto,30,2.0,0.2058215116246613
3,0.034953315776873356,1.0,9,euclidean,auto,40,,0.2058215116246613
3,0.034953315776873356,1.0,9,euclidean,auto,40,1.0,0.2058215116246613
3,0.034953315776873356,1.0,9,euclidean,auto,40,2.0,0.2058215116246613
3,0.034953315776873356,1.0,9,euclidean,auto,50,,0.2058215116246613
3,0.034953315776873356,1.0,9,euclidean,auto,50,1.0,0.2058215116246613
3,0.034953315776873356,1.0,9,euclidean,auto,50,2.0,0.2058215116246613
3,0.034953315776873356,1.0,9,euclidean,ball_tree,10,,0.2058215116246613
3,0.034953315776873356,1.0,9,euclidean,ball_tree,10,1.0,0.2058215116246613
3,0.034953315776873356,1.0,9,euclidean,ball_tree,10,2.0,0.2058215116246613
3,0.034953315776873356,1.0,9,euclidean,ball_tree,20,,0.2058215116246613
3,0.034953315776873356,1.0,9,euclidean,ball_tree,20,1.0,0.2058215116246613
3,0.034953315776873356,1.0,9,euclidean,ball_tree,20,2.0,0.2058215116246613
3,0.034953315776873356,1.0,9,euclidean,ball_tree,30,,0.2058215116246613
3,0.034953315776873356,1.0,9,euclidean,ball_tree,30,1.0,0.2058215116246613
3,0.034953315776873356,1.0,9,euclidean,ball_tree,30,2.0,0.2058215116246613
3,0.034953315776873356,1.0,9,euclidean,ball_tree,40,,0.2058215116246613
3,0.034953315776873356,1.0,9,euclidean,ball_tree,40,1.0,0.2058215116246613
3,0.034953315776873356,1.0,9,euclidean,ball_tree,40,2.0,0.2058215116246613
3,0.034953315776873356,1.0,9,euclidean,ball_tree,50,,0.2058215116246613
3,0.034953315776873356,1.0,9,euclidean,ball_tree,50,1.0,0.2058215116246613
3,0.034953315776873356,1.0,9,euclidean,ball_tree,50,2.0,0.2058215116246613
3,0.034953315776873356,1.0,9,euclidean,kd_tree,10,,0.2058215116246613
3,0.034953315776873356,1.0,9,euclidean,kd_tree,10,1.0,0.2058215116246613
3,0.034953315776873356,1.0,9,euclidean,kd_tree,10,2.0,0.2058215116246613
3,0.034953315776873356,1.0,9,euclidean,kd_tree,20,,0.2058215116246613
3,0.034953315776873356,1.0,9,euclidean,kd_tree,20,1.0,0.2058215116246613
3,0.034953315776873356,1.0,9,euclidean,kd_tree,20,2.0,0.2058215116246613
3,0.034953315776873356,1.0,9,euclidean,kd_tree,30,,0.2058215116246613
3,0.034953315776873356,1.0,9,euclidean,kd_tree,30,1.0,0.2058215116246613
3,0.034953315776873356,1.0,9,euclidean,kd_tree,30,2.0,0.2058215116246613
3,0.034953315776873356,1.0,9,euclidean,kd_tree,40,,0.2058215116246613
3,0.034953315776873356,1.0,9,euclidean,kd_tree,40,1.0,0.2058215116246613
3,0.034953315776873356,1.0,9,euclidean,kd_tree,40,2.0,0.2058215116246613
3,0.034953315776873356,1.0,9,euclidean,kd_tree,50,,0.2058215116246613
3,0.034953315776873356,1.0,9,euclidean,kd_tree,50,1.0,0.2058215116246613
3,0.034953315776873356,1.0,9,euclidean,kd_tree,50,2.0,0.2058215116246613
3,0.034953315776873356,1.0,9,euclidean,brute,10,,0.2058215116246613
3,0.034953315776873356,1.0,9,euclidean,brute,10,1.0,0.2058215116246613
3,0.034953315776873356,1.0,9,euclidean,brute,10,2.0,0.2058215116246613
3,0.034953315776873356,1.0,9,euclidean,brute,20,,0.2058215116246613
3,0.034953315776873356,1.0,9,euclidean,brute,20,1.0,0.2058215116246613
3,0.034953315776873356,1.0,9,euclidean,brute,20,2.0,0.2058215116246613
3,0.034953315776873356,1.0,9,euclidean,brute,30,,0.2058215116246613
3,0.034953315776873356,1.0,9,euclidean,brute,30,1.0,0.2058215116246613
3,0.034953315776873356,1.0,9,euclidean,brute,30,2.0,0.2058215116246613
3,0.034953315776873356,1.0,9,euclidean,brute,40,,0.2058215116246613
3,0.034953315776873356,1.0,9,euclidean,brute,40,1.0,0.2058215116246613
3,0.034953315776873356,1.0,9,euclidean,brute,40,2.0,0.2058215116246613
3,0.034953315776873356,1.0,9,euclidean,brute,50,,0.2058215116246613
3,0.034953315776873356,1.0,9,euclidean,brute,50,1.0,0.2058215116246613
3,0.034953315776873356,1.0,9,euclidean,brute,50,2.0,0.2058215116246613
6,0.4074694757002634,1.0,9,manhattan,auto,10,,-0.12970374144971272
6,0.4074694757002634,1.0,9,manhattan,auto,10,1.0,-0.12970374144971272
6,0.4074694757002634,1.0,9,manhattan,auto,10,2.0,-0.12970374144971272
6,0.4074694757002634,1.0,9,manhattan,auto,20,,-0.12970374144971272
6,0.4074694757002634,1.0,9,manhattan,auto,20,1.0,-0.12970374144971272
6,0.4074694757002634,1.0,9,manhattan,auto,20,2.0,-0.12970374144971272
6,0.4074694757002634,1.0,9,manhattan,auto,30,,-0.12970374144971272
6,0.4074694757002634,1.0,9,manhattan,auto,30,1.0,-0.12970374144971272
6,0.4074694757002634,1.0,9,manhattan,auto,30,2.0,-0.12970374144971272
6,0.4074694757002634,1.0,9,manhattan,auto,40,,-0.12970374144971272
6,0.4074694757002634,1.0,9,manhattan,auto,40,1.0,-0.12970374144971272
6,0.4074694757002634,1.0,9,manhattan,auto,40,2.0,-0.12970374144971272
6,0.4074694757002634,1.0,9,manhattan,auto,50,,-0.12970374144971272
6,0.4074694757002634,1.0,9,manhattan,auto,50,1.0,-0.12970374144971272
6,0.4074694757002634,1.0,9,manhattan,auto,50,2.0,-0.12970374144971272
6,0.4074694757002634,1.0,9,manhattan,ball_tree,10,,-0.12970374144971272
6,0.4074694757002634,1.0,9,manhattan,ball_tree,10,1.0,-0.12970374144971272
6,0.4074694757002634,1.0,9,manhattan,ball_tree,10,2.0,-0.12970374144971272
6,0.4074694757002634,1.0,9,manhattan,ball_tree,20,,-0.12970374144971272
6,0.4074694757002634,1.0,9,manhattan,ball_tree,20,1.0,-0.12970374144971272
6,0.4074694757002634,1.0,9,manhattan,ball_tree,20,2.0,-0.12970374144971272
6,0.4074694757002634,1.0,9,manhattan,ball_tree,30,,-0.12970374144971272
6,0.4074694757002634,1.0,9,manhattan,ball_tree,30,1.0,-0.12970374144971272
6,0.4074694757002634,1.0,9,manhattan,ball_tree,30,2.0,-0.12970374144971272
6,0.4074694757002634,1.0,9,manhattan,ball_tree,40,,-0.12970374144971272
6,0.4074694757002634,1.0,9,manhattan,ball_tree,40,1.0,-0.12970374144971272
6,0.4074694757002634,1.0,9,manhattan,ball_tree,40,2.0,-0.12970374144971272
6,0.4074694757002634,1.0,9,manhattan,ball_tree,50,,-0.12970374144971272
6,0.4074694757002634,1.0,9,manhattan,ball_tree,50,1.0,-0.12970374144971272
6,0.4074694757002634,1.0,9,manhattan,ball_tree,50,2.0,-0.12970374144971272
6,0.4074694757002634,1.0,9,manhattan,kd_tree,10,,-0.12970374144971272
6,0.4074694757002634,1.0,9,manhattan,kd_tree,10,1.0,-0.12970374144971272
6,0.4074694757002634,1.0,9,manhattan,kd_tree,10,2.0,-0.12970374144971272
6,0.4074694757002634,1.0,9,manhattan,kd_tree,20,,-0.12970374144971272
6,0.4074694757002634,1.0,9,manhattan,kd_tree,20,1.0,-0.12970374144971272
6,0.4074694757002634,1.0,9,manhattan,kd_tree,20,2.0,-0.12970374144971272
6,0.4074694757002634,1.0,9,manhattan,kd_tree,30,,-0.12970374144971272
6,0.4074694757002634,1.0,9,manhattan,kd_tree,30,1.0,-0.12970374144971272
6,0.4074694757002634,1.0,9,manhattan,kd_tree,30,2.0,-0.12970374144971272
6,0.4074694757002634,1.0,9,manhattan,kd_tree,40,,-0.12970374144971272
6,0.4074694757002634,1.0,9,manhattan,kd_tree,40,1.0,-0.12970374144971272
6,0.4074694757002634,1.0,9,manhattan,kd_tree,40,2.0,-0.12970374144971272
6,0.4074694757002634,1.0,9,manhattan,kd_tree,50,,-0.12970374144971272
6,0.4074694757002634,1.0,9,manhattan,kd_tree,50,1.0,-0.12970374144971272
6,0.4074694757002634,1.0,9,manhattan,kd_tree,50,2.0,-0.12970374144971272
6,0.4074694757002634,1.0,9,manhattan,brute,10,,-0.12970374144971272
6,0.4074694757002634,1.0,9,manhattan,brute,10,1.0,-0.12970374144971272
6,0.4074694757002634,1.0,9,manhattan,brute,10,2.0,-0.12970374144971272
6,0.4074694757002634,1.0,9,manhattan,brute,20,,-0.12970374144971272
6,0.4074694757002634,1.0,9,manhattan,brute,20,1.0,-0.12970374144971272
6,0.4074694757002634,1.0,9,manhattan,brute,20,2.0,-0.12970374144971272
6,0.4074694757002634,1.0,9,manhattan,brute,30,,-0.12970374144971272
6,0.4074694757002634,1.0,9,manhattan,brute,30,1.0,-0.12970374144971272
6,0.4074694757002634,1.0,9,manhattan,brute,30,2.0,-0.12970374144971272
6,0.4074694757002634,1.0,9,manhattan,brute,40,,-0.12970374144971272
6,0.4074694757002634,1.0,9,manhattan,brute,40,1.0,-0.12970374144971272
6,0.4074694757002634,1.0,9,manhattan,brute,40,2.0,-0.12970374144971272
6,0.4074694757002634,1.0,9,manhattan,brute,50,,-0.12970374144971272
6,0.4074694757002634,1.0,9,manhattan,brute,50,1.0,-0.12970374144971272
6,0.4074694757002634,1.0,9,manhattan,brute,50,2.0,-0.12970374144971272
5,0.5075412975819966,1.0,9,mahalanobis,auto,10,,-0.026763834409293672
5,0.5075412975819966,1.0,9,mahalanobis,auto,10,1.0,-0.026763834409293672
5,0.5075412975819966,1.0,9,mahalanobis,auto,10,2.0,-0.026763834409293672
5,0.5075412975819966,1.0,9,mahalanobis,auto,20,,-0.026763834409293672
5,0.5075412975819966,1.0,9,mahalanobis,auto,20,1.0,-0.026763834409293672
5,0.5075412975819966,1.0,9,mahalanobis,auto,20,2.0,-0.026763834409293672
5,0.5075412975819966,1.0,9,mahalanobis,auto,30,,-0.026763834409293672
5,0.5075412975819966,1.0,9,mahalanobis,auto,30,1.0,-0.026763834409293672
5,0.5075412975819966,1.0,9,mahalanobis,auto,30,2.0,-0.026763834409293672
5,0.5075412975819966,1.0,9,mahalanobis,auto,40,,-0.026763834409293672
5,0.5075412975819966,1.0,9,mahalanobis,auto,40,1.0,-0.026763834409293672
5,0.5075412975819966,1.0,9,mahalanobis,auto,40,2.0,-0.026763834409293672
5,0.5075412975819966,1.0,9,mahalanobis,auto,50,,-0.026763834409293672
5,0.5075412975819966,1.0,9,mahalanobis,auto,50,1.0,-0.026763834409293672
5,0.5075412975819966,1.0,9,mahalanobis,auto,50,2.0,-0.026763834409293672
5,0.5075412975819966,1.0,9,mahalanobis,ball_tree,10,,-0.026763834409293672
5,0.5075412975819966,1.0,9,mahalanobis,ball_tree,10,1.0,-0.026763834409293672
5,0.5075412975819966,1.0,9,mahalanobis,ball_tree,10,2.0,-0.026763834409293672
5,0.5075412975819966,1.0,9,mahalanobis,ball_tree,20,,-0.026763834409293672
5,0.5075412975819966,1.0,9,mahalanobis,ball_tree,20,1.0,-0.026763834409293672
5,0.5075412975819966,1.0,9,mahalanobis,ball_tree,20,2.0,-0.026763834409293672
5,0.5075412975819966,1.0,9,mahalanobis,ball_tree,30,,-0.026763834409293672
5,0.5075412975819966,1.0,9,mahalanobis,ball_tree,30,1.0,-0.026763834409293672
5,0.5075412975819966,1.0,9,mahalanobis,ball_tree,30,2.0,-0.026763834409293672
5,0.5075412975819966,1.0,9,mahalanobis,ball_tree,40,,-0.026763834409293672
5,0.5075412975819966,1.0,9,mahalanobis,ball_tree,40,1.0,-0.026763834409293672
5,0.5075412975819966,1.0,9,mahalanobis,ball_tree,40,2.0,-0.026763834409293672
5,0.5075412975819966,1.0,9,mahalanobis,ball_tree,50,,-0.026763834409293672
5,0.5075412975819966,1.0,9,mahalanobis,ball_tree,50,1.0,-0.026763834409293672
5,0.5075412975819966,1.0,9,mahalanobis,ball_tree,50,2.0,-0.026763834409293672
5,0.5075412975819966,1.0,9,mahalanobis,kd_tree,10,,-0.026763834409293672
5,0.5075412975819966,1.0,9,mahalanobis,kd_tree,10,1.0,-0.026763834409293672
5,0.5075412975819966,1.0,9,mahalanobis,kd_tree,10,2.0,-0.026763834409293672
5,0.5075412975819966,1.0,9,mahalanobis,kd_tree,20,,-0.026763834409293672
5,0.5075412975819966,1.0,9,mahalanobis,kd_tree,20,1.0,-0.026763834409293672
5,0.5075412975819966,1.0,9,mahalanobis,kd_tree,20,2.0,-0.026763834409293672
5,0.5075412975819966,1.0,9,mahalanobis,kd_tree,30,,-0.026763834409293672
5,0.5075412975819966,1.0,9,mahalanobis,kd_tree,30,1.0,-0.026763834409293672
5,0.5075412975819966,1.0,9,mahalanobis,kd_tree,30,2.0,-0.026763834409293672
5,0.5075412975819966,1.0,9,mahalanobis,kd_tree,40,,-0.026763834409293672
5,0.5075412975819966,1.0,9,mahalanobis,kd_tree,40,1.0,-0.026763834409293672
5,0.5075412975819966,1.0,9,mahalanobis,kd_tree,40,2.0,-0.026763834409293672
5,0.5075412975819966,1.0,9,mahalanobis,kd_tree,50,,-0.026763834409293672
5,0.5075412975819966,1.0,9,mahalanobis,kd_tree,50,1.0,-0.026763834409293672
5,0.5075412975819966,1.0,9,mahalanobis,kd_tree,50,2.0,-0.026763834409293672
5,0.5075412975819966,1.0,9,mahalanobis,brute,10,,-0.026763834409293672
5,0.5075412975819966,1.0,9,mahalanobis,brute,10,1.0,-0.026763834409293672
5,0.5075412975819966,1.0,9,mahalanobis,brute,10,2.0,-0.026763834409293672
5,0.5075412975819966,1.0,9,mahalanobis,brute,20,,-0.026763834409293672
5,0.5075412975819966,1.0,9,mahalanobis,brute,20,1.0,-0.026763834409293672
5,0.5075412975819966,1.0,9,mahalanobis,brute,20,2.0,-0.026763834409293672
5,0.5075412975819966,1.0,9,mahalanobis,brute,30,,-0.026763834409293672
5,0.5075412975819966,1.0,9,mahalanobis,brute,30,1.0,-0.026763834409293672
5,0.5075412975819966,1.0,9,mahalanobis,brute,30,2.0,-0.026763834409293672
5,0.5075412975819966,1.0,9,mahalanobis,brute,40,,-0.026763834409293672
5,0.5075412975819966,1.0,9,mahalanobis,brute,40,1.0,-0.026763834409293672
5,0.5075412975819966,1.0,9,mahalanobis,brute,40,2.0,-0.026763834409293672
5,0.5075412975819966,1.0,9,mahalanobis,brute,50,,-0.026763834409293672
5,0.5075412975819966,1.0,9,mahalanobis,brute,50,1.0,-0.026763834409293672
5,0.5075412975819966,1.0,9,mahalanobis,brute,50,2.0,-0.026763834409293672
