Sex,Length,Diameter,Height,Whole_weight,Shucked_weight,Viscera_weight,Shell_weight,target,cluster,distance
2.0,0.455,0.365,0.095,0.514,0.2245,0.101,0.15,15,0,5.014199175240116
2.0,0.35,0.265,0.09,0.2255,0.0995,0.0485,0.07,7,0,3.169281648235994
2.0,0.44,0.365,0.125,0.516,0.2155,0.114,0.155,10,0,0.5998965352422542
2.0,0.475,0.37,0.125,0.5095,0.2165,0.1125,0.165,9,0,1.1823512375509446
2.0,0.43,0.35,0.11,0.406,0.1675,0.081,0.135,10,0,0.72591974540471
2.0,0.49,0.38,0.135,0.5415,0.2175,0.095,0.19,11,0,1.1281940981806102
2.0,0.5,0.4,0.13,0.6645,0.258,0.133,0.24,12,0,2.022833206119527
2.0,0.365,0.295,0.08,0.2555,0.097,0.043,0.1,7,0,3.158180693528001
2.0,0.45,0.32,0.1,0.381,0.1705,0.075,0.115,9,0,1.2690534601566636
2.0,0.355,0.28,0.095,0.2455,0.0955,0.062,0.075,11,0,1.351400570297566
2.0,0.59,0.445,0.14,0.931,0.356,0.234,0.28,12,0,1.982264355583076
2.0,0.605,0.475,0.18,0.9365,0.394,0.219,0.295,15,0,4.979243915502703
2.0,0.575,0.425,0.14,0.8635,0.393,0.227,0.2,11,0,0.995193590084704
2.0,0.58,0.47,0.165,0.9975,0.3935,0.242,0.33,10,0,0.0835275620887911
2.0,0.665,0.525,0.165,1.338,0.5515,0.3575,0.35,18,0,7.987575817496853
2.0,0.465,0.355,0.105,0.4795,0.227,0.124,0.125,8,0,2.1173260046103937
2.0,0.355,0.29,0.09,0.3275,0.134,0.086,0.09,9,0,1.3239030960316291
2.0,0.47,0.37,0.12,0.5795,0.293,0.227,0.14,9,0,1.1392215363141072
2.0,0.4,0.32,0.095,0.303,0.1335,0.06,0.1,7,0,3.1385951183265
2.0,0.485,0.36,0.13,0.5415,0.2595,0.096,0.16,10,0,0.5562013616101407
2.0,0.405,0.31,0.1,0.385,0.173,0.0915,0.11,7,0,3.1153052689726786
2.0,0.445,0.35,0.12,0.4425,0.192,0.0955,0.135,8,0,2.132855074454225
2.0,0.47,0.385,0.135,0.5895,0.2765,0.12,0.17,8,0,2.0829019303740965
2.0,0.45,0.345,0.105,0.4115,0.18,0.1125,0.135,7,0,3.1036037198943296
2.0,0.505,0.405,0.11,0.625,0.305,0.16,0.175,9,0,1.114316551655955
2.0,0.425,0.325,0.095,0.3785,0.1705,0.08,0.1,7,0,3.1162947309929243
2.0,0.52,0.4,0.12,0.58,0.234,0.1315,0.185,8,0,2.0852464597543494
2.0,0.475,0.355,0.12,0.48,0.234,0.1015,0.135,8,0,2.1161036051539948
2.0,0.555,0.425,0.13,0.7665,0.264,0.168,0.275,13,0,2.9950654213454544
2.0,0.57,0.48,0.175,1.185,0.474,0.261,0.38,11,0,0.9995263495209308
2.0,0.595,0.475,0.14,0.944,0.3625,0.189,0.315,9,0,1.0295155888455387
2.0,0.58,0.45,0.14,1.013,0.38,0.216,0.36,14,0,3.979578833117851
2.0,0.625,0.465,0.14,1.195,0.4825,0.205,0.4,13,0,2.986635477986482
2.0,0.56,0.44,0.16,0.8645,0.3305,0.2075,0.26,10,0,0.1962919560911992
2.0,0.565,0.425,0.135,0.8115,0.341,0.1675,0.255,15,0,4.983979694134107
2.0,0.555,0.44,0.15,0.755,0.307,0.1525,0.26,12,0,2.0016965747971622
2.0,0.595,0.465,0.175,1.115,0.4015,0.254,0.39,13,0,2.9825358023932105
2.0,0.695,0.56,0.19,1.494,0.588,0.3425,0.485,15,0,5.011265998138589
2.0,0.665,0.535,0.195,1.606,0.5755,0.388,0.48,14,0,4.034148900176439
2.0,0.535,0.435,0.15,0.725,0.269,0.1385,0.25,9,0,1.082152868542354
2.0,0.47,0.375,0.13,0.523,0.214,0.132,0.145,8,0,2.1048999520792613
2.0,0.47,0.37,0.13,0.5225,0.201,0.133,0.165,7,0,3.0784181452633823
2.0,0.55,0.435,0.145,0.843,0.328,0.1915,0.255,15,0,4.982895164022726
2.0,0.53,0.435,0.16,0.883,0.316,0.164,0.335,15,0,4.9826129294101
2.0,0.53,0.415,0.14,0.724,0.3105,0.1675,0.205,10,0,0.3423679590294404
2.0,0.605,0.47,0.16,1.1735,0.4975,0.2405,0.345,12,0,1.986481718631908
2.0,0.495,0.395,0.125,0.5415,0.2375,0.1345,0.155,9,0,1.1610196193772022
2.0,0.465,0.36,0.105,0.431,0.172,0.107,0.175,9,0,1.229048837697421
2.0,0.425,0.35,0.105,0.393,0.13,0.063,0.165,9,0,1.268391316845293
2.0,0.44,0.34,0.105,0.402,0.1305,0.0955,0.165,10,0,0.7362446088887847
2.0,0.405,0.305,0.085,0.2605,0.1145,0.0595,0.085,8,0,2.211623705811945
2.0,0.37,0.265,0.075,0.214,0.09,0.051,0.07,6,0,4.135881409602071
2.0,0.595,0.48,0.165,1.262,0.4835,0.283,0.41,17,0,6.9841596823516365
2.0,0.345,0.255,0.09,0.2005,0.094,0.0295,0.063,9,0,1.420245382748029
2.0,0.375,0.285,0.095,0.253,0.096,0.0575,0.0925,9,0,1.3733262177761298
2.0,0.65,0.52,0.19,1.3445,0.519,0.306,0.4465,16,0,5.9914024102494645
2.0,0.56,0.455,0.155,0.797,0.34,0.19,0.2425,11,0,1.0093918117512075
2.0,0.475,0.375,0.13,0.5175,0.2075,0.1165,0.17,10,0,0.5894660669702835
2.0,0.46,0.35,0.12,0.515,0.224,0.108,0.1565,10,0,0.5965612392446982
2.0,0.59,0.475,0.145,1.053,0.4415,0.262,0.325,15,0,4.97870833686487
2.0,0.515,0.405,0.13,0.722,0.32,0.131,0.21,10,0,0.3514371103251649
2.0,0.605,0.465,0.165,1.056,0.4215,0.2475,0.34,13,0,2.9793954315570947
2.0,0.61,0.485,0.175,1.2445,0.544,0.297,0.345,12,0,1.9967113122976603
2.0,0.525,0.435,0.155,1.065,0.486,0.233,0.285,8,0,2.023714362284815
2.0,0.58,0.475,0.15,0.97,0.385,0.2165,0.35,11,0,0.9838718843633564
2.0,0.57,0.48,0.18,0.9395,0.399,0.2,0.295,14,0,3.979433961651377
2.0,0.62,0.49,0.19,1.218,0.5455,0.2965,0.355,13,0,2.9891359530923283
2.0,0.615,0.48,0.18,1.1595,0.4845,0.2165,0.325,13,0,2.982681978311283
2.0,0.61,0.485,0.17,1.0225,0.419,0.2405,0.36,12,0,1.980518277671877
2.0,0.58,0.45,0.15,0.927,0.276,0.1815,0.36,14,0,3.983922450139167
2.0,0.5,0.405,0.155,0.772,0.346,0.1535,0.245,12,0,1.999354837264001
2.0,0.64,0.5,0.185,1.3035,0.4445,0.2635,0.465,16,0,5.988679545134614
2.0,0.56,0.45,0.16,0.922,0.432,0.178,0.26,15,0,4.979321783149167
2.0,0.585,0.46,0.185,0.922,0.3635,0.213,0.285,10,0,0.1324074162069884
2.0,0.5,0.4,0.165,0.825,0.254,0.205,0.285,13,0,2.9922552892910623
2.0,0.42,0.335,0.115,0.369,0.171,0.071,0.12,8,0,2.1615494557665973
2.0,0.335,0.25,0.09,0.181,0.0755,0.0415,0.06,7,0,3.18649767992804
2.0,0.5,0.405,0.14,0.6155,0.241,0.1355,0.205,9,0,1.1265901877182154
2.0,0.55,0.405,0.14,0.8025,0.244,0.1635,0.255,10,0,0.3094614715668917
2.0,0.45,0.35,0.13,0.46,0.174,0.111,0.135,8,0,2.1291901626041687
2.0,0.47,0.36,0.135,0.501,0.1665,0.115,0.165,10,0,0.6250976985355448
2.0,0.555,0.445,0.135,0.836,0.336,0.1625,0.275,13,0,2.9864462169745485
2.0,0.565,0.44,0.175,0.9025,0.31,0.193,0.325,14,0,3.9826427331559495
2.0,0.565,0.425,0.16,0.9425,0.3495,0.2185,0.275,17,0,6.979338937133125
2.0,0.59,0.47,0.18,1.1235,0.4205,0.2805,0.36,13,0,2.9820819939701586
2.0,0.6,0.495,0.165,1.2415,0.485,0.2775,0.34,15,0,4.984360769844597
2.0,0.56,0.45,0.175,1.011,0.3835,0.2065,0.37,15,0,4.979495205351899
2.0,0.545,0.46,0.16,0.8975,0.341,0.1655,0.345,10,0,0.1858393154753472
2.0,0.53,0.42,0.165,0.8945,0.319,0.239,0.245,11,0,0.9969362997653616
2.0,0.27,0.2,0.08,0.1205,0.0465,0.028,0.04,6,0,4.1712528694809965
2.0,0.52,0.45,0.15,0.895,0.3615,0.186,0.235,14,0,3.981848168338896
2.0,0.35,0.275,0.11,0.2925,0.1225,0.0635,0.0905,8,0,2.205628830068502
2.0,0.47,0.39,0.15,0.6355,0.2185,0.0885,0.255,9,0,1.129696958954282
2.0,0.59,0.5,0.2,1.187,0.412,0.2705,0.37,16,0,5.982001395307038
2.0,0.62,0.485,0.205,1.219,0.3875,0.2505,0.385,14,0,3.986058204245672
2.0,0.63,0.505,0.225,1.525,0.56,0.3335,0.45,15,0,5.0106231901896585
2.0,0.63,0.515,0.155,1.259,0.4105,0.197,0.41,13,0,2.9924719035940543
2.0,0.485,0.395,0.14,0.6295,0.2285,0.127,0.225,14,0,4.005971659343638
2.0,0.515,0.38,0.175,0.9565,0.325,0.158,0.31,14,0,3.982495367482807
2.0,0.53,0.435,0.155,0.699,0.288,0.1595,0.205,10,0,0.3724241979456736
2.0,0.44,0.355,0.125,0.4775,0.132,0.0815,0.19,9,0,1.221503945832065
2.0,0.54,0.435,0.18,0.996,0.3835,0.226,0.325,17,0,6.978822810597125
2.0,0.61,0.475,0.165,1.116,0.428,0.2205,0.315,15,0,4.97953009957871
2.0,0.49,0.395,0.14,0.549,0.2215,0.1275,0.15,11,0,1.124058991107995
2.0,0.37,0.28,0.105,0.234,0.0905,0.0585,0.075,9,0,1.388719287746745
2.0,0.37,0.28,0.1,0.252,0.1065,0.0595,0.074,8,0,2.221226999627533
2.0,0.36,0.27,0.1,0.217,0.0885,0.0495,0.0715,6,0,4.135311383139002
2.0,0.55,0.41,0.125,0.7605,0.2505,0.1635,0.195,14,0,3.993101386133061
2.0,0.57,0.435,0.145,0.9055,0.3925,0.2355,0.275,10,0,0.1272261885103795
2.0,0.56,0.44,0.14,0.971,0.443,0.2045,0.265,14,0,3.978570388394546
2.0,0.45,0.35,0.1,0.3675,0.1465,0.1015,0.12,10,0,0.7629486199056037
2.0,0.385,0.31,0.1,0.2845,0.1065,0.075,0.1,11,0,1.3128821495565213
2.0,0.335,0.265,0.105,0.222,0.0935,0.056,0.075,7,0,3.170944264928889
2.0,0.51,0.4,0.13,0.6435,0.27,0.1665,0.205,12,0,2.024881215274207
2.0,0.36,0.295,0.105,0.241,0.0865,0.053,0.095,8,0,2.226553022321994
2.0,0.5,0.38,0.155,0.5955,0.2135,0.161,0.2,12,0,2.0412142334123504
2.0,0.62,0.465,0.19,1.3415,0.5705,0.3175,0.355,11,0,1.0469276110406645
2.0,0.6,0.475,0.19,1.0875,0.403,0.2655,0.325,14,0,3.979855457417626
2.0,0.59,0.45,0.185,1.283,0.473,0.276,0.425,16,0,5.986308063091791
2.0,0.62,0.475,0.185,1.325,0.6045,0.325,0.33,13,0,3.000958839480776
2.0,0.575,0.455,0.145,1.165,0.581,0.2275,0.3,14,0,3.98322682708321
2.0,0.62,0.465,0.185,1.274,0.579,0.3065,0.32,12,0,2.0021183034732086
2.0,0.49,0.39,0.14,0.707,0.2795,0.2185,0.18,13,0,3.002595485191601
2.0,0.61,0.48,0.15,1.2,0.56,0.2455,0.28,14,0,3.984295323048804
2.0,0.57,0.46,0.14,0.9535,0.4465,0.2065,0.245,12,0,1.979565802839536
2.0,0.58,0.455,0.17,0.93,0.408,0.259,0.22,9,0,1.0287498405051532
2.0,0.635,0.515,0.17,1.275,0.509,0.286,0.34,16,0,5.985356355209154
2.0,0.675,0.525,0.185,1.587,0.6935,0.336,0.395,13,0,3.0492476362524226
2.0,0.605,0.49,0.18,1.227,0.48,0.287,0.35,18,0,7.981774062115473
2.0,0.58,0.465,0.145,0.887,0.4405,0.1655,0.265,11,0,0.9881993642029362
2.0,0.63,0.49,0.18,1.13,0.458,0.2765,0.315,12,0,1.983702137613698
2.0,0.685,0.52,0.15,1.343,0.4635,0.292,0.4,13,0,3.0020585868749343
2.0,0.63,0.49,0.19,1.1775,0.4935,0.3365,0.285,11,0,1.0017056128198314
2.0,0.565,0.465,0.175,0.995,0.3895,0.183,0.37,15,0,4.979574568436216
2.0,0.605,0.47,0.18,1.1405,0.3755,0.2805,0.385,15,0,4.981897435327449
2.0,0.535,0.42,0.145,0.791,0.33,0.189,0.25,10,0,0.2645652524309273
2.0,0.485,0.4,0.135,0.663,0.313,0.137,0.2,10,0,0.4108135753894808
2.0,0.47,0.375,0.12,0.5565,0.226,0.122,0.195,12,0,2.051777209202595
2.0,0.545,0.425,0.135,0.8445,0.373,0.21,0.235,10,0,0.1997420085069446
2.0,0.54,0.42,0.155,0.7385,0.3515,0.152,0.215,12,0,2.0026910765176296
2.0,0.46,0.38,0.135,0.482,0.207,0.1225,0.145,10,0,0.6257341875650979
2.0,0.49,0.42,0.125,0.609,0.239,0.1435,0.22,14,0,4.00679417156574
2.0,0.475,0.375,0.125,0.593,0.277,0.115,0.18,10,0,0.4977482533837957
2.0,0.47,0.38,0.145,0.5865,0.2385,0.144,0.185,8,0,2.0853405284137003
2.0,0.535,0.44,0.15,0.6765,0.256,0.139,0.26,12,0,2.0184817637077885
2.0,0.585,0.455,0.15,0.987,0.4355,0.2075,0.31,11,0,0.9791371072657143
2.0,0.515,0.455,0.135,0.7225,0.295,0.1625,0.235,9,0,1.0786930434546993
2.0,0.45,0.355,0.115,0.479,0.2125,0.1045,0.15,8,0,2.118995467212748
2.0,0.59,0.485,0.12,0.911,0.39,0.182,0.29,16,0,5.979663482625351
2.0,0.555,0.45,0.145,0.915,0.4,0.246,0.285,11,0,0.9849857755373972
2.0,0.57,0.44,0.095,0.827,0.3395,0.2215,0.235,8,0,2.0349542014127158
2.0,0.59,0.5,0.165,1.1045,0.4565,0.2425,0.34,15,0,4.979593212015433
2.0,0.585,0.475,0.12,0.945,0.41,0.2115,0.28,14,0,3.979165036917408
2.0,0.545,0.44,0.12,0.8565,0.3475,0.1715,0.24,12,0,1.988856467519518
2.0,0.545,0.41,0.14,0.625,0.223,0.16,0.235,13,0,3.0135716846911977
2.0,0.58,0.45,0.175,1.068,0.425,0.203,0.32,13,0,2.9791684994669403
2.0,0.565,0.455,0.17,0.9065,0.342,0.156,0.32,18,0,7.980012396405634
2.0,0.5,0.41,0.15,0.662,0.2815,0.137,0.22,11,0,1.062345869448242
2.0,0.39,0.3,0.09,0.3055,0.143,0.0645,0.085,9,0,1.3297591958968389
2.0,0.5,0.415,0.165,0.6885,0.249,0.138,0.25,13,0,3.0053380060957915
2.0,0.565,0.435,0.185,0.9815,0.329,0.136,0.39,13,0,2.984314916700177
2.0,0.565,0.455,0.185,0.9265,0.354,0.1575,0.375,16,0,5.980738528022051
2.0,0.605,0.5,0.175,1.098,0.4765,0.232,0.375,12,0,1.9830785690132704
2.0,0.575,0.47,0.14,0.8375,0.3485,0.1735,0.24,11,0,1.0014523420414108
2.0,0.38,0.285,0.1,0.2665,0.115,0.061,0.075,11,0,1.329798122122133
2.0,0.655,0.53,0.195,1.388,0.567,0.2735,0.41,13,0,3.009184553710632
2.0,0.53,0.415,0.175,0.7395,0.261,0.1395,0.2645,17,0,6.986948586706435
2.0,0.665,0.54,0.175,1.347,0.4955,0.254,0.415,17,0,6.988679002264105
2.0,0.66,0.545,0.185,1.32,0.5305,0.2635,0.455,16,0,5.990461857240656
2.0,0.575,0.4,0.155,0.9325,0.3605,0.2445,0.3,17,0,6.979468866986248
2.0,0.57,0.465,0.125,0.849,0.3785,0.1765,0.24,15,0,4.981890440729237
2.0,0.63,0.48,0.145,1.0115,0.4235,0.237,0.305,12,0,1.9793136921479408
2.0,0.55,0.45,0.13,0.92,0.378,0.2385,0.29,11,0,0.9861988408208208
2.0,0.54,0.42,0.135,0.8075,0.3485,0.1795,0.235,11,0,1.0084296655551823
2.0,0.59,0.455,0.145,1.073,0.475,0.19,0.285,14,0,3.978848342823327
2.0,0.58,0.46,0.13,0.921,0.357,0.181,0.29,13,0,2.9814830327440918
2.0,0.655,0.53,0.175,1.2635,0.486,0.2635,0.415,15,0,4.98766745221703
2.0,0.625,0.5,0.195,1.369,0.5875,0.2185,0.37,17,0,6.98952511251697
2.0,0.555,0.45,0.175,0.874,0.3275,0.202,0.305,10,0,0.1926974876085981
2.0,0.6,0.47,0.175,1.105,0.4865,0.247,0.315,15,0,4.979391377348863
2.0,0.585,0.455,0.225,1.055,0.3815,0.221,0.365,15,0,4.980003672198359
2.0,0.56,0.435,0.18,0.889,0.36,0.204,0.25,11,0,0.9916512132131904
2.0,0.31,0.22,0.085,0.146,0.061,0.0365,0.045,6,0,4.159751799188481
2.0,0.27,0.195,0.08,0.1,0.0385,0.0195,0.03,6,0,4.177776782918558
2.0,0.4,0.29,0.115,0.2795,0.1115,0.0575,0.075,9,0,1.3525342997834413
2.0,0.28,0.2,0.08,0.0915,0.033,0.0215,0.03,5,0,5.148609094477474
2.0,0.325,0.23,0.09,0.147,0.06,0.034,0.045,4,0,6.113736103290113
2.0,0.21,0.15,0.05,0.0385,0.0155,0.0085,0.01,3,0,7.127921567769995
2.0,0.2,0.14,0.055,0.035,0.0145,0.008,0.01,5,0,5.171118589820652
2.0,0.235,0.16,0.06,0.0545,0.0265,0.0095,0.015,4,0,6.139555388041169
2.0,0.175,0.125,0.04,0.024,0.0095,0.006,0.005,4,0,6.151939280318445
2.0,0.155,0.11,0.04,0.0155,0.0065,0.003,0.005,3,0,7.13706214259584
2.0,0.385,0.3,0.095,0.24,0.0885,0.059,0.085,9,0,1.3801709037358625
2.0,0.29,0.23,0.075,0.1165,0.043,0.0255,0.04,7,0,3.2157431006293846
2.0,0.275,0.205,0.07,0.094,0.0335,0.02,0.0325,5,0,5.148263562250477
2.0,0.42,0.325,0.115,0.2885,0.1,0.057,0.1135,15,0,5.0527707372286645
2.0,0.445,0.35,0.115,0.3615,0.1565,0.0695,0.117,8,0,2.163568244972406
2.0,0.32,0.245,0.075,0.1555,0.0585,0.038,0.049,11,0,1.4329169363746552
2.0,0.255,0.195,0.065,0.08,0.0315,0.018,0.027,8,0,2.328798716428819
2.0,0.205,0.155,0.045,0.0425,0.017,0.0055,0.0155,7,0,3.259370221785035
2.0,0.35,0.255,0.065,0.179,0.0705,0.0385,0.06,10,0,1.0127043635731792
2.0,0.28,0.21,0.08,0.1085,0.041,0.0265,0.0345,7,0,3.220849673585251
2.0,0.45,0.335,0.14,0.4625,0.164,0.076,0.15,14,0,4.0350992246943855
2.0,0.535,0.42,0.15,0.6995,0.2575,0.153,0.24,12,0,2.014669140667186
2.0,0.345,0.27,0.09,0.195,0.078,0.0455,0.059,9,0,1.4240153050143385
2.0,0.37,0.285,0.1,0.228,0.0675,0.0675,0.081,10,0,0.9512165349386248
2.0,0.35,0.265,0.09,0.1775,0.0575,0.042,0.068,12,0,2.222210243060569
2.0,0.195,0.145,0.05,0.032,0.01,0.008,0.012,4,0,6.147735042924723
2.0,0.325,0.24,0.075,0.155,0.0475,0.0355,0.06,9,0,1.4648298630140744
2.0,0.415,0.345,0.135,0.3865,0.128,0.07,0.148,13,0,3.073712624557152
2.0,0.32,0.24,0.085,0.17,0.0655,0.047,0.049,7,0,3.193011429620619
2.0,0.31,0.225,0.075,0.1295,0.0455,0.0335,0.044,9,0,1.4880971834244587
2.0,0.235,0.17,0.055,0.0515,0.018,0.0105,0.0195,7,0,3.2509165966668205
2.0,0.345,0.255,0.08,0.169,0.06,0.0425,0.054,10,0,1.0254619776306166
2.0,0.34,0.265,0.085,0.1835,0.077,0.046,0.065,10,0,1.0029393280236238
2.0,0.46,0.365,0.125,0.467,0.1895,0.0945,0.158,10,0,0.6500359426505491
2.0,0.36,0.295,0.1,0.2105,0.066,0.0525,0.075,9,0,1.4091967621698018
2.0,0.355,0.265,0.09,0.168,0.05,0.041,0.063,8,0,2.266098640651186
2.0,0.38,0.235,0.1,0.258,0.1055,0.054,0.08,7,0,3.1594499960259905
2.0,0.355,0.26,0.085,0.1905,0.081,0.0485,0.055,6,0,4.143024425283547
2.0,0.325,0.24,0.085,0.173,0.0795,0.038,0.05,7,0,3.1905904495427078
2.0,0.33,0.255,0.095,0.1875,0.0735,0.045,0.06,7,0,3.1848223041670303
2.0,0.45,0.34,0.13,0.3715,0.1605,0.0795,0.105,9,0,1.2740086212984447
2.0,0.33,0.215,0.075,0.1145,0.045,0.0265,0.035,6,0,4.168213230630446
2.0,0.48,0.375,0.145,0.777,0.216,0.13,0.17,9,0,1.0924356042983892
2.0,0.255,0.18,0.065,0.079,0.034,0.014,0.025,5,0,5.154112562383989
2.0,0.31,0.225,0.08,0.1345,0.054,0.024,0.05,7,0,3.207226131188327
2.0,0.295,0.215,0.075,0.129,0.05,0.0295,0.04,7,0,3.211789548553476
2.0,0.455,0.35,0.12,0.4835,0.1815,0.144,0.16,11,0,1.165756415395211
2.0,0.55,0.425,0.155,0.9175,0.2775,0.243,0.335,13,0,2.985573111295197
2.0,0.475,0.385,0.145,0.6175,0.235,0.108,0.215,14,0,4.007838739356285
2.0,0.54,0.415,0.145,0.74,0.2635,0.168,0.245,12,0,2.007635621935836
2.0,0.485,0.37,0.14,0.5725,0.204,0.1415,0.175,10,0,0.5388449906450726
2.0,0.535,0.405,0.185,0.8345,0.3175,0.1725,0.29,16,0,5.9829840889685615
2.0,0.51,0.4,0.14,0.6515,0.2455,0.1665,0.185,10,0,0.4408669423218582
2.0,0.565,0.44,0.185,0.909,0.344,0.2325,0.255,15,0,4.9806154233645925
2.0,0.525,0.4,0.17,0.7305,0.279,0.2055,0.195,11,0,1.0394684899035864
2.0,0.59,0.44,0.15,0.9555,0.366,0.2425,0.295,11,0,0.9839580147428998
2.0,0.5,0.375,0.15,0.636,0.2535,0.145,0.19,10,0,0.4573783046362282
2.0,0.38,0.29,0.12,0.283,0.1175,0.0655,0.085,9,0,1.3493650072554213
2.0,0.28,0.205,0.1,0.1165,0.0545,0.0285,0.03,5,0,5.141723689628523
2.0,0.385,0.285,0.105,0.2905,0.1215,0.0685,0.0875,12,0,2.162212524414161
2.0,0.395,0.295,0.115,0.316,0.1205,0.0595,0.1105,12,0,2.150831195792415
2.0,0.4,0.3,0.125,0.417,0.191,0.09,0.1175,9,0,1.252762391077289
2.0,0.415,0.325,0.14,0.417,0.1535,0.1015,0.144,10,0,0.7229785801590751
2.0,0.315,0.25,0.09,0.203,0.0615,0.037,0.0795,11,0,1.398995219122007
2.0,0.36,0.295,0.13,0.2765,0.0895,0.057,0.1005,10,0,0.8995606862088447
2.0,0.375,0.3,0.1,0.2465,0.104,0.0475,0.083,11,0,1.343360529113618
2.0,0.355,0.265,0.085,0.201,0.069,0.053,0.0695,8,0,2.2492809929660296
2.0,0.35,0.255,0.08,0.1915,0.08,0.0385,0.063,9,0,1.4274613330838384
2.0,0.555,0.455,0.16,1.0575,0.3925,0.228,0.293,13,0,2.9792244758901947
2.0,0.555,0.44,0.15,1.092,0.416,0.212,0.4405,15,0,4.981507954466316
2.0,0.525,0.41,0.13,0.99,0.3865,0.243,0.295,15,0,4.979253124982709
2.0,0.465,0.36,0.08,0.488,0.191,0.125,0.155,11,0,1.1635386081375172
2.0,0.4,0.305,0.085,0.297,0.108,0.0705,0.1,10,0,0.8644830775182475
2.0,0.505,0.4,0.125,0.77,0.2735,0.159,0.255,13,0,2.995748366597076
2.0,0.525,0.4,0.13,0.8295,0.2405,0.1825,0.275,11,0,1.0214489777414777
2.0,0.545,0.42,0.13,0.879,0.374,0.1695,0.23,13,0,2.9836347973658364
2.0,0.52,0.4,0.12,0.823,0.298,0.1805,0.265,15,0,4.985134852939068
2.0,0.505,0.38,0.13,0.656,0.227,0.1785,0.22,13,0,3.0107863223307643
2.0,0.525,0.425,0.12,0.8665,0.2825,0.176,0.29,18,0,7.9817515498708
2.0,0.51,0.39,0.125,0.6565,0.262,0.1835,0.175,10,0,0.4318468083858414
2.0,0.52,0.385,0.115,0.669,0.2385,0.172,0.205,12,0,2.023696475558568
2.0,0.535,0.41,0.135,0.862,0.2855,0.1525,0.32,14,0,3.985834291726941
2.0,0.445,0.345,0.09,0.3795,0.143,0.074,0.125,10,0,0.7605226228743358
2.0,0.53,0.44,0.205,0.835,0.32,0.2175,0.245,14,0,3.985138419550878
2.0,0.52,0.385,0.14,0.6595,0.2485,0.2035,0.16,9,0,1.11099821731675
2.0,0.535,0.42,0.13,0.8055,0.301,0.181,0.28,14,0,3.987097458144889
2.0,0.695,0.515,0.175,1.5165,0.578,0.4105,0.39,15,0,5.011533474181832
2.0,0.485,0.355,0.12,0.547,0.215,0.1615,0.14,10,0,0.5636819197350014
2.0,0.62,0.505,0.185,1.5275,0.69,0.368,0.35,13,0,3.0367391613638373
2.0,0.57,0.44,0.155,1.116,0.4775,0.2315,0.27,13,0,2.9801613236744675
2.0,0.57,0.43,0.12,1.0615,0.348,0.167,0.31,15,0,4.980069566981516
2.0,0.585,0.405,0.15,1.2565,0.435,0.202,0.325,15,0,4.984642032692947
2.0,0.64,0.51,0.19,1.613,0.6215,0.361,0.47,14,0,4.034461169297449
2.0,0.545,0.45,0.15,0.978,0.3365,0.1905,0.3,11,0,0.9869220390710188
2.0,0.345,0.27,0.095,0.197,0.0665,0.05,0.07,9,0,1.4234708511184937
2.0,0.385,0.275,0.115,0.2685,0.0975,0.0825,0.085,8,0,2.2131577644215565
2.0,0.455,0.34,0.135,0.462,0.1675,0.158,0.12,9,0,1.2198946663384256
2.0,0.49,0.38,0.14,0.7605,0.245,0.167,0.185,10,0,0.365484210890413
2.0,0.53,0.41,0.165,0.732,0.189,0.17,0.31,11,0,1.054866594821256
2.0,0.505,0.385,0.145,0.6775,0.236,0.179,0.2,15,0,4.99602439318499
2.0,0.49,0.38,0.14,0.6385,0.2305,0.142,0.195,13,0,3.0143977541451954
2.0,0.465,0.35,0.14,0.5755,0.2015,0.1505,0.19,15,0,5.007400030196068
2.0,0.56,0.41,0.165,0.93,0.3505,0.237,0.3,13,0,2.9815089502503804
2.0,0.505,0.385,0.15,0.6415,0.246,0.152,0.215,12,0,2.0281402458814988
2.0,0.515,0.435,0.145,0.8815,0.292,0.206,0.255,10,0,0.2215551340465096
2.0,0.55,0.415,0.175,1.042,0.3295,0.2325,0.2905,15,0,4.980051327608863
2.0,0.495,0.385,0.135,0.709,0.211,0.1375,0.262,12,0,2.0207886629381164
2.0,0.47,0.37,0.18,0.51,0.1915,0.1285,0.1625,9,0,1.1865859344200618
2.0,0.575,0.45,0.165,0.9215,0.3275,0.225,0.256,12,0,1.984362887557275
2.0,0.58,0.465,0.16,1.0345,0.315,0.26,0.3635,12,0,1.9849983490189
2.0,0.515,0.405,0.145,0.695,0.215,0.1635,0.234,15,0,4.995167674382487
2.0,0.53,0.41,0.155,0.7155,0.2805,0.1685,0.214,11,0,1.0424205493078418
2.0,0.44,0.335,0.11,0.394,0.157,0.096,0.122,9,0,1.261678842357682
2.0,0.52,0.42,0.16,0.745,0.255,0.157,0.2885,11,0,1.037500335483521
2.0,0.46,0.34,0.135,0.495,0.1655,0.117,0.185,10,0,0.6318423084506045
2.0,0.45,0.335,0.125,0.349,0.119,0.1055,0.115,10,0,0.7910672284612031
2.0,0.425,0.33,0.13,0.4405,0.152,0.0935,0.155,9,0,1.2388953022250877
2.0,0.515,0.38,0.135,0.6615,0.2875,0.2095,0.155,10,0,0.4212267969110231
2.0,0.405,0.305,0.12,0.3185,0.1235,0.0905,0.095,7,0,3.1350286459599594
2.0,0.505,0.405,0.14,0.875,0.2665,0.174,0.285,12,0,1.9942973204359329
2.0,0.415,0.305,0.1,0.325,0.156,0.0505,0.091,6,0,4.105484420278094
2.0,0.47,0.375,0.12,0.5805,0.266,0.0935,0.169,8,0,2.087751899136747
2.0,0.49,0.385,0.125,0.609,0.3065,0.096,0.1775,8,0,2.0768069864421594
2.0,0.5,0.4,0.125,0.5975,0.27,0.1275,0.166,9,0,1.1325632418229643
2.0,0.505,0.44,0.14,0.8275,0.3415,0.1855,0.239,8,0,2.0356376296283054
2.0,0.525,0.395,0.13,0.7635,0.3375,0.1425,0.225,8,0,2.044535542940453
2.0,0.54,0.405,0.125,0.891,0.4815,0.1915,0.202,9,0,1.0355605605363178
2.0,0.55,0.45,0.15,1.0145,0.407,0.2015,0.2875,10,0,0.0634682447313247
2.0,0.555,0.435,0.145,0.9685,0.4985,0.168,0.2385,9,0,1.0269028117920749
2.0,0.565,0.45,0.155,1.0595,0.4735,0.24,0.265,10,0,0.0635755890851153
2.0,0.57,0.455,0.15,0.952,0.3895,0.2155,0.2745,9,0,1.0256673110981536
2.0,0.57,0.435,0.13,0.7535,0.349,0.1755,0.194,10,0,0.2990206797935931
2.0,0.59,0.475,0.165,1.077,0.4545,0.244,0.3095,9,0,1.024739051385372
2.0,0.59,0.46,0.13,1.102,0.455,0.2055,0.33,12,0,1.9810100343915484
2.0,0.6,0.475,0.175,1.3445,0.549,0.2875,0.36,11,0,1.042954273132066
2.0,0.6,0.495,0.175,1.29,0.606,0.276,0.3445,11,0,1.0327474459471393
2.0,0.605,0.455,0.16,1.1035,0.421,0.3015,0.325,9,0,1.030454981135977
2.0,0.615,0.51,0.15,1.296,0.545,0.3315,0.32,9,0,1.072644002762198
2.0,0.615,0.505,0.165,1.34,0.5315,0.2815,0.41,12,0,2.012478263828774
2.0,0.62,0.5,0.165,1.307,0.6355,0.2545,0.315,9,0,1.0818628112025843
2.0,0.63,0.505,0.165,1.26,0.4525,0.2755,0.406,14,0,3.988719782961328
2.0,0.635,0.51,0.17,1.3555,0.619,0.305,0.39,9,0,1.1018865894938394
2.0,0.65,0.525,0.175,1.4715,0.675,0.315,0.399,11,0,1.117738930038318
2.0,0.655,0.52,0.165,1.4095,0.586,0.291,0.405,9,0,1.1176821146296052
2.0,0.66,0.53,0.17,1.3905,0.5905,0.212,0.453,15,0,4.998544785056887
2.0,0.66,0.52,0.19,1.558,0.755,0.298,0.4,10,0,0.6489471592224405
2.0,0.47,0.365,0.12,0.612,0.327,0.15,0.14,8,0,2.076327989241176
2.0,0.475,0.37,0.125,0.537,0.222,0.1215,0.15,9,0,1.170618860368737
2.0,0.48,0.375,0.115,0.6765,0.3205,0.1065,0.17,6,0,4.043506243183105
2.0,0.48,0.385,0.145,0.64,0.2925,0.1405,0.1575,6,0,4.046864709255781
2.0,0.48,0.36,0.1,0.439,0.194,0.099,0.115,8,0,2.1328340790962343
2.0,0.48,0.365,0.12,0.6015,0.312,0.117,0.14,7,0,3.061238313973204
2.0,0.49,0.385,0.125,0.649,0.32,0.124,0.1695,8,0,2.0673894254504543
2.0,0.495,0.395,0.135,0.6335,0.3035,0.1295,0.1495,8,0,2.071578799399976
2.0,0.495,0.4,0.135,0.61,0.272,0.1435,0.144,7,0,3.059790629257254
2.0,0.5,0.39,0.135,0.6595,0.3145,0.1535,0.1565,6,0,4.0435976868726
2.0,0.5,0.385,0.135,0.6425,0.3195,0.129,0.1535,7,0,3.0534249942688616
2.0,0.5,0.4,0.125,0.6725,0.336,0.12,0.1825,7,0,3.0482400310916904
2.0,0.505,0.41,0.125,0.642,0.289,0.133,0.155,9,0,1.1140530897979577
2.0,0.51,0.39,0.135,0.769,0.3935,0.1455,0.19,8,0,2.0432467575357856
2.0,0.51,0.405,0.15,0.7035,0.347,0.134,0.1885,8,0,2.0539603260504937
2.0,0.51,0.41,0.145,0.796,0.3865,0.1815,0.1955,8,0,2.038504980041365
2.0,0.515,0.39,0.155,0.7125,0.3695,0.137,0.155,7,0,3.043139816750756
2.0,0.525,0.4,0.14,0.7325,0.334,0.1575,0.17,11,0,1.0355976148659134
2.0,0.53,0.405,0.125,0.6515,0.2715,0.1605,0.186,7,0,3.051826274220655
2.0,0.535,0.43,0.14,0.7165,0.2855,0.1595,0.2155,8,0,2.052970805379641
2.0,0.535,0.435,0.14,0.874,0.3735,0.229,0.2195,8,0,2.0297588586167703
2.0,0.57,0.45,0.155,1.195,0.5625,0.2565,0.295,10,0,0.2178310996098295
2.0,0.57,0.45,0.155,1.1935,0.513,0.21,0.343,10,0,0.2024491202199045
2.0,0.57,0.445,0.14,1.0635,0.5265,0.2195,0.24,8,0,2.0244450278774657
2.0,0.57,0.46,0.17,0.9035,0.4075,0.1935,0.214,7,0,3.025141091502748
2.0,0.575,0.475,0.16,1.114,0.4955,0.2745,0.29,9,0,1.0293323613580956
2.0,0.58,0.455,0.15,1.012,0.4985,0.2115,0.2835,10,0,0.0531162482931461
2.0,0.58,0.49,0.13,1.1335,0.586,0.2565,0.237,9,0,1.0401568506873533
2.0,0.59,0.465,0.155,1.136,0.5245,0.2615,0.275,11,0,0.9894620016371608
2.0,0.59,0.47,0.16,1.206,0.479,0.2425,0.309,8,0,2.0316333946629137
2.0,0.595,0.475,0.165,1.213,0.621,0.2435,0.274,9,0,1.0555895389427543
2.0,0.595,0.455,0.15,1.044,0.518,0.2205,0.27,9,0,1.0246737601359126
2.0,0.605,0.475,0.155,1.161,0.572,0.2455,0.275,9,0,1.0403187087695005
2.0,0.605,0.47,0.165,1.2315,0.6025,0.262,0.2925,11,0,1.0148857340289803
2.0,0.61,0.47,0.15,1.1625,0.565,0.258,0.3085,11,0,0.9975219838253016
2.0,0.61,0.475,0.155,1.168,0.554,0.239,0.3295,10,0,0.1969776640814944
2.0,0.625,0.49,0.175,1.3325,0.5705,0.271,0.405,10,0,0.3712003434421854
2.0,0.63,0.485,0.155,1.278,0.637,0.275,0.31,8,0,2.049251719806791
2.0,0.63,0.48,0.15,1.1785,0.5185,0.248,0.3235,8,0,2.031070260865869
2.0,0.635,0.49,0.175,1.375,0.623,0.2705,0.395,11,0,1.0662652313029115
2.0,0.635,0.525,0.185,1.4065,0.684,0.3,0.3745,10,0,0.4824250298773051
2.0,0.64,0.505,0.155,1.4025,0.705,0.2655,0.335,10,0,0.4767549264071252
2.0,0.645,0.52,0.175,1.636,0.779,0.342,0.432,11,0,1.2238255464309962
2.0,0.645,0.52,0.175,1.561,0.709,0.3555,0.4,8,0,2.1201159517027808
2.0,0.645,0.5,0.175,1.3385,0.633,0.299,0.349,11,0,1.0547876591590084
2.0,0.65,0.495,0.16,1.304,0.57,0.312,0.3725,9,0,1.0795487155772858
2.0,0.65,0.52,0.21,1.6785,0.6665,0.308,0.46,11,0,1.2236078650322328
2.0,0.65,0.525,0.185,1.622,0.6645,0.3225,0.477,10,0,0.6895262969755502
2.0,0.66,0.535,0.19,1.5905,0.6425,0.297,0.5175,9,0,1.2203026876658798
2.0,0.66,0.495,0.195,1.6275,0.594,0.3595,0.485,10,0,0.6840064346851578
2.0,0.67,0.525,0.165,1.6085,0.682,0.3145,0.4005,11,0,1.183319443879954
2.0,0.68,0.535,0.185,1.607,0.7245,0.3215,0.498,12,0,2.1009562084420828
2.0,0.69,0.525,0.175,1.7005,0.8255,0.362,0.405,8,0,2.179987386398083
2.0,0.69,0.505,0.2,1.872,0.893,0.4015,0.48,10,0,1.010448021184026
2.0,0.71,0.565,0.205,2.198,1.012,0.5225,0.5475,11,0,1.6932030004752443
2.0,0.715,0.565,0.175,1.9525,0.7645,0.4185,0.4135,10,0,1.0333247057622483
2.0,0.765,0.6,0.22,2.302,1.007,0.509,0.6205,12,0,2.4777173687779963
2.0,0.43,0.335,0.12,0.397,0.1985,0.0865,0.1035,7,0,3.1086542198358584
2.0,0.47,0.36,0.105,0.544,0.27,0.1395,0.129,7,0,3.072214660856212
2.0,0.49,0.465,0.125,0.5225,0.235,0.13,0.141,7,0,3.075186628307696
2.0,0.5,0.39,0.125,0.5215,0.2485,0.117,0.131,6,0,4.062468845464139
2.0,0.52,0.4,0.145,0.7765,0.3525,0.1845,0.185,9,0,1.0618833645965258
2.0,0.525,0.405,0.12,0.7555,0.3755,0.1555,0.201,9,0,1.0649586345870572
2.0,0.545,0.39,0.135,0.7835,0.4225,0.1815,0.156,7,0,3.034561502910382
2.0,0.545,0.41,0.12,0.793,0.434,0.1405,0.19,9,0,1.0548310341904237
2.0,0.545,0.415,0.14,0.82,0.4615,0.127,0.218,9,0,1.0478192725026936
2.0,0.55,0.425,0.15,0.8315,0.411,0.1765,0.2165,10,0,0.208218148068978
2.0,0.56,0.43,0.145,0.8995,0.464,0.1775,0.234,9,0,1.0308893737068885
2.0,0.56,0.445,0.16,0.8965,0.42,0.2175,0.2215,8,0,2.0264976850309653
2.0,0.56,0.415,0.145,0.852,0.43,0.1885,0.205,8,0,2.030636530202094
2.0,0.565,0.455,0.15,0.9595,0.4565,0.2395,0.23,9,0,1.0248532095683598
2.0,0.565,0.435,0.15,0.99,0.5795,0.1825,0.206,8,0,2.028046351802285
2.0,0.57,0.46,0.15,1.0375,0.5415,0.2035,0.25,9,0,1.0269033463149997
2.0,0.575,0.435,0.14,0.8455,0.401,0.191,0.222,9,0,1.0392415908681918
2.0,0.575,0.455,0.135,0.907,0.4245,0.197,0.26,9,0,1.028438696205242
2.0,0.575,0.445,0.17,1.0225,0.549,0.2175,0.228,9,0,1.0281783287518391
2.0,0.575,0.445,0.145,0.847,0.415,0.1945,0.22,9,0,1.0382267380613794
2.0,0.58,0.455,0.15,1.114,0.4765,0.2155,0.265,8,0,2.024666198604128
2.0,0.58,0.445,0.135,0.814,0.3775,0.1915,0.22,9,0,1.046197455970421
2.0,0.58,0.45,0.14,0.9615,0.486,0.1815,0.253,9,0,1.025113786155404
2.0,0.58,0.45,0.145,1.0025,0.547,0.1975,0.2295,8,0,2.025019543343666
2.0,0.585,0.46,0.145,0.9335,0.478,0.1825,0.235,9,0,1.0272457500431174
2.0,0.585,0.465,0.16,0.9555,0.4595,0.236,0.265,7,0,3.022496418090921
2.0,0.59,0.47,0.15,0.9955,0.481,0.232,0.24,8,0,2.02269097146371
2.0,0.6,0.455,0.17,1.1915,0.696,0.2395,0.24,8,0,2.045064909059328
2.0,0.6,0.465,0.155,1.0165,0.512,0.2465,0.225,10,0,0.0920336759076464
2.0,0.605,0.475,0.14,1.1175,0.555,0.257,0.274,9,0,1.0335740262408009
2.0,0.605,0.48,0.17,1.1835,0.582,0.2365,0.317,10,0,0.222485958020981
2.0,0.61,0.485,0.16,1.0145,0.5315,0.212,0.2415,8,0,2.024327415714461
2.0,0.61,0.485,0.145,1.3305,0.783,0.2255,0.2865,9,0,1.121145343152411
2.0,0.61,0.47,0.165,1.052,0.498,0.242,0.267,9,0,1.0245308958968289
2.0,0.615,0.46,0.17,1.0565,0.4815,0.272,0.27,10,0,0.0849662840471487
2.0,0.62,0.47,0.135,1.0195,0.5315,0.2005,0.2475,8,0,2.024410484981398
2.0,0.62,0.45,0.2,0.858,0.4285,0.1525,0.2405,8,0,2.030453347782759
2.0,0.625,0.48,0.185,1.2065,0.587,0.29,0.286,8,0,2.0375848940725545
2.0,0.63,0.47,0.155,1.1325,0.589,0.211,0.287,8,0,2.030754284907097
2.0,0.63,0.5,0.175,1.2645,0.5635,0.3065,0.3425,10,0,0.3029840640306119
2.0,0.64,0.515,0.165,1.369,0.632,0.3415,0.358,10,0,0.4322846431353905
2.0,0.645,0.53,0.195,1.39,0.6465,0.2945,0.3735,10,0,0.4534636326880049
2.0,0.65,0.5,0.155,1.202,0.565,0.3135,0.294,11,0,1.0102252164511678
2.0,0.655,0.515,0.16,1.31,0.553,0.369,0.345,11,0,1.0438888715187735
2.0,0.665,0.525,0.16,1.363,0.629,0.279,0.34,8,0,2.0641254029041325
2.0,0.685,0.52,0.165,1.519,0.699,0.3685,0.4,10,0,0.6067264910349403
2.0,0.69,0.53,0.21,1.583,0.7355,0.405,0.3865,12,0,2.0936556815767333
2.0,0.695,0.56,0.185,1.74,0.885,0.3715,0.4375,10,0,0.8878873021419607
2.0,0.7,0.565,0.18,1.751,0.895,0.3355,0.446,9,0,1.360983461384128
2.0,0.7,0.575,0.19,2.273,1.095,0.418,0.638,12,0,2.47177823022022
2.0,0.715,0.55,0.19,2.0045,1.0465,0.407,0.5075,12,0,2.3158967849969847
2.0,0.715,0.535,0.19,1.6755,0.889,0.313,0.42,10,0,0.8269230435096798
2.0,0.725,0.505,0.185,1.978,1.026,0.4255,0.4505,12,0,2.295256101090054
2.0,0.735,0.585,0.185,2.124,0.952,0.55,0.5,11,0,1.6241668673126983
2.0,0.745,0.565,0.215,1.931,0.896,0.4585,0.5,11,0,1.4638753877244282
2.0,0.755,0.58,0.205,2.0065,0.8295,0.4015,0.595,10,0,1.1441083058507844
2.0,0.495,0.395,0.12,0.553,0.224,0.1375,0.167,8,0,2.0937543640364886
2.0,0.5,0.42,0.135,0.6765,0.302,0.1415,0.2065,9,0,1.0955222165044118
2.0,0.525,0.42,0.155,0.842,0.428,0.1415,0.2045,9,0,1.0445249785359152
2.0,0.535,0.435,0.15,0.717,0.3475,0.1445,0.194,9,0,1.076576060875097
2.0,0.55,0.43,0.15,0.8745,0.413,0.1905,0.248,9,0,1.0337274867858708
2.0,0.555,0.44,0.14,0.8705,0.407,0.156,0.255,9,0,1.0357557867772142
2.0,0.565,0.445,0.15,0.796,0.3635,0.184,0.219,8,0,2.0367942676960515
2.0,0.565,0.39,0.125,0.744,0.352,0.13,0.1685,11,0,1.0324578313333486
2.0,0.57,0.435,0.17,0.873,0.382,0.183,0.2705,10,0,0.165290912655046
2.0,0.57,0.435,0.125,0.8965,0.383,0.1835,0.275,9,0,1.032182519787222
2.0,0.575,0.46,0.155,0.892,0.4415,0.176,0.22,10,0,0.1462788412105807
2.0,0.58,0.46,0.155,1.4395,0.6715,0.273,0.2955,10,0,0.4835821311970492
2.0,0.58,0.455,0.135,0.7955,0.405,0.167,0.204,10,0,0.2440207832587954
2.0,0.585,0.465,0.155,0.9145,0.4555,0.1965,0.235,9,0,1.0280771032563738
2.0,0.585,0.49,0.185,1.171,0.522,0.2535,0.335,10,0,0.1906849056103907
2.0,0.585,0.46,0.165,1.1135,0.5825,0.2345,0.274,10,0,0.1677207176359151
2.0,0.585,0.47,0.165,1.409,0.8,0.229,0.295,10,0,0.5287654010728922
2.0,0.585,0.475,0.15,1.065,0.5315,0.199,0.2885,10,0,0.1034667849632507
2.0,0.585,0.45,0.18,0.7995,0.336,0.1855,0.237,8,0,2.0373661842981643
2.0,0.59,0.47,0.18,1.187,0.5985,0.227,0.31,9,0,1.0478089717759256
2.0,0.59,0.455,0.155,0.8855,0.388,0.188,0.275,10,0,0.1485397756725106
2.0,0.6,0.475,0.17,1.1315,0.508,0.272,0.309,10,0,0.1478009150043464
2.0,0.6,0.48,0.155,1.014,0.451,0.1885,0.325,11,0,0.980205667688135
2.0,0.6,0.46,0.155,0.9595,0.4455,0.189,0.295,11,0,0.9804850841002144
2.0,0.605,0.49,0.14,0.9755,0.419,0.206,0.315,10,0,0.0793903736729882
2.0,0.61,0.45,0.15,0.871,0.407,0.1835,0.25,10,0,0.1614320230438652
2.0,0.61,0.48,0.165,1.244,0.6345,0.257,0.305,12,0,2.0008246735578634
2.0,0.61,0.475,0.17,1.0265,0.435,0.2335,0.3035,10,0,0.0545492418777735
2.0,0.61,0.48,0.17,1.137,0.4565,0.29,0.347,10,0,0.161978271034397
2.0,0.61,0.46,0.16,1.0,0.494,0.197,0.275,10,0,0.0639654229827276
2.0,0.615,0.47,0.165,1.128,0.4465,0.2195,0.34,10,0,0.1366511586204453
2.0,0.615,0.5,0.17,1.054,0.4845,0.228,0.295,10,0,0.0831381492697881
2.0,0.615,0.475,0.17,1.129,0.4795,0.302,0.3,10,0,0.1518792322478816
2.0,0.615,0.48,0.175,1.118,0.446,0.3195,0.3,9,0,1.0329780303483995
2.0,0.62,0.51,0.175,1.2815,0.5715,0.2385,0.39,10,0,0.3223920361081772
2.0,0.62,0.495,0.18,1.2555,0.5765,0.254,0.355,12,0,1.9994130883411183
2.0,0.625,0.455,0.17,1.082,0.4955,0.2345,0.315,9,0,1.0267639713944652
2.0,0.63,0.485,0.145,1.062,0.5065,0.1785,0.3365,12,0,1.9816335655186024
2.0,0.63,0.495,0.16,1.093,0.497,0.221,0.315,12,0,1.9815987836391065
2.0,0.635,0.49,0.16,1.101,0.534,0.1865,0.3455,10,0,0.1568257136562091
2.0,0.635,0.475,0.17,1.1935,0.5205,0.2695,0.3665,10,0,0.2250256938912666
2.0,0.635,0.51,0.155,0.986,0.405,0.2255,0.31,10,0,0.1004968299763043
2.0,0.64,0.565,0.23,1.521,0.644,0.372,0.406,15,0,5.01359323410233
2.0,0.64,0.525,0.18,1.3135,0.4865,0.2995,0.4075,10,0,0.3503139745286444
2.0,0.645,0.51,0.16,1.1835,0.556,0.2385,0.345,11,0,1.0040888951053994
2.0,0.645,0.5,0.195,1.401,0.6165,0.3515,0.3725,10,0,0.45908975598744
2.0,0.645,0.525,0.16,1.5075,0.7455,0.245,0.4325,11,0,1.148960689128061
2.0,0.65,0.525,0.175,1.5365,0.6865,0.3585,0.405,11,0,1.1531582025207303
2.0,0.65,0.51,0.19,1.542,0.7155,0.3735,0.375,9,0,1.1975868468682975
2.0,0.655,0.535,0.205,1.6445,0.7305,0.3595,0.46,13,0,3.067719390088078
2.0,0.655,0.49,0.175,1.3585,0.6395,0.294,0.365,10,0,0.4175300877638142
2.0,0.675,0.545,0.185,1.7375,0.876,0.3135,0.469,13,0,3.1041511367922365
2.0,0.685,0.545,0.205,1.7925,0.8145,0.416,0.461,9,0,1.3691378463146355
2.0,0.705,0.555,0.215,2.141,1.0465,0.383,0.528,11,0,1.6428063263292434
2.0,0.72,0.575,0.215,2.173,0.9515,0.564,0.5365,12,0,2.393192811824068
2.0,0.415,0.315,0.115,0.3895,0.2015,0.065,0.103,9,0,1.2652891790535072
2.0,0.44,0.32,0.12,0.4565,0.2435,0.092,0.1025,8,0,2.1282250928015505
2.0,0.45,0.335,0.125,0.4475,0.2165,0.126,0.11,6,0,4.076946508553453
2.0,0.475,0.37,0.125,0.649,0.347,0.136,0.142,8,0,2.0682644302282784
2.0,0.485,0.39,0.085,0.6435,0.2945,0.103,0.198,8,0,2.070920593939896
2.0,0.485,0.37,0.13,0.526,0.2485,0.105,0.1555,6,0,4.062077010774313
2.0,0.505,0.385,0.105,0.5525,0.239,0.1245,0.1555,9,0,1.1576300590185935
2.0,0.515,0.425,0.145,0.9365,0.497,0.181,0.2185,8,0,2.026568593670507
2.0,0.52,0.4,0.125,0.559,0.254,0.139,0.149,8,0,2.089316142469916
2.0,0.525,0.4,0.14,0.7205,0.3685,0.145,0.1735,8,0,2.050490414901786
2.0,0.53,0.4,0.125,0.7575,0.398,0.151,0.175,8,0,2.0442923625664062
2.0,0.55,0.425,0.16,0.793,0.343,0.2035,0.215,9,0,1.0540500990256978
2.0,0.57,0.445,0.15,0.9875,0.504,0.207,0.249,8,0,2.023088152908357
2.0,0.575,0.465,0.15,1.08,0.595,0.2065,0.238,9,0,1.035255383194238
2.0,0.575,0.46,0.165,0.9155,0.4005,0.2465,0.2385,8,0,2.0254772120331146
2.0,0.585,0.455,0.15,0.906,0.4095,0.23,0.2335,8,0,2.025711015858834
2.0,0.59,0.44,0.15,0.8725,0.387,0.215,0.245,8,0,2.0281680389521144
2.0,0.6,0.455,0.155,0.945,0.4365,0.2085,0.25,8,0,2.023447355934992
2.0,0.6,0.465,0.2,1.259,0.6405,0.1985,0.357,9,0,1.0720377752867212
2.0,0.62,0.485,0.155,1.049,0.462,0.231,0.25,10,0,0.0744656394017341
2.0,0.62,0.48,0.165,1.0725,0.4815,0.235,0.312,9,0,1.0256336981962395
2.0,0.625,0.52,0.175,1.4105,0.691,0.322,0.3465,10,0,0.48634703282967
2.0,0.625,0.47,0.18,1.136,0.451,0.3245,0.305,11,0,0.9927288786906524
2.0,0.63,0.47,0.145,1.1005,0.52,0.26,0.276,9,0,1.0299007626630352
2.0,0.63,0.455,0.15,1.1315,0.481,0.2745,0.305,9,0,1.0318478065926011
2.0,0.63,0.48,0.15,1.271,0.6605,0.2425,0.31,11,0,1.0350778680022537
2.0,0.635,0.51,0.185,1.308,0.544,0.318,0.377,8,0,2.0514436710841686
2.0,0.645,0.51,0.155,1.539,0.6405,0.3585,0.43,11,0,1.1474678592819016
2.0,0.65,0.515,0.175,1.466,0.677,0.3045,0.4,10,0,0.5348225573908402
2.0,0.65,0.485,0.14,1.175,0.475,0.2435,0.215,8,0,2.031223116327875
2.0,0.655,0.51,0.215,1.7835,0.8885,0.4095,0.4195,11,0,1.3444192016548038
2.0,0.66,0.505,0.165,1.374,0.589,0.351,0.345,10,0,0.4231156490237118
2.0,0.67,0.545,0.2,1.7025,0.833,0.374,0.41,11,0,1.2787738210114286
2.0,0.67,0.51,0.175,1.5265,0.651,0.4475,0.345,10,0,0.6081256063032929
2.0,0.67,0.5,0.19,1.519,0.616,0.388,0.415,10,0,0.5828957745405334
2.0,0.68,0.515,0.17,1.6115,0.8415,0.306,0.395,11,0,1.2249993789661773
2.0,0.69,0.525,0.2,1.7825,0.9165,0.3325,0.461,12,0,2.187363249503396
2.0,0.7,0.555,0.2,1.858,0.73,0.3665,0.595,11,0,1.3759878454924814
2.0,0.705,0.56,0.165,1.675,0.797,0.4095,0.388,10,0,0.7942802212133687
2.0,0.72,0.565,0.2,2.1055,1.017,0.363,0.494,12,0,2.3505405147542238
2.0,0.74,0.57,0.18,1.8725,0.9115,0.427,0.446,10,0,1.028977302868653
2.0,0.75,0.55,0.18,1.893,0.942,0.397,0.445,11,0,1.437775911144043
2.0,0.475,0.36,0.1,0.4285,0.1965,0.099,0.112,7,0,3.0992900572751805
2.0,0.48,0.355,0.16,0.464,0.221,0.106,0.239,8,0,2.116061755966767
2.0,0.525,0.415,0.145,0.845,0.3525,0.1635,0.2875,8,0,2.033268387322495
2.0,0.525,0.4,0.155,0.707,0.282,0.1605,0.225,9,0,1.0861490017254951
2.0,0.54,0.455,0.14,0.972,0.419,0.255,0.269,10,0,0.078966778487755
2.0,0.55,0.435,0.14,0.7625,0.327,0.1685,0.259,10,0,0.2892291831410007
2.0,0.56,0.425,0.135,0.849,0.3265,0.221,0.2645,10,0,0.211895180754977
2.0,0.565,0.44,0.125,0.802,0.3595,0.1825,0.215,9,0,1.051010428022317
2.0,0.565,0.43,0.15,0.831,0.4245,0.1735,0.219,10,0,0.203974302053891
2.0,0.57,0.45,0.14,0.795,0.3385,0.148,0.245,9,0,1.0544250712412724
2.0,0.575,0.455,0.165,0.867,0.3765,0.1805,0.268,8,0,2.0290196405749072
2.0,0.575,0.47,0.185,0.985,0.3745,0.2175,0.355,10,0,0.116679993971174
2.0,0.575,0.445,0.16,0.839,0.4005,0.198,0.239,9,0,1.0390403988386845
2.0,0.575,0.44,0.16,0.9615,0.483,0.166,0.275,13,0,2.9793636829559462
2.0,0.58,0.46,0.155,1.0335,0.469,0.2225,0.295,10,0,0.0373508319691866
2.0,0.58,0.43,0.13,0.798,0.365,0.173,0.2285,10,0,0.2464031682392289
2.0,0.59,0.49,0.165,1.207,0.559,0.235,0.309,10,0,0.2283118141723715
2.0,0.595,0.45,0.14,0.838,0.3965,0.194,0.217,10,0,0.1990224233021459
2.0,0.595,0.45,0.145,0.959,0.463,0.2065,0.2535,10,0,0.0701865207777242
2.0,0.6,0.48,0.165,0.9165,0.4135,0.1965,0.2725,9,0,1.0280124568736322
2.0,0.6,0.47,0.165,1.059,0.504,0.241,0.275,9,0,1.024766828143433
2.0,0.6,0.47,0.16,1.194,0.5625,0.3045,0.2635,10,0,0.2307716146924195
2.0,0.605,0.475,0.145,0.884,0.3835,0.1905,0.27,8,0,2.0276563846164706
2.0,0.61,0.475,0.155,0.983,0.4565,0.228,0.266,10,0,0.0541265002099108
2.0,0.61,0.47,0.16,1.022,0.449,0.2345,0.2945,9,0,1.022563819252465
2.0,0.61,0.47,0.17,1.1185,0.5225,0.2405,0.31,9,0,1.0309064240113437
2.0,0.615,0.47,0.16,1.0175,0.473,0.2395,0.28,10,0,0.0512793466927322
2.0,0.615,0.475,0.175,1.224,0.6035,0.261,0.311,9,0,1.056477113948263
2.0,0.62,0.515,0.175,1.221,0.535,0.241,0.395,13,0,2.989693280957884
2.0,0.62,0.48,0.15,1.266,0.6285,0.2575,0.309,12,0,2.003159263522088
2.0,0.625,0.49,0.165,1.1165,0.4895,0.2615,0.3325,11,0,0.98803637450102
2.0,0.625,0.475,0.16,1.0845,0.5005,0.2355,0.3105,10,0,0.1064473101126717
2.0,0.625,0.5,0.17,1.0985,0.4645,0.22,0.354,9,0,1.0300804638050318
2.0,0.63,0.505,0.17,1.0915,0.4615,0.266,0.3,9,0,1.0284974082458722
2.0,0.63,0.49,0.17,1.1745,0.5255,0.273,0.339,11,0,0.9989746628593964
2.0,0.63,0.485,0.165,1.233,0.6565,0.2315,0.3035,10,0,0.3081947079878872
2.0,0.63,0.495,0.175,1.2695,0.605,0.271,0.328,11,0,1.0271743996562708
2.0,0.635,0.5,0.17,1.4345,0.611,0.309,0.418,12,0,2.036502567548131
2.0,0.64,0.515,0.18,1.247,0.5475,0.2925,0.3685,10,0,0.2907031027222514
2.0,0.64,0.525,0.185,1.707,0.763,0.4205,0.4435,11,0,1.2688499224154586
2.0,0.645,0.505,0.15,1.1605,0.519,0.2615,0.335,10,0,0.1942623352711638
2.0,0.645,0.5,0.175,1.286,0.5645,0.288,0.386,12,0,2.005484578256288
2.0,0.645,0.5,0.19,1.5595,0.741,0.3715,0.3845,14,0,4.030907039652412
2.0,0.645,0.51,0.19,1.4745,0.605,0.345,0.48,9,0,1.1589395073905442
2.0,0.645,0.51,0.195,1.226,0.5885,0.2215,0.3745,10,0,0.2863449556125756
2.0,0.645,0.51,0.16,1.33,0.6665,0.309,0.317,9,0,1.098542333864325
2.0,0.645,0.5,0.175,1.3375,0.554,0.308,0.415,10,0,0.3843642629102767
2.0,0.645,0.485,0.15,1.2215,0.5695,0.2735,0.33,9,0,1.0542781426644252
2.0,0.65,0.505,0.19,1.274,0.59,0.23,0.391,11,0,1.0317967888204118
2.0,0.65,0.525,0.185,1.488,0.665,0.337,0.378,11,0,1.1229350537945406
2.0,0.65,0.51,0.16,1.3835,0.6385,0.2905,0.3665,9,0,1.1117961819395512
2.0,0.655,0.55,0.18,1.274,0.586,0.281,0.365,10,0,0.3349463774168119
2.0,0.66,0.5,0.165,1.3195,0.667,0.269,0.341,9,0,1.0948314524746454
2.0,0.66,0.53,0.195,1.5505,0.6505,0.3295,0.495,10,0,0.631861250862893
2.0,0.66,0.51,0.165,1.6375,0.7685,0.3545,0.3925,14,0,4.044168839996362
2.0,0.665,0.525,0.175,1.443,0.6635,0.3845,0.353,11,0,1.1091509003322155
2.0,0.665,0.505,0.16,1.289,0.6145,0.253,0.3665,11,0,1.0379047969663406
2.0,0.665,0.52,0.175,1.3725,0.606,0.32,0.395,12,0,2.0248751989370315
2.0,0.665,0.5,0.175,1.2975,0.6075,0.314,0.315,9,0,1.080944031307251
2.0,0.67,0.505,0.16,1.2585,0.6255,0.311,0.308,12,0,2.005631982869541
2.0,0.67,0.52,0.165,1.39,0.711,0.2865,0.3,11,0,1.0877232500021223
2.0,0.675,0.525,0.16,1.2835,0.572,0.2755,0.3545,13,0,2.9964949214328667
2.0,0.68,0.52,0.195,1.4535,0.592,0.391,0.4125,10,0,0.5245868790872685
2.0,0.685,0.52,0.15,1.3735,0.7185,0.293,0.32,11,0,1.0861053582280156
2.0,0.7,0.565,0.175,1.8565,0.8445,0.3935,0.54,10,0,0.994439366886934
2.0,0.71,0.575,0.215,2.009,0.9895,0.4475,0.502,11,0,1.5401338936387228
2.0,0.71,0.56,0.22,2.015,0.9215,0.454,0.566,11,0,1.5322580677673252
2.0,0.72,0.57,0.2,1.8275,0.919,0.366,0.485,10,0,0.9894266191234982
2.0,0.72,0.55,0.205,2.125,1.1455,0.4425,0.511,13,0,3.274041882248045
2.0,0.735,0.59,0.215,1.747,0.7275,0.403,0.557,11,0,1.3135462353056793
2.0,0.75,0.595,0.205,2.2205,1.083,0.421,0.63,12,0,2.445658196681395
2.0,0.39,0.28,0.125,0.564,0.3035,0.0955,0.143,7,0,3.0754558481931444
2.0,0.445,0.32,0.12,0.414,0.199,0.09,0.117,7,0,3.104308930554933
2.0,0.465,0.36,0.115,0.5795,0.295,0.1395,0.12,7,0,3.0661289963272864
2.0,0.485,0.37,0.155,0.968,0.419,0.2455,0.2365,9,0,1.0325682697061949
2.0,0.5,0.37,0.15,1.0615,0.494,0.223,0.296,9,0,1.0306516816302862
2.0,0.515,0.35,0.155,0.9225,0.4185,0.198,0.273,9,0,1.0341060826061803
2.0,0.515,0.395,0.135,1.007,0.472,0.2495,0.252,8,0,2.0244009888236656
2.0,0.525,0.365,0.17,0.9605,0.438,0.2225,0.276,10,0,0.1214949840806357
2.0,0.525,0.38,0.125,0.65,0.303,0.155,0.159,7,0,3.051997371882384
2.0,0.53,0.41,0.14,0.7545,0.3495,0.1715,0.2105,8,0,2.0439198777789254
2.0,0.55,0.42,0.16,1.3405,0.6325,0.311,0.344,10,0,0.3928048616912991
2.0,0.57,0.455,0.175,1.02,0.4805,0.2145,0.29,9,0,1.022606918561494
2.0,0.575,0.44,0.185,1.025,0.5075,0.2245,0.2485,10,0,0.0780761969840933
2.0,0.585,0.455,0.145,0.953,0.3945,0.2685,0.258,10,0,0.1000516828373528
2.0,0.6,0.495,0.175,1.3005,0.6195,0.284,0.3285,11,0,1.0373252650573757
2.0,0.6,0.465,0.165,1.038,0.4975,0.2205,0.251,9,0,1.0239871540443553
2.0,0.605,0.475,0.175,1.2525,0.5575,0.3055,0.343,9,0,1.0605191320198577
2.0,0.605,0.475,0.15,1.15,0.575,0.232,0.297,10,0,0.1894295506752007
2.0,0.62,0.47,0.145,1.0865,0.511,0.2715,0.2565,10,0,0.1196474387183207
2.0,0.625,0.495,0.175,1.254,0.5815,0.286,0.3185,9,0,1.062319300513337
2.0,0.625,0.49,0.185,1.169,0.5275,0.2535,0.344,11,0,0.9978804503248878
2.0,0.635,0.495,0.195,1.172,0.445,0.3115,0.3475,11,0,1.0001767418696386
2.0,0.645,0.5,0.16,1.3815,0.672,0.326,0.315,9,0,1.1165163564157694
2.0,0.65,0.525,0.19,1.6125,0.777,0.3685,0.3965,11,0,1.2114097980822702
2.0,0.65,0.485,0.16,1.7395,0.5715,0.2785,0.3075,10,0,0.7436655500370711
2.0,0.655,0.545,0.19,1.4245,0.6325,0.333,0.378,10,0,0.4887506332262694
2.0,0.695,0.53,0.19,1.726,0.7625,0.436,0.455,11,0,1.2873085471393482
2.0,0.72,0.56,0.18,1.5865,0.691,0.375,0.4425,11,0,1.192915747714066
2.0,0.73,0.575,0.21,2.069,0.9285,0.409,0.643,11,0,1.5824681655079536
2.0,0.515,0.385,0.11,0.5785,0.253,0.16,0.14,8,0,2.0859816099780715
2.0,0.555,0.435,0.14,0.7495,0.341,0.1645,0.214,8,0,2.0442096109243093
2.0,0.555,0.41,0.125,0.599,0.2345,0.1465,0.194,8,0,2.0792750677700265
2.0,0.555,0.4,0.13,0.7075,0.332,0.1585,0.18,7,0,3.042694737362724
2.0,0.555,0.455,0.135,0.837,0.382,0.171,0.235,9,0,1.0420925165445978
2.0,0.565,0.415,0.125,0.667,0.302,0.1545,0.185,7,0,3.048013607210896
2.0,0.565,0.455,0.155,0.9355,0.421,0.183,0.26,11,0,0.982898870544094
2.0,0.565,0.45,0.16,0.895,0.415,0.195,0.246,9,0,1.0304398836917303
2.0,0.57,0.46,0.155,1.0005,0.454,0.205,0.265,11,0,0.9786524067595443
2.0,0.57,0.455,0.155,0.832,0.3585,0.174,0.277,11,0,1.0003191461291794
2.0,0.57,0.44,0.175,0.9415,0.3805,0.2285,0.283,9,0,1.0271545357480143
2.0,0.57,0.415,0.13,0.88,0.4275,0.1955,0.238,13,0,2.9820433547465504
2.0,0.575,0.45,0.13,0.785,0.318,0.193,0.2265,9,0,1.0576290331490756
2.0,0.575,0.45,0.155,0.9765,0.495,0.2145,0.235,9,0,1.0245845469674373
2.0,0.575,0.435,0.135,0.992,0.432,0.2225,0.239,10,0,0.0635495442132676
2.0,0.575,0.455,0.155,1.013,0.4685,0.2085,0.295,11,0,0.978501375450018
2.0,0.575,0.445,0.145,0.876,0.3795,0.1615,0.27,10,0,0.1690334614552485
2.0,0.575,0.475,0.145,0.857,0.3665,0.173,0.269,9,0,1.0387110127107897
2.0,0.58,0.44,0.15,1.0465,0.518,0.2185,0.2795,10,0,0.0793021859394308
2.0,0.58,0.44,0.16,0.8295,0.3365,0.2005,0.2485,9,0,1.0454094121270143
2.0,0.595,0.455,0.15,0.886,0.4315,0.201,0.223,10,0,0.1455775797172628
2.0,0.6,0.46,0.17,1.1805,0.456,0.337,0.329,11,0,1.0003100792431976
2.0,0.6,0.475,0.15,0.99,0.386,0.2195,0.3105,10,0,0.0830312252271432
2.0,0.605,0.47,0.18,1.1155,0.479,0.2565,0.321,10,0,0.1258207042270212
2.0,0.61,0.48,0.14,1.031,0.4375,0.2615,0.27,8,0,2.0228042694533395
2.0,0.615,0.47,0.145,1.0285,0.4435,0.2825,0.285,11,0,0.9808343366756216
2.0,0.615,0.47,0.15,1.0875,0.4975,0.283,0.2685,9,0,1.028127419953354
2.0,0.615,0.495,0.2,1.219,0.564,0.227,0.3885,10,0,0.2678767316379111
2.0,0.62,0.49,0.16,1.035,0.44,0.2525,0.285,11,0,0.9803446399381772
2.0,0.62,0.49,0.15,1.195,0.4605,0.302,0.355,9,0,1.0448556111184246
2.0,0.62,0.495,0.195,1.5145,0.579,0.346,0.5195,15,0,5.012578749143166
2.0,0.62,0.47,0.15,1.309,0.587,0.4405,0.325,9,0,1.0958663548249956
2.0,0.62,0.485,0.155,1.0295,0.425,0.2315,0.335,12,0,1.979722317705332
2.0,0.625,0.495,0.155,1.0485,0.487,0.212,0.3215,11,0,0.9820990298054424
2.0,0.625,0.515,0.17,1.331,0.5725,0.3005,0.361,9,0,1.085402597222169
2.0,0.625,0.505,0.185,1.1565,0.52,0.2405,0.3535,10,0,0.191220205393145
2.0,0.63,0.49,0.155,1.2525,0.63,0.246,0.289,9,0,1.0666830330144257
2.0,0.635,0.525,0.16,1.195,0.5435,0.246,0.335,12,0,1.9914746323325387
2.0,0.635,0.5,0.165,1.273,0.6535,0.213,0.365,12,0,2.0083894436899468
2.0,0.635,0.515,0.165,1.229,0.5055,0.2975,0.3535,10,0,0.2596027036464478
2.0,0.64,0.53,0.165,1.1895,0.4765,0.3,0.35,11,0,1.0041727281036552
2.0,0.64,0.49,0.155,1.1285,0.477,0.269,0.34,9,0,1.0336039069773624
2.0,0.645,0.49,0.175,1.32,0.6525,0.2375,0.3385,11,0,1.0491703250582656
2.0,0.655,0.52,0.17,1.1445,0.53,0.223,0.348,9,0,1.0401883236486826
2.0,0.66,0.51,0.175,1.218,0.5055,0.303,0.37,11,0,1.012683468395027
2.0,0.665,0.515,0.2,1.2695,0.5115,0.2675,0.436,12,0,2.005207583266216
2.0,0.665,0.525,0.18,1.429,0.6715,0.29,0.4,12,0,2.041001391297049
2.0,0.675,0.515,0.15,1.312,0.556,0.2845,0.4115,11,0,1.0440982542379162
2.0,0.68,0.54,0.19,1.623,0.7165,0.354,0.4715,12,0,2.104015983837377
2.0,0.68,0.54,0.155,1.534,0.671,0.379,0.384,10,0,0.6099681473838588
2.0,0.685,0.535,0.155,1.3845,0.6615,0.2145,0.4075,10,0,0.4645989817147706
2.0,0.69,0.55,0.18,1.6915,0.6655,0.402,0.5,11,0,1.2506765991764226
2.0,0.695,0.545,0.185,1.5715,0.6645,0.3835,0.4505,13,0,3.0500715010612014
2.0,0.7,0.55,0.175,1.4405,0.6565,0.2985,0.375,12,0,2.043540605044591
2.0,0.7,0.55,0.195,1.6245,0.675,0.347,0.535,13,0,3.065535607968658
2.0,0.72,0.565,0.19,2.081,1.0815,0.4305,0.503,11,0,1.6183975741450316
2.0,0.76,0.605,0.215,2.173,0.801,0.4915,0.646,13,0,3.25580012348393
2.0,0.45,0.33,0.105,0.4955,0.2575,0.082,0.129,8,0,2.11463918241715
2.0,0.47,0.365,0.135,0.522,0.2395,0.1525,0.145,10,0,0.575161437656179
2.0,0.505,0.39,0.12,0.653,0.3315,0.1385,0.167,9,0,1.1043728221246378
2.0,0.505,0.395,0.135,0.5915,0.288,0.1315,0.185,12,0,2.0358841988414547
2.0,0.505,0.385,0.115,0.4825,0.21,0.1035,0.1535,10,0,0.6189486099579915
2.0,0.515,0.4,0.14,0.6335,0.288,0.145,0.168,9,0,1.1142296445015418
2.0,0.525,0.41,0.13,0.6875,0.3435,0.1495,0.1765,9,0,1.088123732660168
2.0,0.545,0.44,0.14,0.8395,0.356,0.1905,0.2385,11,0,1.0003215153491851
2.0,0.565,0.445,0.145,0.9255,0.4345,0.212,0.2475,9,0,1.0265738493279095
2.0,0.58,0.46,0.16,1.063,0.513,0.2705,0.2625,9,0,1.0262255607763733
2.0,0.59,0.465,0.165,1.115,0.5165,0.273,0.275,10,0,0.1341012002723761
2.0,0.605,0.445,0.14,0.982,0.4295,0.2085,0.295,12,0,1.978825611391689
2.0,0.61,0.49,0.16,1.112,0.465,0.228,0.341,10,0,0.1268996945216788
2.0,0.66,0.515,0.195,1.5655,0.7345,0.353,0.386,9,0,1.2119874281834102
2.0,0.45,0.35,0.13,0.4655,0.2075,0.1045,0.135,8,0,2.1240094922510875
2.0,0.46,0.345,0.12,0.4935,0.2435,0.1175,0.132,8,0,2.1124354027657284
2.0,0.46,0.345,0.11,0.4595,0.235,0.0885,0.116,7,0,3.091768429908541
2.0,0.465,0.36,0.11,0.4955,0.2665,0.085,0.121,7,0,3.082682130988751
2.0,0.485,0.39,0.135,0.617,0.25,0.1345,0.1635,8,0,2.0786838748750958
2.0,0.5,0.39,0.135,0.7815,0.361,0.1575,0.2385,9,0,1.0598017226341725
2.0,0.505,0.385,0.13,0.6435,0.3135,0.149,0.1515,7,0,3.053006994804337
2.0,0.525,0.385,0.1,0.5115,0.246,0.1005,0.1455,8,0,2.103839315708163
2.0,0.535,0.42,0.125,0.738,0.355,0.1895,0.1795,8,0,2.046602659195935
2.0,0.55,0.41,0.13,0.8705,0.4455,0.2115,0.213,9,0,1.035818412824307
2.0,0.58,0.45,0.12,0.8685,0.418,0.1475,0.2605,8,0,2.0291046366521184
2.0,0.595,0.465,0.15,0.919,0.4335,0.1765,0.262,9,0,1.0277349891445713
2.0,0.61,0.48,0.165,1.2435,0.5575,0.2675,0.372,8,0,2.040564566419953
2.0,0.645,0.495,0.15,1.2095,0.603,0.2225,0.339,9,0,1.0558432643787958
2.0,0.65,0.5,0.14,1.238,0.6165,0.2355,0.32,8,0,2.04315579589559
2.0,0.685,0.55,0.2,1.7725,0.813,0.387,0.49,11,0,1.325348004388473
2.0,0.72,0.585,0.22,1.914,0.9155,0.448,0.479,11,0,1.4539857089543422
2.0,0.53,0.425,0.13,0.7455,0.2995,0.1355,0.245,10,0,0.3289461623749661
2.0,0.415,0.3,0.1,0.3355,0.1545,0.0685,0.095,7,0,3.129208633172313
2.0,0.5,0.39,0.145,0.651,0.273,0.132,0.22,11,0,1.0688857988097524
2.0,0.425,0.33,0.08,0.361,0.134,0.0825,0.125,7,0,3.122043128130152
2.0,0.47,0.35,0.1,0.4775,0.1885,0.0885,0.175,8,0,2.1211913454098235
2.0,0.375,0.29,0.1,0.276,0.1175,0.0565,0.085,9,0,1.3556537922078198
2.0,0.585,0.48,0.185,1.04,0.434,0.265,0.285,10,0,0.0696592866434159
2.0,0.595,0.455,0.155,1.041,0.416,0.2105,0.365,14,0,3.9793046347080265
2.0,0.62,0.49,0.17,1.2105,0.5185,0.2555,0.335,13,0,2.9866083618693757
2.0,0.525,0.405,0.13,0.7185,0.3265,0.1975,0.175,8,0,2.051454783552979
2.0,0.425,0.325,0.1,0.3295,0.1365,0.0725,0.11,7,0,3.129564140142414
2.0,0.385,0.295,0.095,0.335,0.147,0.094,0.09,7,0,3.131256562997452
2.0,0.47,0.375,0.115,0.4265,0.1685,0.0755,0.15,8,0,2.138047760704343
2.0,0.62,0.51,0.175,1.1505,0.4375,0.2265,0.4,12,0,1.9877346083153484
2.0,0.595,0.47,0.15,0.8915,0.359,0.2105,0.245,12,0,1.9845371473568036
2.0,0.585,0.455,0.14,0.97,0.462,0.185,0.295,9,0,1.0236936267969734
2.0,0.32,0.24,0.08,0.18,0.08,0.0385,0.055,6,0,4.148772079312185
2.0,0.44,0.35,0.11,0.4585,0.2,0.0885,0.13,9,0,1.220177118650721
2.0,0.565,0.425,0.1,0.7145,0.3055,0.166,0.18,12,0,2.01029017521921
2.0,0.68,0.53,0.205,1.496,0.5825,0.337,0.465,14,0,4.017544376825491
2.0,0.47,0.37,0.105,0.4665,0.2025,0.1015,0.155,10,0,0.6432966030139361
2.0,0.455,0.35,0.105,0.401,0.1575,0.083,0.135,9,0,1.2551961259421902
2.0,0.465,0.35,0.12,0.5205,0.2015,0.1625,0.185,11,0,1.1402821486375667
2.0,0.46,0.375,0.135,0.4935,0.186,0.0845,0.17,12,0,2.075198494097891
2.0,0.415,0.31,0.09,0.3245,0.1305,0.0735,0.115,8,0,2.183495884279877
2.0,0.27,0.195,0.07,0.106,0.0465,0.018,0.036,7,0,3.223641073254554
2.0,0.445,0.355,0.11,0.4415,0.1805,0.1035,0.1505,10,0,0.6799616757738058
2.0,0.55,0.44,0.135,0.879,0.368,0.2095,0.265,10,0,0.165410816302712
2.0,0.58,0.46,0.165,1.2275,0.473,0.1965,0.435,16,0,5.984062672690679
2.0,0.61,0.5,0.165,1.2715,0.4915,0.185,0.49,12,0,2.007284180768914
2.0,0.56,0.42,0.195,0.8085,0.3025,0.1795,0.285,14,0,3.986820550710407
2.0,0.375,0.305,0.09,0.3245,0.1395,0.0565,0.095,5,0,5.091358565436908
2.0,0.335,0.235,0.085,0.1545,0.066,0.0345,0.045,6,0,4.155240175529239
2.0,0.285,0.21,0.075,0.1185,0.055,0.0285,0.04,7,0,3.2154133406556245
2.0,0.595,0.465,0.125,0.799,0.3245,0.2,0.23,10,0,0.2583978168234215
2.0,0.575,0.45,0.185,0.925,0.342,0.197,0.35,12,0,1.9846753142329343
2.0,0.535,0.42,0.165,0.9195,0.3355,0.1985,0.26,16,0,5.980386191635808
2.0,0.55,0.43,0.16,0.9295,0.317,0.1735,0.355,13,0,2.983909086610534
2.0,0.445,0.34,0.12,0.4475,0.193,0.1035,0.13,9,0,1.2251050819062812
2.0,0.495,0.385,0.135,0.6335,0.2,0.1225,0.26,14,0,4.006993519911342
2.0,0.47,0.37,0.135,0.547,0.222,0.1325,0.17,12,0,2.0550842163453544
2.0,0.58,0.47,0.165,0.927,0.3215,0.1985,0.315,11,0,0.991497212540802
2.0,0.645,0.495,0.185,1.4935,0.5265,0.2785,0.455,15,0,5.005830624652972
2.0,0.615,0.48,0.19,1.36,0.5305,0.2375,0.47,18,0,7.9885007591889
2.0,0.42,0.345,0.105,0.43,0.175,0.096,0.13,7,0,3.102810551474682
2.0,0.42,0.34,0.115,0.4215,0.175,0.093,0.135,8,0,2.1431747252216478
2.0,0.565,0.47,0.195,1.142,0.387,0.258,0.35,17,0,6.980213890473233
2.0,0.495,0.39,0.15,0.853,0.3285,0.189,0.27,14,0,3.98487347581714
2.0,0.58,0.465,0.175,1.035,0.401,0.1865,0.385,17,0,6.979253623653178
2.0,0.59,0.475,0.155,0.857,0.356,0.174,0.28,13,0,2.984238932708403
2.0,0.37,0.28,0.095,0.2225,0.0805,0.051,0.075,7,0,3.1693744942446176
2.0,0.555,0.43,0.165,0.7575,0.2735,0.1635,0.275,13,0,2.9951952788216643
2.0,0.595,0.475,0.17,1.0965,0.419,0.229,0.35,17,0,6.979119392232432
2.0,0.6,0.48,0.175,1.229,0.4125,0.2735,0.415,13,0,2.989847919298514
2.0,0.585,0.465,0.19,1.171,0.3905,0.2355,0.4,17,0,6.981312186801139
2.0,0.415,0.315,0.125,0.388,0.068,0.09,0.125,12,0,2.1309525384542933
2.0,0.465,0.36,0.13,0.5265,0.2105,0.1185,0.165,10,0,0.5854458213224992
2.0,0.46,0.375,0.14,0.5105,0.192,0.1045,0.205,9,0,1.1853268324188038
2.0,0.36,0.27,0.09,0.2225,0.083,0.053,0.075,6,0,4.134564742284592
2.0,0.655,0.59,0.2,1.5455,0.654,0.3765,0.415,11,0,1.1612779198053744
2.0,0.6,0.485,0.175,1.2675,0.4995,0.2815,0.38,13,0,2.991856564859518
2.0,0.65,0.495,0.18,1.793,0.8005,0.339,0.53,14,0,4.078970800102809
2.0,0.51,0.395,0.145,0.6185,0.216,0.1385,0.24,12,0,2.035087306931227
2.0,0.52,0.38,0.135,0.5825,0.2505,0.1565,0.175,8,0,2.0830278551664336
2.0,0.495,0.415,0.165,0.7485,0.264,0.134,0.285,13,0,2.9985643843415475
2.0,0.43,0.335,0.115,0.406,0.166,0.0935,0.135,8,0,2.1481934692280054
2.0,0.55,0.46,0.175,0.869,0.3155,0.1825,0.32,10,0,0.2099595255777838
2.0,0.585,0.43,0.16,0.955,0.3625,0.176,0.27,11,0,0.9854793628575592
2.0,0.57,0.45,0.16,0.8615,0.3725,0.2175,0.255,12,0,1.9857250706251173
2.0,0.635,0.51,0.21,1.598,0.6535,0.2835,0.58,15,0,5.026575556496348
2.0,0.51,0.405,0.13,0.7175,0.3725,0.158,0.17,9,0,1.0782347534601282
2.0,0.525,0.405,0.135,0.7575,0.3305,0.216,0.195,10,0,0.3064351312177661
2.0,0.44,0.375,0.13,0.487,0.226,0.0965,0.155,9,0,1.196050774227162
2.0,0.475,0.375,0.12,0.563,0.2525,0.1205,0.185,10,0,0.5302113336135311
2.0,0.525,0.425,0.12,0.702,0.3335,0.1465,0.22,12,0,2.009607657823917
2.0,0.475,0.36,0.12,0.578,0.2825,0.12,0.17,8,0,2.085686951418294
2.0,0.46,0.375,0.13,0.5735,0.2505,0.119,0.195,9,0,1.147851871106333
2.0,0.59,0.49,0.135,1.008,0.422,0.2245,0.285,11,0,0.979504460046548
2.0,0.455,0.355,0.13,0.515,0.2,0.1275,0.175,11,0,1.1466631024619656
2.0,0.47,0.375,0.13,0.5795,0.2145,0.164,0.195,13,0,3.0238369892996184
2.0,0.35,0.265,0.11,0.2965,0.1365,0.063,0.085,7,0,3.14638334307003
2.0,0.595,0.47,0.145,0.991,0.4035,0.1505,0.34,16,0,5.979149293791413
2.0,0.575,0.435,0.15,0.805,0.293,0.1625,0.27,17,0,6.983348514353357
2.0,0.535,0.435,0.155,0.8915,0.3415,0.177,0.25,13,0,2.9836123959410505
2.0,0.515,0.42,0.14,0.769,0.2505,0.154,0.29,13,0,2.996631018562436
2.0,0.49,0.395,0.135,0.5545,0.213,0.0925,0.215,14,0,4.0157674478400285
2.0,0.53,0.435,0.135,0.7365,0.3275,0.1315,0.22,12,0,2.0051135416447137
2.0,0.43,0.345,0.115,0.3045,0.0925,0.055,0.12,11,0,1.2955086176257968
2.0,0.475,0.395,0.135,0.592,0.2465,0.1645,0.2,13,0,3.018899774565634
2.0,0.59,0.46,0.155,0.906,0.327,0.1485,0.335,15,0,4.981702299660163
2.0,0.695,0.55,0.22,1.5515,0.566,0.3835,0.445,13,0,3.0415898492294167
2.0,0.56,0.455,0.165,0.86,0.4015,0.1695,0.245,11,0,0.9937105487554198
2.0,0.655,0.485,0.195,1.62,0.6275,0.358,0.485,17,0,7.011529102701621
2.0,0.64,0.52,0.2,1.407,0.566,0.304,0.455,17,0,6.993511802156665
2.0,0.505,0.4,0.13,0.764,0.3035,0.189,0.2175,11,0,1.0272762828068205
2.0,0.525,0.43,0.165,0.8645,0.376,0.1945,0.2515,16,0,5.980933357339874
2.0,0.7,0.53,0.19,1.3185,0.548,0.233,0.42,18,0,7.9871048257260835
2.0,0.635,0.495,0.15,1.081,0.4825,0.242,0.31,11,0,0.9839078602741868
2.0,0.555,0.44,0.135,0.9025,0.3805,0.2105,0.28,13,0,2.981270330587805
2.0,0.575,0.47,0.15,1.1415,0.4515,0.204,0.4,13,0,2.983359541116635
2.0,0.585,0.455,0.125,1.027,0.391,0.212,0.25,17,0,6.978584907146577
2.0,0.55,0.45,0.155,0.7895,0.343,0.159,0.25,12,0,1.9952052053232607
2.0,0.57,0.475,0.195,1.0295,0.4635,0.1905,0.305,18,0,7.978412756568473
2.0,0.65,0.545,0.16,1.2425,0.487,0.296,0.48,15,0,4.989304080587627
2.0,0.18,0.125,0.05,0.023,0.0085,0.0055,0.01,3,0,7.133313060627199
2.0,0.34,0.275,0.09,0.2065,0.0725,0.043,0.07,10,0,0.9829810253503952
2.0,0.175,0.135,0.04,0.0305,0.011,0.0075,0.01,5,0,5.174807175368752
2.0,0.155,0.115,0.025,0.024,0.009,0.005,0.0075,5,0,5.179685444385528
2.0,0.42,0.34,0.125,0.4495,0.165,0.1125,0.144,11,0,1.1947517125616185
2.0,0.37,0.29,0.09,0.241,0.11,0.045,0.069,10,0,0.9304772983503056
2.0,0.33,0.25,0.09,0.197,0.085,0.041,0.0605,10,0,0.995843202539614
2.0,0.29,0.225,0.08,0.1295,0.0535,0.026,0.045,10,0,1.0849864991474727
2.0,0.31,0.245,0.095,0.15,0.0525,0.034,0.048,7,0,3.2010582787617072
2.0,0.4,0.315,0.105,0.287,0.1135,0.037,0.113,10,0,0.87150379459253
2.0,0.31,0.235,0.06,0.12,0.0415,0.033,0.04,11,0,1.4654030822963633
2.0,0.35,0.255,0.085,0.2145,0.1,0.0465,0.06,13,0,3.1319075723132666
2.0,0.26,0.2,0.065,0.096,0.044,0.027,0.03,6,0,4.1784946487106565
2.0,0.26,0.19,0.075,0.0945,0.0445,0.02,0.03,6,0,4.179529040207141
2.0,0.34,0.255,0.095,0.213,0.081,0.034,0.07,9,0,1.4154279659806177
2.0,0.465,0.355,0.125,0.5255,0.2025,0.135,0.145,13,0,3.036396466788975
2.0,0.54,0.415,0.17,0.879,0.339,0.208,0.255,10,0,0.1884074189781031
2.0,0.475,0.355,0.125,0.4625,0.186,0.107,0.145,9,0,1.2131992957645945
2.0,0.5,0.355,0.14,0.528,0.2125,0.149,0.14,9,0,1.1742005569430536
2.0,0.5,0.38,0.135,0.5835,0.2295,0.1265,0.18,12,0,2.044254138326852
2.0,0.35,0.26,0.09,0.198,0.0725,0.056,0.06,10,0,0.9903214535300856
2.0,0.395,0.305,0.105,0.282,0.0975,0.065,0.096,9,0,1.3500725583083646
2.0,0.445,0.35,0.14,0.5905,0.2025,0.158,0.19,14,0,4.013523758433855
2.0,0.44,0.325,0.08,0.413,0.144,0.1015,0.13,8,0,2.1499804534957616
2.0,0.515,0.405,0.14,0.8505,0.312,0.146,0.315,17,0,6.982435280624241
2.0,0.5,0.39,0.13,0.709,0.275,0.168,0.18,11,0,1.0512445618124138
2.0,0.425,0.325,0.12,0.3755,0.142,0.1065,0.105,9,0,1.2780708152523037
2.0,0.51,0.415,0.14,0.8185,0.3025,0.2155,0.235,16,0,5.983922307051912
2.0,0.54,0.415,0.13,0.8245,0.272,0.226,0.24,13,0,2.9904346235062023
2.0,0.615,0.475,0.17,1.1825,0.474,0.2895,0.24,11,0,0.997118697444254
2.0,0.645,0.515,0.175,1.6115,0.6745,0.384,0.385,14,0,4.034664687548538
2.0,0.605,0.49,0.145,1.3,0.517,0.3285,0.31,14,0,3.990778789502378
2.0,0.645,0.485,0.155,1.489,0.5915,0.312,0.38,18,0,7.994988263535997
2.0,0.57,0.42,0.155,1.008,0.377,0.193,0.34,13,0,2.9800169838053177
2.0,0.39,0.285,0.095,0.271,0.11,0.06,0.08,8,0,2.2115813788606493
2.0,0.52,0.4,0.165,0.8565,0.2745,0.201,0.21,12,0,1.995365108805192
2.0,0.46,0.36,0.135,0.6105,0.1955,0.107,0.235,14,0,4.011576174735342
2.0,0.5,0.385,0.145,0.7615,0.246,0.195,0.204,14,0,3.993685151417844
2.0,0.49,0.39,0.135,0.592,0.242,0.096,0.1835,15,0,5.004173058685905
2.0,0.44,0.325,0.115,0.39,0.163,0.087,0.113,7,0,3.11257580273014
2.0,0.4,0.305,0.13,0.2935,0.096,0.0675,0.105,9,0,1.3413913342761832
2.0,0.45,0.36,0.16,0.567,0.174,0.1245,0.225,12,0,2.056189175378623
2.0,0.505,0.4,0.155,0.8415,0.2715,0.1775,0.285,12,0,1.9964151849852747
2.0,0.495,0.4,0.14,0.7775,0.2015,0.18,0.25,15,0,4.991331167431033
2.0,0.465,0.375,0.11,0.5,0.21,0.113,0.1505,8,0,2.1119757306053306
2.0,0.48,0.37,0.135,0.6315,0.3445,0.1015,0.161,7,0,3.0554372255287285
2.0,0.5,0.4,0.13,0.7715,0.37,0.16,0.211,8,0,2.0425377540063425
2.0,0.525,0.425,0.19,0.872,0.4625,0.1725,0.199,9,0,1.0387165891684325
2.0,0.54,0.42,0.12,0.8115,0.392,0.1455,0.2235,9,0,1.049684537832764
2.0,0.545,0.45,0.15,0.8795,0.387,0.15,0.2625,11,0,0.9928948493579
2.0,0.58,0.46,0.18,1.145,0.48,0.277,0.325,11,0,0.9901683378564312
2.0,0.59,0.455,0.16,1.09,0.5,0.2215,0.292,9,0,1.026028440300352
2.0,0.59,0.48,0.16,1.262,0.5685,0.2725,0.335,9,0,1.0611147762975437
2.0,0.595,0.49,0.185,1.185,0.482,0.2015,0.361,10,0,0.2004616960408466
2.0,0.605,0.475,0.175,1.201,0.5395,0.275,0.309,10,0,0.2201656520293559
2.0,0.63,0.5,0.185,1.362,0.5785,0.3125,0.384,10,0,0.402807369723561
2.0,0.64,0.585,0.195,1.647,0.7225,0.331,0.471,12,0,2.111428867040422
2.0,0.66,0.535,0.2,1.791,0.733,0.318,0.54,15,0,5.055400602377548
2.0,0.465,0.34,0.105,0.486,0.231,0.1035,0.1225,9,0,1.199677487711296
2.0,0.48,0.37,0.1,0.5135,0.243,0.1015,0.135,8,0,2.10654003161426
2.0,0.5,0.375,0.145,0.6215,0.274,0.166,0.1485,7,0,3.057835020718945
2.0,0.515,0.395,0.12,0.646,0.285,0.1365,0.172,9,0,1.1114194801304476
2.0,0.525,0.415,0.135,0.7945,0.394,0.189,0.202,7,0,3.0323620336029644
2.0,0.525,0.425,0.125,0.812,0.4035,0.1705,0.195,8,0,2.036128995824326
2.0,0.53,0.41,0.14,0.681,0.3095,0.1415,0.1835,6,0,4.040642923333278
2.0,0.54,0.435,0.14,0.7345,0.33,0.1595,0.213,9,0,1.0712249131865546
2.0,0.575,0.45,0.155,0.948,0.429,0.206,0.259,7,0,3.022779092860683
2.0,0.59,0.465,0.14,1.046,0.4695,0.263,0.263,7,0,3.02247748695942
2.0,0.6,0.46,0.15,1.247,0.5335,0.2735,0.29,9,0,1.0530314041294244
2.0,0.61,0.48,0.15,1.1495,0.564,0.274,0.264,8,0,2.0306834440754744
2.0,0.615,0.47,0.155,1.2,0.5085,0.32,0.292,8,0,2.0339731160993137
2.0,0.625,0.48,0.17,1.3555,0.671,0.268,0.3385,10,0,0.4172996653890045
2.0,0.63,0.48,0.165,1.286,0.604,0.271,0.35,8,0,2.048366149848757
2.0,0.645,0.49,0.16,1.251,0.5355,0.3345,0.3165,9,0,1.0615578362222258
2.0,0.645,0.5,0.175,1.5105,0.6735,0.3755,0.3775,12,0,2.061287582038851
2.0,0.67,0.52,0.19,1.6385,0.8115,0.369,0.391,9,0,1.2695807078013353
2.0,0.69,0.54,0.185,1.71,0.7725,0.3855,0.4325,8,0,2.17854799330282
2.0,0.695,0.525,0.175,1.742,0.696,0.389,0.505,12,0,2.144778069432716
2.0,0.765,0.585,0.18,2.398,1.128,0.512,0.5335,12,0,2.5471022041914817
2.0,0.77,0.6,0.215,2.1945,1.0515,0.482,0.584,10,0,1.4054877384799964
2.0,0.49,0.38,0.11,0.554,0.2935,0.1005,0.15,8,0,2.090867340849893
2.0,0.5,0.38,0.12,0.5765,0.273,0.135,0.145,9,0,1.1429546985538706
2.0,0.505,0.4,0.135,0.723,0.377,0.149,0.178,7,0,3.0408288134693064
2.0,0.545,0.42,0.145,0.778,0.3745,0.1545,0.205,7,0,3.0341295503154444
2.0,0.545,0.42,0.12,0.7865,0.403,0.185,0.17,7,0,3.0336328057576463
2.0,0.565,0.43,0.13,0.784,0.3495,0.1885,0.213,9,0,1.055649141960316
2.0,0.57,0.45,0.135,1.02,0.546,0.204,0.25,9,0,1.0271849708069103
2.0,0.58,0.455,0.13,0.852,0.41,0.1725,0.225,8,0,2.030258344434704
2.0,0.59,0.47,0.15,0.861,0.413,0.164,0.249,8,0,2.02913062149634
2.0,0.59,0.46,0.14,1.004,0.496,0.2165,0.26,9,0,1.0232821264287708
2.0,0.595,0.47,0.165,1.108,0.4915,0.2325,0.3345,9,0,1.028674653368054
2.0,0.595,0.46,0.14,0.852,0.4215,0.2255,0.227,9,0,1.03651925961352
2.0,0.6,0.49,0.21,1.9875,1.005,0.419,0.491,10,0,1.1590745858714144
2.0,0.615,0.45,0.15,1.198,0.707,0.2095,0.2505,7,0,3.03868838206896
2.0,0.615,0.475,0.175,1.103,0.4635,0.3095,0.2725,10,0,0.1352116988612041
2.0,0.62,0.49,0.155,1.1,0.505,0.2475,0.31,9,0,1.0289620798461985
2.0,0.62,0.48,0.15,1.1015,0.4965,0.243,0.305,10,0,0.1160755433524149
2.0,0.625,0.495,0.185,1.3835,0.7105,0.3005,0.345,11,0,1.0842822307993687
2.0,0.625,0.48,0.145,1.085,0.4645,0.2445,0.327,10,0,0.1046959515495534
2.0,0.63,0.505,0.15,1.3165,0.6325,0.2465,0.37,11,0,1.0464212587021915
2.0,0.63,0.51,0.175,1.3415,0.6575,0.262,0.375,10,0,0.4085903234777309
2.0,0.63,0.465,0.15,1.027,0.537,0.188,0.176,8,0,2.027475541433105
2.0,0.645,0.515,0.16,1.1845,0.506,0.311,0.335,9,0,1.046347727137857
2.0,0.645,0.48,0.15,1.192,0.6055,0.2595,0.285,9,0,1.051724457271798
2.0,0.65,0.515,0.125,1.1805,0.5235,0.283,0.3275,9,0,1.0451715935669124
2.0,0.65,0.52,0.175,1.2655,0.615,0.2775,0.336,9,0,1.0724074345412915
2.0,0.65,0.51,0.155,1.407,0.7215,0.298,0.335,9,0,1.1352172875743098
2.0,0.66,0.515,0.165,1.4465,0.694,0.298,0.3755,10,0,0.5212518816546937
2.0,0.67,0.5,0.2,1.269,0.576,0.2985,0.351,11,0,1.0297204676640888
2.0,0.67,0.51,0.18,1.68,0.926,0.2975,0.3935,13,0,3.0934253797524085
2.0,0.68,0.52,0.165,1.4775,0.724,0.279,0.406,11,0,1.1311998976567563
2.0,0.68,0.53,0.18,1.529,0.7635,0.3115,0.4025,11,0,1.1657512581709548
2.0,0.7,0.525,0.175,1.7585,0.8745,0.3615,0.47,10,0,0.8996434759566934
2.0,0.7,0.55,0.2,1.523,0.693,0.306,0.4405,13,0,3.04059689133116
2.0,0.725,0.55,0.2,1.51,0.8735,0.4265,0.5085,9,0,1.2622968735273967
2.0,0.735,0.57,0.175,1.88,0.9095,0.387,0.488,11,0,1.4231031970209485
2.0,0.75,0.555,0.215,2.201,1.0615,0.5235,0.5285,11,0,1.7128305803941406
2.0,0.45,0.325,0.115,0.4305,0.2235,0.0785,0.1155,8,0,2.136165240088088
2.0,0.48,0.375,0.12,0.5895,0.2535,0.128,0.172,11,0,1.1018675437751173
2.0,0.515,0.41,0.14,0.7355,0.3065,0.137,0.2,7,0,3.0414349593308128
2.0,0.535,0.43,0.155,0.7845,0.3285,0.169,0.245,10,0,0.2734156534283004
2.0,0.58,0.44,0.175,1.2255,0.5405,0.2705,0.3265,10,0,0.2418218748015813
2.0,0.585,0.465,0.165,0.885,0.4025,0.1625,0.274,10,0,0.1523240530680039
2.0,0.59,0.47,0.145,0.9235,0.4545,0.173,0.254,9,0,1.0275801143438534
2.0,0.59,0.475,0.14,0.977,0.4625,0.2025,0.275,10,0,0.0554552388977989
2.0,0.595,0.475,0.14,1.0305,0.4925,0.217,0.278,10,0,0.0580217855552086
2.0,0.6,0.495,0.185,1.1145,0.5055,0.2635,0.367,11,0,0.9907690814776848
2.0,0.6,0.45,0.145,0.877,0.4325,0.155,0.24,9,0,1.0343764108452538
2.0,0.6,0.51,0.185,1.285,0.6095,0.2745,0.315,9,0,1.073013177483814
2.0,0.61,0.48,0.185,1.3065,0.6895,0.2915,0.29,10,0,0.3879975996708755
2.0,0.625,0.5,0.14,1.096,0.5445,0.2165,0.295,10,0,0.1431450806968391
2.0,0.625,0.49,0.165,1.205,0.5175,0.3105,0.3465,10,0,0.2382262225604148
2.0,0.63,0.505,0.175,1.221,0.555,0.252,0.34,12,0,1.9941617449209044
2.0,0.63,0.47,0.15,1.1355,0.539,0.2325,0.3115,12,0,1.9847914958739836
2.0,0.63,0.525,0.195,1.3135,0.4935,0.2565,0.465,10,0,0.3689328630078798
2.0,0.64,0.505,0.155,1.1955,0.5565,0.211,0.346,11,0,1.0057145142297097
2.0,0.64,0.485,0.15,1.098,0.5195,0.222,0.3175,10,0,0.134252750861252
2.0,0.64,0.495,0.17,1.139,0.5395,0.282,0.285,10,0,0.1815446461600836
2.0,0.65,0.52,0.155,1.368,0.6185,0.288,0.365,9,0,1.1037971788700105
2.0,0.65,0.51,0.175,1.446,0.6485,0.2705,0.45,12,0,2.0440510577075264
2.0,0.7,0.54,0.205,1.74,0.7885,0.373,0.4865,13,0,3.0983705767064134
2.0,0.71,0.565,0.2,1.601,0.706,0.321,0.45,11,0,1.1984054435697131
2.0,0.72,0.55,0.205,2.165,1.1055,0.525,0.404,10,0,1.3757760685534508
2.0,0.725,0.57,0.19,2.3305,1.253,0.541,0.52,9,0,1.9014993733857704
2.0,0.5,0.365,0.13,0.5945,0.309,0.1085,0.1535,9,0,1.133314010501214
2.0,0.52,0.4,0.105,0.872,0.4515,0.1615,0.1985,9,0,1.041178430936669
2.0,0.535,0.405,0.14,0.818,0.402,0.1715,0.189,7,0,3.0312020296547018
2.0,0.57,0.42,0.14,0.8745,0.416,0.165,0.25,8,0,2.0283570815699528
2.0,0.58,0.445,0.16,0.984,0.49,0.201,0.27,9,0,1.0233478248062655
2.0,0.59,0.47,0.155,1.1735,0.6245,0.233,0.2595,9,0,1.0492545759145533
2.0,0.59,0.485,0.155,1.0785,0.4535,0.2435,0.31,9,0,1.0250336105988112
2.0,0.595,0.435,0.16,1.057,0.4255,0.224,0.31,9,0,1.023820088113312
2.0,0.6,0.475,0.175,1.11,0.5105,0.256,0.285,9,0,1.029271993563994
2.0,0.6,0.45,0.16,1.142,0.539,0.225,0.307,10,0,0.1608740072041367
2.0,0.605,0.475,0.19,1.1255,0.59,0.247,0.26,10,0,0.1889194118317921
2.0,0.625,0.475,0.175,1.3405,0.656,0.283,0.337,10,0,0.39880879316413
2.0,0.625,0.5,0.13,1.082,0.5785,0.2045,0.25,8,0,2.028514375268693
2.0,0.63,0.49,0.165,1.2005,0.575,0.273,0.294,10,0,0.2395264609080169
2.0,0.63,0.485,0.16,1.243,0.623,0.275,0.3,10,0,0.2987584501267321
2.0,0.665,0.515,0.19,1.6385,0.831,0.3575,0.371,11,0,1.2370222016924763
2.0,0.695,0.54,0.195,1.691,0.768,0.363,0.4755,11,0,1.263208664078601
2.0,0.735,0.57,0.21,2.2355,1.1705,0.463,0.5315,10,0,1.4738330771184809
2.0,0.74,0.595,0.19,2.3235,1.1495,0.5115,0.505,11,0,1.827847637343632
2.0,0.505,0.365,0.115,0.521,0.25,0.096,0.15,8,0,2.1022365793115423
2.0,0.52,0.465,0.15,0.9505,0.456,0.199,0.255,8,0,2.0240976318944304
2.0,0.53,0.405,0.15,0.8315,0.352,0.187,0.2525,10,0,0.2247017020308845
2.0,0.575,0.45,0.165,0.9655,0.498,0.19,0.23,8,0,2.0239385742859435
2.0,0.58,0.465,0.15,0.9065,0.371,0.1965,0.29,8,0,2.026460396413984
2.0,0.58,0.46,0.15,1.049,0.5205,0.1935,0.305,10,0,0.0893677329540277
2.0,0.58,0.445,0.15,0.9525,0.4315,0.1945,0.287,11,0,0.980689918888028
2.0,0.59,0.5,0.15,1.142,0.485,0.265,0.345,9,0,1.0343122905878968
2.0,0.595,0.47,0.155,1.2015,0.492,0.3865,0.265,10,0,0.2551510681772143
2.0,0.595,0.46,0.17,1.1295,0.57,0.2555,0.265,10,0,0.1730899379537958
2.0,0.6,0.45,0.195,1.34,0.617,0.3255,0.3605,10,0,0.3917438689834552
2.0,0.6,0.465,0.165,1.0475,0.465,0.2345,0.315,11,0,0.9797428960777792
2.0,0.605,0.49,0.18,1.167,0.457,0.29,0.3745,9,0,1.040840891460672
2.0,0.61,0.48,0.14,1.0625,0.516,0.225,0.2915,11,0,0.982440523699078
2.0,0.615,0.455,0.15,0.9335,0.382,0.247,0.2615,10,0,0.1172468488005893
2.0,0.62,0.475,0.195,1.3585,0.5935,0.3365,0.3745,10,0,0.4062149959522884
2.0,0.625,0.495,0.175,1.2075,0.531,0.281,0.3525,11,0,1.006589234715906
2.0,0.625,0.515,0.165,1.217,0.667,0.2065,0.3115,10,0,0.3090096778325668
2.0,0.625,0.49,0.12,0.8765,0.456,0.18,0.233,10,0,0.1666328822395058
2.0,0.63,0.53,0.18,1.2795,0.618,0.256,0.315,9,0,1.0742426329334562
2.0,0.63,0.51,0.17,1.1885,0.4915,0.3065,0.348,7,0,3.030010974552559
2.0,0.635,0.52,0.175,1.292,0.6,0.269,0.367,11,0,1.0361791750022538
2.0,0.635,0.485,0.18,1.1795,0.4785,0.2775,0.355,10,0,0.2041840790433126
2.0,0.635,0.515,0.16,1.2075,0.5385,0.282,0.345,11,0,1.0080743185750047
2.0,0.64,0.505,0.18,1.297,0.59,0.3125,0.363,11,0,1.0381886527196904
2.0,0.64,0.575,0.175,1.4585,0.625,0.266,0.4395,11,0,1.109298104250791
2.0,0.645,0.495,0.19,1.539,0.6115,0.408,0.445,12,0,2.0695631617968826
2.0,0.65,0.52,0.195,1.676,0.693,0.44,0.47,15,0,5.037158236832459
2.0,0.67,0.525,0.17,1.4005,0.715,0.3025,0.387,9,0,1.1376435974278922
2.0,0.67,0.525,0.195,1.4405,0.6595,0.2675,0.425,9,0,1.1433440113885605
2.0,0.67,0.54,0.175,1.482,0.739,0.2925,0.365,10,0,0.5750116209850915
2.0,0.68,0.515,0.16,1.2345,0.618,0.2625,0.325,11,0,1.0249405325917105
2.0,0.685,0.505,0.19,1.533,0.667,0.4055,0.41,10,0,0.6177519480923425
2.0,0.715,0.55,0.175,1.825,0.938,0.3805,0.44,11,0,1.3893388404098164
2.0,0.72,0.58,0.19,2.0885,0.9955,0.478,0.5305,13,0,3.238097578752896
2.0,0.735,0.59,0.205,2.087,0.909,0.474,0.625,12,0,2.345452451673031
2.0,0.745,0.575,0.2,1.884,0.954,0.336,0.495,12,0,2.241890923645491
2.0,0.485,0.365,0.155,1.029,0.4235,0.2285,0.313,8,0,2.026594114993689
2.0,0.49,0.355,0.155,0.981,0.465,0.2015,0.2505,8,0,2.027006354313948
2.0,0.555,0.405,0.19,1.406,0.6115,0.342,0.389,10,0,0.4588028544067903
2.0,0.555,0.425,0.15,0.873,0.4625,0.1845,0.1965,9,0,1.0364852209511195
2.0,0.56,0.425,0.135,0.9415,0.509,0.2015,0.1975,9,0,1.0305193613284385
2.0,0.595,0.485,0.15,1.0835,0.5305,0.231,0.276,8,0,2.0249413568136183
2.0,0.61,0.475,0.175,1.024,0.409,0.261,0.322,9,0,1.0250468730169071
2.0,0.61,0.485,0.17,1.281,0.597,0.3035,0.33,9,0,1.0714471159693248
2.0,0.64,0.485,0.16,1.006,0.456,0.2245,0.2835,9,0,1.0240525422480369
2.0,0.64,0.495,0.165,1.307,0.678,0.292,0.266,11,0,1.0511626174542208
2.0,0.645,0.505,0.185,1.463,0.592,0.3905,0.416,10,0,0.525603735522994
2.0,0.68,0.54,0.21,1.7885,0.8345,0.408,0.437,13,0,3.113852105976461
2.0,0.7,0.545,0.185,1.6135,0.75,0.4035,0.3685,11,0,1.2124242181704403
2.0,0.73,0.585,0.225,2.2305,1.2395,0.422,0.563,14,0,4.253453755375748
2.0,0.535,0.41,0.12,0.6835,0.3125,0.1655,0.159,8,0,2.0590048877061595
2.0,0.54,0.42,0.19,0.6855,0.293,0.163,0.38,10,0,0.3868775215786777
2.0,0.56,0.45,0.145,0.894,0.3885,0.2095,0.264,9,0,1.031167314368151
2.0,0.57,0.45,0.145,0.95,0.4005,0.2235,0.2845,10,0,0.0850192465115955
2.0,0.575,0.47,0.15,0.9785,0.4505,0.196,0.276,9,0,1.0229617271702445
2.0,0.575,0.445,0.14,0.737,0.325,0.1405,0.237,10,0,0.3190155361334936
2.0,0.585,0.45,0.175,1.1275,0.4925,0.262,0.335,11,0,0.98807568072219
2.0,0.59,0.435,0.165,0.9765,0.4525,0.2395,0.235,9,0,1.0240038390916482
2.0,0.59,0.405,0.15,0.853,0.326,0.2615,0.245,9,0,1.0444139714095595
2.0,0.595,0.47,0.175,0.991,0.382,0.2395,0.5,12,0,1.991610557795924
2.0,0.595,0.48,0.14,0.9125,0.4095,0.1825,0.289,9,0,1.028951132769425
2.0,0.6,0.45,0.15,0.8665,0.3695,0.1955,0.255,12,0,1.9857271504291465
2.0,0.615,0.485,0.215,0.9615,0.422,0.176,0.29,11,0,0.9840379341504928
2.0,0.615,0.49,0.17,1.145,0.4915,0.208,0.343,13,0,2.982459843648772
2.0,0.63,0.515,0.175,1.1955,0.492,0.247,0.37,11,0,1.0032616702062545
2.0,0.63,0.495,0.18,1.31,0.495,0.295,0.4695,10,0,0.368052509078388
2.0,0.635,0.5,0.18,1.154,0.4405,0.2315,0.387,9,0,1.0396589571795098
2.0,0.65,0.505,0.17,1.5595,0.695,0.3515,0.395,11,0,1.1626298999221631
2.0,0.65,0.51,0.175,1.3165,0.6345,0.2605,0.364,12,0,2.013735152504778
2.0,0.655,0.54,0.165,1.403,0.6955,0.2385,0.42,11,0,1.0957431318950543
2.0,0.665,0.525,0.155,1.3575,0.5325,0.3045,0.4485,10,0,0.4147898897969342
2.0,0.675,0.52,0.145,1.3645,0.557,0.3405,0.385,11,0,1.0625938244866484
2.0,0.685,0.51,0.165,1.545,0.686,0.3775,0.4055,10,0,0.6258425128209703
2.0,0.71,0.56,0.175,1.724,0.566,0.4575,0.4625,13,0,3.082846159616631
2.0,0.455,0.35,0.11,0.458,0.2,0.111,0.1305,8,0,2.1268145349682683
2.0,0.46,0.355,0.14,0.491,0.207,0.115,0.174,10,0,0.6169752398736553
2.0,0.495,0.38,0.12,0.474,0.197,0.1065,0.1545,10,0,0.6321623221560735
2.0,0.51,0.395,0.125,0.5805,0.244,0.1335,0.188,11,0,1.1013985926421503
2.0,0.525,0.4,0.13,0.622,0.2655,0.147,0.184,9,0,1.119672012479878
2.0,0.53,0.415,0.12,0.706,0.3355,0.1635,0.1345,9,0,1.0874827165580443
2.0,0.545,0.435,0.145,0.9385,0.3685,0.1245,0.345,11,0,0.9922957425747112
2.0,0.575,0.48,0.15,0.9465,0.4355,0.2605,0.2505,9,0,1.0256120680199388
2.0,0.58,0.43,0.125,0.9115,0.446,0.2075,0.121,10,0,0.1967507249738746
2.0,0.595,0.455,0.145,0.942,0.43,0.182,0.277,11,0,0.9819760330841972
2.0,0.6,0.465,0.18,1.193,0.5145,0.315,0.3055,8,0,2.0333178033187704
2.0,0.645,0.5,0.18,1.461,0.5985,0.2425,0.439,11,0,1.1005063435306417
2.0,0.66,0.525,0.2,1.489,0.6065,0.3795,0.421,10,0,0.5551258893812642
2.0,0.465,0.405,0.135,0.7775,0.436,0.1715,0.1455,10,0,0.3062750457570893
2.0,0.51,0.415,0.145,0.751,0.3295,0.1835,0.203,8,0,2.045935606529253
2.0,0.56,0.42,0.15,0.8755,0.44,0.1965,0.2315,8,0,2.0277528273698056
2.0,0.575,0.45,0.135,0.9215,0.354,0.209,0.2365,9,0,1.0319146742388254
2.0,0.585,0.46,0.15,1.206,0.581,0.216,0.323,10,0,0.2374972174992546
2.0,0.615,0.495,0.155,1.2865,0.435,0.293,0.3245,11,0,1.0205805040488598
2.0,0.67,0.515,0.165,1.1735,0.526,0.285,0.316,11,0,1.00238843074466
2.0,0.675,0.505,0.16,1.532,0.74,0.357,0.3815,11,0,1.1613470378585486
2.0,0.46,0.36,0.125,0.547,0.2165,0.1105,0.19,8,0,2.0989798776191426
2.0,0.46,0.35,0.125,0.5165,0.1885,0.1145,0.185,9,0,1.1863161285086847
2.0,0.535,0.42,0.125,0.764,0.312,0.1505,0.265,11,0,1.0236560212308623
2.0,0.465,0.36,0.105,0.488,0.188,0.0845,0.19,10,0,0.630792690517645
2.0,0.51,0.4,0.14,0.6905,0.259,0.151,0.23,10,0,0.3969466617740412
2.0,0.55,0.42,0.17,0.8465,0.336,0.2405,0.245,13,0,2.9856971705556226
2.0,0.585,0.45,0.15,1.047,0.4315,0.276,0.315,14,0,3.978828615919683
2.0,0.425,0.335,0.1,0.4085,0.1755,0.092,0.135,9,0,1.2514026104235494
2.0,0.54,0.41,0.13,0.56,0.2375,0.1065,0.175,7,0,3.067869300865953
2.0,0.505,0.395,0.125,0.635,0.29,0.1555,0.175,9,0,1.1132214485422136
2.0,0.535,0.44,0.165,0.875,0.279,0.18,0.3,10,0,0.232078177951713
2.0,0.55,0.435,0.11,0.806,0.3415,0.203,0.215,9,0,1.052291137243379
2.0,0.64,0.49,0.14,1.194,0.4445,0.238,0.375,15,0,4.982837583213056
2.0,0.605,0.49,0.155,1.153,0.503,0.2505,0.295,15,0,4.980671650528516
2.0,0.605,0.47,0.115,1.114,0.3925,0.291,0.31,15,0,4.980308638982006
2.0,0.56,0.45,0.155,0.9125,0.3595,0.271,0.35,10,0,0.1615428532066717
2.0,0.525,0.405,0.16,0.792,0.316,0.1455,0.28,13,0,2.991340290752881
2.0,0.35,0.265,0.09,0.2265,0.0995,0.0575,0.065,6,0,4.133467594408093
2.0,0.45,0.355,0.12,0.3955,0.147,0.0765,0.145,9,0,1.259593973241182
2.0,0.38,0.3,0.1,0.2505,0.106,0.0535,0.0775,8,0,2.2195359284924745
2.0,0.5,0.385,0.135,0.551,0.2245,0.0715,0.206,11,0,1.12347000811948
2.0,0.645,0.505,0.165,1.307,0.4335,0.262,0.52,10,0,0.3898888494643822
2.0,0.565,0.44,0.115,0.9185,0.404,0.1785,0.29,11,0,0.985902158365358
2.0,0.55,0.405,0.15,0.9235,0.412,0.2135,0.24,7,0,3.0243086838301974
2.0,0.65,0.515,0.18,1.3315,0.5665,0.347,0.405,13,0,3.003913615418661
2.0,0.45,0.335,0.14,0.478,0.1865,0.115,0.16,11,0,1.171021284301152
2.0,0.335,0.265,0.095,0.1975,0.0795,0.0375,0.07,9,0,1.4236556112984442
2.0,0.565,0.45,0.14,1.0055,0.3785,0.244,0.265,12,0,1.9798328595317984
2.0,0.63,0.51,0.19,1.4985,0.4125,0.3075,0.545,16,0,6.004879673645388
2.0,0.425,0.34,0.12,0.388,0.149,0.087,0.125,10,0,0.7511913989907668
2.0,0.675,0.525,0.175,1.402,0.483,0.3205,0.465,16,0,5.995647508296366
2.0,0.5,0.4,0.145,0.6025,0.216,0.138,0.21,11,0,1.096660399333368
2.0,0.385,0.305,0.09,0.2775,0.109,0.0515,0.1,9,0,1.352698650975213
2.0,0.52,0.435,0.195,0.973,0.2985,0.2135,0.355,18,0,7.980409919840193
2.0,0.52,0.415,0.175,0.753,0.258,0.171,0.255,8,0,2.049870743286182
2.0,0.64,0.525,0.2,1.3765,0.44,0.3075,0.47,16,0,5.993623874414281
2.0,0.57,0.455,0.15,0.96,0.387,0.2385,0.275,11,0,0.9819068353240474
2.0,0.41,0.325,0.12,0.3745,0.158,0.081,0.125,12,0,2.121035165677744
2.0,0.485,0.41,0.15,0.696,0.2405,0.1625,0.265,13,0,3.0048931461509096
2.0,0.665,0.535,0.155,1.383,0.596,0.2565,0.485,14,0,4.004903410935001
2.0,0.635,0.51,0.155,1.156,0.428,0.289,0.315,18,0,7.980186228258343
2.0,0.695,0.53,0.15,1.477,0.6375,0.3025,0.43,14,0,4.015295170789064
2.0,0.555,0.435,0.135,0.858,0.377,0.1585,0.29,15,0,4.981680116492636
2.0,0.65,0.525,0.19,1.4995,0.6265,0.4005,0.395,14,0,4.018489803512054
2.0,0.635,0.48,0.19,1.467,0.5825,0.303,0.42,15,0,5.003563059574267
2.0,0.55,0.435,0.16,0.906,0.342,0.219,0.295,13,0,2.982326483893788
2.0,0.595,0.5,0.165,1.06,0.402,0.28,0.275,11,0,0.983436313668722
2.0,0.3,0.24,0.09,0.161,0.0725,0.039,0.05,6,0,4.154695817525661
2.0,0.48,0.38,0.13,0.6175,0.3,0.142,0.175,12,0,2.031432359868184
2.0,0.505,0.385,0.11,0.655,0.3185,0.15,0.185,9,0,1.1033023547054
2.0,0.455,0.375,0.125,0.484,0.2155,0.102,0.165,7,0,3.0851882799979355
2.0,0.64,0.505,0.165,1.4435,0.6145,0.3035,0.39,18,0,7.992946416241024
2.0,0.565,0.45,0.115,0.9085,0.398,0.197,0.29,17,0,6.979316064702259
2.0,0.48,0.38,0.135,0.528,0.2,0.1395,0.16,14,0,4.020203311178164
2.0,0.41,0.31,0.125,0.3595,0.1415,0.0885,0.115,11,0,1.2556998166691509
2.0,0.52,0.425,0.155,0.7735,0.297,0.123,0.255,17,0,6.985064934742621
2.0,0.465,0.36,0.125,0.4365,0.169,0.1075,0.145,11,0,1.193388178866185
2.0,0.46,0.355,0.11,0.415,0.215,0.082,0.13,12,0,2.096664971058912
2.0,0.485,0.385,0.125,0.4775,0.2,0.0785,0.17,12,0,2.07637736713704
2.0,0.525,0.415,0.16,0.6445,0.26,0.1575,0.22,12,0,2.02441400217153
2.0,0.55,0.45,0.17,0.81,0.317,0.157,0.22,11,0,1.0127042404017472
2.0,0.565,0.44,0.155,0.868,0.348,0.217,0.26,11,0,0.994699198657806
2.0,0.55,0.46,0.13,0.7085,0.305,0.1455,0.205,12,0,2.0101679895186244
2.0,0.535,0.42,0.16,0.72,0.275,0.164,0.225,15,0,4.990889320156767
2.0,0.53,0.405,0.13,0.738,0.2845,0.17,0.193,9,0,1.078935517800164
2.0,0.575,0.455,0.185,1.156,0.5525,0.243,0.295,13,0,2.9835583896119227
2.0,0.59,0.45,0.12,0.7485,0.3345,0.1315,0.22,14,0,3.990345020403834
2.0,0.645,0.5,0.19,1.229,0.524,0.278,0.395,17,0,6.983524133629826
2.0,0.605,0.485,0.175,1.145,0.4325,0.27,0.405,16,0,5.98123452439517
2.0,0.275,0.2,0.08,0.099,0.037,0.024,0.03,5,0,5.147146218651642
2.0,0.4,0.31,0.11,0.314,0.138,0.057,0.1,11,0,1.2883573951994542
2.0,0.35,0.26,0.09,0.195,0.0745,0.041,0.0655,9,0,1.4250113672928106
2.0,0.44,0.35,0.14,0.451,0.171,0.0705,0.184,16,0,6.016355497985097
2.0,0.265,0.2,0.065,0.084,0.034,0.0105,0.03,7,0,3.232660883980019
2.0,0.165,0.125,0.04,0.0245,0.0095,0.0045,0.008,4,0,6.15244537449124
2.0,0.345,0.265,0.09,0.163,0.0615,0.037,0.0485,10,0,1.0294902026036552
2.0,0.43,0.33,0.095,0.34,0.1315,0.085,0.112,14,0,4.058406718263864
2.0,0.415,0.32,0.1,0.3005,0.1215,0.0575,0.104,11,0,1.296501266778838
2.0,0.285,0.215,0.075,0.106,0.0415,0.023,0.035,5,0,5.144113398409556
2.0,0.41,0.315,0.095,0.306,0.121,0.0735,0.09,9,0,1.328389153201578
2.0,0.41,0.3,0.1,0.301,0.124,0.069,0.09,9,0,1.332268182451261
2.0,0.33,0.245,0.085,0.171,0.0655,0.0365,0.055,11,0,1.4186782800258573
2.0,0.28,0.21,0.065,0.0905,0.035,0.02,0.03,5,0,5.148439718946614
2.0,0.455,0.345,0.125,0.44,0.169,0.1065,0.135,12,0,2.094046662765824
2.0,0.33,0.235,0.09,0.163,0.0615,0.034,0.055,10,0,1.0380465279339095
2.0,0.335,0.255,0.075,0.1635,0.0615,0.0345,0.057,8,0,2.2703079558847667
2.0,0.495,0.4,0.12,0.6605,0.2605,0.161,0.19,15,0,4.9966510840790335
2.0,0.5,0.375,0.13,0.721,0.3055,0.1725,0.22,14,0,3.99399940503264
2.0,0.515,0.4,0.125,0.955,0.341,0.2535,0.26,13,0,2.982374610645398
2.0,0.545,0.41,0.145,0.873,0.3035,0.196,0.31,18,0,7.981049055351689
2.0,0.74,0.535,0.185,1.65,0.734,0.4505,0.335,13,0,3.0728521185858657
2.0,0.565,0.465,0.15,1.1285,0.377,0.3525,0.33,16,0,5.981347085726091
2.0,0.56,0.44,0.16,1.1115,0.5035,0.2785,0.26,10,0,0.1310811262898434
2.0,0.545,0.42,0.125,0.9745,0.353,0.174,0.305,13,0,2.9810933878502657
2.0,0.575,0.435,0.13,1.0105,0.368,0.222,0.32,10,0,0.099536432279216
2.0,0.62,0.48,0.16,1.0765,0.412,0.253,0.3,13,0,2.979670911834857
2.0,0.365,0.285,0.085,0.2205,0.0855,0.0515,0.07,9,0,1.400231403717128
2.0,0.53,0.43,0.135,0.879,0.28,0.2165,0.25,10,0,0.2291884954601298
2.0,0.48,0.395,0.15,0.6815,0.2145,0.1405,0.2495,18,0,7.989897700316568
2.0,0.455,0.345,0.15,0.5795,0.1685,0.125,0.215,13,0,3.029728977862114
2.0,0.37,0.28,0.105,0.224,0.0815,0.0575,0.075,8,0,2.2349106447564577
2.0,0.49,0.395,0.12,0.674,0.3325,0.1235,0.185,9,0,1.097984032261088
2.0,0.56,0.45,0.14,0.9,0.472,0.182,0.218,7,0,3.0251044123330315
2.0,0.58,0.46,0.15,1.0165,0.491,0.221,0.265,9,0,1.0227975383967445
2.0,0.59,0.47,0.135,1.1685,0.539,0.279,0.28,8,0,2.030673412943685
2.0,0.6,0.475,0.15,1.089,0.5195,0.223,0.292,11,0,0.9839322506672932
2.0,0.61,0.47,0.155,1.0325,0.497,0.2175,0.2785,9,0,1.0236061773228715
2.0,0.64,0.51,0.17,1.3715,0.567,0.307,0.409,10,0,0.4151384873043544
2.0,0.71,0.55,0.2,1.9045,0.882,0.44,0.5,13,0,3.1578514807755163
2.0,0.74,0.605,0.2,2.4925,1.1455,0.575,0.5235,13,0,3.431130821576328
2.0,0.48,0.37,0.13,0.643,0.349,0.1155,0.135,8,0,2.070372848759674
2.0,0.52,0.39,0.12,0.6435,0.2885,0.157,0.161,7,0,3.0533132615759366
2.0,0.52,0.395,0.125,0.8115,0.4035,0.166,0.2,7,0,3.031932845899304
2.0,0.55,0.44,0.155,0.9155,0.3645,0.195,0.25,8,0,2.026817381914017
2.0,0.6,0.475,0.155,1.1385,0.502,0.2295,0.31,9,0,1.0315864390362992
2.0,0.615,0.505,0.19,1.403,0.6715,0.2925,0.365,8,0,2.074887728112574
2.0,0.62,0.485,0.165,1.1325,0.5235,0.2505,0.2825,9,0,1.0329766499244375
2.0,0.625,0.485,0.17,1.437,0.5855,0.293,0.475,11,0,1.0953210592033558
2.0,0.635,0.495,0.155,1.3635,0.583,0.2985,0.295,10,0,0.3890054126786558
2.0,0.64,0.5,0.17,1.4545,0.642,0.3575,0.354,9,0,1.1421763953374786
2.0,0.66,0.525,0.18,1.478,0.5815,0.381,0.372,10,0,0.5278694921743265
2.0,0.72,0.565,0.2,1.787,0.718,0.385,0.529,11,0,1.3220583880686527
2.0,0.535,0.42,0.16,0.7465,0.348,0.1515,0.2185,10,0,0.3076436003005491
2.0,0.55,0.44,0.16,0.985,0.4645,0.201,0.27,8,0,2.0225414359836136
2.0,0.555,0.44,0.145,0.85,0.4165,0.1685,0.23,8,0,2.0303515701776904
2.0,0.555,0.44,0.15,0.838,0.4155,0.146,0.23,8,0,2.032084552472879
2.0,0.56,0.415,0.13,0.7615,0.3695,0.17,0.1955,8,0,2.04223727698121
2.0,0.575,0.44,0.145,0.87,0.3945,0.2195,0.225,8,0,2.028582017605641
2.0,0.59,0.46,0.145,0.929,0.38,0.24,0.255,10,0,0.1176247279272571
2.0,0.6,0.41,0.145,0.939,0.4475,0.196,0.268,8,0,2.024030339340386
2.0,0.6,0.475,0.16,1.164,0.5045,0.2635,0.335,12,0,1.9859355219266697
2.0,0.61,0.47,0.175,1.214,0.5315,0.2835,0.325,10,0,0.2330660673775084
2.0,0.625,0.495,0.18,1.0815,0.4715,0.254,0.3135,10,0,0.1082198618505876
2.0,0.625,0.47,0.175,1.179,0.605,0.258,0.271,9,0,1.0484877606096483
2.0,0.65,0.505,0.18,1.469,0.7115,0.3335,0.38,9,0,1.1616979059753194
2.0,0.655,0.52,0.18,1.492,0.7185,0.36,0.355,11,0,1.1367122240241867
2.0,0.67,0.525,0.18,1.6615,0.8005,0.3645,0.43,10,0,0.7735643028771051
2.0,0.71,0.57,0.195,1.348,0.8985,0.4435,0.4535,11,0,1.1737813254834315
2.0,0.715,0.545,0.18,1.7405,0.871,0.347,0.449,10,0,0.8808724079272294
2.0,0.435,0.335,0.11,0.4385,0.2075,0.0715,0.1315,7,0,3.0990787095543517
2.0,0.505,0.39,0.115,0.5585,0.2575,0.119,0.1535,8,0,2.0906621546145225
2.0,0.535,0.415,0.135,0.78,0.3165,0.169,0.2365,8,0,2.0419107969689128
2.0,0.57,0.47,0.155,1.186,0.6355,0.2315,0.277,10,0,0.2546166757656053
2.0,0.575,0.45,0.155,0.886,0.3605,0.211,0.2575,9,0,1.0340955612754086
2.0,0.58,0.47,0.165,1.041,0.54,0.166,0.279,9,0,1.0278566425133009
2.0,0.6,0.47,0.15,0.928,0.4225,0.183,0.275,8,0,2.024403609842756
2.0,0.6,0.475,0.23,1.157,0.522,0.2235,0.36,11,0,0.9975038428162628
2.0,0.625,0.48,0.16,1.1415,0.5795,0.2145,0.29,9,0,1.0391935008601747
2.0,0.625,0.49,0.165,1.1835,0.517,0.2375,0.39,11,0,1.0026228374449142
2.0,0.625,0.485,0.16,1.2135,0.631,0.2235,0.302,9,0,1.0583071074455983
2.0,0.635,0.495,0.17,1.3695,0.657,0.3055,0.365,10,0,0.4339634576183464
2.0,0.65,0.515,0.185,1.3745,0.75,0.1805,0.369,12,0,2.037590901636786
2.0,0.65,0.515,0.18,1.463,0.658,0.3135,0.4115,11,0,1.1117586579051515
2.0,0.655,0.525,0.16,1.46,0.686,0.311,0.405,11,0,1.115786210941634
2.0,0.66,0.515,0.2,1.6465,0.749,0.422,0.401,11,0,1.229802777201156
2.0,0.675,0.515,0.145,1.265,0.6025,0.299,0.325,10,0,0.3271563559822687
2.0,0.685,0.53,0.17,1.56,0.647,0.383,0.465,11,0,1.1704773208203287
2.0,0.715,0.52,0.18,1.6,0.708,0.3525,0.445,12,0,2.0951736029336363
2.0,0.515,0.39,0.14,0.678,0.341,0.1325,0.119,8,0,2.0629893129430754
2.0,0.545,0.43,0.155,0.8035,0.409,0.144,0.228,7,0,3.031223079878902
2.0,0.58,0.45,0.16,0.8675,0.3935,0.221,0.215,9,0,1.035974491337858
2.0,0.6,0.46,0.18,1.14,0.423,0.2575,0.365,10,0,0.1627944334910667
2.0,0.615,0.475,0.155,1.0735,0.4375,0.2585,0.31,11,0,0.9819553564796076
2.0,0.615,0.475,0.19,1.4335,0.7315,0.305,0.3285,9,0,1.1451057363743795
2.0,0.615,0.495,0.2,1.304,0.5795,0.3115,0.371,14,0,3.993409653842996
2.0,0.62,0.46,0.16,0.9505,0.4915,0.2,0.228,9,0,1.0270124831958185
2.0,0.63,0.515,0.17,1.385,0.6355,0.2955,0.38,11,0,1.0724934647665136
2.0,0.655,0.505,0.165,1.27,0.6035,0.262,0.335,10,0,0.3196580293550281
2.0,0.66,0.53,0.175,1.583,0.7395,0.3505,0.405,10,0,0.6724513811615707
2.0,0.69,0.53,0.19,1.5955,0.678,0.331,0.48,10,0,0.6788600606668234
2.0,0.715,0.525,0.2,1.89,0.95,0.436,0.4305,10,0,1.053905405438566
2.0,0.53,0.41,0.125,0.769,0.346,0.173,0.215,9,0,1.0617197142255157
2.0,0.535,0.405,0.14,0.7315,0.336,0.156,0.19,7,0,3.040048422323482
2.0,0.545,0.41,0.14,0.737,0.349,0.15,0.212,9,0,1.0698293215210697
2.0,0.59,0.465,0.135,0.9895,0.4235,0.199,0.28,8,0,2.022478359995047
2.0,0.6,0.47,0.16,1.012,0.441,0.2015,0.305,10,0,0.0470347334468005
2.0,0.605,0.49,0.165,1.1245,0.492,0.222,0.3555,11,0,0.9890266862737024
2.0,0.61,0.45,0.19,1.0805,0.517,0.2495,0.2935,10,0,0.1106503100697754
2.0,0.615,0.47,0.175,1.242,0.5675,0.287,0.317,11,0,1.0148231262256977
2.0,0.62,0.5,0.18,1.3915,0.726,0.2795,0.332,11,0,1.0887856637742348
2.0,0.62,0.525,0.155,1.085,0.454,0.1965,0.35,10,0,0.1323087545364697
2.0,0.62,0.48,0.165,1.0855,0.481,0.2575,0.305,10,0,0.1028548023461324
2.0,0.64,0.5,0.175,1.273,0.5065,0.2925,0.405,13,0,2.9943071735521865
2.0,0.645,0.51,0.19,1.4865,0.6445,0.296,0.425,12,0,2.0515472551434035
2.0,0.65,0.52,0.17,1.3655,0.6155,0.2885,0.36,11,0,1.0619370557303596
2.0,0.65,0.495,0.17,1.276,0.6215,0.2305,0.399,11,0,1.0369245957122013
2.0,0.65,0.495,0.16,1.2075,0.55,0.2695,0.32,10,0,0.241042791718213
2.0,0.65,0.525,0.205,1.4275,0.69,0.306,0.4355,13,0,3.0233623960958504
2.0,0.65,0.51,0.175,1.155,0.4955,0.2025,0.385,12,0,1.988582049432768
2.0,0.65,0.525,0.19,1.3685,0.5975,0.296,0.4,11,0,1.0652411154557664
2.0,0.66,0.51,0.18,1.261,0.5,0.2335,0.339,10,0,0.2790603120547338
2.0,0.67,0.54,0.195,1.217,0.532,0.2735,0.3315,11,0,1.013308948945986
2.0,0.675,0.51,0.17,1.527,0.809,0.318,0.341,11,0,1.1720179028079956
2.0,0.685,0.55,0.19,1.885,0.89,0.41,0.4895,10,0,1.0259222000826511
2.0,0.685,0.535,0.175,1.432,0.637,0.247,0.46,11,0,1.103073458508698
2.0,0.705,0.55,0.21,1.4385,0.655,0.3255,0.462,11,0,1.117854174339509
2.0,0.43,0.31,0.13,0.6485,0.2735,0.163,0.184,9,0,1.125216630635537
2.0,0.495,0.375,0.155,0.976,0.45,0.2285,0.2475,9,0,1.0297978472605729
2.0,0.505,0.4,0.15,0.775,0.3445,0.157,0.185,7,0,3.036819655944154
2.0,0.51,0.38,0.135,0.681,0.3435,0.142,0.17,9,0,1.0936757972042004
2.0,0.515,0.37,0.115,0.6145,0.3415,0.155,0.146,9,0,1.118557883050766
2.0,0.605,0.455,0.16,1.1215,0.533,0.273,0.271,10,0,0.1488329325346266
2.0,0.615,0.505,0.165,1.167,0.4895,0.2955,0.345,10,0,0.1964942917248207
2.0,0.615,0.475,0.15,1.0375,0.476,0.2325,0.283,9,0,1.02326601380496
2.0,0.625,0.48,0.18,1.223,0.565,0.2975,0.3375,10,0,0.2632191328818233
2.0,0.625,0.47,0.15,1.124,0.556,0.2315,0.287,9,0,1.0343005272525094
2.0,0.53,0.425,0.155,0.7905,0.307,0.171,0.2595,9,0,1.0588542315540337
2.0,0.53,0.425,0.13,0.702,0.2975,0.1395,0.22,9,0,1.086028804903841
2.0,0.53,0.42,0.135,0.675,0.294,0.156,0.1825,10,0,0.397566888363105
2.0,0.555,0.46,0.16,0.86,0.3345,0.1935,0.275,10,0,0.1979102159054577
2.0,0.56,0.465,0.145,0.8875,0.3345,0.22,0.2695,9,0,1.0365196190273918
2.0,0.575,0.465,0.12,1.0535,0.516,0.2185,0.235,9,0,1.0264924125415045
2.0,0.58,0.45,0.155,0.8275,0.321,0.1975,0.2445,8,0,2.0350339423826567
2.0,0.585,0.47,0.145,0.9565,0.4025,0.2365,0.265,9,0,1.0249719170929876
2.0,0.595,0.48,0.185,1.1785,0.526,0.2975,0.314,10,0,0.2043131959519047
2.0,0.615,0.48,0.185,1.2205,0.4985,0.315,0.33,10,0,0.2434022347831173
2.0,0.615,0.455,0.13,0.9685,0.49,0.182,0.2655,10,0,0.0876061327286484
2.0,0.62,0.48,0.155,1.2555,0.527,0.374,0.3175,11,0,1.0234577553072928
2.0,0.625,0.495,0.155,1.177,0.5055,0.278,0.345,9,0,1.0414073568698503
2.0,0.625,0.5,0.185,1.2425,0.5995,0.248,0.335,10,0,0.2889369609633826
2.0,0.63,0.49,0.16,1.09,0.407,0.224,0.354,12,0,1.982388177695543
2.0,0.67,0.52,0.175,1.4755,0.6275,0.379,0.374,10,0,0.5393168878430357
2.0,0.675,0.54,0.175,1.5545,0.6645,0.278,0.512,12,0,2.079468873070023
2.0,0.425,0.305,0.11,0.359,0.173,0.0875,0.0975,9,0,1.2846847840966351
2.0,0.515,0.385,0.13,0.623,0.2855,0.1285,0.175,10,0,0.4585413764371464
2.0,0.555,0.445,0.13,0.8625,0.4225,0.155,0.24,9,0,1.037038651765122
2.0,0.465,0.355,0.12,0.5315,0.2725,0.097,0.1395,8,0,2.100585157763974
2.0,0.475,0.385,0.12,0.562,0.289,0.0905,0.153,8,0,2.0902456844445805
2.0,0.565,0.445,0.14,0.836,0.406,0.1605,0.2245,9,0,1.0418104713792866
2.0,0.57,0.45,0.14,0.9275,0.477,0.1605,0.2515,8,0,2.025109403551874
2.0,0.57,0.44,0.145,0.8815,0.3605,0.1955,0.2735,10,0,0.1650755504788937
2.0,0.595,0.46,0.155,1.03,0.4275,0.207,0.3305,10,0,0.0643928280359952
2.0,0.62,0.46,0.17,1.127,0.535,0.2635,0.296,7,0,3.025751678045861
2.0,0.625,0.47,0.17,1.1665,0.4605,0.2565,0.3945,11,0,0.9982594245974488
2.0,0.68,0.54,0.195,1.7825,0.5565,0.3235,0.4285,11,0,1.2691953985779136
2.0,0.68,0.52,0.175,1.543,0.7525,0.351,0.374,11,0,1.169511227354527
2.0,0.5,0.385,0.12,0.6335,0.2305,0.125,0.235,14,0,4.005349059105234
2.0,0.535,0.41,0.15,0.8105,0.345,0.187,0.24,11,0,1.008086573528657
2.0,0.335,0.26,0.075,0.22,0.0855,0.04,0.085,6,0,4.137017922753364
2.0,0.41,0.325,0.1,0.3555,0.146,0.072,0.105,9,0,1.293388780735659
2.0,0.52,0.425,0.125,0.79,0.372,0.205,0.19,8,0,2.0391544883065778
2.0,0.5,0.42,0.125,0.62,0.255,0.15,0.205,11,0,1.081477201420042
2.0,0.575,0.45,0.16,0.955,0.44,0.1685,0.27,16,0,5.978714006683135
2.0,0.57,0.45,0.155,0.91,0.326,0.1895,0.355,14,0,3.9822689478089033
2.0,0.455,0.35,0.105,0.416,0.1625,0.097,0.145,11,0,1.208498617262133
2.0,0.445,0.37,0.125,0.515,0.2495,0.087,0.159,9,0,1.1802758945708425
2.0,0.385,0.3,0.115,0.3435,0.1645,0.085,0.1025,6,0,4.101323367890189
2.0,0.56,0.44,0.13,0.8255,0.2425,0.202,0.285,10,0,0.284513130527193
2.0,0.55,0.41,0.15,0.785,0.282,0.186,0.275,12,0,1.9995104874092104
2.0,0.41,0.335,0.115,0.4405,0.19,0.085,0.135,8,0,2.1376802144637286
2.0,0.655,0.515,0.2,1.373,0.443,0.3375,0.49,16,0,5.994613706574468
2.0,0.475,0.37,0.125,0.655,0.266,0.1725,0.185,10,0,0.4406510492307059
2.0,0.545,0.44,0.165,0.744,0.2875,0.204,0.25,15,0,4.988392312950487
2.0,0.295,0.225,0.09,0.1385,0.048,0.046,0.05,9,0,1.4816710632907828
2.0,0.545,0.45,0.16,0.8615,0.2925,0.1545,0.365,16,0,5.983248837984658
2.0,0.45,0.355,0.115,0.478,0.18,0.1185,0.155,10,0,0.6449588588634563
2.0,0.54,0.425,0.12,0.817,0.2945,0.153,0.195,10,0,0.2827275256195712
2.0,0.62,0.5,0.2,1.221,0.4605,0.263,0.43,12,0,1.996366513006951
2.0,0.515,0.4,0.14,0.7365,0.2955,0.184,0.185,16,0,5.98811552077603
2.0,0.495,0.38,0.135,0.6295,0.263,0.1425,0.215,12,0,2.0297388382158683
2.0,0.76,0.575,0.19,1.829,0.7035,0.386,0.56,14,0,4.087398793979555
2.0,0.445,0.345,0.14,0.476,0.2055,0.1015,0.1085,15,0,5.020599005956078
2.0,0.575,0.47,0.165,0.853,0.292,0.179,0.35,16,0,5.982981851341055
2.0,0.38,0.27,0.095,0.219,0.0835,0.0515,0.07,6,0,4.134411635385336
2.0,0.245,0.18,0.065,0.0635,0.0245,0.0135,0.02,4,0,6.136384502369268
2.0,0.455,0.355,0.135,0.4745,0.1865,0.0935,0.168,13,0,3.047194028822916
2.0,0.295,0.23,0.085,0.125,0.042,0.0285,0.043,8,0,2.2969452707324587
2.0,0.375,0.28,0.095,0.2225,0.0875,0.043,0.08,10,0,0.9525595617124368
2.0,0.395,0.28,0.08,0.266,0.0995,0.066,0.09,12,0,2.1741592930844025
2.0,0.52,0.41,0.115,0.77,0.263,0.157,0.26,11,0,1.031225517469253
2.0,0.53,0.425,0.11,0.739,0.237,0.161,0.295,13,0,2.9999629921587374
2.0,0.555,0.42,0.145,0.8695,0.3075,0.2575,0.25,14,0,3.983852621295143
2.0,0.505,0.39,0.105,0.6555,0.2595,0.18,0.19,11,0,1.0696042321696202
2.0,0.55,0.45,0.175,1.0985,0.3765,0.215,0.4,14,0,3.981699483606024
2.0,0.525,0.41,0.165,0.8005,0.2635,0.1985,0.25,13,0,2.9927697374704065
2.0,0.475,0.365,0.14,0.6175,0.202,0.1445,0.19,16,0,5.999248031765118
2.0,0.485,0.385,0.105,0.556,0.296,0.104,0.133,7,0,3.068788910985121
2.0,0.69,0.55,0.195,1.777,0.769,0.38,0.4305,11,0,1.3080181511731137
2.0,0.695,0.55,0.205,2.173,1.133,0.4665,0.496,10,0,1.393030706700914
2.0,0.415,0.315,0.12,0.4015,0.199,0.087,0.097,8,0,2.150914188464954
2.0,0.485,0.39,0.12,0.599,0.251,0.1345,0.169,8,0,2.081970695546724
2.0,0.495,0.375,0.115,0.6245,0.282,0.143,0.155,6,0,4.048794554124468
2.0,0.565,0.455,0.15,0.9795,0.444,0.205,0.275,8,0,2.022304658998422
2.0,0.6,0.465,0.155,1.262,0.6245,0.2455,0.33,10,0,0.3094781853701394
2.0,0.63,0.48,0.185,1.21,0.53,0.2555,0.322,11,0,1.0042279620684589
2.0,0.665,0.515,0.165,1.3855,0.621,0.302,0.3445,8,0,2.0679690429308586
2.0,0.67,0.51,0.2,1.5945,0.6705,0.3845,0.4505,10,0,0.6739037156889246
2.0,0.685,0.51,0.18,1.4545,0.6315,0.3105,0.3725,9,0,1.14108019400155
2.0,0.7,0.6,0.23,2.003,0.8105,0.4045,0.5755,10,0,1.126850735640387
2.0,0.72,0.6,0.235,2.2385,0.984,0.411,0.621,12,0,2.428174776064732
2.0,0.52,0.395,0.125,0.5815,0.2565,0.1265,0.17,10,0,0.504601678604905
2.0,0.585,0.465,0.15,0.98,0.4315,0.2545,0.247,9,0,1.0237314826126518
2.0,0.585,0.455,0.155,1.133,0.5515,0.223,0.305,12,0,1.9844569478742768
2.0,0.61,0.49,0.16,1.146,0.597,0.246,0.265,8,0,2.03218456217412
2.0,0.61,0.475,0.15,1.142,0.62,0.237,0.245,9,0,1.0450752006190511
2.0,0.615,0.53,0.17,1.12,0.5775,0.2095,0.286,9,0,1.0386941586296403
2.0,0.625,0.505,0.175,1.131,0.5425,0.2265,0.323,8,0,2.028963874360363
2.0,0.625,0.48,0.175,1.065,0.4865,0.259,0.285,10,0,0.0932589843192726
2.0,0.635,0.48,0.145,1.181,0.665,0.229,0.225,10,0,0.2853743305284426
2.0,0.66,0.505,0.19,1.4385,0.6775,0.285,0.178,11,0,1.1019215266728528
2.0,0.66,0.485,0.155,1.2275,0.61,0.274,0.3,8,0,2.04185673807467
2.0,0.66,0.515,0.155,1.4415,0.7055,0.3555,0.335,10,0,0.5281668177799044
2.0,0.72,0.545,0.195,1.7475,0.8215,0.383,0.4705,11,0,1.3128374960905562
2.0,0.51,0.405,0.125,0.6925,0.327,0.155,0.1805,7,0,3.045170413516913
2.0,0.59,0.45,0.16,0.998,0.445,0.214,0.301,9,0,1.0222399898273764
2.0,0.6,0.46,0.155,0.6655,0.285,0.149,0.269,11,0,1.0540714976246812
2.0,0.62,0.485,0.145,1.003,0.4655,0.2195,0.28,11,0,0.9796054090355396
2.0,0.625,0.495,0.155,1.025,0.46,0.1945,0.34,9,0,1.0257135612963717
2.0,0.625,0.495,0.175,1.2935,0.5805,0.317,0.355,9,0,1.0759376708239543
2.0,0.625,0.5,0.175,1.0565,0.4615,0.258,0.305,10,0,0.0927149839493459
2.0,0.645,0.51,0.165,1.403,0.5755,0.2515,0.4545,11,0,1.0780373328459854
2.0,0.515,0.39,0.12,0.6125,0.302,0.1365,0.1415,8,0,2.075465427832364
2.0,0.62,0.465,0.145,0.911,0.375,0.2145,0.278,10,0,0.135967019020483
2.0,0.63,0.49,0.15,1.1955,0.5845,0.257,0.3,9,0,1.049004641708886
2.0,0.545,0.45,0.15,0.7805,0.3795,0.1625,0.216,8,0,2.038735651241958
2.0,0.55,0.43,0.18,0.8265,0.4405,0.159,0.225,10,0,0.2118937860518548
2.0,0.55,0.385,0.13,0.7275,0.343,0.1625,0.19,8,0,2.049305773596246
2.0,0.56,0.45,0.145,0.9355,0.425,0.1645,0.2725,11,0,0.9836612344887256
2.0,0.57,0.445,0.16,1.0145,0.516,0.164,0.3,10,0,0.093274772224336
2.0,0.585,0.51,0.16,1.218,0.639,0.241,0.3,11,0,1.0187352217974723
2.0,0.59,0.45,0.155,0.874,0.369,0.2135,0.24,8,0,2.0287775445877423
2.0,0.6,0.47,0.13,1.0105,0.423,0.219,0.298,9,0,1.0229742938712427
2.0,0.61,0.365,0.155,1.0765,0.488,0.249,0.27,9,0,1.02919941971256
2.0,0.615,0.475,0.205,1.337,0.5995,0.2815,0.37,11,0,1.048333655626536
2.0,0.625,0.5,0.18,1.3705,0.645,0.303,0.3705,12,0,2.024165708982038
2.0,0.63,0.485,0.18,1.2435,0.5175,0.308,0.37,11,0,1.016439984525788
2.0,0.63,0.53,0.175,1.4135,0.667,0.2945,0.3555,13,0,3.0158570856758877
2.0,0.635,0.5,0.18,1.2915,0.594,0.2695,0.37,9,0,1.075923718054305
2.0,0.67,0.525,0.18,1.4915,0.728,0.343,0.381,9,0,1.1778761639266286
2.0,0.68,0.545,0.185,1.672,0.7075,0.364,0.48,11,0,1.238826027390137
2.0,0.7,0.545,0.215,1.9125,0.8825,0.4385,0.506,10,0,1.0573866986183302
2.0,0.48,0.365,0.13,0.5305,0.2405,0.127,0.139,8,0,2.100861872747691
2.0,0.51,0.41,0.155,1.2825,0.569,0.291,0.3795,9,0,1.0731791222268616
2.0,0.625,0.48,0.16,1.2415,0.6575,0.2625,0.2785,9,0,1.069174410182928
2.0,0.65,0.525,0.185,1.3455,0.586,0.278,0.3865,9,0,1.09430175925455
2.0,0.35,0.265,0.09,0.197,0.073,0.0365,0.077,7,0,3.179748798094792
2.0,0.55,0.42,0.145,0.7385,0.321,0.1485,0.252,11,0,1.0284660709490074
2.0,0.555,0.435,0.145,0.9205,0.404,0.2275,0.255,8,0,2.024978899395175
2.0,0.58,0.45,0.14,0.824,0.3465,0.1765,0.263,10,0,0.2234144650125789
2.0,0.585,0.45,0.15,0.997,0.4055,0.283,0.251,11,0,0.9817047480593172
2.0,0.63,0.505,0.155,1.105,0.492,0.226,0.325,11,0,0.9867659334764092
2.0,0.63,0.49,0.155,1.229,0.535,0.29,0.335,11,0,1.0106379572759834
2.0,0.655,0.525,0.18,1.402,0.624,0.2935,0.365,13,0,3.0122335345623
2.0,0.67,0.535,0.19,1.669,0.7465,0.2935,0.508,11,0,1.2433666637525824
2.0,0.695,0.53,0.21,1.51,0.664,0.4095,0.385,10,0,0.5998428896435761
2.0,0.695,0.55,0.195,1.6645,0.727,0.36,0.445,11,0,1.235465535575269
2.0,0.475,0.37,0.11,0.4895,0.2185,0.107,0.146,8,0,2.1138705997265634
2.0,0.475,0.36,0.14,0.5135,0.241,0.1045,0.155,8,0,2.105266874501932
2.0,0.385,0.255,0.1,0.3175,0.137,0.068,0.092,8,0,2.19356372479789
2.0,0.5,0.38,0.125,0.577,0.269,0.1265,0.1535,9,0,1.1429540781490504
2.0,0.52,0.385,0.165,0.791,0.375,0.18,0.1815,10,0,0.2761303524488883
2.0,0.55,0.43,0.13,0.8395,0.3155,0.1955,0.2405,10,0,0.2317749481648336
2.0,0.56,0.43,0.155,0.8675,0.4,0.172,0.229,8,0,2.0293329230518062
2.0,0.59,0.44,0.135,0.966,0.439,0.2145,0.2605,10,0,0.0637167108447376
2.0,0.6,0.475,0.205,1.176,0.5255,0.2875,0.308,9,0,1.0413411253515952
2.0,0.71,0.555,0.195,1.9485,0.9455,0.3765,0.495,12,0,2.2649150286923247
0.0,0.53,0.42,0.135,0.677,0.2565,0.1415,0.21,9,1,1.3476848433206223
0.0,0.545,0.425,0.125,0.768,0.294,0.1495,0.26,16,1,5.742173233617501
0.0,0.525,0.38,0.14,0.6065,0.194,0.1475,0.21,14,1,3.771259491051242
0.0,0.535,0.405,0.145,0.6845,0.2725,0.171,0.205,10,1,0.5137755395202944
0.0,0.47,0.355,0.1,0.4755,0.1675,0.0805,0.185,10,1,0.7479519883036263
0.0,0.44,0.34,0.1,0.451,0.188,0.087,0.13,10,1,0.7756845112672716
0.0,0.565,0.44,0.155,0.9395,0.4275,0.214,0.27,12,1,1.736232737560219
0.0,0.55,0.415,0.135,0.7635,0.318,0.21,0.2,9,1,1.3149818562717972
0.0,0.615,0.48,0.165,1.1615,0.513,0.301,0.305,10,1,0.3028159777306431
0.0,0.56,0.44,0.14,0.9285,0.3825,0.188,0.3,11,1,0.748947571416633
0.0,0.58,0.45,0.185,0.9955,0.3945,0.272,0.285,11,1,0.7385324758715139
0.0,0.68,0.56,0.165,1.639,0.6055,0.2805,0.46,15,1,4.774391471236648
0.0,0.705,0.55,0.2,1.7095,0.633,0.4115,0.49,13,1,2.8301601276241093
0.0,0.54,0.475,0.155,1.217,0.5305,0.3075,0.34,16,1,5.734944780849235
0.0,0.45,0.355,0.105,0.5225,0.237,0.1165,0.145,8,1,2.3560235104559046
0.0,0.575,0.445,0.135,0.883,0.381,0.2035,0.26,11,1,0.7579150474934973
0.0,0.45,0.335,0.105,0.425,0.1865,0.091,0.115,9,1,1.4743453482101916
0.0,0.55,0.425,0.135,0.8515,0.362,0.196,0.27,14,1,3.739027465600187
0.0,0.46,0.375,0.12,0.4605,0.1775,0.11,0.15,7,1,3.3437058139443225
0.0,0.525,0.425,0.16,0.8355,0.3545,0.2135,0.245,9,1,1.2951436054891243
0.0,0.47,0.36,0.12,0.4775,0.2105,0.1055,0.15,10,1,0.7299411237893696
0.0,0.5,0.4,0.14,0.6615,0.2565,0.1755,0.22,8,1,2.316166896957242
0.0,0.505,0.4,0.125,0.583,0.246,0.13,0.175,7,1,3.3152173521205124
0.0,0.53,0.41,0.13,0.6965,0.302,0.1935,0.2,10,1,0.4941069229658855
0.0,0.565,0.44,0.16,0.915,0.354,0.1935,0.32,12,1,1.7412852819676643
0.0,0.595,0.495,0.185,1.285,0.416,0.224,0.485,13,1,2.7481767236075623
0.0,0.475,0.39,0.12,0.5305,0.2135,0.1155,0.17,10,1,0.6771947167536433
0.0,0.4,0.32,0.11,0.353,0.1405,0.0985,0.1,8,1,2.420228768136075
0.0,0.605,0.45,0.195,1.098,0.481,0.2895,0.315,13,1,2.732747000187524
0.0,0.6,0.475,0.15,1.0075,0.4425,0.221,0.28,15,1,4.731800934047869
0.0,0.6,0.47,0.15,0.922,0.363,0.194,0.305,10,1,0.3186802948327871
0.0,0.555,0.425,0.14,0.788,0.282,0.1595,0.285,11,1,0.8043606192201823
0.0,0.615,0.475,0.17,1.1025,0.4695,0.2355,0.345,14,1,3.732170540399802
0.0,0.575,0.445,0.14,0.941,0.3845,0.252,0.285,9,1,1.2764685004785996
0.0,0.52,0.425,0.165,0.9885,0.396,0.225,0.32,16,1,5.732738702783124
0.0,0.57,0.465,0.18,1.295,0.339,0.2225,0.44,12,1,1.7582333617079868
0.0,0.46,0.355,0.13,0.517,0.2205,0.114,0.165,9,1,1.4203681972941973
0.0,0.575,0.45,0.16,0.9775,0.3135,0.231,0.33,12,1,1.7398191359763646
0.0,0.625,0.495,0.165,1.262,0.507,0.318,0.39,10,1,0.3673056447310938
0.0,0.475,0.375,0.125,0.5785,0.2775,0.085,0.155,10,1,0.6302560907408689
0.0,0.52,0.41,0.155,0.727,0.291,0.1835,0.235,12,1,1.7743320179700868
0.0,0.545,0.43,0.165,0.802,0.2935,0.183,0.28,11,1,0.7956286336461662
0.0,0.5,0.4,0.125,0.6675,0.261,0.1315,0.22,10,1,0.5401506577479409
0.0,0.51,0.39,0.135,0.6335,0.231,0.179,0.2,9,1,1.365430116011486
0.0,0.435,0.395,0.105,0.3635,0.136,0.098,0.13,9,1,1.5069510310914254
0.0,0.545,0.41,0.125,0.6935,0.2975,0.146,0.21,11,1,0.8448441996557404
0.0,0.53,0.415,0.115,0.5915,0.233,0.1585,0.18,11,1,0.9105629265628732
0.0,0.49,0.375,0.135,0.6125,0.2555,0.102,0.22,11,1,0.9024529715899676
0.0,0.56,0.43,0.15,0.8825,0.3465,0.172,0.31,9,1,1.287679246846186
0.0,0.47,0.365,0.105,0.4205,0.163,0.1035,0.14,9,1,1.4727936667331394
0.0,0.515,0.425,0.14,0.766,0.304,0.1725,0.255,14,1,3.7475920556283566
0.0,0.44,0.35,0.125,0.4035,0.175,0.063,0.129,9,1,1.4863416651874175
0.0,0.325,0.26,0.09,0.1915,0.085,0.036,0.062,7,1,3.432234568392074
0.0,0.425,0.33,0.115,0.406,0.1635,0.081,0.1355,8,1,2.3983365061222464
0.0,0.305,0.23,0.08,0.156,0.0675,0.0345,0.048,7,1,3.44804087353855
0.0,0.405,0.325,0.11,0.3555,0.151,0.063,0.117,9,1,1.5203601351663698
0.0,0.565,0.445,0.155,0.826,0.341,0.2055,0.2475,10,1,0.3785689255841353
0.0,0.55,0.45,0.145,0.741,0.295,0.1435,0.2665,10,1,0.4577480270576818
0.0,0.49,0.38,0.125,0.549,0.245,0.1075,0.174,10,1,0.6510626226062265
0.0,0.605,0.5,0.185,1.1185,0.469,0.2585,0.335,9,1,1.2719488203079954
0.0,0.635,0.515,0.19,1.3715,0.5065,0.305,0.45,10,1,0.4565048942145187
0.0,0.605,0.485,0.16,1.0565,0.37,0.2355,0.355,10,1,0.2908344235829467
0.0,0.565,0.45,0.135,0.9885,0.387,0.1495,0.31,12,1,1.7367778848413356
0.0,0.575,0.46,0.19,0.994,0.392,0.2425,0.34,13,1,2.7335222370310595
0.0,0.58,0.455,0.17,0.9075,0.374,0.2135,0.285,13,1,2.736958830921206
0.0,0.575,0.46,0.165,1.124,0.2985,0.1785,0.44,13,1,2.7414193203179478
0.0,0.605,0.485,0.16,1.222,0.53,0.2575,0.28,13,1,2.7377047871333366
0.0,0.68,0.515,0.175,1.6185,0.5125,0.409,0.62,12,1,1.8609868102664644
0.0,0.53,0.395,0.145,0.775,0.308,0.169,0.255,7,1,3.2862705987651943
0.0,0.52,0.405,0.115,0.776,0.32,0.1845,0.22,8,1,2.2940120372246517
0.0,0.56,0.45,0.16,1.0235,0.429,0.268,0.3,10,1,0.2758776572736484
0.0,0.62,0.475,0.175,1.0165,0.4355,0.214,0.325,10,1,0.2774956252288514
0.0,0.645,0.51,0.2,1.5675,0.621,0.367,0.46,12,1,1.8267195661816893
0.0,0.63,0.48,0.15,1.0525,0.392,0.336,0.285,12,1,1.736442633394006
0.0,0.63,0.5,0.185,1.383,0.54,0.3315,0.38,10,1,0.4537700775380858
0.0,0.63,0.48,0.16,1.199,0.5265,0.335,0.315,11,1,0.7565503284272458
0.0,0.585,0.46,0.17,0.9325,0.365,0.271,0.29,9,1,1.2787062573276848
0.0,0.51,0.4,0.14,0.8145,0.459,0.1965,0.195,10,1,0.3900951037536918
0.0,0.505,0.41,0.15,0.644,0.285,0.145,0.21,11,1,0.8720094391391496
0.0,0.45,0.345,0.12,0.4165,0.1655,0.095,0.135,9,1,1.4780418899899712
0.0,0.5,0.4,0.145,0.63,0.234,0.1465,0.23,12,1,1.803937030281291
0.0,0.53,0.435,0.17,0.8155,0.2985,0.155,0.275,13,1,2.748753372659781
0.0,0.44,0.34,0.14,0.482,0.186,0.1085,0.16,9,1,1.444055935459765
0.0,0.525,0.415,0.17,0.8325,0.2755,0.1685,0.31,13,1,2.7487118692546337
0.0,0.49,0.365,0.145,0.6345,0.1995,0.1625,0.22,10,1,0.5897304654638359
0.0,0.415,0.325,0.105,0.38,0.1595,0.0785,0.12,12,1,1.9109990047941336
0.0,0.485,0.395,0.16,0.66,0.2475,0.128,0.235,14,1,3.76239296608578
0.0,0.415,0.305,0.13,0.32,0.1305,0.0755,0.105,8,1,2.4318384582262675
0.0,0.445,0.325,0.125,0.455,0.1785,0.1125,0.14,9,1,1.4591965703590446
0.0,0.47,0.35,0.145,0.5175,0.187,0.1235,0.18,11,1,0.9756445329847078
0.0,0.49,0.375,0.15,0.5755,0.22,0.144,0.19,9,1,1.3908479466365522
0.0,0.445,0.355,0.15,0.485,0.181,0.125,0.155,11,1,1.0013673623430162
0.0,0.5,0.37,0.135,0.45,0.1715,0.1055,0.155,9,1,1.453671535645212
0.0,0.39,0.29,0.125,0.3055,0.121,0.082,0.09,7,1,3.390771933651633
0.0,0.58,0.465,0.165,1.1015,0.404,0.2095,0.35,11,1,0.7374744550829266
0.0,0.53,0.415,0.16,0.783,0.2935,0.158,0.245,15,1,4.743704302572005
0.0,0.595,0.455,0.155,1.0605,0.5135,0.2165,0.3,12,1,1.732342957774762
0.0,0.575,0.46,0.185,1.094,0.4485,0.217,0.345,15,1,4.731956244985204
0.0,0.635,0.505,0.17,1.415,0.605,0.297,0.365,15,1,4.748599212819263
0.0,0.59,0.475,0.16,1.1015,0.4775,0.2555,0.295,13,1,2.7319825801191997
0.0,0.54,0.475,0.155,0.928,0.394,0.194,0.26,11,1,0.7492008277574117
0.0,0.57,0.44,0.125,0.865,0.3675,0.1725,0.27,12,1,1.746221553581026
0.0,0.46,0.38,0.13,0.639,0.3,0.1525,0.16,11,1,0.8852216030317869
0.0,0.45,0.36,0.125,0.4995,0.2035,0.1,0.17,13,1,2.8108058736586314
0.0,0.66,0.53,0.185,1.3485,0.493,0.245,0.49,12,1,1.7698943490643972
0.0,0.515,0.425,0.135,0.712,0.2665,0.1605,0.25,11,1,0.839983804926678
0.0,0.535,0.415,0.185,0.8415,0.314,0.1585,0.3,15,1,4.739736013146322
0.0,0.455,0.355,0.12,0.4495,0.177,0.104,0.15,9,1,1.4581479066568832
0.0,0.535,0.415,0.17,0.879,0.295,0.1965,0.285,10,1,0.3707428950191989
0.0,0.495,0.4,0.155,0.6445,0.242,0.1325,0.205,17,1,6.749829405574414
0.0,0.535,0.435,0.16,0.8105,0.3155,0.1795,0.24,10,1,0.4039102937052973
0.0,0.565,0.505,0.21,1.2765,0.501,0.279,0.355,12,1,1.7489284724625864
0.0,0.405,0.305,0.095,0.3485,0.1455,0.0895,0.1,9,1,1.5265313824109843
0.0,0.54,0.435,0.175,0.892,0.322,0.174,0.335,13,1,2.7413357114754686
0.0,0.47,0.36,0.13,0.472,0.182,0.114,0.15,10,1,0.742645258056402
0.0,0.635,0.535,0.19,1.242,0.576,0.2475,0.39,14,1,3.740181010900284
0.0,0.58,0.455,0.155,0.8365,0.315,0.1385,0.32,18,1,7.73653369965538
0.0,0.4,0.325,0.12,0.3185,0.134,0.0565,0.095,8,1,2.43400460539137
0.0,0.565,0.45,0.195,1.0035,0.406,0.2505,0.285,15,1,4.73228042782394
0.0,0.62,0.51,0.205,1.3475,0.4775,0.2565,0.48,14,1,3.748121064127313
0.0,0.505,0.375,0.18,0.568,0.2325,0.1495,0.17,12,1,1.8236950546042567
0.0,0.46,0.425,0.155,0.746,0.3005,0.152,0.24,8,1,2.301232235986707
0.0,0.525,0.42,0.16,0.756,0.2745,0.173,0.275,9,1,1.3204489246564677
0.0,0.61,0.495,0.185,1.153,0.536,0.2905,0.245,8,1,2.273762394622864
0.0,0.645,0.525,0.19,1.8085,0.7035,0.3885,0.395,18,1,7.7744820811301505
0.0,0.685,0.545,0.18,1.768,0.7495,0.392,0.485,16,1,5.789390179864429
0.0,0.59,0.465,0.15,0.997,0.392,0.246,0.34,12,1,1.7343315422111274
0.0,0.6,0.48,0.15,1.029,0.4085,0.2705,0.295,16,1,5.7318858436424245
0.0,0.62,0.5,0.175,1.186,0.4985,0.3015,0.35,12,1,1.7396265124222074
0.0,0.58,0.455,0.12,1.0735,0.479,0.2735,0.265,10,1,0.2772976814511669
0.0,0.69,0.56,0.215,1.719,0.68,0.299,0.47,17,1,6.771844325723615
0.0,0.65,0.545,0.165,1.566,0.6645,0.3455,0.415,16,1,5.760935574178599
0.0,0.66,0.565,0.195,1.7605,0.692,0.3265,0.5,16,1,5.785029771976309
0.0,0.7,0.575,0.17,1.31,0.5095,0.314,0.42,14,1,3.74669407326082
0.0,0.585,0.45,0.16,1.077,0.4995,0.2875,0.25,10,1,0.2815773179149268
0.0,0.61,0.495,0.185,1.1085,0.3705,0.3135,0.33,12,1,1.7373810802714622
0.0,0.455,0.37,0.105,0.4925,0.216,0.1245,0.135,9,1,1.432986608766513
0.0,0.47,0.375,0.125,0.5615,0.252,0.137,0.18,10,1,0.6367110917426846
0.0,0.5,0.395,0.14,0.7155,0.3165,0.176,0.24,10,1,0.4770393704424778
0.0,0.485,0.365,0.12,0.5885,0.27,0.131,0.175,9,1,1.382288990065532
0.0,0.435,0.325,0.11,0.4335,0.178,0.0985,0.155,7,1,3.3516215856513294
0.0,0.515,0.415,0.14,0.6935,0.3115,0.152,0.2,10,1,0.4995636119714111
0.0,0.525,0.44,0.15,0.8425,0.3685,0.1985,0.24,12,1,1.7495021996171487
0.0,0.58,0.46,0.12,0.9935,0.4625,0.2385,0.28,11,1,0.7352515744915974
0.0,0.605,0.495,0.17,1.2385,0.528,0.2465,0.39,14,1,3.737878462290346
0.0,0.62,0.47,0.14,1.0325,0.3605,0.224,0.36,15,1,4.733117171487969
0.0,0.63,0.5,0.155,1.005,0.367,0.199,0.36,16,1,5.733154771548435
0.0,0.67,0.54,0.165,1.5015,0.518,0.358,0.505,14,1,3.767880972277194
0.0,0.49,0.39,0.135,0.5785,0.2465,0.123,0.2,13,1,2.7876843678802885
0.0,0.61,0.485,0.165,1.0915,0.3935,0.2435,0.33,18,1,7.731949051686518
0.0,0.575,0.45,0.17,1.0475,0.3775,0.1705,0.385,18,1,7.732660255648853
0.0,0.57,0.45,0.175,0.9555,0.38,0.1665,0.295,18,1,7.732842349012936
0.0,0.41,0.325,0.105,0.3635,0.159,0.077,0.12,10,1,0.8667763961931387
0.0,0.56,0.455,0.19,0.714,0.283,0.129,0.275,9,1,1.3308102026386828
0.0,0.565,0.455,0.15,0.8205,0.365,0.159,0.26,18,1,7.736087381166354
0.0,0.675,0.535,0.16,1.41,0.592,0.3175,0.42,16,1,5.746912319370381
0.0,0.665,0.555,0.195,1.4385,0.581,0.354,0.36,17,1,6.745933874743502
0.0,0.565,0.49,0.155,0.9245,0.405,0.2195,0.255,11,1,0.7474705177675844
0.0,0.645,0.55,0.175,1.2915,0.57,0.3045,0.33,14,1,3.7428115771847135
0.0,0.64,0.54,0.175,1.221,0.51,0.259,0.39,15,1,4.736513331270614
0.0,0.525,0.41,0.135,0.7085,0.293,0.1525,0.235,11,1,0.8374051584708241
0.0,0.585,0.465,0.17,0.9915,0.3865,0.224,0.265,12,1,1.734617938338897
0.0,0.67,0.55,0.19,1.3905,0.5425,0.3035,0.4,12,1,1.7741967465951036
0.0,0.68,0.55,0.21,1.7445,0.5975,0.305,0.625,17,1,6.777659977165002
0.0,0.53,0.44,0.135,0.7835,0.313,0.1715,0.2185,9,1,1.3113894988077537
0.0,0.515,0.405,0.12,0.646,0.2895,0.1405,0.177,10,1,0.5499810135892166
0.0,0.52,0.405,0.12,0.627,0.2645,0.1415,0.181,11,1,0.8880314120987772
0.0,0.545,0.415,0.16,0.7715,0.272,0.1455,0.2765,10,1,0.4481003014502292
0.0,0.465,0.35,0.115,0.421,0.1565,0.091,0.1345,9,1,1.4768109092685588
0.0,0.585,0.465,0.14,0.908,0.381,0.1615,0.315,13,1,2.737659675294417
0.0,0.625,0.515,0.15,1.2415,0.5235,0.3065,0.36,15,1,4.736905148539082
0.0,0.57,0.455,0.165,1.0595,0.44,0.2195,0.285,14,1,3.731595522252002
0.0,0.655,0.51,0.155,1.2895,0.5345,0.2855,0.41,11,1,0.7856655840003375
0.0,0.625,0.5,0.15,0.953,0.3445,0.2235,0.305,15,1,4.734303557063118
0.0,0.64,0.52,0.175,1.248,0.4245,0.2595,0.48,12,1,1.7539997313648203
0.0,0.615,0.525,0.155,1.0385,0.427,0.2315,0.345,11,1,0.7372381078819933
0.0,0.58,0.44,0.18,0.854,0.3665,0.1635,0.245,12,1,1.7482051892371973
0.0,0.62,0.47,0.225,1.115,0.378,0.2145,0.36,15,1,4.7335800983072245
0.0,0.6,0.505,0.19,1.129,0.4385,0.256,0.36,13,1,2.733867593675583
0.0,0.625,0.485,0.19,1.1745,0.4385,0.2305,0.42,17,1,6.733842976890879
0.0,0.455,0.35,0.14,0.5185,0.221,0.1265,0.135,10,1,0.6974268385265199
0.0,0.49,0.38,0.145,0.6725,0.249,0.181,0.21,10,1,0.5389534644054935
0.0,0.275,0.195,0.07,0.08,0.031,0.0215,0.025,5,1,5.402787885568029
0.0,0.345,0.25,0.09,0.203,0.078,0.059,0.055,6,1,4.392234667502984
0.0,0.36,0.27,0.09,0.1885,0.0845,0.0385,0.055,5,1,5.370422698948639
0.0,0.57,0.445,0.155,0.733,0.282,0.159,0.235,14,1,3.7509708047231647
0.0,0.57,0.45,0.16,0.9715,0.3965,0.255,0.26,12,1,1.7353100752413684
0.0,0.46,0.355,0.13,0.458,0.192,0.1055,0.13,13,1,2.8218854535398608
0.0,0.435,0.335,0.11,0.38,0.1695,0.086,0.11,9,1,1.4997409921766365
0.0,0.375,0.29,0.115,0.2705,0.093,0.066,0.0885,10,1,0.985944646790058
0.0,0.5,0.375,0.14,0.604,0.242,0.1415,0.179,15,1,4.761957577364445
0.0,0.44,0.355,0.115,0.415,0.1585,0.0925,0.131,11,1,1.0580520714117303
0.0,0.38,0.29,0.105,0.257,0.099,0.051,0.085,10,1,0.99735117676411
0.0,0.565,0.45,0.16,0.795,0.3605,0.1555,0.23,12,1,1.7570667444737404
0.0,0.66,0.5,0.165,1.1905,0.4585,0.298,0.37,12,1,1.7412945037734473
0.0,0.66,0.53,0.17,1.326,0.519,0.2625,0.44,13,1,2.751073475424427
0.0,0.44,0.34,0.105,0.364,0.148,0.0805,0.1175,8,1,2.412037251368505
0.0,0.475,0.35,0.115,0.452,0.1715,0.092,0.155,11,1,1.0249105349462824
0.0,0.545,0.415,0.15,0.7335,0.2795,0.163,0.2185,11,1,0.8288511592567851
0.0,0.47,0.355,0.13,0.5465,0.2005,0.126,0.185,14,1,3.781621857192576
0.0,0.41,0.32,0.115,0.387,0.165,0.1005,0.0985,11,1,1.0864102223237386
0.0,0.57,0.44,0.14,0.9535,0.3785,0.201,0.305,17,1,6.732863876890006
0.0,0.61,0.475,0.14,1.133,0.5275,0.2355,0.35,11,1,0.7410153633634806
0.0,0.585,0.435,0.175,0.982,0.4055,0.2495,0.27,10,1,0.287339286239523
0.0,0.63,0.48,0.175,1.3675,0.5015,0.3035,0.515,17,1,6.742792866323447
0.0,0.625,0.49,0.175,1.233,0.5565,0.247,0.365,11,1,0.7634341847187895
0.0,0.41,0.305,0.1,0.363,0.1735,0.065,0.11,11,1,1.104656799352408
0.0,0.55,0.41,0.145,0.8285,0.3095,0.1905,0.25,13,1,2.746546253881232
0.0,0.405,0.31,0.12,0.3095,0.138,0.058,0.095,13,1,2.872495596904799
0.0,0.37,0.29,0.115,0.25,0.111,0.057,0.075,9,1,1.5937445066527829
0.0,0.55,0.43,0.14,0.7135,0.2565,0.186,0.225,9,1,1.3335608326483417
0.0,0.56,0.445,0.195,0.981,0.305,0.2245,0.335,16,1,5.734364627178636
0.0,0.385,0.315,0.11,0.286,0.1225,0.0635,0.0835,10,1,0.9583973726181132
0.0,0.39,0.3,0.1,0.265,0.1075,0.06,0.0865,13,1,2.8902877501190685
0.0,0.44,0.345,0.17,0.4085,0.15,0.0825,0.1515,12,1,1.8955023489686864
0.0,0.47,0.355,0.14,0.433,0.1525,0.095,0.152,12,1,1.8832177128304943
0.0,0.5,0.385,0.115,0.6785,0.2945,0.138,0.195,12,1,1.7896330514089442
0.0,0.5,0.385,0.105,0.498,0.1795,0.1095,0.17,17,1,6.763890924782651
0.0,0.525,0.405,0.16,0.658,0.2655,0.1125,0.225,12,1,1.7947886545986316
0.0,0.425,0.335,0.095,0.322,0.1205,0.061,0.125,10,1,0.9122467747100153
0.0,0.38,0.305,0.095,0.2815,0.1255,0.0525,0.09,8,1,2.4506368055293075
0.0,0.43,0.34,0.12,0.391,0.1555,0.095,0.1405,7,1,3.362061294914276
0.0,0.51,0.4,0.13,0.5735,0.219,0.1365,0.195,13,1,2.7896528022369744
0.0,0.475,0.36,0.125,0.447,0.1695,0.081,0.14,9,1,1.4618204815112954
0.0,0.37,0.28,0.11,0.2305,0.0945,0.0465,0.075,10,1,1.02678735862732
0.0,0.555,0.435,0.165,0.97,0.336,0.2315,0.295,17,1,6.733257707052845
0.0,0.615,0.515,0.17,1.14,0.4305,0.2245,0.42,16,1,5.733767570580531
0.0,0.585,0.475,0.185,0.9585,0.4145,0.1615,0.33,11,1,0.7442206648806768
0.0,0.415,0.34,0.13,0.3675,0.146,0.0885,0.12,10,1,0.8618034887988903
0.0,0.38,0.305,0.105,0.281,0.1045,0.0615,0.09,12,1,1.9667099971803912
0.0,0.395,0.295,0.095,0.2245,0.078,0.054,0.08,10,1,1.0285140940625357
0.0,0.485,0.38,0.15,0.605,0.2155,0.14,0.18,15,1,4.763347154983184
0.0,0.45,0.35,0.145,0.5425,0.1765,0.123,0.175,13,1,2.804213022593162
0.0,0.5,0.38,0.155,0.655,0.2405,0.143,0.205,17,1,6.749238698707898
0.0,0.5,0.375,0.115,0.5945,0.185,0.148,0.19,11,1,0.9271573226492756
0.0,0.37,0.275,0.1,0.2225,0.093,0.026,0.08,8,1,2.4802826832646083
0.0,0.435,0.325,0.115,0.3915,0.154,0.094,0.12,7,1,3.3635690587146745
0.0,0.535,0.4,0.15,0.8045,0.3345,0.2125,0.21,13,1,2.7485177860191587
0.0,0.535,0.405,0.125,0.927,0.26,0.1425,0.345,16,1,5.737925976304566
0.0,0.43,0.325,0.115,0.3865,0.1475,0.1065,0.11,11,1,1.0851310876312985
0.0,0.43,0.335,0.12,0.444,0.155,0.1145,0.14,13,1,2.830113674044629
0.0,0.395,0.315,0.105,0.3515,0.1185,0.091,0.1195,16,1,5.7944394864447055
0.0,0.48,0.385,0.135,0.536,0.1895,0.142,0.173,14,1,3.7827254843350064
0.0,0.445,0.33,0.105,0.4525,0.18,0.103,0.123,9,1,1.46284115172148
0.0,0.345,0.26,0.09,0.207,0.0775,0.0435,0.0765,10,1,1.0621940683630788
0.0,0.49,0.36,0.11,0.5005,0.161,0.107,0.195,17,1,6.764524152044515
0.0,0.48,0.375,0.105,0.525,0.2185,0.1195,0.155,12,1,1.8421093549465453
0.0,0.52,0.4,0.12,0.6515,0.261,0.2015,0.165,15,1,4.755831707001243
0.0,0.52,0.405,0.125,0.6435,0.2415,0.1735,0.21,12,1,1.7988500614669678
0.0,0.36,0.265,0.09,0.2065,0.078,0.057,0.06,8,1,2.4893009974513705
0.0,0.535,0.42,0.15,0.7365,0.2785,0.186,0.215,14,1,3.7513008511724433
0.0,0.52,0.405,0.14,0.8175,0.2795,0.183,0.26,17,1,6.738967422945428
0.0,0.53,0.42,0.13,1.001,0.34,0.226,0.265,17,1,6.733246961045734
0.0,0.51,0.39,0.105,0.612,0.187,0.15,0.195,13,1,2.7863874233648698
0.0,0.605,0.46,0.17,1.122,0.347,0.3045,0.315,13,1,2.7356480775960037
0.0,0.58,0.455,0.165,1.1365,0.369,0.3005,0.275,13,1,2.73510650788912
0.0,0.605,0.495,0.19,1.437,0.469,0.2655,0.41,15,1,4.74849537565209
0.0,0.55,0.44,0.155,0.946,0.313,0.1825,0.335,16,1,5.73489515265594
0.0,0.54,0.44,0.135,0.959,0.2385,0.221,0.3,17,1,6.736046961537478
0.0,0.61,0.47,0.145,1.153,0.403,0.296,0.32,14,1,3.733823602298457
0.0,0.59,0.445,0.13,1.1325,0.3825,0.234,0.32,13,1,2.7339324329669594
0.0,0.55,0.43,0.155,0.785,0.289,0.227,0.233,11,1,0.8026846218278137
0.0,0.53,0.425,0.17,0.949,0.3485,0.2395,0.278,17,1,6.73358410603393
0.0,0.53,0.455,0.165,0.9805,0.3155,0.2815,0.2965,11,1,0.7532104617101518
0.0,0.47,0.36,0.145,0.537,0.1725,0.1375,0.195,15,1,4.773097349380884
0.0,0.515,0.39,0.13,0.5755,0.1975,0.13,0.1845,9,1,1.3942516587471596
0.0,0.505,0.39,0.16,0.644,0.2475,0.2025,0.1635,9,1,1.3620035100869785
0.0,0.6,0.465,0.165,0.8875,0.309,0.246,0.262,12,1,1.7466508404706989
0.0,0.57,0.465,0.16,0.8935,0.3145,0.2575,0.263,10,1,0.3491176531985013
0.0,0.485,0.375,0.135,0.556,0.1925,0.1315,0.1685,10,1,0.6629083745466733
0.0,0.425,0.345,0.11,0.3665,0.125,0.081,0.117,11,1,1.1049605350460463
0.0,0.48,0.4,0.125,0.759,0.2125,0.179,0.24,15,1,4.749608286985655
0.0,0.44,0.34,0.13,0.4195,0.153,0.1155,0.13,10,1,0.8067736116425611
0.0,0.52,0.41,0.115,0.807,0.2855,0.179,0.235,12,1,1.762498119840075
0.0,0.48,0.365,0.135,0.6395,0.2945,0.113,0.175,8,1,2.323433512405084
0.0,0.495,0.41,0.125,0.7555,0.3355,0.129,0.214,9,1,1.321155608110853
0.0,0.54,0.42,0.14,0.805,0.369,0.1725,0.21,11,1,0.7886747206470803
0.0,0.545,0.44,0.135,0.9185,0.429,0.2015,0.2375,10,1,0.3153189733008147
0.0,0.55,0.43,0.125,0.923,0.4035,0.175,0.283,8,1,2.274753348617612
0.0,0.55,0.45,0.15,0.875,0.362,0.1755,0.2765,10,1,0.3464667694282909
0.0,0.575,0.465,0.14,0.958,0.442,0.1815,0.2705,9,1,1.274067647172266
0.0,0.595,0.48,0.15,1.11,0.498,0.228,0.33,10,1,0.2793448263035668
0.0,0.595,0.48,0.16,1.2095,0.5225,0.296,0.32,8,1,2.275663659510525
0.0,0.595,0.475,0.16,1.1405,0.547,0.231,0.271,6,1,4.270417435426286
0.0,0.595,0.465,0.14,1.113,0.5175,0.244,0.305,12,1,1.7334480241560002
0.0,0.6,0.475,0.155,1.21,0.653,0.1695,0.3205,10,1,0.3715573569680344
0.0,0.605,0.475,0.175,1.382,0.609,0.2325,0.3985,10,1,0.4600647271897131
0.0,0.615,0.5,0.175,1.377,0.5585,0.33,0.292,12,1,1.7670852736275822
0.0,0.615,0.52,0.15,1.3435,0.629,0.2605,0.345,10,1,0.4365948880463737
0.0,0.62,0.505,0.16,1.3725,0.6285,0.275,0.3685,11,1,0.8205017082507002
0.0,0.625,0.49,0.155,1.2085,0.465,0.162,0.411,11,1,0.7608226821590344
0.0,0.625,0.49,0.2,1.3825,0.5895,0.285,0.381,11,1,0.8197435468645553
0.0,0.635,0.5,0.15,1.376,0.6495,0.361,0.31,10,1,0.4799918923950509
0.0,0.635,0.485,0.165,1.2945,0.668,0.2605,0.2715,9,1,1.309061751157515
0.0,0.64,0.51,0.165,1.486,0.7595,0.332,0.321,8,1,2.3315693690175605
0.0,0.67,0.585,0.16,1.309,0.5445,0.2945,0.413,10,1,0.4271706537187067
0.0,0.675,0.525,0.17,1.8095,0.784,0.391,0.455,12,1,1.9318065277196117
0.0,0.675,0.525,0.155,1.4785,0.628,0.3405,0.42,9,1,1.3616390314981148
0.0,0.68,0.56,0.195,1.7775,0.861,0.322,0.415,11,1,1.1214347004704377
0.0,0.685,0.54,0.16,1.6675,0.833,0.3775,0.475,11,1,1.0561306259126158
0.0,0.695,0.56,0.22,1.834,0.8455,0.422,0.455,11,1,1.1721952892932148
0.0,0.445,0.335,0.11,0.4355,0.2025,0.1095,0.1195,6,1,4.331024318699305
0.0,0.465,0.35,0.125,0.482,0.23,0.106,0.1095,6,1,4.322426886808659
0.0,0.47,0.365,0.12,0.582,0.29,0.092,0.146,8,1,2.338310813611209
0.0,0.475,0.36,0.12,0.5915,0.3245,0.11,0.127,6,1,4.303909653925746
0.0,0.485,0.37,0.115,0.4785,0.1995,0.0955,0.129,7,1,3.3396640758496146
0.0,0.505,0.39,0.13,0.674,0.3165,0.141,0.1785,9,1,1.345841228122627
0.0,0.515,0.43,0.14,0.834,0.367,0.2,0.23,8,1,2.2839950641240274
0.0,0.525,0.415,0.14,0.724,0.3475,0.173,0.175,8,1,2.300960037758589
0.0,0.53,0.425,0.13,0.7585,0.325,0.197,0.205,8,1,2.295324761572329
0.0,0.53,0.425,0.15,0.8495,0.328,0.232,0.202,8,1,2.28482770871942
0.0,0.535,0.4,0.135,0.8215,0.3935,0.196,0.205,8,1,2.285346925802888
0.0,0.55,0.445,0.155,0.9905,0.544,0.178,0.218,9,1,1.277380513360832
0.0,0.55,0.43,0.14,0.8105,0.368,0.161,0.275,9,1,1.298654359243508
0.0,0.56,0.455,0.16,0.967,0.4525,0.207,0.274,9,1,1.272517352772632
0.0,0.565,0.4,0.13,0.6975,0.3075,0.1665,0.18,8,1,2.306875843029517
0.0,0.57,0.455,0.15,1.107,0.54,0.255,0.27,8,1,2.270888401929398
0.0,0.575,0.46,0.16,1.103,0.538,0.221,0.249,9,1,1.2729082554993445
0.0,0.58,0.46,0.15,1.1155,0.5575,0.2255,0.29,7,1,3.2705945365101075
0.0,0.58,0.46,0.18,1.0515,0.4095,0.2595,0.276,8,1,2.2695392803690653
0.0,0.58,0.45,0.145,1.137,0.5585,0.22,0.29,8,1,2.272276898787303
0.0,0.59,0.455,0.145,1.063,0.5155,0.2445,0.25,8,1,2.2698226751675543
0.0,0.595,0.47,0.155,1.121,0.4515,0.178,0.155,11,1,0.7506888413059981
0.0,0.595,0.45,0.15,1.114,0.5865,0.2205,0.25,11,1,0.7462742409119618
0.0,0.595,0.46,0.14,1.0045,0.4655,0.2095,0.2515,9,1,1.2708752086888258
0.0,0.605,0.49,0.15,1.1345,0.5265,0.2645,0.295,9,1,1.2735620965071073
0.0,0.615,0.48,0.16,1.2525,0.585,0.2595,0.33,8,1,2.2811091972391195
0.0,0.62,0.51,0.18,1.3315,0.594,0.276,0.388,11,1,0.8016658069152922
0.0,0.625,0.48,0.17,1.3525,0.6235,0.278,0.365,10,1,0.4417029457433406
0.0,0.625,0.475,0.175,1.1435,0.4755,0.2475,0.349,10,1,0.291165560594429
0.0,0.625,0.5,0.165,1.288,0.573,0.3035,0.315,9,1,1.297688856507856
0.0,0.625,0.485,0.2,1.38,0.5845,0.302,0.401,9,1,1.3224251996882572
0.0,0.63,0.495,0.165,1.3075,0.599,0.284,0.315,11,1,0.7895442908903072
0.0,0.64,0.5,0.17,1.5175,0.693,0.326,0.409,11,1,0.909628573667016
0.0,0.64,0.5,0.175,1.394,0.4935,0.291,0.4,10,1,0.4539972339176845
0.0,0.645,0.5,0.155,1.2205,0.6145,0.236,0.3185,10,1,0.3581241930152653
0.0,0.645,0.505,0.165,1.4325,0.684,0.308,0.336,8,1,2.313127807942901
0.0,0.645,0.5,0.16,1.2465,0.5475,0.327,0.3,10,1,0.3599034544829722
0.0,0.645,0.515,0.15,1.212,0.515,0.2055,0.385,10,1,0.3381703927153582
0.0,0.655,0.51,0.175,1.6525,0.8515,0.3365,0.403,10,1,0.7808910466832775
0.0,0.66,0.505,0.185,1.528,0.69,0.3025,0.441,11,1,0.918563282795242
0.0,0.66,0.475,0.18,1.3695,0.641,0.294,0.335,6,1,4.285171858155236
0.0,0.675,0.57,0.225,1.587,0.739,0.2995,0.435,10,1,0.6921983152564319
0.0,0.675,0.565,0.195,1.8375,0.7645,0.3615,0.553,12,1,1.9500336742001363
0.0,0.695,0.535,0.175,1.8385,0.8035,0.396,0.503,10,1,0.9423855477443336
0.0,0.705,0.535,0.18,1.685,0.693,0.42,0.4045,12,1,1.874458944406565
0.0,0.715,0.525,0.185,1.56,0.6655,0.383,0.405,11,1,0.9412780743919306
0.0,0.505,0.39,0.125,0.5445,0.246,0.15,0.1405,7,1,3.3220041497881576
0.0,0.51,0.4,0.125,0.545,0.261,0.115,0.1385,6,1,4.309506451349177
0.0,0.52,0.46,0.15,1.019,0.523,0.1985,0.254,7,1,3.270571313947496
0.0,0.55,0.415,0.135,0.8145,0.427,0.1855,0.175,8,1,2.286311352480458
0.0,0.55,0.43,0.15,0.84,0.395,0.195,0.223,8,1,2.281843147019972
0.0,0.56,0.44,0.155,0.6405,0.336,0.1765,0.245,8,1,2.3111613979504595
0.0,0.565,0.45,0.175,1.0095,0.447,0.2375,0.2645,9,1,1.270293852974717
0.0,0.57,0.445,0.145,0.8775,0.412,0.217,0.22,8,1,2.2776337728675267
0.0,0.575,0.46,0.145,0.9945,0.466,0.229,0.265,7,1,3.269369011716039
0.0,0.575,0.45,0.16,1.068,0.556,0.214,0.2575,10,1,0.2892496627273421
0.0,0.575,0.47,0.165,0.869,0.435,0.197,0.238,9,1,1.2845278948927017
0.0,0.58,0.45,0.155,0.93,0.385,0.246,0.265,9,1,1.2775638401787437
0.0,0.6,0.475,0.16,1.0265,0.485,0.2495,0.2565,9,1,1.2700444290880497
0.0,0.6,0.465,0.15,1.1025,0.5455,0.262,0.25,8,1,2.2713657610829525
0.0,0.605,0.47,0.165,1.1775,0.611,0.2275,0.292,9,1,1.2834480972916698
0.0,0.605,0.475,0.165,1.056,0.433,0.2195,0.357,9,1,1.270560760975443
0.0,0.615,0.465,0.15,0.923,0.4615,0.1825,0.2415,9,1,1.2781270738958204
0.0,0.615,0.475,0.155,1.027,0.447,0.25,0.285,9,1,1.2695148092682826
0.0,0.62,0.48,0.16,1.1125,0.5635,0.2445,0.281,8,1,2.2720094125829084
0.0,0.625,0.485,0.175,1.3745,0.7335,0.2715,0.332,9,1,1.3379666390062828
0.0,0.645,0.48,0.17,1.1345,0.528,0.254,0.305,10,1,0.295187949032712
0.0,0.65,0.5,0.19,1.464,0.6415,0.339,0.4245,9,1,1.3572539292832135
0.0,0.655,0.51,0.175,1.415,0.5885,0.3725,0.364,10,1,0.4983221332925673
0.0,0.66,0.53,0.185,1.346,0.546,0.2705,0.476,11,1,0.8187547243951675
0.0,0.67,0.505,0.205,1.3645,0.6075,0.3025,0.353,9,1,1.3209665817020446
0.0,0.685,0.54,0.215,1.7025,0.664,0.3655,0.4735,14,1,3.801380371651092
0.0,0.69,0.54,0.155,1.454,0.624,0.3105,0.39,9,1,1.3512274781945044
0.0,0.69,0.53,0.17,1.5535,0.7945,0.3485,0.3695,9,1,1.4149614656456886
0.0,0.7,0.525,0.19,1.6465,0.8545,0.307,0.3995,9,1,1.4652342561109164
0.0,0.705,0.55,0.17,1.219,0.6395,0.236,0.301,9,1,1.2999673489092425
0.0,0.71,0.56,0.18,1.652,0.735,0.381,0.4525,11,1,1.0181350008135477
0.0,0.72,0.58,0.195,2.103,1.0265,0.48,0.5375,10,1,1.280624284939653
0.0,0.72,0.55,0.2,1.9965,0.9035,0.469,0.5215,10,1,1.133892574429478
0.0,0.73,0.575,0.185,1.8795,0.931,0.38,0.4825,12,1,1.9967744314569404
0.0,0.75,0.57,0.21,2.236,1.109,0.5195,0.545,11,1,1.5911612733523597
0.0,0.455,0.365,0.115,0.4305,0.184,0.108,0.1245,8,1,2.385032375584316
0.0,0.46,0.365,0.125,0.4785,0.206,0.1045,0.141,8,1,2.369047563488722
0.0,0.535,0.41,0.13,0.7145,0.335,0.144,0.2075,9,1,1.3281200125550454
0.0,0.54,0.42,0.145,0.8655,0.4315,0.163,0.2175,10,1,0.3532562594318053
0.0,0.545,0.445,0.15,0.8,0.3535,0.163,0.207,9,1,1.3044819237812106
0.0,0.55,0.405,0.125,0.651,0.2965,0.137,0.2,9,1,1.350788574924989
0.0,0.56,0.445,0.155,1.224,0.5565,0.3225,0.2695,10,1,0.3452550220415044
0.0,0.565,0.45,0.145,0.8495,0.4215,0.1685,0.225,8,1,2.28055295980076
0.0,0.57,0.46,0.135,0.9795,0.397,0.2525,0.2655,9,1,1.2733244921970004
0.0,0.575,0.42,0.135,0.857,0.461,0.147,0.2125,10,1,0.358972107543553
0.0,0.575,0.48,0.165,1.078,0.511,0.2095,0.306,9,1,1.2702684783434923
0.0,0.58,0.445,0.15,0.858,0.4,0.156,0.253,8,1,2.2798568921498434
0.0,0.595,0.465,0.15,0.98,0.4115,0.196,0.2255,10,1,0.2954490863920375
0.0,0.595,0.465,0.155,1.026,0.4645,0.112,0.305,12,1,1.7360873699339965
0.0,0.6,0.465,0.155,1.04,0.4755,0.25,0.28,11,1,0.7322233353743386
0.0,0.6,0.455,0.145,0.8895,0.419,0.1715,0.269,10,1,0.3265217945497015
0.0,0.605,0.475,0.175,1.076,0.463,0.2195,0.335,9,1,1.2696942034976175
0.0,0.605,0.47,0.16,1.0835,0.5405,0.2215,0.275,12,1,1.733794442438669
0.0,0.615,0.475,0.155,1.004,0.4475,0.193,0.2895,10,1,0.2788945344356702
0.0,0.615,0.475,0.165,1.023,0.4905,0.1955,0.3035,12,1,1.7327198173343965
0.0,0.615,0.475,0.155,1.115,0.484,0.2115,0.355,10,1,0.2845513753213823
0.0,0.62,0.5,0.15,1.293,0.596,0.3135,0.354,10,1,0.3984556533235421
0.0,0.62,0.475,0.16,1.1295,0.463,0.2685,0.33,10,1,0.2847072905182863
0.0,0.625,0.505,0.175,1.15,0.5475,0.256,0.3045,11,1,0.7453665799803475
0.0,0.625,0.515,0.16,1.264,0.5715,0.326,0.321,9,1,1.295461532511314
0.0,0.625,0.48,0.155,1.2035,0.5865,0.239,0.3185,12,1,1.742910810851085
0.0,0.63,0.485,0.17,1.3205,0.5945,0.345,0.345,9,1,1.3092972547792958
0.0,0.635,0.5,0.165,1.4595,0.705,0.2645,0.39,9,1,1.358435653723291
0.0,0.635,0.495,0.175,1.211,0.707,0.2725,0.323,9,1,1.303714384150193
0.0,0.65,0.505,0.165,1.16,0.4785,0.274,0.349,11,1,0.7458468562437296
0.0,0.65,0.59,0.22,1.662,0.77,0.378,0.435,11,1,1.0306287200187871
0.0,0.65,0.51,0.17,1.567,0.7245,0.349,0.391,10,1,0.6568883385587369
0.0,0.655,0.525,0.19,1.3595,0.564,0.3215,0.3985,10,1,0.4500744485194909
0.0,0.655,0.52,0.19,1.4545,0.6,0.3865,0.383,10,1,0.5386038473804431
0.0,0.66,0.495,0.21,1.548,0.724,0.3525,0.3925,10,1,0.6449033006094814
0.0,0.66,0.515,0.17,1.337,0.615,0.3125,0.3575,10,1,0.4394098206780554
0.0,0.665,0.53,0.18,1.491,0.6345,0.342,0.435,10,1,0.577528097534364
0.0,0.67,0.53,0.225,1.5615,0.63,0.487,0.3725,11,1,0.9512917888252214
0.0,0.67,0.505,0.175,1.0145,0.4375,0.271,0.3745,10,1,0.3007794401924851
0.0,0.695,0.565,0.19,1.7635,0.7465,0.399,0.4975,11,1,1.0991558048435452
0.0,0.705,0.57,0.18,1.5345,0.96,0.4195,0.43,12,1,1.885161063293904
0.0,0.71,0.55,0.17,1.614,0.743,0.345,0.45,11,1,0.9924302655176866
0.0,0.72,0.575,0.17,1.9335,0.913,0.389,0.51,13,1,2.921565469965474
0.0,0.725,0.6,0.2,1.737,0.697,0.3585,0.595,11,1,1.094904905644045
0.0,0.73,0.58,0.19,1.7375,0.6785,0.4345,0.52,11,1,1.0827214714827544
0.0,0.735,0.565,0.205,2.1275,0.949,0.46,0.565,12,1,2.1312566272888
0.0,0.745,0.57,0.215,2.25,1.1565,0.446,0.558,9,1,1.9163232488900772
0.0,0.475,0.365,0.115,0.566,0.281,0.117,0.1335,7,1,3.3196536059895303
0.0,0.495,0.38,0.12,0.573,0.2655,0.1285,0.144,7,1,3.317537141011712
0.0,0.505,0.38,0.135,0.6855,0.361,0.1565,0.161,9,1,1.3397114030564972
0.0,0.545,0.41,0.14,0.7405,0.3565,0.1775,0.203,9,1,1.3177038401268948
0.0,0.55,0.43,0.14,0.84,0.375,0.218,0.1945,8,1,2.283401842318689
0.0,0.56,0.43,0.15,0.8745,0.453,0.161,0.22,8,1,2.2787140766529324
0.0,0.56,0.435,0.15,0.8715,0.4755,0.1835,0.1835,9,1,1.288625988803795
0.0,0.58,0.46,0.175,1.165,0.65,0.2205,0.3055,9,1,1.2874676584225342
0.0,0.58,0.435,0.14,0.953,0.475,0.2165,0.2095,9,1,1.2764019887395746
0.0,0.59,0.465,0.15,1.151,0.613,0.239,0.2515,9,1,1.2821145407842949
0.0,0.59,0.46,0.145,0.9905,0.453,0.2205,0.275,8,1,2.269719526806113
0.0,0.595,0.455,0.16,1.04,0.452,0.2655,0.288,9,1,1.2691433612829728
0.0,0.605,0.485,0.165,0.9515,0.4535,0.193,0.2765,11,1,0.7409357494655101
0.0,0.605,0.485,0.16,1.201,0.417,0.2875,0.38,9,1,1.281736929623616
0.0,0.605,0.515,0.17,1.289,0.6,0.2945,0.3315,9,1,1.3004917599921328
0.0,0.61,0.485,0.17,1.1005,0.5125,0.229,0.305,11,1,0.7355267358066238
0.0,0.62,0.435,0.155,1.012,0.477,0.236,0.275,8,1,2.2695430693232064
0.0,0.63,0.5,0.175,1.1105,0.467,0.268,0.329,10,1,0.2844509311395066
0.0,0.63,0.49,0.225,1.336,0.6805,0.259,0.3245,10,1,0.4555710603641094
0.0,0.635,0.505,0.145,1.1345,0.505,0.2655,0.315,10,1,0.2931735860959333
0.0,0.64,0.515,0.205,1.5335,0.6635,0.3345,0.4025,9,1,1.3812013787982171
0.0,0.645,0.515,0.175,1.546,0.7035,0.365,0.415,10,1,0.6393702584117419
0.0,0.645,0.505,0.165,1.318,0.55,0.3015,0.335,11,1,0.7893488185034192
0.0,0.65,0.545,0.175,1.5245,0.59,0.326,0.495,10,1,0.6060197944818343
0.0,0.65,0.5,0.16,1.3825,0.702,0.304,0.3195,9,1,1.336073738556078
0.0,0.655,0.54,0.215,1.5555,0.695,0.296,0.444,11,1,0.9375730556902871
0.0,0.665,0.515,0.18,1.389,0.5945,0.324,0.395,10,1,0.4775596188929976
0.0,0.68,0.5,0.185,1.741,0.7665,0.3255,0.4685,12,1,1.8998430642137647
0.0,0.7,0.55,0.17,1.684,0.7535,0.3265,0.32,11,1,1.022547861687235
0.0,0.515,0.375,0.11,0.6065,0.3005,0.131,0.15,6,1,4.300650679902941
0.0,0.565,0.44,0.15,0.863,0.435,0.149,0.27,9,1,1.2868909452180186
0.0,0.57,0.45,0.135,0.7805,0.3345,0.185,0.21,8,1,2.29111644945195
0.0,0.575,0.47,0.155,1.116,0.509,0.238,0.34,10,1,0.2829943888014667
0.0,0.575,0.435,0.15,1.0305,0.4605,0.218,0.36,8,1,2.2697951867582224
0.0,0.58,0.435,0.15,0.834,0.428,0.1515,0.23,8,1,2.282300513558769
0.0,0.585,0.445,0.14,0.913,0.4305,0.2205,0.253,10,1,0.3100177792221659
0.0,0.595,0.435,0.15,0.9,0.4175,0.17,0.265,8,1,2.275645449923657
0.0,0.6,0.46,0.155,0.9735,0.427,0.2045,0.3,8,1,2.270548258518297
0.0,0.6,0.475,0.15,1.13,0.575,0.196,0.305,9,1,1.2766504759768136
0.0,0.6,0.48,0.18,1.0645,0.4495,0.2455,0.325,10,1,0.2723898009200483
0.0,0.605,0.455,0.145,0.9775,0.468,0.1775,0.275,9,1,1.2726915098746625
0.0,0.605,0.48,0.14,0.991,0.4735,0.2345,0.24,8,1,2.270492987688259
0.0,0.605,0.47,0.155,0.974,0.393,0.224,0.3345,9,1,1.2737141032562735
0.0,0.605,0.505,0.18,1.434,0.7285,0.264,0.431,11,1,0.8781154725899128
0.0,0.61,0.465,0.16,1.0725,0.4835,0.2515,0.28,10,1,0.2721760539007584
0.0,0.61,0.485,0.15,1.2405,0.6025,0.2915,0.3085,12,1,1.74830564327358
0.0,0.61,0.475,0.16,1.1155,0.3835,0.223,0.379,10,1,0.2986728252989137
0.0,0.61,0.485,0.18,1.2795,0.5735,0.2855,0.355,7,1,3.2793115429838133
0.0,0.62,0.515,0.155,1.3255,0.6685,0.2605,0.335,12,1,1.7663196203200582
0.0,0.62,0.54,0.165,1.139,0.4995,0.2435,0.357,11,1,0.744573253789277
0.0,0.62,0.48,0.18,1.2215,0.582,0.2695,0.313,12,1,1.744536051981476
0.0,0.62,0.48,0.175,1.0405,0.464,0.2225,0.3,9,1,1.2694154550147696
0.0,0.625,0.485,0.175,1.362,0.6765,0.2615,0.3705,10,1,0.4699165483451742
0.0,0.63,0.5,0.18,1.1965,0.514,0.2325,0.3995,8,1,2.276683995965234
0.0,0.635,0.49,0.175,1.2435,0.5805,0.313,0.305,10,1,0.3624551736351204
0.0,0.635,0.49,0.17,1.2615,0.5385,0.2665,0.38,9,1,1.291807852029344
0.0,0.64,0.505,0.165,1.2235,0.5215,0.2695,0.36,10,1,0.3374641357674564
0.0,0.645,0.51,0.16,1.2415,0.5815,0.276,0.315,9,1,1.2908166589940169
0.0,0.645,0.51,0.19,1.363,0.573,0.362,0.36,10,1,0.4539768351530976
0.0,0.645,0.48,0.19,1.371,0.6925,0.2905,0.35,12,1,1.7780652824283978
0.0,0.65,0.495,0.155,1.337,0.615,0.3195,0.335,9,1,1.3137564423532135
0.0,0.655,0.51,0.15,1.043,0.4795,0.223,0.305,9,1,1.2716283373321038
0.0,0.655,0.505,0.19,1.3485,0.5935,0.2745,0.425,12,1,1.7681949401739196
0.0,0.655,0.505,0.195,1.4405,0.688,0.3805,0.363,11,1,0.876419689571362
0.0,0.66,0.535,0.175,1.5175,0.711,0.3125,0.415,12,1,1.8178725341078823
0.0,0.665,0.505,0.16,1.2915,0.631,0.2925,0.32,11,1,0.7946214073187772
0.0,0.67,0.52,0.19,1.32,0.5235,0.3095,0.4275,13,1,2.751048353226152
0.0,0.67,0.55,0.155,1.566,0.858,0.339,0.354,10,1,0.7205718630494569
0.0,0.67,0.54,0.195,1.619,0.74,0.3305,0.465,11,1,0.9909484463914576
0.0,0.675,0.51,0.195,1.382,0.6045,0.3175,0.3965,10,1,0.4768666424331285
0.0,0.68,0.51,0.2,1.6075,0.714,0.339,0.4705,11,1,0.978346406535722
0.0,0.685,0.565,0.175,1.638,0.7775,0.375,0.438,11,1,1.0170974085268587
0.0,0.69,0.55,0.2,1.569,0.687,0.3675,0.46,12,1,1.837597607670433
0.0,0.7,0.535,0.175,1.773,0.6805,0.48,0.512,15,1,4.803523687386205
0.0,0.71,0.57,0.195,1.9805,0.9925,0.4925,0.48,12,1,2.0649266331876435
0.0,0.71,0.54,0.205,1.5805,0.802,0.287,0.435,10,1,0.7135558695108802
0.0,0.72,0.525,0.18,1.445,0.631,0.3215,0.435,7,1,3.30344623078843
0.0,0.725,0.565,0.21,2.1425,1.03,0.487,0.503,14,1,3.945530894727452
0.0,0.73,0.56,0.19,1.9425,0.799,0.5195,0.5655,11,1,1.2727552326712213
0.0,0.74,0.565,0.205,2.119,0.9655,0.5185,0.482,12,1,2.1294015427022885
0.0,0.75,0.565,0.215,1.938,0.7735,0.4825,0.575,11,1,1.261044794736618
0.0,0.49,0.355,0.16,0.8795,0.3485,0.215,0.2825,8,1,2.2828224438654523
0.0,0.535,0.425,0.135,0.771,0.3765,0.1815,0.1795,8,1,2.292578278035739
0.0,0.545,0.415,0.2,1.358,0.567,0.318,0.403,10,1,0.4455135996024764
0.0,0.545,0.385,0.15,1.1185,0.5425,0.2445,0.2845,9,1,1.2758317273991322
0.0,0.55,0.38,0.165,1.205,0.543,0.294,0.3345,10,1,0.3375800811639362
0.0,0.58,0.43,0.17,1.48,0.6535,0.324,0.4155,10,1,0.5588704841996792
0.0,0.61,0.475,0.15,1.1135,0.5195,0.2575,0.3005,11,1,0.7369227506180275
0.0,0.615,0.455,0.145,1.1155,0.5045,0.238,0.315,10,1,0.2808709095992135
0.0,0.635,0.475,0.15,1.1845,0.533,0.307,0.291,10,1,0.3190304765613749
0.0,0.64,0.475,0.14,1.0725,0.4895,0.2295,0.31,8,1,2.2695830024643926
0.0,0.655,0.52,0.2,1.5475,0.713,0.314,0.466,9,1,1.3997362330938632
0.0,0.665,0.515,0.185,1.3405,0.5595,0.293,0.4375,11,1,0.8114591448979751
0.0,0.675,0.53,0.175,1.4465,0.6775,0.33,0.389,10,1,0.549597761273969
0.0,0.685,0.535,0.175,1.5845,0.7175,0.3775,0.4215,9,1,1.4163206281516405
0.0,0.695,0.55,0.185,1.679,0.805,0.4015,0.3965,10,1,0.7982049712870407
0.0,0.705,0.545,0.18,1.5395,0.6075,0.3675,0.4645,13,1,2.7898431397441925
0.0,0.72,0.55,0.195,2.073,1.0715,0.4265,0.5015,9,1,1.767079178018259
0.0,0.51,0.4,0.12,0.7005,0.347,0.1105,0.195,10,1,0.4982645069493258
0.0,0.54,0.425,0.16,0.9455,0.3675,0.2005,0.295,9,1,1.278604629875472
0.0,0.565,0.445,0.125,0.8305,0.3135,0.1785,0.23,11,1,0.7854953007738182
0.0,0.57,0.44,0.12,0.803,0.382,0.1525,0.234,9,1,1.30087427429696
0.0,0.575,0.465,0.175,1.099,0.4735,0.202,0.35,9,1,1.2710579369366255
0.0,0.575,0.43,0.155,0.7955,0.3485,0.1925,0.22,9,1,1.3032569894613637
0.0,0.58,0.45,0.195,0.8265,0.4035,0.173,0.225,9,1,1.294488237915068
0.0,0.58,0.5,0.165,0.925,0.37,0.185,0.3005,10,1,0.3187154258699489
0.0,0.6,0.47,0.135,0.97,0.4655,0.1955,0.264,11,1,0.7387606467468165
0.0,0.6,0.465,0.16,1.133,0.466,0.2885,0.298,11,1,0.7376349439800829
0.0,0.605,0.455,0.145,0.862,0.334,0.1985,0.3,9,1,1.290203422733702
0.0,0.61,0.46,0.145,1.1185,0.478,0.2945,0.2985,10,1,0.2839527213417121
0.0,0.61,0.46,0.155,0.957,0.4255,0.1975,0.265,8,1,2.2716564660663363
0.0,0.61,0.47,0.165,1.1785,0.566,0.2785,0.294,11,1,0.7508110683887826
0.0,0.615,0.495,0.16,1.255,0.5815,0.3195,0.3225,12,1,1.7498189813700618
0.0,0.62,0.495,0.17,1.062,0.372,0.213,0.34,11,1,0.7400238070071693
0.0,0.625,0.445,0.16,1.09,0.46,0.2965,0.304,11,1,0.7359652247658052
0.0,0.625,0.52,0.18,1.354,0.4845,0.351,0.375,11,1,0.8059758476785908
0.0,0.625,0.47,0.145,0.984,0.475,0.2,0.265,11,1,0.7377319074243309
0.0,0.635,0.485,0.165,1.2695,0.5635,0.3065,0.3395,11,1,0.7752945193880421
0.0,0.635,0.52,0.165,1.3405,0.5065,0.296,0.412,11,1,0.8005809109969141
0.0,0.635,0.505,0.155,1.2895,0.594,0.314,0.345,11,1,0.787500223142297
0.0,0.64,0.48,0.145,1.1145,0.508,0.24,0.34,10,1,0.2879111893748756
0.0,0.64,0.515,0.165,1.3115,0.4945,0.2555,0.41,10,1,0.3970351310625091
0.0,0.64,0.485,0.185,1.4195,0.6735,0.3465,0.3255,11,1,0.8544235109715522
0.0,0.645,0.51,0.18,1.6195,0.7815,0.322,0.4675,12,1,1.860443930311984
0.0,0.645,0.52,0.21,1.5535,0.616,0.3655,0.474,16,1,5.760112785464483
0.0,0.65,0.51,0.155,1.189,0.483,0.278,0.3645,13,1,2.737084284262944
0.0,0.65,0.51,0.185,1.375,0.531,0.384,0.3985,10,1,0.4675368570187971
0.0,0.655,0.515,0.18,1.412,0.6195,0.2485,0.497,11,1,0.8573111172765979
0.0,0.655,0.525,0.175,1.348,0.5855,0.2605,0.394,10,1,0.4383538501489998
0.0,0.66,0.535,0.205,1.4415,0.5925,0.2775,0.49,10,1,0.5386699800171505
0.0,0.665,0.5,0.15,1.2475,0.4625,0.2955,0.3595,10,1,0.3523980932192525
0.0,0.67,0.53,0.205,1.4015,0.643,0.2465,0.416,12,1,1.7828783215875743
0.0,0.675,0.51,0.185,1.473,0.6295,0.3025,0.4245,11,1,0.8770425928157262
0.0,0.7,0.575,0.205,1.773,0.605,0.447,0.538,13,1,2.850785132394639
0.0,0.705,0.535,0.22,1.866,0.929,0.3835,0.4395,10,1,1.0067773333015646
0.0,0.72,0.575,0.18,1.6705,0.732,0.3605,0.501,12,1,1.8808832969840883
0.0,0.725,0.57,0.205,1.6195,0.744,0.315,0.488,11,1,1.004433267718036
0.0,0.75,0.55,0.195,1.8325,0.83,0.366,0.44,11,1,1.1611631816339594
0.0,0.53,0.43,0.15,0.741,0.325,0.1855,0.196,9,1,1.3205220858493072
0.0,0.53,0.405,0.13,0.6355,0.2635,0.1565,0.185,9,1,1.3604006986436687
0.0,0.55,0.47,0.15,0.9205,0.381,0.2435,0.2675,10,1,0.3150631759027
0.0,0.56,0.41,0.16,0.8215,0.342,0.184,0.253,9,1,1.2984924506306996
0.0,0.57,0.435,0.15,0.8295,0.3875,0.156,0.245,10,1,0.3723097479758901
0.0,0.6,0.45,0.14,0.837,0.37,0.177,0.2425,10,1,0.3676181777085379
0.0,0.625,0.515,0.18,1.3485,0.5255,0.252,0.3925,14,1,3.7453622161149984
0.0,0.4,0.305,0.16,0.368,0.173,0.0705,0.105,7,1,3.3708562775781568
0.0,0.475,0.38,0.14,0.689,0.3165,0.1315,0.1955,7,1,3.298390540238823
0.0,0.5,0.38,0.14,0.6355,0.277,0.143,0.1785,8,1,2.322456061312252
0.0,0.535,0.42,0.13,0.699,0.3125,0.1565,0.2035,8,1,2.3055930080220737
0.0,0.54,0.385,0.14,0.7655,0.3265,0.116,0.2365,10,1,0.4477609598820694
0.0,0.54,0.42,0.13,0.7505,0.368,0.1675,0.1845,9,1,1.3164369610961824
0.0,0.545,0.43,0.16,0.844,0.3945,0.1855,0.231,9,1,1.291535855678897
0.0,0.565,0.44,0.135,0.83,0.393,0.1735,0.238,9,1,1.2936466836533087
0.0,0.58,0.435,0.15,0.839,0.3485,0.207,0.192,7,1,3.2796265296071283
0.0,0.585,0.485,0.15,1.079,0.4145,0.2115,0.356,11,1,0.736392870458061
0.0,0.6,0.47,0.19,1.1345,0.492,0.2595,0.3375,10,1,0.28770641263409
0.0,0.61,0.43,0.14,0.909,0.438,0.2,0.22,8,1,2.2754128335074864
0.0,0.62,0.49,0.16,1.056,0.493,0.244,0.2725,9,1,1.2700359808370771
0.0,0.665,0.525,0.21,1.644,0.818,0.3395,0.4275,10,1,0.7659058274647397
0.0,0.69,0.54,0.195,1.2525,0.73,0.3975,0.462,12,1,1.7833045643914338
0.0,0.705,0.57,0.185,1.761,0.747,0.3725,0.488,10,1,0.8563973669286276
0.0,0.71,0.5,0.15,1.3165,0.6835,0.2815,0.28,10,1,0.4571700534259277
0.0,0.72,0.575,0.215,2.1,0.8565,0.4825,0.602,12,1,2.1054926842211663
0.0,0.505,0.39,0.115,0.66,0.3045,0.1555,0.175,8,1,2.315668169621361
0.0,0.505,0.385,0.115,0.616,0.243,0.1075,0.21,11,1,0.902156084132582
0.0,0.4,0.31,0.115,0.3465,0.1475,0.0695,0.115,10,1,0.8907372126661476
0.0,0.49,0.385,0.125,0.5395,0.2175,0.128,0.165,11,1,0.9517424838516398
0.0,0.675,0.55,0.18,1.6885,0.562,0.3705,0.6,15,1,4.787806488065978
0.0,0.375,0.29,0.08,0.282,0.1405,0.0725,0.08,7,1,3.3968531913957603
0.0,0.48,0.38,0.12,0.608,0.2705,0.1405,0.185,8,1,2.328952528204125
0.0,0.435,0.35,0.12,0.4585,0.192,0.1,0.13,11,1,1.0232021222853245
0.0,0.29,0.21,0.075,0.275,0.113,0.0675,0.035,6,1,4.382490183623754
0.0,0.5,0.4,0.125,0.5765,0.2395,0.126,0.185,10,1,0.6225316691932313
0.0,0.52,0.41,0.125,0.6985,0.2945,0.1625,0.215,10,1,0.4975208696168379
0.0,0.44,0.33,0.115,0.4005,0.143,0.113,0.12,8,1,2.4007551243133127
0.0,0.56,0.425,0.125,0.932,0.361,0.213,0.335,9,1,1.2803894173595656
0.0,0.59,0.455,0.175,0.966,0.391,0.2455,0.31,10,1,0.2925281847128597
0.0,0.57,0.465,0.18,0.9995,0.405,0.277,0.295,16,1,5.732190819566385
0.0,0.45,0.36,0.125,0.5065,0.222,0.105,0.16,10,1,0.7046419043124782
0.0,0.415,0.325,0.115,0.3455,0.1405,0.0765,0.11,9,1,1.5252332297926656
0.0,0.4,0.3,0.115,0.3025,0.1335,0.0465,0.0935,8,1,2.4414386692731376
0.0,0.64,0.51,0.2,1.3905,0.61,0.3315,0.41,12,1,1.7779558264026467
0.0,0.71,0.565,0.195,1.817,0.785,0.492,0.49,11,1,1.1619910313733264
0.0,0.55,0.47,0.15,0.897,0.377,0.184,0.29,9,1,1.2828178902407097
0.0,0.61,0.45,0.16,1.136,0.414,0.311,0.3,9,1,1.2745487412923202
0.0,0.37,0.275,0.085,0.2405,0.104,0.0535,0.07,5,1,5.359227916232139
0.0,0.645,0.5,0.17,1.1845,0.4805,0.274,0.355,13,1,2.736331039616105
0.0,0.58,0.45,0.235,1.071,0.3,0.206,0.395,14,1,3.737122535471801
0.0,0.595,0.48,0.2,0.975,0.358,0.2035,0.34,15,1,4.733748368308371
0.0,0.595,0.47,0.25,1.283,0.462,0.2475,0.445,14,1,3.7424211705988863
0.0,0.52,0.4,0.125,0.6865,0.295,0.1715,0.185,9,1,1.3412755804701662
0.0,0.49,0.37,0.14,0.585,0.243,0.115,0.195,10,1,0.6196088078620269
0.0,0.575,0.485,0.165,1.0405,0.419,0.264,0.3,14,1,3.731908373797886
0.0,0.65,0.515,0.195,1.4005,0.5195,0.36,0.44,13,1,2.761744234774881
0.0,0.29,0.225,0.075,0.14,0.0515,0.0235,0.04,5,1,5.387543836876014
0.0,0.595,0.495,0.235,1.366,0.5065,0.219,0.52,13,1,2.7596909914966083
0.0,0.43,0.325,0.12,0.445,0.165,0.0995,0.155,8,1,2.385373567996815
0.0,0.455,0.35,0.14,0.5725,0.1965,0.1325,0.175,10,1,0.6565065956901914
0.0,0.515,0.415,0.13,0.764,0.276,0.196,0.25,13,1,2.7553028122662995
0.0,0.485,0.375,0.145,0.5885,0.2385,0.1155,0.19,13,1,2.7878409909254804
0.0,0.535,0.46,0.145,0.7875,0.3395,0.2005,0.2,8,1,2.290568228023256
0.0,0.625,0.525,0.195,1.352,0.4505,0.2445,0.53,13,1,2.7585442485392586
0.0,0.555,0.455,0.18,0.958,0.296,0.195,0.39,14,1,3.7378874689580375
0.0,0.55,0.425,0.145,0.797,0.297,0.15,0.265,9,1,1.3092378895735852
0.0,0.505,0.39,0.175,0.692,0.267,0.15,0.215,12,1,1.787089660912039
0.0,0.505,0.4,0.165,0.729,0.2675,0.155,0.25,9,1,1.3313387769723064
0.0,0.56,0.445,0.18,0.903,0.3575,0.2045,0.295,9,1,1.282820379200868
0.0,0.57,0.45,0.165,0.903,0.3305,0.1845,0.295,14,1,3.737217643435928
0.0,0.56,0.435,0.185,1.106,0.422,0.2435,0.33,15,1,4.732197635221825
0.0,0.46,0.36,0.115,0.4755,0.2105,0.105,0.16,8,1,2.368448646505101
0.0,0.435,0.32,0.12,0.3785,0.152,0.0915,0.125,11,1,1.0879088508719488
0.0,0.475,0.38,0.135,0.486,0.1735,0.07,0.185,7,1,3.339176105767261
0.0,0.38,0.325,0.11,0.3105,0.12,0.074,0.105,10,1,0.9327897583776062
0.0,0.47,0.365,0.12,0.543,0.2295,0.1495,0.15,9,1,1.406760218285164
0.0,0.585,0.455,0.165,0.998,0.345,0.2495,0.315,12,1,1.736426230444426
0.0,0.57,0.46,0.17,1.1,0.4125,0.2205,0.38,14,1,3.732989098035356
0.0,0.645,0.5,0.2,1.4285,0.639,0.305,0.36,11,1,0.8493093715498895
0.0,0.59,0.465,0.16,1.1005,0.506,0.2525,0.295,13,1,2.7322266457562847
0.0,0.58,0.455,0.16,0.9215,0.312,0.196,0.3,17,1,6.734523546049545
0.0,0.62,0.51,0.15,1.456,0.581,0.2875,0.32,13,1,2.7645171997654665
0.0,0.72,0.575,0.215,2.226,0.8955,0.405,0.62,13,1,3.030914730490381
0.0,0.635,0.51,0.175,1.2125,0.5735,0.261,0.36,14,1,3.73768851269767
0.0,0.61,0.48,0.175,1.0675,0.391,0.216,0.42,15,1,4.733681461162465
0.0,0.545,0.445,0.175,0.8525,0.3465,0.189,0.295,13,1,2.742142201997793
0.0,0.6,0.475,0.18,1.162,0.511,0.2675,0.32,18,1,7.732473144595133
0.0,0.52,0.41,0.17,0.8705,0.3735,0.219,0.25,14,1,3.7383325936946017
0.0,0.67,0.52,0.15,1.406,0.519,0.348,0.37,13,1,2.7596065988598486
0.0,0.62,0.48,0.23,1.0935,0.403,0.245,0.355,14,1,3.733407159819614
0.0,0.495,0.385,0.13,0.6905,0.3125,0.179,0.175,10,1,0.5105037419867454
0.0,0.5,0.395,0.15,0.7145,0.3235,0.173,0.195,9,1,1.3307297724869942
0.0,0.385,0.305,0.105,0.3315,0.1365,0.0745,0.1,7,1,3.3831681365695947
0.0,0.58,0.475,0.155,0.974,0.4305,0.23,0.285,10,1,0.2830727900187551
0.0,0.38,0.3,0.09,0.3215,0.1545,0.075,0.095,9,1,1.543371118664388
0.0,0.52,0.415,0.145,0.8045,0.3325,0.1725,0.285,10,1,0.4029720697937067
0.0,0.535,0.45,0.135,0.8075,0.322,0.181,0.25,13,1,2.74773080458232
0.0,0.48,0.405,0.13,0.6375,0.277,0.1445,0.21,10,1,0.5584838207244792
0.0,0.52,0.425,0.15,0.813,0.385,0.2015,0.23,10,1,0.3850120891118624
0.0,0.58,0.455,0.12,0.94,0.399,0.257,0.265,11,1,0.7451217617558072
0.0,0.65,0.5,0.165,1.1445,0.485,0.218,0.365,12,1,1.7368437916201986
0.0,0.465,0.375,0.135,0.6,0.2225,0.129,0.23,16,1,5.757784116468812
0.0,0.435,0.35,0.11,0.384,0.143,0.1005,0.125,13,1,2.8457488021908324
0.0,0.58,0.475,0.135,0.925,0.391,0.165,0.275,14,1,3.7351893298179455
0.0,0.505,0.385,0.135,0.6185,0.251,0.1175,0.2,12,1,1.8080968043272143
0.0,0.505,0.395,0.145,0.6515,0.2695,0.153,0.205,15,1,4.7552861595250855
0.0,0.665,0.535,0.19,1.496,0.5775,0.2815,0.475,17,1,6.750248852671192
0.0,0.415,0.305,0.105,0.3605,0.12,0.082,0.1,10,1,0.8891763136260549
0.0,0.525,0.425,0.145,0.7995,0.3345,0.209,0.24,15,1,4.74100840545153
0.0,0.515,0.42,0.135,0.6295,0.2815,0.127,0.215,9,1,1.3597080353302164
0.0,0.565,0.48,0.175,0.957,0.3885,0.215,0.275,18,1,7.732524381899526
0.0,0.59,0.47,0.17,0.9,0.355,0.1905,0.25,11,1,0.7582485214642245
0.0,0.71,0.565,0.195,1.7265,0.638,0.3365,0.565,17,1,6.775152374141872
0.0,0.56,0.43,0.125,0.8025,0.313,0.1715,0.263,13,1,2.748549799136631
0.0,0.45,0.36,0.105,0.4715,0.2035,0.0935,0.149,9,1,1.4458594523905866
0.0,0.515,0.435,0.17,0.631,0.2765,0.111,0.216,12,1,1.8000213202109558
0.0,0.72,0.56,0.175,1.7265,0.637,0.3415,0.525,17,1,6.773781559828386
0.0,0.645,0.525,0.2,1.449,0.601,0.2565,0.505,13,1,2.7726680783301654
0.0,0.545,0.44,0.175,0.7745,0.2985,0.1875,0.265,11,1,0.8038078851842506
0.0,0.66,0.525,0.205,1.3665,0.5005,0.291,0.41,18,1,7.739549014435285
0.0,0.6,0.47,0.2,1.031,0.392,0.2035,0.29,15,1,4.732320921674819
0.0,0.63,0.505,0.165,1.065,0.4595,0.216,0.315,12,1,1.732746987603631
0.0,0.405,0.325,0.11,0.3575,0.145,0.0725,0.11,12,1,1.9236418717858763
0.0,0.5,0.405,0.15,0.5965,0.253,0.126,0.185,12,1,1.8130325143072867
0.0,0.43,0.34,0.11,0.382,0.154,0.0955,0.109,8,1,2.406434166301442
0.0,0.36,0.265,0.09,0.2165,0.096,0.037,0.0735,10,1,1.045573834660694
0.0,0.525,0.39,0.135,0.6005,0.2265,0.131,0.21,16,1,5.756651285163741
0.0,0.44,0.345,0.105,0.4285,0.165,0.083,0.132,11,1,1.0507702478485172
0.0,0.45,0.345,0.115,0.496,0.1905,0.117,0.14,12,1,1.8592663202517803
0.0,0.485,0.365,0.14,0.6195,0.2595,0.1445,0.177,14,1,3.767873285545024
0.0,0.455,0.35,0.125,0.4485,0.1585,0.102,0.1335,16,1,5.777941267626646
0.0,0.53,0.43,0.17,0.775,0.35,0.152,0.235,17,1,6.739301480782152
0.0,0.585,0.415,0.155,0.6985,0.3,0.146,0.195,12,1,1.7809415543352722
0.0,0.58,0.46,0.185,1.017,0.3515,0.2,0.32,10,1,0.2969141572245988
0.0,0.64,0.5,0.15,1.0705,0.371,0.2705,0.36,8,1,2.2725009430985708
0.0,0.505,0.375,0.115,0.5895,0.2635,0.12,0.167,10,1,0.6119824861805389
0.0,0.505,0.38,0.145,0.651,0.2935,0.19,0.17,12,1,1.7947811090583994
0.0,0.465,0.35,0.13,0.494,0.1945,0.103,0.155,18,1,7.760599249912515
0.0,0.465,0.36,0.12,0.4765,0.192,0.1125,0.16,10,1,0.7349510277131678
0.0,0.475,0.365,0.13,0.4805,0.1905,0.114,0.1475,12,1,1.860459951740215
0.0,0.41,0.315,0.11,0.321,0.1255,0.0655,0.095,10,1,0.9213620296441708
0.0,0.53,0.385,0.125,0.6695,0.289,0.151,0.18,10,1,0.5307589789250354
0.0,0.635,0.5,0.18,1.312,0.529,0.2485,0.485,18,1,7.738521644257721
0.0,0.61,0.485,0.165,1.087,0.4255,0.232,0.38,11,1,0.7382959748170501
0.0,0.66,0.515,0.18,1.523,0.54,0.3365,0.555,16,1,5.758394203873378
0.0,0.465,0.38,0.135,0.579,0.208,0.1095,0.22,14,1,3.776010108133808
0.0,0.515,0.4,0.17,0.796,0.258,0.1755,0.28,16,1,5.742003284620006
0.0,0.345,0.255,0.1,0.197,0.071,0.051,0.06,9,1,1.6410560730269257
0.0,0.445,0.335,0.14,0.4565,0.1785,0.114,0.14,11,1,1.0244049372336876
0.0,0.55,0.435,0.17,0.884,0.2875,0.1645,0.28,14,1,3.740393227578801
0.0,0.35,0.265,0.09,0.1855,0.0745,0.0415,0.06,7,1,3.4326322000353024
0.0,0.37,0.285,0.105,0.27,0.1125,0.0585,0.0835,9,1,1.5829080113572056
0.0,0.42,0.33,0.125,0.463,0.186,0.11,0.145,10,1,0.7640962431725004
0.0,0.5,0.385,0.13,0.768,0.2625,0.095,0.27,13,1,2.759926442909058
0.0,0.52,0.405,0.14,0.6915,0.276,0.137,0.215,11,1,0.8520934713301291
0.0,0.37,0.275,0.08,0.227,0.093,0.0625,0.07,8,1,2.4774116280698104
0.0,0.615,0.47,0.175,1.2985,0.5135,0.343,0.32,14,1,3.74148833168514
0.0,0.59,0.455,0.165,1.161,0.38,0.2455,0.28,12,1,1.7367342634752112
0.0,0.47,0.355,0.18,0.441,0.1525,0.1165,0.135,8,1,2.3843522181145373
0.0,0.5,0.44,0.155,0.742,0.2025,0.2005,0.2115,14,1,3.755710552466159
0.0,0.52,0.425,0.145,0.7,0.207,0.1905,0.24,13,1,2.7681766076025864
0.0,0.54,0.415,0.175,0.8975,0.275,0.241,0.275,14,1,3.7400879179668496
0.0,0.49,0.4,0.145,0.6635,0.21,0.1295,0.2515,13,1,2.7755790950376125
0.0,0.63,0.51,0.185,1.235,0.5115,0.349,0.3065,11,1,0.7667435830292719
0.0,0.515,0.395,0.165,0.7565,0.1905,0.17,0.3205,10,1,0.498932772971574
0.0,0.475,0.38,0.145,0.57,0.167,0.118,0.187,11,1,0.9499223019485796
0.0,0.52,0.4,0.13,0.6245,0.215,0.2065,0.17,15,1,4.76011828989789
0.0,0.48,0.39,0.125,0.6905,0.219,0.155,0.2,12,1,1.7953219060850587
0.0,0.33,0.26,0.08,0.2,0.0625,0.05,0.07,9,1,1.6427136297892344
0.0,0.465,0.35,0.135,0.6265,0.259,0.1445,0.175,8,1,2.3285724343350287
0.0,0.47,0.375,0.12,0.6015,0.2765,0.1455,0.135,8,1,2.333161256928702
0.0,0.565,0.44,0.15,0.983,0.4475,0.2355,0.2485,9,1,1.2720707981735255
0.0,0.6,0.475,0.135,1.4405,0.5885,0.191,0.3175,9,1,1.3331540029207931
0.0,0.6,0.5,0.155,1.332,0.6235,0.2835,0.35,8,1,2.292629950297342
0.0,0.6,0.485,0.165,1.1405,0.587,0.2175,0.288,9,1,1.2781311141581932
0.0,0.625,0.49,0.155,1.33,0.6675,0.259,0.33,10,1,0.4405513025533246
0.0,0.64,0.5,0.18,1.4995,0.593,0.314,0.431,11,1,0.8822894566699374
0.0,0.655,0.545,0.165,1.6225,0.6555,0.299,0.513,12,1,1.8491466055671255
0.0,0.675,0.555,0.205,1.925,0.713,0.358,0.4535,13,1,2.8876974276452563
0.0,0.675,0.55,0.175,1.689,0.694,0.371,0.474,13,1,2.825225342029854
0.0,0.69,0.55,0.18,1.659,0.8715,0.2655,0.4395,9,1,1.477191953559603
0.0,0.695,0.53,0.2,2.0475,0.75,0.4195,0.6095,14,1,3.89109994824332
0.0,0.7,0.525,0.19,1.6015,0.707,0.365,0.43,10,1,0.6950554990937834
0.0,0.73,0.57,0.165,2.0165,1.0685,0.418,0.435,10,1,1.2039864366283983
0.0,0.455,0.35,0.12,0.4555,0.1945,0.1045,0.1375,7,1,3.344914882957424
0.0,0.46,0.35,0.115,0.46,0.2025,0.1115,0.1165,6,1,4.326726877159674
0.0,0.53,0.42,0.17,0.828,0.41,0.208,0.1505,6,1,4.278166032012529
0.0,0.53,0.405,0.15,0.889,0.4055,0.2275,0.215,8,1,2.27829235545989
0.0,0.55,0.425,0.125,0.964,0.5475,0.159,0.215,8,1,2.2756730844451187
0.0,0.555,0.425,0.14,0.963,0.44,0.224,0.24,7,1,3.2708898475291592
0.0,0.57,0.445,0.15,0.995,0.504,0.185,0.2505,9,1,1.2728526740667052
0.0,0.57,0.435,0.14,0.8585,0.3905,0.196,0.2295,8,1,2.27984139690575
0.0,0.58,0.445,0.145,0.888,0.41,0.1815,0.2425,8,1,2.2767257714025493
0.0,0.585,0.45,0.16,0.9045,0.405,0.2215,0.2335,8,1,2.2752654230377565
0.0,0.595,0.47,0.155,1.1775,0.542,0.269,0.31,9,1,1.2775838407038556
0.0,0.595,0.465,0.15,1.0765,0.491,0.22,0.287,9,1,1.2693076472316882
0.0,0.595,0.465,0.15,1.0255,0.412,0.2745,0.289,11,1,0.7348860717775085
0.0,0.6,0.46,0.145,0.9325,0.3985,0.2245,0.248,8,1,2.27341524711664
0.0,0.6,0.46,0.15,1.235,0.6025,0.274,0.29,8,1,2.280473989656873
0.0,0.615,0.485,0.16,1.1575,0.5005,0.2495,0.315,10,1,0.2932815800459905
0.0,0.615,0.5,0.165,1.327,0.6,0.3015,0.355,10,1,0.4186553491210052
0.0,0.62,0.51,0.175,1.2705,0.5415,0.323,0.3225,9,1,1.2939210171551323
0.0,0.62,0.485,0.175,1.2155,0.545,0.253,0.345,10,1,0.3306250973469516
0.0,0.62,0.475,0.16,1.3245,0.6865,0.233,0.3275,9,1,1.3170875738595864
0.0,0.625,0.49,0.165,1.127,0.477,0.2365,0.3185,9,1,1.2717938072533956
0.0,0.625,0.49,0.175,1.1075,0.4485,0.2165,0.3595,8,1,2.2706857899901767
0.0,0.63,0.495,0.2,1.4255,0.659,0.336,0.38,11,1,0.8560690019624413
0.0,0.63,0.495,0.145,1.147,0.5455,0.266,0.2885,9,1,1.2763424137426287
0.0,0.635,0.495,0.18,1.596,0.617,0.317,0.37,11,1,0.9314661038113754
0.0,0.635,0.495,0.195,1.297,0.556,0.2985,0.37,11,1,0.7851302800630832
0.0,0.65,0.5,0.185,1.4415,0.741,0.2955,0.341,9,1,1.3595979509676337
0.0,0.69,0.545,0.205,1.933,0.7855,0.429,0.498,13,1,2.904099968224785
0.0,0.695,0.55,0.155,1.8495,0.767,0.442,0.4175,10,1,0.9344827806991084
0.0,0.7,0.575,0.205,1.7975,0.7295,0.3935,0.5165,13,1,2.860837343330365
0.0,0.705,0.56,0.205,2.381,0.9915,0.5005,0.624,10,1,1.5210632039143734
0.0,0.545,0.43,0.14,0.832,0.4355,0.17,0.201,9,1,1.294805497634535
0.0,0.545,0.4,0.14,0.778,0.368,0.215,0.18,9,1,1.309579098138126
0.0,0.55,0.44,0.135,0.8435,0.434,0.1995,0.185,8,1,2.2822043910841088
0.0,0.57,0.45,0.18,0.908,0.4015,0.217,0.255,9,1,1.279698202273417
0.0,0.57,0.43,0.16,0.811,0.3875,0.159,0.2285,9,1,1.2985599844612967
0.0,0.575,0.48,0.15,0.897,0.4235,0.1905,0.248,8,1,2.2755232916093315
0.0,0.585,0.45,0.15,0.938,0.467,0.203,0.225,7,1,3.271691907810009
0.0,0.585,0.435,0.14,0.6955,0.3085,0.129,0.2245,8,1,2.305823966184544
0.0,0.59,0.46,0.16,1.0115,0.445,0.2615,0.2565,8,1,2.2696006264603032
0.0,0.595,0.465,0.15,1.1005,0.5415,0.166,0.265,8,1,2.271786778886171
0.0,0.605,0.48,0.15,1.079,0.4505,0.2835,0.293,10,1,0.2755708394634198
0.0,0.615,0.475,0.17,1.055,0.543,0.246,0.2345,9,1,1.2733040745942354
0.0,0.615,0.47,0.155,1.084,0.5885,0.209,0.246,9,1,1.2769543807819803
0.0,0.625,0.49,0.155,1.115,0.484,0.277,0.3095,9,1,1.2718322071198298
0.0,0.645,0.52,0.18,1.285,0.5775,0.352,0.317,9,1,1.302686662996168
0.0,0.65,0.535,0.175,1.2895,0.6095,0.2765,0.344,10,1,0.4032224760342656
0.0,0.65,0.49,0.155,1.122,0.545,0.228,0.3055,9,1,1.275019042725832
0.0,0.665,0.505,0.165,1.349,0.5985,0.3175,0.36,9,1,1.3164801477686976
0.0,0.675,0.55,0.19,1.551,0.7105,0.3685,0.412,13,1,2.7957224351664243
0.0,0.725,0.53,0.19,1.7315,0.83,0.398,0.405,11,1,1.0913850073072846
0.0,0.74,0.575,0.22,2.012,0.8915,0.5265,0.471,12,1,2.0623969009584213
0.0,0.515,0.395,0.135,0.516,0.2015,0.132,0.162,9,1,1.416591081561365
0.0,0.525,0.415,0.15,0.7055,0.329,0.147,0.199,10,1,0.4853302250152938
0.0,0.545,0.44,0.15,0.9475,0.366,0.239,0.275,8,1,2.273753266806593
0.0,0.555,0.445,0.175,1.1465,0.551,0.244,0.2785,8,1,2.272645953341468
0.0,0.57,0.445,0.155,1.017,0.5265,0.2025,0.265,10,1,0.2838452672397603
0.0,0.575,0.435,0.155,0.8975,0.4115,0.2325,0.23,9,1,1.2814502525282698
0.0,0.58,0.465,0.145,0.9865,0.47,0.2155,0.25,11,1,0.7367061955149243
0.0,0.58,0.425,0.15,0.844,0.3645,0.185,0.2705,9,1,1.291468771831227
0.0,0.585,0.455,0.13,0.8755,0.411,0.2065,0.225,8,1,2.2777763970957565
0.0,0.61,0.45,0.13,0.8725,0.389,0.1715,0.272,11,1,0.7613756722450448
0.0,0.615,0.46,0.15,1.0265,0.4935,0.201,0.2745,10,1,0.2766966200663296
0.0,0.62,0.465,0.14,1.1605,0.6005,0.2195,0.307,9,1,1.2812079153808724
0.0,0.62,0.48,0.165,1.0125,0.5325,0.4365,0.324,10,1,0.348704513732445
0.0,0.63,0.475,0.155,1.0005,0.452,0.252,0.265,10,1,0.2804274006180786
0.0,0.64,0.495,0.17,1.2265,0.49,0.377,0.2875,11,1,0.7678121406763131
0.0,0.66,0.505,0.19,1.4045,0.6255,0.3375,0.3745,9,1,1.3352450715323505
0.0,0.66,0.525,0.2,1.463,0.6525,0.2995,0.422,11,1,0.8766582899657108
0.0,0.675,0.525,0.17,1.711,0.8365,0.352,0.475,9,1,1.4956794154769475
0.0,0.705,0.54,0.205,1.757,0.8265,0.417,0.461,9,1,1.5222291209708545
0.0,0.525,0.43,0.135,0.8435,0.4325,0.18,0.1815,9,1,1.2949792476656918
0.0,0.54,0.42,0.14,0.8035,0.38,0.1805,0.21,9,1,1.3016226816246128
0.0,0.54,0.415,0.15,0.8115,0.3875,0.1875,0.2035,9,1,1.2999032978206193
0.0,0.57,0.425,0.13,0.782,0.3695,0.1745,0.1965,8,1,2.2903888739816907
0.0,0.58,0.445,0.135,0.95,0.484,0.182,0.2325,8,1,2.272886230180043
0.0,0.59,0.455,0.15,0.976,0.465,0.2055,0.2765,10,1,0.2825937415168304
0.0,0.62,0.48,0.17,1.1045,0.535,0.25,0.287,10,1,0.2862661381266065
0.0,0.625,0.485,0.16,1.254,0.591,0.259,0.3485,9,1,1.2925803561182323
0.0,0.635,0.51,0.185,1.286,0.526,0.295,0.4105,12,1,1.7541077381738328
0.0,0.645,0.49,0.16,1.1665,0.4935,0.3155,0.299,9,1,1.2780429440305807
0.0,0.645,0.49,0.16,1.144,0.5015,0.289,0.319,8,1,2.2723289176148103
0.0,0.65,0.525,0.19,1.385,0.8875,0.3095,0.405,11,1,0.9226901481650596
0.0,0.655,0.515,0.155,1.309,0.524,0.346,0.385,11,1,0.7941580026551065
0.0,0.655,0.515,0.17,1.527,0.8485,0.2635,0.331,11,1,0.9576840043304908
0.0,0.72,0.565,0.18,1.719,0.8465,0.407,0.3875,11,1,1.0911390691861669
0.0,0.72,0.55,0.18,1.52,0.637,0.325,0.435,10,1,0.6098786515047783
0.0,0.72,0.565,0.17,1.613,0.723,0.3255,0.4945,12,1,1.8581687406865592
0.0,0.465,0.35,0.11,0.4085,0.165,0.102,0.131,8,1,2.393236661682703
0.0,0.535,0.445,0.125,0.8725,0.417,0.199,0.24,8,1,2.2782735698102505
0.0,0.55,0.435,0.14,0.745,0.347,0.174,0.2265,9,1,1.3152143394212883
0.0,0.575,0.425,0.15,0.8765,0.455,0.18,0.228,8,1,2.277689038180656
0.0,0.58,0.45,0.17,0.9705,0.4615,0.232,0.248,9,1,1.2725243281176737
0.0,0.58,0.45,0.15,0.92,0.393,0.212,0.2895,9,1,1.2779045839160426
0.0,0.58,0.44,0.125,0.7855,0.363,0.1955,0.195,11,1,0.7944542133830294
0.0,0.6,0.48,0.17,1.056,0.4575,0.2435,0.3135,10,1,0.2704170160486004
0.0,0.6,0.45,0.15,0.9625,0.4375,0.2225,0.2775,9,1,1.2725396796534332
0.0,0.605,0.495,0.17,1.0915,0.4365,0.2715,0.335,13,1,2.732562048778264
0.0,0.61,0.47,0.195,1.2735,0.469,0.3315,0.398,12,1,1.7512118980055005
0.0,0.615,0.475,0.175,1.194,0.559,0.259,0.3165,11,1,0.7523159690886272
0.0,0.615,0.515,0.135,1.1215,0.545,0.2305,0.29,9,1,1.2747760300701088
0.0,0.615,0.495,0.165,1.198,0.5415,0.2865,0.3185,10,1,0.3225304635468939
0.0,0.62,0.475,0.15,0.9545,0.455,0.1865,0.277,9,1,1.2742109424198298
0.0,0.625,0.5,0.16,1.217,0.5725,0.207,0.355,11,1,0.7619219543435547
0.0,0.625,0.49,0.145,0.92,0.437,0.1735,0.28,10,1,0.312350447033571
0.0,0.63,0.48,0.165,1.2615,0.5505,0.277,0.3885,10,1,0.367129548549202
0.0,0.63,0.485,0.185,1.167,0.548,0.2485,0.34,10,1,0.3118037885949705
0.0,0.635,0.485,0.19,1.3765,0.634,0.2885,0.406,11,1,0.8284930140266293
0.0,0.635,0.5,0.19,1.29,0.593,0.3045,0.352,8,1,2.287247941108357
0.0,0.645,0.485,0.15,1.151,0.5935,0.2315,0.293,12,1,1.7402632500624613
0.0,0.645,0.52,0.17,1.197,0.526,0.2925,0.317,11,1,0.7549437135313657
0.0,0.65,0.565,0.2,1.6645,0.753,0.367,0.43,12,1,1.872320868233988
0.0,0.655,0.5,0.205,1.528,0.6215,0.3725,0.4535,11,1,0.9140707093354268
0.0,0.655,0.515,0.2,1.494,0.7255,0.309,0.405,12,1,1.81283501219147
0.0,0.66,0.525,0.16,1.277,0.4975,0.319,0.394,13,1,2.7453227067738912
0.0,0.66,0.525,0.18,1.5965,0.7765,0.397,0.3605,10,1,0.7103305397600799
0.0,0.665,0.51,0.175,1.3805,0.675,0.2985,0.325,10,1,0.4870189803460863
0.0,0.67,0.525,0.19,1.527,0.5755,0.353,0.44,12,1,1.8109414149122456
0.0,0.68,0.505,0.17,1.3435,0.657,0.297,0.355,12,1,1.7711617646209394
0.0,0.505,0.38,0.13,0.693,0.391,0.1195,0.1515,8,1,2.309011357870412
0.0,0.51,0.37,0.21,1.183,0.508,0.292,0.343,9,1,1.2844985642478524
0.0,0.525,0.41,0.135,0.7905,0.4065,0.198,0.177,8,1,2.2896639659273874
0.0,0.535,0.4,0.15,1.224,0.618,0.275,0.2875,10,1,0.3652244149686068
0.0,0.59,0.44,0.14,1.007,0.4775,0.2105,0.2925,9,1,1.2701370904774625
0.0,0.595,0.43,0.21,1.5245,0.653,0.396,0.41,11,1,0.913278989116237
0.0,0.62,0.5,0.17,1.148,0.5475,0.22,0.3315,10,1,0.3037817922234104
0.0,0.625,0.49,0.11,1.136,0.5265,0.1915,0.2925,9,1,1.2753921723104769
0.0,0.635,0.51,0.17,1.2235,0.532,0.271,0.354,9,1,1.2852553982593624
0.0,0.635,0.525,0.18,1.3695,0.634,0.318,0.363,11,1,0.8255848225380864
0.0,0.655,0.505,0.175,1.2905,0.6205,0.2965,0.326,10,1,0.4052916813908377
0.0,0.67,0.515,0.17,1.4265,0.6605,0.3395,0.37,11,1,0.8593847299578204
0.0,0.57,0.47,0.14,0.871,0.385,0.211,0.2315,10,1,0.3429677836997482
0.0,0.58,0.435,0.155,0.8785,0.425,0.1685,0.2425,10,1,0.3360523778852297
0.0,0.595,0.46,0.16,0.921,0.4005,0.2025,0.2875,9,1,1.2775810511694836
0.0,0.6,0.45,0.14,0.869,0.3425,0.195,0.291,11,1,0.765488036737769
0.0,0.61,0.495,0.16,1.089,0.469,0.198,0.384,11,1,0.7393023320899595
0.0,0.625,0.515,0.155,1.1635,0.4875,0.259,0.355,11,1,0.7453614886198684
0.0,0.635,0.505,0.165,1.251,0.577,0.227,0.3825,11,1,0.7734084816455027
0.0,0.635,0.49,0.155,1.145,0.4775,0.3035,0.3155,9,1,1.275045220209599
0.0,0.64,0.485,0.145,1.1335,0.5525,0.2505,0.3015,11,1,0.7437831587053986
0.0,0.64,0.5,0.15,1.2015,0.559,0.231,0.3355,9,1,1.2829861981743302
0.0,0.655,0.49,0.16,1.204,0.5455,0.2615,0.3225,9,1,1.2826847895303444
0.0,0.655,0.455,0.17,1.2895,0.587,0.3165,0.3415,11,1,0.7867272191059889
0.0,0.66,0.53,0.18,1.5175,0.7765,0.302,0.401,10,1,0.6409869075957357
0.0,0.68,0.52,0.185,1.494,0.615,0.3935,0.406,11,1,0.894833452823824
0.0,0.68,0.56,0.195,1.664,0.58,0.3855,0.545,11,1,1.0114678776265458
0.0,0.695,0.535,0.2,1.5855,0.667,0.334,0.471,11,1,0.957635471843551
0.0,0.7,0.555,0.22,1.666,0.647,0.4285,0.455,11,1,1.0149071535475758
0.0,0.73,0.55,0.205,1.908,0.5415,0.3565,0.5965,14,1,3.845982230776583
0.0,0.755,0.575,0.2,2.073,1.0135,0.4655,0.48,11,1,1.4159921232271562
0.0,0.52,0.43,0.15,0.728,0.302,0.1575,0.235,11,1,0.8263958972840977
0.0,0.53,0.395,0.115,0.5685,0.249,0.1375,0.161,9,1,1.3888823409821347
0.0,0.55,0.43,0.15,0.655,0.2635,0.122,0.221,8,1,2.316646516138145
0.0,0.47,0.36,0.1,0.4705,0.1635,0.089,0.1385,8,1,2.377200435776924
0.0,0.525,0.4,0.135,0.714,0.318,0.138,0.208,10,1,0.484478277564737
0.0,0.525,0.4,0.13,0.6995,0.3115,0.131,0.223,9,1,1.3353088768637484
0.0,0.55,0.425,0.14,0.952,0.4895,0.1945,0.2185,7,1,3.272012176755987
0.0,0.575,0.45,0.135,0.8285,0.362,0.1655,0.236,10,1,0.3780058931372659
0.0,0.62,0.485,0.155,1.1945,0.5105,0.271,0.352,9,1,1.2794385168814844
0.0,0.63,0.495,0.19,1.1655,0.536,0.2115,0.1625,10,1,0.3362765249227662
0.0,0.63,0.49,0.17,1.2155,0.4625,0.2045,0.3105,10,1,0.3191283523077904
0.0,0.685,0.53,0.17,1.5105,0.7385,0.3525,0.3725,10,1,0.6245947675642558
0.0,0.485,0.39,0.1,0.5565,0.2215,0.1155,0.185,9,1,1.4004933445169232
0.0,0.625,0.48,0.2,1.3235,0.6075,0.3055,0.355,9,1,1.309359499081188
0.0,0.645,0.5,0.18,1.2785,0.5345,0.2995,0.345,13,1,2.743650116345671
0.0,0.655,0.505,0.165,1.367,0.5835,0.3515,0.396,10,1,0.4625859881052054
0.0,0.47,0.375,0.105,0.513,0.232,0.142,0.13,11,1,0.9707528808760014
0.0,0.43,0.35,0.09,0.397,0.1575,0.089,0.12,9,1,1.4931419330754288
0.0,0.34,0.255,0.085,0.204,0.097,0.021,0.05,6,1,4.392515175135373
0.0,0.335,0.22,0.07,0.17,0.076,0.0365,0.05,6,1,4.402621200567892
0.0,0.55,0.44,0.125,0.765,0.33,0.2125,0.245,9,1,1.3103172419471385
0.0,0.64,0.475,0.19,1.151,0.4365,0.281,0.3805,13,1,2.735563728487892
0.0,0.545,0.41,0.115,0.6765,0.29,0.158,0.22,9,1,1.341735039904108
0.0,0.64,0.54,0.175,1.571,0.627,0.271,0.475,18,1,7.753085555312152
0.0,0.57,0.465,0.155,0.872,0.3245,0.239,0.285,14,1,3.738482847419783
0.0,0.505,0.405,0.18,0.606,0.239,0.1235,0.18,11,1,0.9071693982063472
0.0,0.49,0.38,0.13,0.539,0.229,0.1355,0.165,12,1,1.8337439424733823
0.0,0.505,0.41,0.135,0.657,0.291,0.133,0.195,15,1,4.754453586699495
0.0,0.37,0.295,0.1,0.2685,0.1165,0.056,0.0835,7,1,3.402576596089264
0.0,0.67,0.545,0.175,1.707,0.6995,0.387,0.575,13,1,2.83833107447892
0.0,0.59,0.415,0.15,0.8805,0.3645,0.234,0.235,11,1,0.7622378854619466
0.0,0.47,0.36,0.11,0.4965,0.237,0.127,0.13,6,1,4.318489323291392
0.0,0.51,0.385,0.135,0.632,0.282,0.145,0.17,8,1,2.322597130976762
0.0,0.525,0.405,0.115,0.72,0.3105,0.1915,0.2,14,1,3.752190857430621
0.0,0.61,0.47,0.16,1.017,0.426,0.2255,0.32,12,1,1.7325336881115652
0.0,0.545,0.405,0.175,0.98,0.2585,0.207,0.38,18,1,7.73526075894861
0.0,0.49,0.38,0.155,0.578,0.2395,0.1255,0.18,9,1,1.388575754753197
0.0,0.505,0.405,0.16,0.6835,0.271,0.145,0.215,10,1,0.5209641408020694
0.0,0.385,0.3,0.1,0.2725,0.1115,0.057,0.08,6,1,4.370940424205717
0.0,0.62,0.485,0.22,1.511,0.5095,0.284,0.51,17,1,6.7509170688698985
0.0,0.635,0.505,0.185,1.3035,0.501,0.295,0.41,17,1,6.73767871100013
0.0,0.665,0.53,0.185,1.3955,0.456,0.3205,0.49,15,1,4.749505700022981
0.0,0.6,0.48,0.165,1.1345,0.4535,0.27,0.335,10,1,0.2857257804522535
0.0,0.585,0.46,0.17,1.0835,0.3745,0.326,0.325,14,1,3.733757942184068
0.0,0.555,0.42,0.14,0.868,0.33,0.243,0.21,13,1,2.7429580794959456
0.0,0.57,0.495,0.16,1.0915,0.452,0.275,0.315,14,1,3.7320586786765584
0.0,0.62,0.485,0.175,1.271,0.531,0.3075,0.37,11,1,0.7737903491193319
0.0,0.64,0.505,0.19,1.2355,0.4435,0.3105,0.365,14,1,3.7379490871051337
0.0,0.42,0.32,0.13,0.4135,0.1645,0.106,0.119,10,1,0.8181056803053657
0.0,0.45,0.35,0.135,0.56,0.231,0.137,0.145,13,1,2.7970737655718847
0.0,0.64,0.505,0.19,1.2765,0.4835,0.328,0.4,12,1,1.7527216756759336
0.0,0.61,0.48,0.19,1.2955,0.5215,0.3225,0.365,12,1,1.7530603003358347
0.0,0.59,0.485,0.205,1.2315,0.4525,0.238,0.42,13,1,2.740340943086752
0.0,0.69,0.54,0.185,1.5715,0.6935,0.318,0.47,15,1,4.77082824317778
0.0,0.655,0.51,0.16,1.092,0.396,0.2825,0.37,14,1,3.73409959738728
0.0,0.695,0.55,0.16,1.6365,0.694,0.3005,0.44,13,1,2.8101190279677697
0.0,0.61,0.495,0.19,1.213,0.464,0.306,0.365,15,1,4.73534210097734
0.0,0.435,0.35,0.125,0.459,0.197,0.1145,0.145,9,1,1.4522704484045177
0.0,0.435,0.35,0.105,0.4195,0.194,0.1005,0.13,7,1,3.3531726977646006
0.0,0.575,0.48,0.15,0.8745,0.375,0.193,0.29,12,1,1.743647992787431
0.0,0.56,0.435,0.125,0.8775,0.3345,0.2145,0.29,13,1,2.740665110951877
0.0,0.645,0.52,0.19,1.3105,0.58,0.288,0.37,12,1,1.7586761624125211
0.0,0.595,0.485,0.145,1.2515,0.5035,0.2925,0.33,14,1,3.737509601823008
0.0,0.655,0.5,0.14,1.1705,0.5405,0.3175,0.285,12,1,1.7409242371272289
0.0,0.495,0.385,0.135,0.6625,0.3005,0.1635,0.185,11,1,0.8647118162596884
0.0,0.4,0.335,0.115,0.4335,0.2105,0.1205,0.12,10,1,0.7868280173535693
0.0,0.595,0.465,0.145,1.107,0.402,0.2415,0.31,12,1,1.7333412910352235
0.0,0.625,0.475,0.13,0.8595,0.3195,0.1775,0.24,13,1,2.7437560140017485
0.0,0.475,0.375,0.14,0.501,0.192,0.1175,0.175,13,1,2.8088337876098946
0.0,0.5,0.405,0.14,0.6735,0.265,0.124,0.25,18,1,7.744982290610931
0.0,0.465,0.39,0.14,0.5555,0.213,0.1075,0.215,15,1,4.768764184606159
0.0,0.655,0.53,0.19,1.428,0.493,0.318,0.565,18,1,7.746175317896404
0.0,0.58,0.475,0.165,1.0385,0.414,0.26,0.305,13,1,2.7320589716319628
0.0,0.59,0.475,0.155,0.9715,0.371,0.235,0.28,11,1,0.7420875771835608
0.0,0.665,0.57,0.185,1.522,0.6965,0.3025,0.405,13,1,2.787224949923048
0.0,0.62,0.51,0.175,1.1255,0.4985,0.227,0.315,14,1,3.732827259713068
0.0,0.605,0.475,0.145,1.0185,0.4695,0.225,0.27,15,1,4.731738937875488
0.0,0.51,0.395,0.12,0.6175,0.262,0.122,0.193,12,1,1.8068396582921893
0.0,0.495,0.375,0.15,0.597,0.2615,0.135,0.178,11,1,0.9084051891080004
0.0,0.63,0.5,0.16,1.22,0.4905,0.3,0.345,14,1,3.736482597055689
0.0,0.605,0.485,0.165,1.0735,0.437,0.205,0.33,14,1,3.731930672443707
0.0,0.62,0.5,0.175,1.146,0.477,0.23,0.39,13,1,2.7350463282580475
0.0,0.615,0.5,0.205,1.1055,0.4445,0.227,0.39,16,1,5.732799141604528
0.0,0.66,0.525,0.19,1.67,0.6525,0.4875,0.49,11,1,1.0297768864441152
0.0,0.71,0.575,0.175,1.555,0.6465,0.3705,0.52,15,1,4.7714087105461305
0.0,0.565,0.45,0.185,0.9285,0.302,0.1805,0.265,12,1,1.7449128717940203
0.0,0.57,0.435,0.14,0.8085,0.3235,0.183,0.22,16,1,5.739263921105417
0.0,0.45,0.325,0.135,0.438,0.1805,0.1165,0.11,9,1,1.4684397871951609
0.0,0.62,0.485,0.165,1.166,0.483,0.238,0.355,13,1,2.734657938461296
0.0,0.48,0.38,0.135,0.507,0.1915,0.1365,0.155,12,1,1.8492890580746733
0.0,0.505,0.41,0.15,0.6345,0.243,0.1335,0.215,17,1,6.75005812002228
0.0,0.535,0.425,0.155,0.7765,0.302,0.1565,0.25,16,1,5.741492239954615
0.0,0.48,0.37,0.13,0.5885,0.2475,0.1505,0.1595,15,1,4.764110210110397
0.0,0.395,0.3,0.105,0.3375,0.1435,0.0755,0.098,12,1,1.9352012012506707
0.0,0.545,0.435,0.15,0.6855,0.2905,0.145,0.225,10,1,0.5039222279036502
0.0,0.385,0.305,0.125,0.314,0.146,0.0555,0.08,10,1,0.9311307030408158
0.0,0.51,0.34,0.18,0.7005,0.312,0.165,0.2,11,1,0.8477195480496259
0.0,0.425,0.325,0.135,0.382,0.1465,0.079,0.14,12,1,1.9091155125399903
0.0,0.45,0.35,0.125,0.4435,0.185,0.09,0.145,11,1,1.0306087245205504
0.0,0.685,0.525,0.175,1.71,0.5415,0.309,0.58,16,1,5.777823810401498
0.0,0.585,0.475,0.185,0.8575,0.3465,0.1785,0.275,12,1,1.7477869063738614
0.0,0.49,0.39,0.135,0.59,0.215,0.125,0.1845,12,1,1.8206881365349092
0.0,0.455,0.365,0.11,0.385,0.166,0.046,0.1345,13,1,2.844028246126485
0.0,0.48,0.38,0.145,0.59,0.232,0.141,0.23,12,1,1.816155156848957
0.0,0.51,0.38,0.13,0.584,0.224,0.1355,0.185,13,1,2.7883611127567822
0.0,0.52,0.405,0.145,0.829,0.3535,0.1685,0.205,15,1,4.740260918968937
0.0,0.455,0.36,0.11,0.4385,0.206,0.098,0.125,10,1,0.7722166876238242
0.0,0.475,0.375,0.125,0.588,0.237,0.1715,0.155,10,1,0.621512628797208
0.0,0.46,0.33,0.15,0.5325,0.2085,0.1805,0.125,10,1,0.6896031728725458
0.0,0.305,0.225,0.07,0.1485,0.0585,0.0335,0.045,7,1,3.451898094553956
0.0,0.475,0.35,0.115,0.487,0.194,0.1455,0.125,13,1,2.814187850631408
0.0,0.605,0.45,0.165,1.2225,0.357,0.202,0.385,13,1,2.7401971141872825
0.0,0.475,0.375,0.15,0.559,0.1955,0.1215,0.1945,12,1,1.832569712551524
0.0,0.46,0.35,0.115,0.44,0.19,0.1025,0.13,8,1,2.382152302770357
0.0,0.49,0.37,0.105,0.5265,0.249,0.1005,0.148,7,1,3.3270611396946683
0.0,0.56,0.465,0.16,1.0315,0.432,0.2025,0.337,9,1,1.270442525772951
0.0,0.58,0.48,0.18,1.2495,0.4945,0.27,0.371,8,1,2.2787610455591647
0.0,0.595,0.475,0.165,1.148,0.444,0.214,0.37,10,1,0.2948845786574841
0.0,0.63,0.475,0.15,1.172,0.536,0.254,0.316,11,1,0.7463087783455505
0.0,0.65,0.545,0.185,1.5055,0.6565,0.341,0.43,10,1,0.5944690085122364
0.0,0.465,0.355,0.115,0.4705,0.1955,0.118,0.126,7,1,3.3417705927992194
0.0,0.49,0.4,0.115,0.569,0.256,0.1325,0.145,9,1,1.3916912085750328
0.0,0.505,0.39,0.12,0.5725,0.2555,0.1325,0.146,8,1,2.3385220232809427
0.0,0.525,0.44,0.125,0.7115,0.3205,0.159,0.1915,7,1,3.2930418615659414
0.0,0.555,0.44,0.145,0.8815,0.43,0.1975,0.2155,8,1,2.277609375245815
0.0,0.555,0.42,0.11,0.931,0.4445,0.171,0.225,8,1,2.275223247441442
0.0,0.575,0.46,0.165,1.065,0.4985,0.2145,0.2815,8,1,2.2691095345720877
0.0,0.61,0.48,0.16,1.234,0.598,0.238,0.315,12,1,1.746338553502985
0.0,0.61,0.495,0.175,1.2635,0.53,0.315,0.3455,10,1,0.3617571953361458
0.0,0.61,0.47,0.16,1.0745,0.4925,0.236,0.29,8,1,2.2690266208725625
0.0,0.625,0.495,0.16,1.1115,0.4495,0.2825,0.345,11,1,0.7384439498461882
0.0,0.625,0.47,0.17,1.255,0.525,0.2415,0.405,10,1,0.3594332176005355
0.0,0.64,0.48,0.195,1.1435,0.4915,0.2345,0.353,9,1,1.274960562015676
0.0,0.665,0.52,0.165,1.6885,0.7295,0.407,0.4265,11,1,1.0313363837577798
0.0,0.725,0.58,0.185,1.523,0.8045,0.3595,0.4375,9,1,1.4194036563822194
0.0,0.505,0.475,0.16,1.1155,0.509,0.239,0.3065,8,1,2.271441285374679
0.0,0.53,0.42,0.14,0.627,0.2905,0.1165,0.183,8,1,2.321972778187245
0.0,0.555,0.43,0.135,0.812,0.4055,0.163,0.2215,9,1,1.29812552377336
0.0,0.585,0.45,0.145,0.9835,0.4845,0.242,0.22,9,1,1.2733604170048771
0.0,0.595,0.47,0.165,1.0155,0.491,0.1905,0.289,9,1,1.2704425330086566
0.0,0.615,0.49,0.19,1.1345,0.4695,0.257,0.348,11,1,0.7395555634192144
0.0,0.62,0.51,0.18,1.233,0.592,0.274,0.322,10,1,0.3562720232889616
0.0,0.64,0.5,0.165,1.1635,0.554,0.239,0.32,11,1,0.7484505806478045
0.0,0.64,0.475,0.175,1.1545,0.4865,0.341,0.288,9,1,1.2784346776878042
0.0,0.645,0.52,0.175,1.3345,0.667,0.2665,0.355,10,1,0.4514855879142276
0.0,0.655,0.54,0.175,1.5585,0.7285,0.402,0.385,11,1,0.9519905503794828
0.0,0.66,0.5,0.175,1.3275,0.556,0.2805,0.4085,9,1,1.3091037463684554
0.0,0.69,0.525,0.19,1.492,0.6425,0.3905,0.42,12,1,1.810013371525144
0.0,0.7,0.575,0.2,1.7365,0.7755,0.3965,0.461,11,1,1.085369620638288
0.0,0.7,0.56,0.175,1.6605,0.8605,0.3275,0.398,11,1,1.049839571858372
0.0,0.72,0.545,0.185,1.7185,0.7925,0.401,0.468,11,1,1.0800331555842813
0.0,0.495,0.37,0.12,0.594,0.28,0.11,0.1375,7,1,3.314941751930361
0.0,0.565,0.45,0.175,1.2365,0.5305,0.2455,0.308,10,1,0.3331115302224311
0.0,0.57,0.42,0.16,0.8875,0.4315,0.1915,0.223,8,1,2.2770557656897874
0.0,0.575,0.475,0.16,0.895,0.3605,0.221,0.271,9,1,1.283122028843899
0.0,0.585,0.465,0.165,0.9355,0.4035,0.2275,0.259,9,1,1.27617830957686
0.0,0.585,0.46,0.165,1.058,0.486,0.25,0.294,9,1,1.268936516395217
0.0,0.595,0.465,0.145,0.7955,0.3425,0.1795,0.2425,10,1,0.4001362196451196
0.0,0.6,0.47,0.17,1.0805,0.4995,0.2245,0.3205,9,1,1.2697971221169135
0.0,0.6,0.475,0.155,1.059,0.441,0.19,0.39,11,1,0.7390379666495888
0.0,0.6,0.475,0.17,1.088,0.4905,0.2475,0.31,10,1,0.273616865109047
0.0,0.6,0.485,0.145,0.776,0.3545,0.1585,0.239,9,1,1.3072588096094753
0.0,0.62,0.48,0.165,1.043,0.4835,0.221,0.31,10,1,0.2731188220003949
0.0,0.625,0.475,0.16,1.3335,0.605,0.2875,0.319,10,1,0.4184568143961185
0.0,0.625,0.5,0.175,1.273,0.564,0.302,0.374,9,1,1.2964366119765696
0.0,0.65,0.52,0.195,1.6275,0.689,0.3905,0.432,11,1,0.9824862601401044
0.0,0.65,0.475,0.165,1.3875,0.58,0.3485,0.3095,9,1,1.3232761197374492
0.0,0.66,0.5,0.155,1.3765,0.6485,0.288,0.335,12,1,1.7740201611309203
0.0,0.51,0.375,0.11,0.5805,0.2865,0.118,0.148,7,1,3.3153226322166445
0.0,0.555,0.405,0.12,0.913,0.4585,0.196,0.2065,9,1,1.2825965065662257
0.0,0.59,0.465,0.17,1.0425,0.4635,0.24,0.27,10,1,0.2707684764113895
0.0,0.61,0.49,0.17,1.3475,0.7045,0.25,0.3045,11,1,0.8254833675227097
0.0,0.64,0.5,0.17,1.12,0.4955,0.2645,0.32,12,1,1.734645976049356
0.0,0.64,0.5,0.17,1.2645,0.565,0.3375,0.315,9,1,1.295807981899941
0.0,0.655,0.455,0.17,1.275,0.583,0.303,0.333,8,1,2.284768706502433
0.0,0.665,0.5,0.175,1.4355,0.643,0.345,0.37,9,1,1.3461349511880918
0.0,0.67,0.525,0.195,1.42,0.573,0.368,0.3905,10,1,0.5062142236500241
0.0,0.735,0.565,0.225,2.037,0.87,0.5145,0.5675,13,1,2.9630133047717115
0.0,0.525,0.425,0.14,0.8735,0.4205,0.182,0.2225,10,1,0.3476292824985726
0.0,0.545,0.41,0.125,0.654,0.2945,0.1315,0.205,10,1,0.5345452813182603
0.0,0.585,0.42,0.155,1.034,0.437,0.2225,0.32,11,1,0.7336806781596817
0.0,0.585,0.465,0.145,0.9855,0.4325,0.2145,0.2845,10,1,0.2803900955305622
0.0,0.595,0.44,0.135,0.964,0.5005,0.1715,0.2575,10,1,0.2978259380393229
0.0,0.595,0.46,0.155,1.0455,0.4565,0.24,0.3085,10,1,0.2691337090754931
0.0,0.595,0.45,0.165,1.081,0.49,0.2525,0.279,12,1,1.7321139209693803
0.0,0.6,0.5,0.16,1.122,0.5095,0.256,0.309,10,1,0.2849508859721522
0.0,0.605,0.49,0.15,1.1345,0.4305,0.2525,0.35,10,1,0.2891192180805014
0.0,0.61,0.495,0.165,1.0835,0.4525,0.273,0.317,9,1,1.2703134892893178
0.0,0.625,0.485,0.135,1.3025,0.61,0.2675,0.3605,14,1,3.7435609222852686
0.0,0.63,0.505,0.195,1.306,0.516,0.3305,0.375,9,1,1.3020608693216882
0.0,0.65,0.52,0.195,1.281,0.5985,0.246,0.3825,10,1,0.3974976090100668
0.0,0.65,0.51,0.175,1.35,0.575,0.3155,0.3885,10,1,0.4396042940440609
0.0,0.66,0.53,0.17,1.431,0.622,0.309,0.398,10,1,0.5146618145929762
0.0,0.665,0.54,0.195,1.764,0.8505,0.3615,0.47,11,1,1.117184027360134
0.0,0.67,0.51,0.155,1.278,0.5605,0.3045,0.358,11,1,0.7823904776421341
0.0,0.67,0.54,0.2,1.46,0.6435,0.328,0.4165,9,1,1.3579046624223778
0.0,0.675,0.535,0.185,1.5575,0.7035,0.402,0.4,11,1,0.9477064632731124
0.0,0.675,0.53,0.195,1.4985,0.62,0.375,0.425,9,1,1.3713257323695025
0.0,0.705,0.53,0.17,1.564,0.612,0.394,0.44,10,1,0.6464582334923046
0.0,0.725,0.56,0.185,1.792,0.873,0.367,0.435,11,1,1.1459113290867389
0.0,0.38,0.32,0.115,0.6475,0.323,0.1325,0.164,7,1,3.3109013424243803
0.0,0.485,0.365,0.15,0.9145,0.4145,0.199,0.273,7,1,3.2752366183583668
0.0,0.55,0.415,0.18,1.1655,0.502,0.301,0.311,9,1,1.2773356540699228
0.0,0.635,0.505,0.17,1.2635,0.512,0.322,0.355,9,1,1.2924499697336664
0.0,0.65,0.525,0.165,1.238,0.647,0.2485,0.3005,9,1,1.2982853358032167
0.0,0.65,0.5,0.17,1.4045,0.694,0.318,0.3235,11,1,0.8510785921134327
0.0,0.67,0.525,0.195,1.37,0.6065,0.2955,0.407,12,1,1.7736532251671926
0.0,0.695,0.525,0.205,1.8185,0.819,0.4025,0.4525,13,1,2.8707331933191145
0.0,0.705,0.555,0.195,1.7525,0.7105,0.4215,0.516,12,1,1.911143997439234
0.0,0.555,0.44,0.14,0.846,0.346,0.1715,0.2735,10,1,0.3682528736806495
0.0,0.56,0.43,0.145,0.898,0.3895,0.2325,0.245,9,1,1.2821210251647794
0.0,0.575,0.46,0.15,0.927,0.333,0.207,0.2985,9,1,1.2818639074057667
0.0,0.585,0.42,0.155,0.9845,0.442,0.2155,0.2875,13,1,2.732796331204315
0.0,0.62,0.5,0.175,1.107,0.4895,0.24,0.343,11,1,0.7371420271996107
0.0,0.63,0.475,0.15,1.072,0.433,0.2975,0.315,8,1,2.2701924054904907
0.0,0.645,0.51,0.155,1.129,0.5015,0.24,0.342,10,1,0.294788351672782
0.0,0.65,0.505,0.175,1.2075,0.5105,0.262,0.39,10,1,0.3362477462800279
0.0,0.65,0.495,0.175,1.227,0.528,0.258,0.37,11,1,0.7615901147843743
0.0,0.655,0.52,0.175,1.472,0.6275,0.27,0.45,13,1,2.773928271288259
0.0,0.665,0.525,0.18,1.5785,0.678,0.229,0.456,14,1,3.778885665917643
0.0,0.675,0.54,0.21,1.593,0.686,0.318,0.45,11,1,0.9598760755556316
0.0,0.695,0.535,0.175,1.361,0.5465,0.2815,0.465,10,1,0.4693206693113703
0.0,0.705,0.56,0.17,1.4575,0.607,0.318,0.44,11,1,0.8768727731384017
0.0,0.45,0.365,0.115,0.5885,0.318,0.121,0.1325,8,1,2.335616452684927
0.0,0.52,0.375,0.135,0.5375,0.221,0.117,0.17,8,1,2.348391545497724
0.0,0.61,0.49,0.17,1.137,0.4605,0.2825,0.344,12,1,1.7350396031516864
0.0,0.605,0.48,0.175,1.1685,0.4815,0.2305,0.356,9,1,1.2754935236923457
0.0,0.615,0.455,0.135,1.059,0.4735,0.263,0.274,9,1,1.2697034575554391
0.0,0.68,0.52,0.185,1.541,0.5985,0.395,0.4575,10,1,0.6251007927804754
0.0,0.71,0.555,0.17,1.47,0.5375,0.38,0.431,12,1,1.79956479975867
0.0,0.545,0.42,0.175,0.754,0.256,0.1775,0.275,10,1,0.4610249930561542
0.0,0.46,0.365,0.115,0.4485,0.165,0.083,0.17,14,1,3.8008013082178898
0.0,0.425,0.35,0.1,0.4425,0.175,0.0755,0.175,7,1,3.350148799825148
0.0,0.53,0.41,0.145,0.8255,0.375,0.204,0.245,9,1,1.2958694018862735
0.0,0.615,0.475,0.145,0.9525,0.3915,0.195,0.32,9,1,1.275890463843294
0.0,0.675,0.535,0.22,1.604,0.6175,0.4255,0.453,14,1,3.785023074611564
0.0,0.375,0.295,0.11,0.3005,0.1255,0.0575,0.1035,7,1,3.392660198188964
0.0,0.57,0.465,0.155,0.9685,0.446,0.261,0.255,9,1,1.2727530935619389
0.0,0.485,0.4,0.155,0.731,0.236,0.183,0.255,11,1,0.8423370278629516
0.0,0.565,0.45,0.165,0.9765,0.322,0.244,0.37,12,1,1.7404704216162203
0.0,0.57,0.44,0.19,1.018,0.447,0.207,0.265,9,1,1.2706546496066864
0.0,0.55,0.465,0.15,1.082,0.3575,0.194,0.19,14,1,3.734975249339361
0.0,0.63,0.475,0.175,1.423,0.4155,0.3385,0.49,14,1,3.756414517089399
0.0,0.655,0.5,0.18,1.4155,0.508,0.314,0.445,18,1,7.742174492622718
0.0,0.525,0.43,0.165,0.717,0.289,0.1745,0.195,10,1,0.4851793763483756
0.0,0.5,0.39,0.13,0.6355,0.2505,0.1635,0.195,15,1,4.757736939830375
0.0,0.44,0.34,0.135,0.3975,0.1505,0.0945,0.135,8,1,2.399739473411051
0.0,0.49,0.385,0.16,0.656,0.2455,0.171,0.205,9,1,1.3576376632192588
0.0,0.45,0.36,0.11,0.447,0.203,0.082,0.13,12,1,1.875479622707164
0.0,0.515,0.4,0.115,0.578,0.191,0.1445,0.17,9,1,1.3947927000006206
0.0,0.525,0.41,0.15,0.708,0.274,0.151,0.25,12,1,1.7802539084596358
0.0,0.645,0.5,0.225,1.626,0.587,0.4055,0.41,15,1,4.7727317152179225
0.0,0.61,0.49,0.17,1.1775,0.5655,0.2385,0.295,15,1,4.734315994079349
0.0,0.565,0.455,0.13,1.058,0.439,0.2645,0.3,10,1,0.2735014648342403
0.0,0.67,0.545,0.16,1.5415,0.5985,0.2565,0.495,15,1,4.763908443324711
0.0,0.46,0.375,0.12,0.4915,0.2205,0.088,0.17,7,1,3.335019258511654
0.0,0.56,0.44,0.155,0.9705,0.4315,0.263,0.255,9,1,1.273252640661484
0.0,0.575,0.45,0.1,0.9315,0.431,0.222,0.235,12,1,1.7383389112840546
0.0,0.56,0.46,0.18,0.97,0.342,0.196,0.355,12,1,1.7393265208427924
0.0,0.5,0.4,0.15,0.8085,0.273,0.112,0.295,13,1,2.753811795433126
0.0,0.595,0.5,0.18,1.053,0.4405,0.192,0.39,13,1,2.733756318697084
0.0,0.615,0.5,0.165,1.1765,0.488,0.244,0.345,17,1,6.732912075324565
0.0,0.565,0.46,0.15,0.8765,0.3455,0.1925,0.275,10,1,0.3469497780009961
0.0,0.525,0.43,0.125,0.813,0.3315,0.166,0.1775,12,1,1.7602923306769989
0.0,0.455,0.375,0.125,0.458,0.1985,0.111,0.12,10,1,0.7555836113781994
0.0,0.52,0.41,0.16,0.712,0.2845,0.153,0.225,10,1,0.4902586408878159
0.0,0.645,0.49,0.19,1.3065,0.479,0.3565,0.345,18,1,7.736958212083432
0.0,0.47,0.35,0.115,0.487,0.1955,0.127,0.155,8,1,2.366417958256261
0.0,0.65,0.515,0.215,1.498,0.564,0.323,0.425,16,1,5.7523744973575965
0.0,0.49,0.37,0.115,0.541,0.171,0.1175,0.185,11,1,0.9642520947190212
0.0,0.475,0.4,0.115,0.541,0.186,0.1025,0.21,13,1,2.800765879520784
0.0,0.35,0.275,0.065,0.205,0.0745,0.0465,0.07,10,1,1.063757013303199
0.0,0.54,0.44,0.16,1.0905,0.391,0.2295,0.355,15,1,4.732699309542378
0.0,0.525,0.4,0.115,0.6295,0.2555,0.144,0.18,11,1,0.8889325566036714
0.0,0.53,0.4,0.165,0.772,0.2855,0.1975,0.23,12,1,1.7669141062075664
0.0,0.525,0.415,0.15,0.7155,0.2355,0.171,0.27,13,1,2.7636774021695936
0.0,0.53,0.425,0.13,0.717,0.2115,0.166,0.255,13,1,2.7657504407908915
0.0,0.465,0.39,0.11,0.6355,0.1815,0.157,0.225,13,1,2.783658028800225
0.0,0.515,0.395,0.14,0.686,0.281,0.1255,0.22,12,1,1.7873428730138698
0.0,0.555,0.44,0.155,1.016,0.4935,0.1855,0.263,10,1,0.2826830815972231
0.0,0.61,0.5,0.18,1.438,0.5185,0.3735,0.3345,9,1,1.3349995055724644
0.0,0.68,0.55,0.19,1.807,0.8225,0.3655,0.515,11,1,1.1455522129863291
0.0,0.72,0.575,0.195,2.1505,1.0745,0.382,0.585,10,1,1.335585281898763
0.0,0.525,0.41,0.115,0.7745,0.416,0.163,0.18,7,1,3.28510441488473
0.0,0.585,0.45,0.125,0.874,0.3545,0.2075,0.225,6,1,4.274615952607963
0.0,0.645,0.525,0.17,1.37,0.6135,0.283,0.34,10,1,0.4540120751165567
0.0,0.655,0.545,0.185,1.759,0.6865,0.313,0.547,11,1,1.0777129668004914
0.0,0.67,0.52,0.195,1.8065,0.758,0.3735,0.5055,11,1,1.123110217702235
0.0,0.555,0.43,0.14,0.7545,0.3525,0.1835,0.2015,9,1,1.313717691425342
0.0,0.585,0.46,0.15,1.0035,0.503,0.2105,0.2515,11,1,0.7363829755799152
0.0,0.62,0.465,0.14,1.011,0.479,0.2385,0.255,8,1,2.2698046722925955
0.0,0.64,0.525,0.175,1.382,0.646,0.3115,0.37,9,1,1.3298243190194985
0.0,0.68,0.55,0.175,1.473,0.713,0.282,0.4295,11,1,0.8995573225011254
0.0,0.69,0.58,0.195,1.658,0.708,0.3615,0.4715,10,1,0.754043384989449
0.0,0.575,0.45,0.12,0.9585,0.447,0.169,0.275,12,1,1.736081683675207
0.0,0.575,0.46,0.165,0.9575,0.4815,0.1945,0.236,10,1,0.2963667461498856
0.0,0.58,0.46,0.135,0.926,0.4025,0.208,0.275,8,1,2.273418643273986
0.0,0.58,0.425,0.155,0.873,0.3615,0.249,0.239,10,1,0.3468466245937175
0.0,0.625,0.495,0.16,1.234,0.6335,0.192,0.35,13,1,2.74398332621972
0.0,0.625,0.485,0.165,1.2255,0.5075,0.296,0.36,10,1,0.3359392551311501
0.0,0.635,0.5,0.18,1.2565,0.539,0.292,0.35,10,1,0.3590857238509406
0.0,0.645,0.5,0.15,1.159,0.4675,0.3355,0.31,9,1,1.2787751055926917
0.0,0.69,0.535,0.185,1.826,0.797,0.409,0.499,11,1,1.1529163784245084
0.0,0.695,0.56,0.185,1.7715,0.8195,0.331,0.437,10,1,0.8742435118880711
0.0,0.63,0.515,0.16,1.336,0.553,0.3205,0.35,11,1,0.7981433324798929
0.0,0.64,0.49,0.18,1.36,0.653,0.347,0.305,9,1,1.3250262322579185
0.0,0.575,0.48,0.17,1.1,0.506,0.2485,0.31,10,1,0.2777244855322262
0.0,0.625,0.49,0.19,1.7015,0.7465,0.4105,0.3855,11,1,1.0372169723462652
0.0,0.635,0.485,0.155,1.073,0.467,0.1975,0.35,11,1,0.7363923583660228
0.0,0.635,0.5,0.175,1.477,0.684,0.3005,0.39,12,1,1.8006090054335828
0.0,0.65,0.495,0.16,1.3105,0.577,0.3315,0.355,9,1,1.3059464907722995
0.0,0.675,0.52,0.175,1.494,0.7365,0.3055,0.37,9,1,1.378131601815327
0.0,0.675,0.51,0.15,1.1965,0.475,0.304,0.386,11,1,0.7600860195001471
0.0,0.71,0.545,0.175,1.907,0.8725,0.4565,0.475,11,1,1.2379125149965755
0.0,0.715,0.565,0.18,1.79,0.844,0.3535,0.5385,9,1,1.5476195215018491
0.0,0.72,0.59,0.205,1.7495,0.7755,0.4225,0.48,11,1,1.104769235964462
0.0,0.56,0.42,0.18,1.6645,0.7755,0.35,0.4525,9,1,1.4557382007248023
0.0,0.57,0.45,0.15,0.9645,0.531,0.189,0.209,9,1,1.2778785233567982
0.0,0.605,0.465,0.155,1.1,0.547,0.2665,0.2585,10,1,0.2905388923973262
0.0,0.64,0.505,0.175,1.3185,0.6185,0.302,0.3315,9,1,1.3091948435565437
0.0,0.595,0.455,0.14,0.914,0.3895,0.2225,0.271,9,1,1.2789334941527402
0.0,0.6,0.5,0.17,1.13,0.4405,0.267,0.335,11,1,0.7384020864458706
0.0,0.615,0.495,0.155,1.0805,0.52,0.19,0.32,9,1,1.2719442771995864
0.0,0.635,0.495,0.175,1.2355,0.5205,0.3085,0.347,10,1,0.3459308180409087
0.0,0.645,0.535,0.19,1.2395,0.468,0.2385,0.424,10,1,0.3631210467920986
0.0,0.65,0.505,0.165,1.357,0.5725,0.281,0.43,11,1,0.8147585699432891
0.0,0.655,0.5,0.22,1.359,0.642,0.3255,0.405,13,1,2.7595561234165857
0.0,0.56,0.44,0.135,0.8025,0.35,0.1615,0.259,9,1,1.3015961453511378
0.0,0.585,0.475,0.165,1.053,0.458,0.217,0.3,11,1,0.7318443484168018
0.0,0.585,0.455,0.17,0.9945,0.4255,0.263,0.2845,11,1,0.7355780016155765
0.0,0.515,0.4,0.125,0.615,0.2865,0.123,0.1765,8,1,2.3255375726235523
0.0,0.565,0.45,0.165,0.887,0.37,0.239,0.249,11,1,0.7580823135507512
0.0,0.625,0.485,0.15,1.0945,0.531,0.261,0.296,10,1,0.2850999418267403
1.0,0.33,0.255,0.08,0.205,0.0895,0.0395,0.055,7,2,0.7244081103560145
1.0,0.425,0.3,0.095,0.3515,0.141,0.0775,0.12,8,2,0.3495828560140556
1.0,0.355,0.28,0.085,0.2905,0.095,0.0395,0.115,7,2,0.6932369718441632
1.0,0.38,0.275,0.1,0.2255,0.08,0.049,0.085,10,2,2.3491654537623585
1.0,0.24,0.175,0.045,0.07,0.0315,0.0235,0.02,5,2,2.707509026984469
1.0,0.205,0.15,0.055,0.042,0.0255,0.015,0.012,5,2,2.7163483917985727
1.0,0.21,0.15,0.05,0.042,0.0175,0.0125,0.015,4,2,3.702310871839954
1.0,0.39,0.295,0.095,0.203,0.0875,0.045,0.075,7,2,0.7129644559442246
1.0,0.325,0.245,0.07,0.161,0.0755,0.0255,0.045,6,2,1.698045159573001
1.0,0.52,0.41,0.12,0.595,0.2385,0.111,0.19,8,2,0.4026086461957978
1.0,0.245,0.19,0.06,0.086,0.042,0.014,0.025,4,2,3.692740376784708
1.0,0.31,0.235,0.07,0.151,0.063,0.0405,0.045,6,2,1.7016266991279372
1.0,0.36,0.265,0.095,0.2315,0.105,0.046,0.075,7,2,0.7073059825487696
1.0,0.435,0.32,0.08,0.3325,0.1485,0.0635,0.105,9,2,1.340573274045747
1.0,0.385,0.295,0.085,0.2535,0.103,0.0575,0.085,7,2,0.696244026338365
1.0,0.36,0.28,0.08,0.1755,0.081,0.0505,0.07,6,2,1.6900747661205604
1.0,0.27,0.195,0.06,0.073,0.0285,0.0235,0.03,5,2,2.7034751393926477
1.0,0.375,0.275,0.09,0.238,0.1075,0.0545,0.07,6,2,1.6798512667181968
1.0,0.385,0.29,0.085,0.2505,0.112,0.061,0.08,8,2,0.3962726090839076
1.0,0.35,0.26,0.095,0.211,0.086,0.056,0.068,7,2,0.7172938305971498
1.0,0.265,0.2,0.065,0.0975,0.04,0.0205,0.028,7,2,0.7959565648388176
1.0,0.28,0.205,0.08,0.127,0.052,0.039,0.042,9,2,1.3942218267357216
1.0,0.175,0.13,0.055,0.0315,0.0105,0.0065,0.0125,5,2,2.7231861318793267
1.0,0.17,0.13,0.095,0.03,0.013,0.008,0.01,4,2,3.7073079385512746
1.0,0.235,0.16,0.04,0.048,0.0185,0.018,0.015,5,2,2.7130112620974294
1.0,0.36,0.26,0.09,0.1785,0.0645,0.037,0.075,7,2,0.7305407312614921
1.0,0.315,0.21,0.06,0.125,0.06,0.0375,0.035,5,2,2.6918795416124865
1.0,0.315,0.245,0.085,0.1435,0.053,0.0475,0.05,8,2,0.4909555868463607
1.0,0.225,0.16,0.045,0.0465,0.025,0.015,0.015,4,2,3.700159962724787
1.0,0.355,0.275,0.085,0.22,0.092,0.06,0.15,8,2,0.4199565060831936
1.0,0.4,0.3,0.11,0.315,0.109,0.067,0.12,9,2,1.344066984755498
1.0,0.435,0.34,0.11,0.3795,0.1495,0.085,0.12,8,2,0.3414405782645168
1.0,0.37,0.28,0.095,0.2655,0.122,0.052,0.08,7,2,0.693921139341624
1.0,0.405,0.3,0.12,0.324,0.1265,0.07,0.11,7,2,0.67652880531994
1.0,0.425,0.38,0.105,0.3265,0.1285,0.0785,0.1,10,2,2.3395128217459096
1.0,0.365,0.27,0.085,0.205,0.078,0.0485,0.07,7,2,0.7181491543536239
1.0,0.275,0.215,0.075,0.1155,0.0485,0.029,0.035,7,2,0.7805769464063687
1.0,0.44,0.35,0.135,0.435,0.1815,0.083,0.125,12,2,4.336195928768118
1.0,0.295,0.225,0.08,0.124,0.0485,0.032,0.04,9,2,1.3922697738134873
1.0,0.075,0.055,0.01,0.002,0.001,0.0005,0.0015,1,2,6.698077592403914
1.0,0.13,0.1,0.03,0.013,0.0045,0.003,0.004,3,2,4.7046080088684885
1.0,0.11,0.09,0.03,0.008,0.0025,0.002,0.003,3,2,4.707031884380324
1.0,0.16,0.12,0.035,0.021,0.0075,0.0045,0.005,5,2,2.728026378295713
1.0,0.27,0.2,0.07,0.1,0.034,0.0245,0.035,5,2,2.699177035687661
1.0,0.23,0.175,0.065,0.0645,0.026,0.0105,0.02,5,2,2.7092586661007245
1.0,0.3,0.23,0.08,0.1275,0.0435,0.0265,0.04,8,2,0.5136641033606976
1.0,0.33,0.255,0.085,0.1655,0.063,0.039,0.06,8,2,0.4699097988833407
1.0,0.35,0.26,0.085,0.174,0.0705,0.0345,0.06,10,2,2.3568342302423178
1.0,0.32,0.245,0.08,0.1585,0.0635,0.0325,0.05,13,2,5.347079479506033
1.0,0.36,0.275,0.085,0.1975,0.0745,0.0415,0.07,9,2,1.3656021701723016
1.0,0.305,0.245,0.075,0.156,0.0675,0.038,0.045,7,2,0.7504267470372851
1.0,0.345,0.27,0.11,0.2135,0.082,0.0545,0.07,7,2,0.7165940069760766
1.0,0.33,0.25,0.105,0.1715,0.0655,0.035,0.06,7,2,0.7387000608688085
1.0,0.245,0.195,0.06,0.095,0.0445,0.0245,0.026,4,2,3.691410962815251
1.0,0.36,0.285,0.105,0.2415,0.0915,0.057,0.075,7,2,0.7040193086801882
1.0,0.295,0.215,0.085,0.128,0.049,0.034,0.04,6,2,1.7091900323384537
1.0,0.275,0.205,0.075,0.1105,0.045,0.0285,0.035,6,2,1.715759942051456
1.0,0.28,0.21,0.085,0.1065,0.039,0.0295,0.03,4,2,3.6879838508671714
1.0,0.2,0.145,0.06,0.037,0.0125,0.0095,0.011,4,2,3.7039857013460806
1.0,0.165,0.12,0.03,0.0215,0.007,0.005,0.005,3,2,4.700595204121214
1.0,0.45,0.355,0.11,0.4585,0.194,0.067,0.14,8,2,0.3399136143546588
1.0,0.33,0.255,0.095,0.172,0.066,0.0255,0.06,6,2,1.6951948163628354
1.0,0.265,0.21,0.06,0.0965,0.0425,0.022,0.03,5,2,2.6993531608028656
1.0,0.19,0.145,0.04,0.038,0.0165,0.0065,0.015,4,2,3.7046152496388127
1.0,0.265,0.205,0.07,0.1055,0.039,0.041,0.035,5,2,2.697962796454062
1.0,0.355,0.275,0.09,0.251,0.097,0.053,0.08,7,2,0.7023457728616974
1.0,0.32,0.255,0.1,0.1755,0.073,0.0415,0.065,7,2,0.7362685458785209
1.0,0.36,0.28,0.09,0.2255,0.0885,0.04,0.09,8,2,0.4188504568279737
1.0,0.3,0.22,0.08,0.121,0.0475,0.042,0.035,5,2,2.692869872761241
1.0,0.235,0.175,0.04,0.0705,0.0335,0.015,0.02,5,2,2.708043524170309
1.0,0.34,0.26,0.08,0.2,0.08,0.0555,0.055,6,2,1.6889840192631635
1.0,0.375,0.305,0.115,0.2715,0.092,0.074,0.09,8,2,0.3897458556813912
1.0,0.465,0.375,0.12,0.471,0.222,0.119,0.14,9,2,1.3386286023050062
1.0,0.415,0.325,0.1,0.3215,0.1535,0.0595,0.105,10,2,2.338982455642722
1.0,0.365,0.295,0.095,0.25,0.1075,0.0545,0.08,9,2,1.3535880284668256
1.0,0.345,0.275,0.095,0.1995,0.0755,0.0535,0.07,6,2,1.687766898691781
1.0,0.39,0.31,0.1,0.302,0.116,0.064,0.115,11,2,3.3396442984424954
1.0,0.44,0.345,0.12,0.365,0.1655,0.083,0.11,7,2,0.6672885686166172
1.0,0.49,0.38,0.12,0.529,0.2165,0.139,0.155,11,2,3.339077548614426
1.0,0.29,0.225,0.07,0.101,0.036,0.0235,0.035,8,2,0.5369834681048195
1.0,0.26,0.2,0.07,0.092,0.037,0.02,0.03,6,2,1.7224908801265095
1.0,0.44,0.345,0.1,0.366,0.122,0.0905,0.12,13,2,5.336822865566154
1.0,0.36,0.275,0.095,0.217,0.084,0.0435,0.09,7,2,0.7125606330189245
1.0,0.385,0.305,0.095,0.252,0.0915,0.055,0.09,14,2,6.339634649968842
1.0,0.36,0.275,0.11,0.2335,0.095,0.0525,0.085,10,2,2.348355217540006
1.0,0.335,0.26,0.1,0.192,0.0785,0.0585,0.07,8,2,0.4461341464918288
1.0,0.395,0.295,0.1,0.2715,0.134,0.0325,0.085,10,2,2.343426096182318
1.0,0.36,0.28,0.105,0.199,0.0695,0.045,0.08,9,2,1.3648863073946294
1.0,0.415,0.31,0.11,0.2965,0.123,0.057,0.0995,10,2,2.341054694579882
1.0,0.24,0.185,0.07,0.0715,0.026,0.018,0.025,6,2,1.7313300517922328
1.0,0.22,0.165,0.055,0.0545,0.0215,0.012,0.02,5,2,2.7124078758988874
1.0,0.255,0.195,0.07,0.0735,0.0255,0.02,0.025,6,2,1.7284007079474972
1.0,0.175,0.125,0.05,0.0235,0.008,0.0035,0.008,5,2,2.725279867202345
1.0,0.43,0.34,0.12,0.3575,0.151,0.0645,0.1045,9,2,1.3387111016891564
1.0,0.68,0.53,0.185,1.1095,0.439,0.245,0.34,10,2,2.482591368597224
1.0,0.365,0.26,0.115,0.218,0.0935,0.0445,0.07,9,2,1.3610307032240825
1.0,0.47,0.37,0.12,0.4705,0.1845,0.1055,0.155,12,2,4.3367346029313305
1.0,0.47,0.37,0.14,0.4985,0.2095,0.1225,0.145,10,2,2.338364657924465
1.0,0.465,0.38,0.13,0.454,0.1895,0.08,0.155,11,2,3.336839494570714
1.0,0.52,0.405,0.14,0.5775,0.2,0.145,0.179,11,2,3.342437463441574
1.0,0.555,0.425,0.18,0.875,0.3695,0.2005,0.255,11,2,3.379620068649796
1.0,0.615,0.49,0.155,0.9885,0.4145,0.195,0.345,13,2,5.381523239425599
1.0,0.56,0.44,0.165,0.8,0.335,0.1735,0.25,12,2,4.36076859137197
1.0,0.48,0.37,0.12,0.514,0.2075,0.131,0.155,13,2,5.33740218253448
1.0,0.485,0.39,0.125,0.591,0.287,0.141,0.12,9,2,1.3530762826871934
1.0,0.5,0.385,0.15,0.6265,0.2605,0.1665,0.16,10,2,2.349190850788318
1.0,0.525,0.405,0.15,0.795,0.3075,0.205,0.255,14,2,6.351554393978886
1.0,0.52,0.4,0.145,0.66,0.267,0.1055,0.22,13,2,5.343894160877637
1.0,0.515,0.4,0.12,0.659,0.2705,0.179,0.17,13,2,5.34378261054775
1.0,0.485,0.355,0.13,0.581,0.245,0.132,0.168,12,2,4.340055434490803
1.0,0.435,0.33,0.125,0.406,0.1685,0.1055,0.096,12,2,4.336303192486027
1.0,0.45,0.345,0.135,0.443,0.1975,0.0875,0.1175,14,2,6.336171653917274
1.0,0.61,0.475,0.15,0.9665,0.4145,0.2,0.345,10,2,2.4319714890135007
1.0,0.56,0.425,0.14,0.9175,0.4005,0.1975,0.26,10,2,2.408284064336872
1.0,0.58,0.445,0.15,0.8865,0.383,0.209,0.255,11,2,3.383264356630881
1.0,0.55,0.425,0.15,0.806,0.376,0.171,0.245,14,2,6.3537606710680485
1.0,0.46,0.355,0.14,0.4935,0.216,0.133,0.115,13,2,5.336943844522603
1.0,0.495,0.39,0.125,0.6655,0.284,0.162,0.2,11,2,3.348784315931008
1.0,0.52,0.425,0.17,0.6805,0.28,0.174,0.195,10,2,2.358423996668368
1.0,0.51,0.4,0.15,0.745,0.2865,0.1675,0.235,13,2,5.349377273419961
1.0,0.575,0.455,0.18,0.8525,0.3015,0.1825,0.3,13,2,5.361715939093934
1.0,0.605,0.47,0.14,0.939,0.3385,0.201,0.32,13,2,5.372101568726238
1.0,0.605,0.495,0.145,1.054,0.369,0.2255,0.36,12,2,4.400031385100904
1.0,0.47,0.345,0.115,0.4885,0.2005,0.108,0.166,11,2,3.337196896764316
1.0,0.515,0.39,0.14,0.5555,0.2,0.1135,0.2235,12,2,4.34042878852797
1.0,0.425,0.345,0.125,0.425,0.16,0.0795,0.154,13,2,5.336287964790817
1.0,0.485,0.37,0.13,0.458,0.181,0.113,0.136,10,2,2.3373129193904503
1.0,0.45,0.35,0.145,0.525,0.2085,0.1,0.1655,15,2,7.337026216465866
1.0,0.465,0.36,0.105,0.498,0.214,0.116,0.14,15,2,7.336639688477654
1.0,0.475,0.365,0.115,0.49,0.223,0.1235,0.1335,9,2,1.339457688665205
1.0,0.47,0.36,0.13,0.5225,0.198,0.1065,0.165,9,2,1.3412797475637348
1.0,0.44,0.345,0.12,0.487,0.1965,0.108,0.16,14,2,6.33653000164778
1.0,0.62,0.485,0.18,1.1785,0.4675,0.2655,0.39,13,2,5.41139762987152
1.0,0.445,0.33,0.12,0.347,0.12,0.084,0.105,11,2,3.337754636837968
1.0,0.46,0.35,0.12,0.4885,0.193,0.105,0.155,11,2,3.337002538218646
1.0,0.335,0.245,0.09,0.1665,0.0595,0.04,0.06,6,2,1.6962530256595625
1.0,0.47,0.35,0.13,0.466,0.1845,0.099,0.145,11,2,3.336668490392217
1.0,0.535,0.45,0.17,0.781,0.3055,0.1555,0.295,11,2,3.366081779500181
1.0,0.37,0.275,0.1,0.2295,0.0885,0.0465,0.07,7,2,0.7083429142331098
1.0,0.255,0.19,0.075,0.0865,0.0345,0.0205,0.025,5,2,2.702670474320187
1.0,0.165,0.11,0.02,0.019,0.0065,0.0025,0.005,4,2,3.711659442052112
1.0,0.315,0.23,0.09,0.1285,0.043,0.04,0.04,7,2,0.7650774271827556
1.0,0.155,0.105,0.05,0.0175,0.005,0.0035,0.005,4,2,3.712328460135154
1.0,0.295,0.225,0.09,0.1105,0.0405,0.0245,0.032,7,2,0.7788568384969708
1.0,0.325,0.25,0.08,0.176,0.0595,0.0355,0.063,7,2,0.7392521097610464
1.0,0.28,0.205,0.055,0.1135,0.045,0.0275,0.0335,7,2,0.783995543213564
1.0,0.275,0.2,0.065,0.1035,0.0475,0.0205,0.03,7,2,0.7897631207561698
1.0,0.29,0.205,0.07,0.0975,0.036,0.019,0.035,8,2,0.544063835856794
1.0,0.25,0.19,0.06,0.0765,0.036,0.0115,0.0245,6,2,1.7284250615603567
1.0,0.18,0.125,0.035,0.0265,0.0095,0.0055,0.0085,4,2,3.7082393103477327
1.0,0.15,0.1,0.025,0.015,0.0045,0.004,0.005,2,2,5.69631892651229
1.0,0.16,0.11,0.025,0.018,0.0065,0.0055,0.005,3,2,4.701752901777112
1.0,0.485,0.375,0.14,0.521,0.2,0.123,0.17,8,2,0.3613534911936423
1.0,0.385,0.28,0.125,0.244,0.102,0.038,0.085,6,2,1.678931904410672
1.0,0.215,0.155,0.06,0.0525,0.021,0.0165,0.015,5,2,2.713737575231244
1.0,0.37,0.275,0.1,0.22,0.094,0.045,0.065,7,2,0.7107216439399083
1.0,0.28,0.205,0.07,0.1015,0.041,0.03,0.03,6,2,1.71761884618185
1.0,0.235,0.175,0.055,0.067,0.027,0.0125,0.018,6,2,1.734683539137786
1.0,0.255,0.185,0.06,0.088,0.0365,0.021,0.023,5,2,2.702935516919609
1.0,0.315,0.24,0.085,0.1715,0.071,0.0345,0.0535,7,2,0.7423703444786356
1.0,0.325,0.25,0.08,0.1735,0.0765,0.0345,0.049,7,2,0.7386499592399584
1.0,0.335,0.25,0.08,0.183,0.0735,0.04,0.0575,6,2,1.6927987614203637
1.0,0.35,0.27,0.09,0.2055,0.075,0.0575,0.062,6,2,1.6871787371136782
1.0,0.35,0.25,0.07,0.18,0.0655,0.048,0.054,6,2,1.6930771122267343
1.0,0.36,0.3,0.085,0.27,0.1185,0.064,0.0745,7,2,0.6931570701831924
1.0,0.365,0.275,0.135,0.24,0.108,0.0445,0.0735,7,2,0.7037650202460004
1.0,0.37,0.275,0.14,0.2215,0.097,0.0455,0.0615,6,2,1.6831705026624066
1.0,0.38,0.275,0.095,0.1375,0.086,0.0585,0.0605,7,2,0.7384955877242917
1.0,0.385,0.29,0.095,0.312,0.143,0.0635,0.086,6,2,1.6704645939639635
1.0,0.385,0.3,0.1,0.2895,0.1215,0.063,0.09,7,2,0.6851239198757291
1.0,0.395,0.29,0.095,0.319,0.138,0.08,0.082,7,2,0.6784753954983659
1.0,0.395,0.29,0.095,0.304,0.127,0.084,0.077,6,2,1.671291029175923
1.0,0.4,0.31,0.1,0.306,0.13,0.06,0.094,6,2,1.6703268562246325
1.0,0.41,0.325,0.1,0.394,0.208,0.0655,0.106,6,2,1.664861021097832
1.0,0.415,0.32,0.11,0.3735,0.175,0.0755,0.109,7,2,0.6668549151143606
1.0,0.425,0.325,0.1,0.398,0.1185,0.0645,0.0945,6,2,1.666257140044887
1.0,0.44,0.365,0.115,0.501,0.2435,0.084,0.1465,9,2,1.339949809244818
1.0,0.445,0.335,0.1,0.4895,0.2745,0.086,0.1105,7,2,0.6728105260028003
1.0,0.445,0.325,0.1,0.378,0.1795,0.1,0.089,7,2,0.6667403623773958
1.0,0.45,0.35,0.13,0.547,0.245,0.1405,0.1405,8,2,0.3673595219262079
1.0,0.475,0.365,0.125,0.5465,0.229,0.1185,0.172,9,2,1.3444019303014625
1.0,0.485,0.355,0.105,0.498,0.2175,0.096,0.1525,9,2,1.3397250401888725
1.0,0.205,0.14,0.05,0.046,0.0165,0.012,0.0135,6,2,1.747903389483127
1.0,0.24,0.175,0.055,0.0705,0.025,0.014,0.021,5,2,2.7078250297955373
1.0,0.24,0.175,0.065,0.0665,0.031,0.0135,0.017,3,2,4.6892318937419954
1.0,0.255,0.19,0.05,0.083,0.0295,0.0215,0.027,6,2,1.726936896865973
1.0,0.255,0.18,0.055,0.083,0.031,0.0215,0.02,4,2,3.693430151040928
1.0,0.265,0.195,0.06,0.092,0.0345,0.025,0.0245,6,2,1.7229754409241895
1.0,0.28,0.12,0.075,0.117,0.0455,0.029,0.0345,4,2,3.690942487356984
1.0,0.295,0.23,0.08,0.1625,0.065,0.05,0.0385,5,2,2.687271844632651
1.0,0.3,0.235,0.08,0.131,0.05,0.0265,0.043,4,2,3.6837388783957183
1.0,0.3,0.23,0.095,0.1385,0.056,0.0365,0.037,6,2,1.705406446486279
1.0,0.305,0.22,0.07,0.141,0.062,0.031,0.037,5,2,2.689997712354949
1.0,0.315,0.235,0.075,0.1485,0.0585,0.0375,0.0425,6,2,1.702101031848897
1.0,0.315,0.23,0.07,0.144,0.053,0.0305,0.04,8,2,0.4979403016594041
1.0,0.32,0.24,0.09,0.1575,0.07,0.0265,0.0425,5,2,2.6861788185347013
1.0,0.325,0.24,0.075,0.187,0.0825,0.0445,0.05,6,2,1.693089351042664
1.0,0.33,0.265,0.085,0.196,0.0775,0.0305,0.0445,6,2,1.6911607807877216
1.0,0.335,0.25,0.075,0.1825,0.0705,0.044,0.055,7,2,0.7341096238895448
1.0,0.335,0.25,0.075,0.186,0.0945,0.038,0.0445,7,2,0.7309066722797194
1.0,0.34,0.25,0.075,0.1785,0.0665,0.0455,0.045,5,2,2.6828982383527418
1.0,0.34,0.25,0.07,0.2225,0.104,0.0425,0.055,7,2,0.7168514964647111
1.0,0.345,0.265,0.1,0.2455,0.111,0.0535,0.065,7,2,0.7050430335968899
1.0,0.37,0.29,0.095,0.249,0.1045,0.058,0.067,6,2,1.6785417080372775
1.0,0.37,0.28,0.095,0.2865,0.1505,0.069,0.0795,7,2,0.686524552137723
1.0,0.375,0.28,0.09,0.215,0.084,0.06,0.055,6,2,1.6841389481820093
1.0,0.385,0.265,0.08,0.251,0.124,0.037,0.07,6,2,1.678376295447923
1.0,0.41,0.31,0.09,0.339,0.155,0.0695,0.09,7,2,0.6726787671029596
1.0,0.41,0.305,0.09,0.3535,0.157,0.0745,0.1,7,2,0.6705471688875285
1.0,0.41,0.31,0.09,0.3335,0.1635,0.061,0.091,6,2,1.667677269733108
1.0,0.415,0.33,0.09,0.3595,0.17,0.081,0.09,6,2,1.6659396368328412
1.0,0.42,0.32,0.115,0.376,0.169,0.092,0.1,5,2,2.664661940548106
1.0,0.42,0.315,0.1,0.3435,0.157,0.0795,0.09,6,2,1.6668001830606949
1.0,0.425,0.34,0.1,0.382,0.164,0.096,0.1,6,2,1.6649373045405758
1.0,0.425,0.315,0.1,0.377,0.1645,0.072,0.105,6,2,1.665179088002822
1.0,0.43,0.325,0.1,0.3645,0.1575,0.0825,0.105,7,2,0.66782774430625
1.0,0.43,0.325,0.09,0.425,0.217,0.087,0.095,7,2,0.665547110545777
1.0,0.435,0.325,0.12,0.3995,0.1815,0.061,0.1125,8,2,0.3387523700019574
1.0,0.435,0.34,0.115,0.3925,0.1825,0.078,0.1145,6,2,1.6643316461081696
1.0,0.44,0.345,0.13,0.4495,0.209,0.0835,0.134,6,2,1.6644578661283067
1.0,0.44,0.325,0.09,0.35,0.148,0.067,0.105,7,2,0.6702975931710902
1.0,0.445,0.35,0.13,0.4195,0.1695,0.0945,0.1195,7,2,0.6648543760416246
1.0,0.45,0.36,0.13,0.478,0.191,0.127,0.137,7,2,0.6682914053240201
1.0,0.45,0.355,0.105,0.4445,0.197,0.093,0.1335,8,2,0.3378125612799594
1.0,0.45,0.345,0.11,0.47,0.2355,0.0855,0.1135,7,2,0.6674318806181961
1.0,0.45,0.335,0.105,0.447,0.2335,0.153,0.119,7,2,0.6688979604089017
1.0,0.455,0.355,0.125,0.5325,0.225,0.126,0.1465,7,2,0.6758473460825947
1.0,0.455,0.375,0.12,0.497,0.2355,0.1055,0.1295,6,2,1.6668953613935744
1.0,0.46,0.36,0.1,0.4635,0.2325,0.093,0.115,7,2,0.6675003857845538
1.0,0.46,0.345,0.105,0.449,0.196,0.0945,0.1265,7,2,0.6649488994636176
1.0,0.465,0.365,0.115,0.467,0.2315,0.0925,0.113,7,2,0.6680391984939784
1.0,0.465,0.37,0.115,0.534,0.261,0.098,0.143,7,2,0.6786497805360371
1.0,0.465,0.345,0.11,0.4415,0.1755,0.0905,0.12,7,2,0.6650075566186671
1.0,0.5,0.385,0.12,0.56,0.2835,0.103,0.135,8,2,0.38361585765823
1.0,0.505,0.39,0.15,0.685,0.362,0.131,0.156,8,2,0.4721788214005037
1.0,0.505,0.355,0.125,0.601,0.25,0.1205,0.185,8,2,0.3973726958881551
1.0,0.51,0.375,0.1,0.5785,0.238,0.1225,0.175,7,2,0.69121179717545
1.0,0.51,0.405,0.135,0.769,0.3655,0.1585,0.18,7,2,0.7809251439685931
1.0,0.185,0.13,0.045,0.029,0.012,0.0075,0.0095,4,2,3.706964255773684
1.0,0.195,0.15,0.045,0.0375,0.018,0.006,0.011,3,2,4.695519251945138
1.0,0.195,0.135,0.04,0.0325,0.0135,0.005,0.0095,4,2,3.7057261672496775
1.0,0.2,0.155,0.04,0.0435,0.0155,0.009,0.007,4,2,3.703130493444171
1.0,0.225,0.165,0.055,0.059,0.027,0.0125,0.015,4,2,3.6984793540447263
1.0,0.245,0.18,0.065,0.071,0.03,0.013,0.0215,4,2,3.69509786067309
1.0,0.25,0.18,0.065,0.0685,0.0245,0.0155,0.0225,5,2,2.7068312279248032
1.0,0.265,0.195,0.055,0.084,0.0365,0.0175,0.025,7,2,0.8043309508845482
1.0,0.275,0.195,0.065,0.106,0.054,0.02,0.028,6,2,1.717562264382652
1.0,0.28,0.21,0.085,0.1075,0.0415,0.024,0.034,5,2,2.696648557948899
1.0,0.285,0.22,0.065,0.096,0.0405,0.0205,0.03,5,2,2.6978217440717107
1.0,0.3,0.22,0.08,0.1255,0.055,0.0265,0.039,6,2,1.708772863038076
1.0,0.315,0.235,0.055,0.151,0.065,0.027,0.039,6,2,1.702258316365023
1.0,0.32,0.225,0.085,0.1415,0.0675,0.0295,0.0405,6,2,1.7030163064409156
1.0,0.34,0.265,0.08,0.2015,0.09,0.0475,0.055,5,2,2.6791168552983984
1.0,0.37,0.28,0.1,0.221,0.1165,0.0265,0.0635,6,2,1.6823733997169723
1.0,0.375,0.28,0.08,0.2345,0.1125,0.0455,0.067,6,2,1.680290499762893
1.0,0.375,0.275,0.1,0.2325,0.1165,0.042,0.065,6,2,1.680438814503883
1.0,0.385,0.29,0.08,0.2485,0.122,0.0495,0.065,7,2,0.6976882268455462
1.0,0.4,0.32,0.095,0.348,0.194,0.053,0.087,6,2,1.6670265574571717
1.0,0.405,0.3,0.11,0.32,0.172,0.044,0.093,7,2,0.676114555573288
1.0,0.41,0.3,0.1,0.282,0.1255,0.057,0.0875,7,2,0.6851308020336077
1.0,0.41,0.325,0.1,0.3245,0.132,0.072,0.106,6,2,1.6683629407767335
1.0,0.42,0.3,0.105,0.316,0.1255,0.07,0.1035,7,2,0.6773678937639991
1.0,0.42,0.32,0.11,0.3625,0.174,0.0635,0.105,7,2,0.6680970611934144
1.0,0.42,0.31,0.095,0.279,0.1255,0.051,0.088,6,2,1.672601438711757
1.0,0.425,0.325,0.115,0.3685,0.162,0.0865,0.1045,7,2,0.667305269798571
1.0,0.435,0.33,0.11,0.413,0.2055,0.096,0.096,6,2,1.6643058404419582
1.0,0.435,0.345,0.115,0.418,0.222,0.0735,0.106,7,2,0.6652885564587486
1.0,0.44,0.33,0.11,0.3705,0.1545,0.084,0.12,7,2,0.6670263427859889
1.0,0.445,0.345,0.105,0.409,0.1675,0.1015,0.117,7,2,0.6647619226095764
1.0,0.445,0.34,0.145,0.434,0.1945,0.0905,0.13,7,2,0.6650776227933646
1.0,0.445,0.335,0.11,0.411,0.1985,0.0935,0.109,8,2,0.3368145554046163
1.0,0.45,0.365,0.125,0.462,0.2135,0.0985,0.1315,8,2,0.3412357953002302
1.0,0.45,0.34,0.12,0.4925,0.241,0.1075,0.12,6,2,1.6663493642973906
1.0,0.45,0.33,0.105,0.3715,0.1865,0.0785,0.0975,7,2,0.6667124174211096
1.0,0.45,0.33,0.1,0.411,0.1945,0.1,0.098,6,2,1.6643051281685637
1.0,0.45,0.33,0.11,0.3685,0.16,0.0885,0.102,6,2,1.6653065869557755
1.0,0.46,0.35,0.115,0.4155,0.18,0.098,0.1175,7,2,0.6647109772086286
1.0,0.47,0.38,0.125,0.4845,0.211,0.1075,0.142,6,2,1.6663917241045327
1.0,0.475,0.35,0.11,0.4565,0.206,0.099,0.13,6,2,1.6648625698421178
1.0,0.475,0.35,0.1,0.4545,0.2165,0.111,0.115,7,2,0.6668665982060191
1.0,0.48,0.38,0.125,0.6245,0.3395,0.1085,0.1665,8,2,0.4265834226067536
1.0,0.5,0.375,0.14,0.5495,0.248,0.112,0.1585,7,2,0.6842428230967272
1.0,0.5,0.375,0.12,0.542,0.215,0.116,0.17,9,2,1.344676381990408
1.0,0.5,0.38,0.125,0.519,0.2485,0.1135,0.134,8,2,0.3637591481606471
1.0,0.51,0.405,0.125,0.6795,0.3465,0.1395,0.182,8,2,0.4682690182985327
1.0,0.51,0.4,0.125,0.5575,0.2615,0.1195,0.1525,9,2,1.3489146133682386
1.0,0.51,0.38,0.115,0.5155,0.215,0.1135,0.166,8,2,0.3628082286301338
1.0,0.515,0.385,0.125,0.6115,0.3175,0.1265,0.15,8,2,0.4187250624236154
1.0,0.52,0.38,0.135,0.5395,0.2295,0.133,0.157,8,2,0.3746632742032612
1.0,0.52,0.38,0.125,0.5545,0.288,0.1295,0.167,8,2,0.3900337142788194
1.0,0.525,0.4,0.13,0.6455,0.325,0.1245,0.17,8,2,0.4428379192420183
1.0,0.525,0.4,0.14,0.601,0.2625,0.1285,0.1835,9,2,1.3563500982541337
1.0,0.525,0.395,0.12,0.608,0.297,0.1395,0.1405,8,2,0.4154297678492598
1.0,0.53,0.4,0.125,0.617,0.279,0.127,0.19,8,2,0.4207886956144231
1.0,0.535,0.39,0.125,0.599,0.2595,0.149,0.169,9,2,1.356093431670105
1.0,0.54,0.42,0.14,0.6665,0.3125,0.138,0.1895,10,2,2.357234860113227
1.0,0.57,0.44,0.15,0.755,0.3425,0.16,0.224,8,2,0.5397216012584943
1.0,0.575,0.435,0.13,0.805,0.3155,0.2155,0.245,10,2,2.382927114580584
1.0,0.665,0.5,0.17,1.2975,0.6035,0.291,0.3595,9,2,1.7025759357841377
1.0,0.245,0.205,0.06,0.0765,0.034,0.014,0.0215,4,2,3.6934898387414106
1.0,0.25,0.185,0.065,0.0685,0.0295,0.014,0.0225,5,2,2.706290356703589
1.0,0.25,0.19,0.065,0.0835,0.039,0.015,0.025,5,2,2.703425891736765
1.0,0.275,0.195,0.09,0.1125,0.0545,0.0295,0.0355,6,2,1.7151035161295811
1.0,0.305,0.215,0.065,0.1075,0.044,0.0205,0.038,5,2,2.695143392569084
1.0,0.315,0.23,0.08,0.1375,0.0545,0.031,0.0445,5,2,2.689489238053341
1.0,0.315,0.23,0.07,0.1145,0.046,0.0235,0.0385,5,2,2.6929565406255582
1.0,0.325,0.225,0.075,0.139,0.0565,0.032,0.09,6,2,1.7022762785398564
1.0,0.33,0.25,0.095,0.2085,0.102,0.0395,0.052,7,2,0.7221317381240099
1.0,0.33,0.205,0.095,0.1595,0.077,0.032,0.0435,5,2,2.6865254161969805
1.0,0.335,0.245,0.09,0.2015,0.096,0.0405,0.048,7,2,0.7253255258692332
1.0,0.34,0.25,0.09,0.179,0.0775,0.033,0.055,6,2,1.6929777129699688
1.0,0.345,0.255,0.095,0.1945,0.0925,0.037,0.055,6,2,1.6891731345067498
1.0,0.345,0.255,0.085,0.2005,0.105,0.037,0.05,5,2,2.6790483702141774
1.0,0.35,0.27,0.075,0.215,0.1,0.036,0.065,6,2,1.6851341515736848
1.0,0.35,0.255,0.09,0.1785,0.0855,0.0305,0.0525,8,2,0.4548301540939707
1.0,0.36,0.27,0.085,0.196,0.0875,0.035,0.064,4,2,3.674790530912879
1.0,0.365,0.27,0.085,0.1875,0.081,0.042,0.058,6,2,1.6890587621020374
1.0,0.365,0.27,0.085,0.196,0.0825,0.0375,0.06,7,2,0.7217847051007078
1.0,0.365,0.265,0.085,0.213,0.0945,0.049,0.06,7,2,0.7146325054108058
1.0,0.37,0.29,0.09,0.2445,0.089,0.0655,0.075,7,2,0.7021392191470582
1.0,0.37,0.28,0.085,0.217,0.1095,0.035,0.062,6,2,1.6830876612206669
1.0,0.375,0.29,0.095,0.213,0.096,0.041,0.061,5,2,2.676222478198727
1.0,0.375,0.29,0.085,0.2385,0.118,0.045,0.0695,7,2,0.7012020679916062
1.0,0.375,0.275,0.09,0.218,0.093,0.0405,0.0755,6,2,1.6831288019661894
1.0,0.375,0.275,0.095,0.2465,0.11,0.0415,0.0775,6,2,1.6788616916588253
1.0,0.375,0.28,0.08,0.2025,0.0825,0.048,0.065,8,2,0.4316114588517001
1.0,0.375,0.27,0.085,0.218,0.0945,0.039,0.07,7,2,0.7115556006016706
1.0,0.38,0.275,0.11,0.256,0.11,0.0535,0.0755,6,2,1.6774018980196923
1.0,0.38,0.27,0.08,0.2105,0.0865,0.042,0.07,8,2,0.4272259641281747
1.0,0.385,0.29,0.09,0.2615,0.111,0.0595,0.0745,9,2,1.351307859398537
1.0,0.385,0.28,0.085,0.2175,0.097,0.038,0.067,8,2,0.4198178097406008
1.0,0.385,0.3,0.095,0.302,0.152,0.0615,0.0735,7,2,0.6815875050831589
1.0,0.385,0.28,0.09,0.228,0.1025,0.042,0.0655,5,2,2.6747425384043355
1.0,0.39,0.3,0.095,0.3265,0.1665,0.0575,0.089,7,2,0.675811694624061
1.0,0.395,0.305,0.105,0.284,0.1135,0.0595,0.0945,8,2,0.3777958725674556
1.0,0.395,0.295,0.095,0.2725,0.115,0.0625,0.085,8,2,0.3836553456188626
1.0,0.395,0.27,0.1,0.2985,0.1445,0.061,0.082,5,2,2.668878650969077
1.0,0.4,0.29,0.1,0.2675,0.1205,0.0605,0.0765,5,2,2.6706388278827773
1.0,0.405,0.285,0.09,0.2645,0.1265,0.0505,0.075,6,2,1.675051788533758
1.0,0.41,0.335,0.11,0.33,0.157,0.0705,0.17,7,2,0.6736300428532448
1.0,0.42,0.305,0.09,0.328,0.168,0.0615,0.082,6,2,1.6680515207331552
1.0,0.425,0.325,0.11,0.3335,0.173,0.045,0.1,7,2,0.6722998580783246
1.0,0.425,0.32,0.1,0.3055,0.126,0.06,0.106,7,2,0.678564252967569
1.0,0.425,0.31,0.09,0.301,0.1385,0.065,0.08,7,2,0.6797951493282794
1.0,0.43,0.315,0.095,0.378,0.175,0.08,0.1045,8,2,0.3410883624930607
1.0,0.435,0.315,0.11,0.3685,0.1615,0.0715,0.12,7,2,0.6673444032231728
1.0,0.44,0.34,0.12,0.438,0.2115,0.083,0.12,9,2,1.336392443298638
1.0,0.45,0.33,0.105,0.448,0.208,0.089,0.12,9,2,1.336485096329251
1.0,0.455,0.345,0.105,0.4005,0.164,0.0755,0.126,8,2,0.3387478000010792
1.0,0.455,0.33,0.1,0.372,0.358,0.0775,0.11,8,2,0.3798912928393979
1.0,0.46,0.36,0.105,0.466,0.2225,0.099,0.11,7,2,0.6671987684627324
1.0,0.46,0.35,0.105,0.3705,0.1575,0.077,0.114,9,2,1.3378671926467949
1.0,0.465,0.34,0.11,0.346,0.1425,0.073,0.113,11,2,3.3374620494244547
1.0,0.47,0.365,0.1,0.411,0.175,0.0855,0.135,8,2,0.3398003877691111
1.0,0.47,0.355,0.18,0.48,0.2055,0.105,0.1505,8,2,0.3517566161125001
1.0,0.47,0.355,0.12,0.393,0.167,0.0885,0.115,8,2,0.3405988930176246
1.0,0.475,0.355,0.1,0.5035,0.2535,0.091,0.14,8,2,0.3542680308828932
1.0,0.475,0.38,0.12,0.441,0.1785,0.0885,0.1505,8,2,0.3429456547521772
1.0,0.475,0.36,0.11,0.492,0.211,0.11,0.15,8,2,0.3481179526654968
1.0,0.48,0.37,0.125,0.5435,0.244,0.101,0.165,9,2,1.3444243778366147
1.0,0.48,0.355,0.115,0.4725,0.2065,0.112,0.132,8,2,0.3440812768865471
1.0,0.48,0.365,0.1,0.461,0.2205,0.0835,0.135,8,2,0.3437994958130793
1.0,0.495,0.355,0.12,0.4965,0.214,0.1045,0.1495,8,2,0.351406208660809
1.0,0.495,0.38,0.13,0.5125,0.2185,0.116,0.16,7,2,0.6762278242428077
1.0,0.5,0.38,0.135,0.594,0.2945,0.104,0.1565,9,2,1.3538555304483348
1.0,0.5,0.375,0.145,0.5795,0.239,0.1375,0.185,9,2,1.3507689985025075
1.0,0.5,0.41,0.14,0.6615,0.2585,0.1625,0.196,9,2,1.3665546974204996
1.0,0.5,0.375,0.125,0.5695,0.259,0.124,0.157,7,2,0.6891493840252686
1.0,0.5,0.395,0.14,0.6215,0.2925,0.1205,0.195,9,2,1.359863055405131
1.0,0.505,0.405,0.13,0.6015,0.3015,0.11,0.18,8,2,0.412920521521735
1.0,0.505,0.38,0.12,0.594,0.2595,0.1435,0.18,7,2,0.6981762580438526
1.0,0.505,0.395,0.105,0.551,0.248,0.103,0.171,8,2,0.3783173533370796
1.0,0.515,0.38,0.12,0.625,0.3265,0.1295,0.16,7,2,0.7148961572873712
1.0,0.515,0.42,0.135,0.711,0.337,0.144,0.205,13,2,5.348017568874635
1.0,0.515,0.4,0.135,0.6965,0.32,0.1255,0.175,9,2,1.375271647966821
1.0,0.52,0.4,0.13,0.5825,0.233,0.1365,0.18,10,2,2.345443861754655
1.0,0.52,0.395,0.125,0.663,0.3005,0.131,0.1905,9,2,1.3680097846517818
1.0,0.525,0.4,0.125,0.6965,0.369,0.1385,0.164,9,2,1.3812289550096752
1.0,0.53,0.415,0.13,0.694,0.3905,0.111,0.167,9,2,1.384254665524003
1.0,0.53,0.42,0.155,0.81,0.4725,0.111,0.192,10,2,2.3894364273337323
1.0,0.53,0.415,0.11,0.5745,0.2525,0.1235,0.189,9,2,1.3535389563008526
1.0,0.53,0.425,0.13,0.7675,0.419,0.1205,0.21,9,2,1.4075979030426848
1.0,0.535,0.4,0.135,0.6025,0.2895,0.121,0.154,9,2,1.3576710889136947
1.0,0.535,0.415,0.15,0.5765,0.3595,0.135,0.225,8,2,0.4412338121047643
1.0,0.54,0.42,0.14,0.7265,0.3205,0.1445,0.229,9,2,1.3880352524152912
1.0,0.545,0.435,0.135,0.7715,0.372,0.148,0.227,8,2,0.5508733101118239
1.0,0.545,0.43,0.15,0.7285,0.302,0.1315,0.2545,10,2,2.367233227585014
1.0,0.545,0.405,0.135,0.5945,0.27,0.1185,0.185,8,2,0.4125478405794269
1.0,0.55,0.43,0.145,0.7895,0.3745,0.171,0.223,11,2,3.3670065572894847
1.0,0.55,0.435,0.14,0.7535,0.3285,0.1555,0.2325,10,2,2.371713932004067
1.0,0.55,0.425,0.135,0.7305,0.3325,0.1545,0.215,9,2,1.3905227908972977
1.0,0.555,0.43,0.155,0.7395,0.3135,0.1435,0.28,10,2,2.3715834055181046
1.0,0.555,0.43,0.14,0.7665,0.341,0.165,0.23,9,2,1.402228541546701
1.0,0.555,0.425,0.145,0.7905,0.3485,0.1765,0.225,9,2,1.4092074209754404
1.0,0.56,0.425,0.135,0.8205,0.3715,0.185,0.236,9,2,1.4216453215959914
1.0,0.56,0.425,0.145,0.688,0.3095,0.1305,0.2165,9,2,1.3798149157985626
1.0,0.56,0.455,0.145,0.974,0.547,0.1615,0.235,9,2,1.5046198014223844
1.0,0.565,0.44,0.175,0.8735,0.414,0.21,0.21,11,2,3.3816534895353985
1.0,0.57,0.45,0.145,0.751,0.2825,0.2195,0.2215,10,2,2.3730755592419297
1.0,0.57,0.45,0.135,0.794,0.3815,0.1415,0.245,8,2,0.5793853038261592
1.0,0.57,0.44,0.13,0.7665,0.347,0.1785,0.202,10,2,2.3754013690016285
1.0,0.585,0.475,0.16,1.0505,0.48,0.234,0.285,10,2,2.4546484244970097
1.0,0.59,0.445,0.135,0.7715,0.328,0.1745,0.23,9,2,1.40701062432906
1.0,0.6,0.475,0.15,1.12,0.565,0.2465,0.27,10,2,2.485298515274405
1.0,0.605,0.485,0.15,1.238,0.6315,0.226,0.33,11,2,3.47866454572623
1.0,0.605,0.435,0.13,0.9025,0.432,0.174,0.26,11,2,3.38842363225498
1.0,0.61,0.465,0.15,0.9605,0.4495,0.1725,0.286,9,2,1.4907247867001046
1.0,0.63,0.505,0.18,1.272,0.6025,0.295,0.315,11,2,3.488451468344555
1.0,0.63,0.475,0.145,1.0605,0.5165,0.2195,0.28,10,2,2.463491797138953
1.0,0.14,0.105,0.035,0.014,0.0055,0.0025,0.004,3,2,4.703517582145917
1.0,0.23,0.165,0.06,0.0515,0.019,0.0145,0.036,4,2,3.698626611155255
1.0,0.365,0.265,0.135,0.2215,0.105,0.047,0.0605,7,2,0.7109582342648377
1.0,0.365,0.255,0.08,0.1985,0.0785,0.0345,0.053,5,2,2.679587484728126
1.0,0.37,0.27,0.095,0.232,0.1325,0.041,0.0615,6,2,1.6804394959543436
1.0,0.375,0.28,0.085,0.3155,0.187,0.046,0.067,7,2,0.6820337216238237
1.0,0.385,0.3,0.09,0.247,0.1225,0.044,0.0675,5,2,2.6724322795387714
1.0,0.395,0.295,0.09,0.3025,0.143,0.0665,0.0765,5,2,2.66833038631785
1.0,0.4,0.29,0.11,0.329,0.188,0.0455,0.0825,6,2,1.6687402787808605
1.0,0.4,0.3,0.09,0.2815,0.1185,0.061,0.08,7,2,0.6868991076689458
1.0,0.405,0.31,0.095,0.3425,0.1785,0.064,0.0855,8,2,0.3516434503884709
1.0,0.405,0.29,0.09,0.2825,0.112,0.075,0.0815,7,2,0.6871749547644844
1.0,0.405,0.3,0.105,0.304,0.1455,0.061,0.0805,6,2,1.67031103543631
1.0,0.41,0.32,0.095,0.2905,0.141,0.063,0.073,5,2,2.668548182926629
1.0,0.425,0.34,0.105,0.389,0.2015,0.0905,0.088,6,2,1.6647956272869704
1.0,0.43,0.34,0.105,0.4405,0.2385,0.0745,0.1075,6,2,1.6649241796041268
1.0,0.44,0.34,0.105,0.369,0.164,0.08,0.1015,5,2,2.6647448937378204
1.0,0.44,0.365,0.11,0.4465,0.213,0.089,0.1135,9,2,1.336860965883257
1.0,0.455,0.335,0.135,0.501,0.274,0.0995,0.1065,7,2,0.6747313629245456
1.0,0.46,0.355,0.11,0.436,0.1975,0.096,0.125,8,2,0.3377724598675977
1.0,0.47,0.345,0.14,0.4615,0.229,0.1105,0.116,9,2,1.3381271690048415
1.0,0.47,0.35,0.125,0.4315,0.19,0.1165,0.1175,6,2,1.6646381766388856
1.0,0.47,0.355,0.12,0.3685,0.126,0.0835,0.1365,6,2,1.6665885638651117
1.0,0.475,0.365,0.115,0.459,0.2175,0.093,0.1165,7,2,0.6672664070479679
1.0,0.48,0.36,0.125,0.542,0.2795,0.1025,0.147,7,2,0.6828130528937918
1.0,0.485,0.38,0.12,0.4725,0.2075,0.1075,0.147,6,2,1.666322332586636
1.0,0.515,0.395,0.125,0.556,0.2695,0.096,0.17,8,2,0.3857375172591549
1.0,0.515,0.4,0.125,0.5625,0.25,0.1245,0.17,7,2,0.6910442200305424
1.0,0.53,0.43,0.13,0.7045,0.346,0.1415,0.189,9,2,1.3832411017321105
1.0,0.615,0.475,0.13,0.8425,0.353,0.1915,0.251,8,2,0.6270243421067406
1.0,0.21,0.17,0.045,0.0475,0.019,0.011,0.013,5,2,2.7145671175191435
1.0,0.285,0.21,0.055,0.101,0.0415,0.017,0.0335,5,2,2.6977622772407823
1.0,0.295,0.215,0.07,0.121,0.047,0.0155,0.0405,6,2,1.7115368399292037
1.0,0.3,0.23,0.085,0.117,0.05,0.0175,0.0415,6,2,1.710191340873697
1.0,0.305,0.225,0.09,0.1465,0.063,0.034,0.0415,6,2,1.7033712094349096
1.0,0.335,0.255,0.08,0.168,0.079,0.0355,0.05,5,2,2.68334229033771
1.0,0.35,0.26,0.075,0.18,0.09,0.0245,0.055,5,2,2.681285042405652
1.0,0.355,0.27,0.075,0.1775,0.079,0.0315,0.054,6,2,1.69174171054271
1.0,0.355,0.26,0.09,0.1985,0.0715,0.0495,0.058,7,2,0.7240369118163819
1.0,0.36,0.27,0.095,0.2,0.073,0.056,0.061,8,2,0.4382745476817409
1.0,0.36,0.275,0.075,0.2205,0.0985,0.044,0.066,7,2,0.7117663862192812
1.0,0.36,0.265,0.075,0.1845,0.083,0.0365,0.055,7,2,0.7273291568122466
1.0,0.365,0.27,0.085,0.2225,0.0935,0.0525,0.066,7,2,0.7108545367516694
1.0,0.37,0.27,0.095,0.2175,0.097,0.046,0.065,6,2,1.6834798218331162
1.0,0.375,0.28,0.08,0.2165,0.0935,0.0925,0.07,7,2,0.7096647159484818
1.0,0.38,0.285,0.095,0.243,0.0895,0.0665,0.075,7,2,0.7017244238480558
1.0,0.38,0.29,0.1,0.237,0.108,0.0395,0.082,6,2,1.6792413278612306
1.0,0.385,0.29,0.09,0.2365,0.1,0.0505,0.076,8,2,0.4061419447242598
1.0,0.385,0.28,0.095,0.257,0.119,0.059,0.07,7,2,0.6952538573110033
1.0,0.385,0.3,0.09,0.308,0.1525,0.056,0.0835,8,2,0.367171971978054
1.0,0.39,0.3,0.09,0.252,0.1065,0.053,0.08,7,2,0.6959187803029958
1.0,0.39,0.285,0.1,0.281,0.1275,0.062,0.077,7,2,0.6876137918262828
1.0,0.39,0.29,0.1,0.2225,0.095,0.0465,0.073,7,2,0.7064051742313141
1.0,0.41,0.3,0.09,0.304,0.129,0.071,0.0955,8,2,0.3666095422906691
1.0,0.41,0.3,0.09,0.28,0.141,0.0575,0.075,8,2,0.3763764605577122
1.0,0.415,0.325,0.1,0.313,0.139,0.0625,0.0965,7,2,0.6766043915688539
1.0,0.425,0.325,0.11,0.317,0.135,0.048,0.09,8,2,0.3611576830464871
1.0,0.425,0.315,0.08,0.303,0.131,0.0585,0.095,7,2,0.6797001096112462
1.0,0.435,0.335,0.1,0.3295,0.129,0.07,0.11,7,2,0.6738053376617009
1.0,0.435,0.325,0.11,0.367,0.1595,0.08,0.105,6,2,1.665339777697206
1.0,0.45,0.34,0.095,0.3245,0.1385,0.064,0.105,8,2,0.3559936187198962
1.0,0.45,0.335,0.11,0.4195,0.181,0.085,0.1345,7,2,0.6642063315706261
1.0,0.455,0.36,0.115,0.457,0.2085,0.0855,0.147,10,2,2.3366959980448425
1.0,0.46,0.35,0.11,0.4,0.176,0.083,0.1205,7,2,0.6650727287003529
1.0,0.46,0.355,0.11,0.4255,0.2015,0.081,0.13,7,2,0.6647881730733092
1.0,0.465,0.37,0.12,0.4365,0.188,0.0815,0.147,9,2,1.3371255942276996
1.0,0.465,0.345,0.11,0.393,0.1825,0.0735,0.12,8,2,0.3391106000273814
1.0,0.47,0.355,0.125,0.499,0.21,0.0985,0.155,8,2,0.3489713975614845
1.0,0.475,0.36,0.145,0.6325,0.2825,0.137,0.19,8,2,0.4184766898838469
1.0,0.475,0.36,0.125,0.4905,0.205,0.1305,0.125,8,2,0.3487450220863435
1.0,0.48,0.37,0.125,0.474,0.179,0.1035,0.175,9,2,1.3393146512436973
1.0,0.48,0.37,0.12,0.536,0.251,0.114,0.15,8,2,0.3657137881206718
1.0,0.485,0.375,0.13,0.6025,0.2935,0.1285,0.16,7,2,0.7005038446041122
1.0,0.49,0.375,0.115,0.4615,0.204,0.0945,0.143,8,2,0.3454203529188432
1.0,0.49,0.4,0.135,0.624,0.3035,0.1285,0.169,8,2,0.4210363817902388
1.0,0.495,0.37,0.125,0.4715,0.2075,0.091,0.15,8,2,0.3477795064320871
1.0,0.495,0.4,0.105,0.602,0.2505,0.1265,0.19,8,2,0.4022272467454003
1.0,0.5,0.4,0.12,0.616,0.261,0.143,0.1935,8,2,0.4135267105187282
1.0,0.5,0.39,0.12,0.5955,0.2455,0.147,0.173,8,2,0.3979785303882849
1.0,0.5,0.375,0.14,0.559,0.2375,0.135,0.169,9,2,1.3476623959529752
1.0,0.51,0.395,0.13,0.6025,0.281,0.143,0.162,7,2,0.7033793702736832
1.0,0.515,0.36,0.125,0.4725,0.1815,0.125,0.138,9,2,1.3400673240194962
1.0,0.515,0.35,0.105,0.4745,0.213,0.123,0.1275,10,2,2.3382868976851188
1.0,0.515,0.395,0.125,0.6635,0.32,0.14,0.17,8,2,0.4494421707283164
1.0,0.515,0.39,0.125,0.5705,0.238,0.1265,0.185,8,2,0.3888287772779958
1.0,0.52,0.41,0.145,0.646,0.2965,0.1595,0.165,9,2,1.3661013473943682
1.0,0.52,0.39,0.13,0.5545,0.2355,0.1095,0.1895,7,2,0.6891608994828685
1.0,0.525,0.39,0.12,0.664,0.3115,0.147,0.178,9,2,1.3691917114051593
1.0,0.525,0.38,0.135,0.615,0.261,0.159,0.175,8,2,0.4152001614769029
1.0,0.525,0.4,0.14,0.654,0.305,0.16,0.169,7,2,0.7259525194756659
1.0,0.53,0.42,0.12,0.5965,0.2555,0.141,0.177,7,2,0.7045565493113877
1.0,0.53,0.43,0.135,0.6255,0.245,0.1455,0.2135,10,2,2.3516808379211462
1.0,0.53,0.4,0.145,0.555,0.1935,0.1305,0.195,9,2,1.3502199314051069
1.0,0.53,0.42,0.13,0.8365,0.3745,0.167,0.249,11,2,3.37221698244445
1.0,0.535,0.4,0.13,0.657,0.2835,0.162,0.175,7,2,0.7253364075048943
1.0,0.54,0.43,0.17,0.836,0.3725,0.1815,0.24,9,2,1.426095084024116
1.0,0.54,0.425,0.14,0.742,0.32,0.1395,0.25,9,2,1.3933223251556437
1.0,0.54,0.43,0.14,0.8195,0.3935,0.1725,0.2295,9,2,1.4219191284647652
1.0,0.54,0.42,0.14,0.6275,0.2505,0.1175,0.235,9,2,1.3645773380143544
1.0,0.54,0.425,0.13,0.7205,0.2955,0.169,0.225,10,2,2.3647638306662686
1.0,0.54,0.425,0.135,0.686,0.3475,0.1545,0.213,8,2,0.4878765790368885
1.0,0.545,0.4,0.13,0.686,0.3285,0.1455,0.18,9,2,1.3768157279152238
1.0,0.545,0.375,0.12,0.543,0.2375,0.1155,0.1725,8,2,0.3816444934109865
1.0,0.545,0.42,0.125,0.717,0.358,0.112,0.22,8,2,0.5060183915674695
1.0,0.55,0.425,0.15,0.639,0.269,0.1345,0.217,9,2,1.367765757222945
1.0,0.55,0.42,0.135,0.816,0.3995,0.1485,0.23,12,2,4.362873974915158
1.0,0.55,0.415,0.145,0.7815,0.373,0.16,0.2215,8,2,0.5562546593092282
1.0,0.55,0.425,0.15,0.7665,0.339,0.176,0.21,8,2,0.5386390277126162
1.0,0.555,0.395,0.13,0.5585,0.222,0.1245,0.17,9,2,1.3510749156429187
1.0,0.555,0.435,0.14,0.765,0.3945,0.15,0.206,8,2,0.5536596583973725
1.0,0.555,0.46,0.145,0.9005,0.3845,0.158,0.2765,11,2,3.384296395025736
1.0,0.56,0.445,0.15,0.8225,0.3685,0.187,0.236,10,2,2.387282544545924
1.0,0.56,0.44,0.13,0.7235,0.349,0.149,0.2,8,2,0.5138249812010087
1.0,0.565,0.42,0.155,0.743,0.31,0.186,0.231,9,2,1.3956504666133347
1.0,0.57,0.435,0.17,0.848,0.4,0.166,0.25,9,2,1.436089266406565
1.0,0.57,0.43,0.145,0.833,0.354,0.144,0.2815,10,2,2.389019038302572
1.0,0.57,0.445,0.155,0.867,0.3705,0.1705,0.28,9,2,1.4411880299427886
1.0,0.57,0.445,0.145,0.7405,0.306,0.172,0.1825,12,2,4.353918294077258
1.0,0.575,0.425,0.135,0.7965,0.364,0.196,0.239,10,2,2.383019643138269
1.0,0.575,0.45,0.125,0.78,0.3275,0.188,0.235,9,2,1.4090728121139011
1.0,0.575,0.445,0.17,0.8015,0.3475,0.1465,0.25,9,2,1.4165427926467025
1.0,0.575,0.45,0.135,0.807,0.3615,0.176,0.254,10,2,2.385549456133332
1.0,0.58,0.445,0.125,0.7095,0.303,0.1405,0.235,9,2,1.3882241881081812
1.0,0.59,0.45,0.145,1.022,0.428,0.268,0.265,10,2,2.441651876129284
1.0,0.59,0.46,0.145,0.9015,0.419,0.1785,0.26,11,2,3.387750817557328
1.0,0.595,0.46,0.15,0.8335,0.377,0.1925,0.235,8,2,0.6172908897273164
1.0,0.6,0.48,0.17,0.9175,0.38,0.2225,0.29,8,2,0.6996317473485353
1.0,0.605,0.47,0.145,0.8025,0.379,0.2265,0.22,9,2,1.428261341768429
1.0,0.61,0.465,0.125,0.9225,0.436,0.19,0.26,9,2,1.4731302895332965
1.0,0.62,0.485,0.18,1.154,0.4935,0.256,0.315,12,2,4.421803707687
1.0,0.62,0.49,0.16,1.066,0.446,0.246,0.305,11,2,3.4241684736229416
1.0,0.62,0.47,0.14,0.8565,0.3595,0.16,0.295,9,2,1.4449688695074958
1.0,0.62,0.45,0.135,0.924,0.358,0.2265,0.2965,10,2,2.414873527177944
1.0,0.625,0.47,0.155,1.1955,0.643,0.2055,0.3145,12,2,4.4393610184400965
1.0,0.625,0.485,0.15,1.044,0.438,0.2865,0.278,9,2,1.5341218515195034
1.0,0.275,0.175,0.09,0.2315,0.096,0.057,0.0705,5,2,2.683019731472738
1.0,0.375,0.245,0.1,0.394,0.166,0.091,0.1125,6,2,1.6680434621900757
1.0,0.435,0.3,0.12,0.5965,0.259,0.139,0.1645,8,2,0.3912827552557661
1.0,0.455,0.335,0.105,0.422,0.229,0.0865,0.1,6,2,1.6646614328989475
1.0,0.455,0.325,0.135,0.82,0.4005,0.1715,0.211,8,2,0.5744014346662836
1.0,0.455,0.345,0.11,0.434,0.207,0.0855,0.1215,8,2,0.3372714596276014
1.0,0.465,0.325,0.14,0.7615,0.362,0.1535,0.209,10,2,2.36942841523284
1.0,0.485,0.365,0.105,0.5205,0.195,0.123,0.182,8,2,0.3605658048989206
1.0,0.485,0.345,0.16,0.869,0.3085,0.185,0.319,9,2,1.431681514338588
1.0,0.535,0.385,0.18,1.0835,0.4955,0.2295,0.304,8,2,0.8432144556814914
1.0,0.545,0.42,0.165,0.8935,0.4235,0.2195,0.228,8,2,0.6618548179498223
1.0,0.575,0.45,0.13,0.8145,0.403,0.1715,0.213,10,2,2.38802821043606
1.0,0.585,0.45,0.15,0.8915,0.3975,0.2035,0.253,8,2,0.6643413744679761
1.0,0.185,0.135,0.04,0.027,0.0105,0.0055,0.009,5,2,2.7230351257770966
1.0,0.24,0.18,0.055,0.0555,0.0235,0.013,0.018,4,2,3.6973916835084752
1.0,0.31,0.215,0.075,0.1275,0.0565,0.0275,0.036,7,2,0.7678870023257696
1.0,0.34,0.26,0.085,0.1885,0.0815,0.0335,0.06,6,2,1.6907536140663544
1.0,0.35,0.265,0.08,0.2,0.09,0.042,0.06,7,2,0.7214749626890415
1.0,0.365,0.27,0.085,0.197,0.0815,0.0325,0.065,6,2,1.6877630635541088
1.0,0.365,0.275,0.085,0.223,0.098,0.0375,0.075,7,2,0.7099381756151116
1.0,0.365,0.27,0.075,0.2215,0.095,0.0445,0.07,6,2,1.6834795448888622
1.0,0.39,0.31,0.105,0.2665,0.1185,0.0525,0.081,8,2,0.3857630779077063
1.0,0.405,0.3,0.09,0.269,0.103,0.067,0.11,6,2,1.6743402284033506
1.0,0.41,0.315,0.095,0.2805,0.114,0.0345,0.11,7,2,0.6867207169522004
1.0,0.41,0.335,0.105,0.3305,0.1405,0.064,0.105,7,2,0.6735887319805157
1.0,0.415,0.31,0.09,0.2815,0.1245,0.0615,0.085,6,2,1.6723984390170972
1.0,0.415,0.31,0.1,0.2805,0.114,0.0565,0.0975,6,2,1.672686130559386
1.0,0.415,0.31,0.095,0.311,0.1125,0.0625,0.115,8,2,0.3656605219439913
1.0,0.42,0.325,0.1,0.368,0.1675,0.0625,0.1135,11,2,3.336797172050693
1.0,0.43,0.34,0.1,0.3405,0.1395,0.0665,0.12,8,2,0.350810477832884
1.0,0.435,0.335,0.1,0.3245,0.135,0.0785,0.098,7,2,0.6741678965355133
1.0,0.435,0.33,0.11,0.38,0.1515,0.0945,0.11,7,2,0.6666622894552763
1.0,0.435,0.33,0.105,0.335,0.156,0.0555,0.105,8,2,0.3513581140145139
1.0,0.435,0.345,0.12,0.3215,0.13,0.056,0.1185,7,2,0.6753952167292885
1.0,0.445,0.33,0.11,0.358,0.1525,0.067,0.1185,8,2,0.3452532463997051
1.0,0.465,0.37,0.11,0.445,0.1635,0.096,0.166,7,2,0.6676501128000363
1.0,0.47,0.375,0.12,0.487,0.196,0.099,0.135,8,2,0.3464718745306896
1.0,0.475,0.34,0.105,0.4535,0.203,0.08,0.1465,9,2,1.337202973021164
1.0,0.485,0.385,0.13,0.568,0.2505,0.178,0.154,7,2,0.6923071600601478
1.0,0.485,0.36,0.12,0.5155,0.2465,0.1025,0.147,8,2,0.3581359587923829
1.0,0.485,0.37,0.115,0.457,0.1885,0.0965,0.15,9,2,1.3380518588410613
1.0,0.495,0.38,0.135,0.5095,0.2065,0.1165,0.165,8,2,0.3591390997314914
1.0,0.495,0.38,0.145,0.5,0.205,0.148,0.1505,8,2,0.3601436668547426
1.0,0.495,0.375,0.14,0.494,0.181,0.0975,0.191,8,2,0.3582356936367886
1.0,0.5,0.38,0.11,0.5605,0.28,0.106,0.15,9,2,1.3486308411670604
1.0,0.505,0.405,0.13,0.599,0.2245,0.1175,0.225,11,2,3.343974372950368
1.0,0.505,0.4,0.145,0.7045,0.334,0.1425,0.207,8,2,0.4821185380426677
1.0,0.515,0.415,0.135,0.7125,0.285,0.152,0.245,10,2,2.362495781909426
1.0,0.515,0.42,0.15,0.6725,0.2555,0.1335,0.235,10,2,2.356409703547877
1.0,0.52,0.41,0.11,0.5185,0.2165,0.0915,0.184,8,2,0.3723770950357474
1.0,0.52,0.415,0.14,0.6375,0.308,0.1335,0.168,9,2,1.3648576806270745
1.0,0.52,0.395,0.125,0.5805,0.2445,0.146,0.165,9,2,1.3521071694886533
1.0,0.52,0.38,0.115,0.6645,0.3285,0.17,0.1425,7,2,0.7306124797525259
1.0,0.52,0.385,0.115,0.581,0.2555,0.156,0.143,10,2,2.3452912265987997
1.0,0.525,0.415,0.12,0.596,0.2805,0.12,0.1695,9,2,1.356533566816005
1.0,0.525,0.405,0.145,0.6965,0.3045,0.1535,0.21,8,2,0.475314482893828
1.0,0.525,0.4,0.145,0.6095,0.248,0.159,0.175,9,2,1.357793174499481
1.0,0.53,0.43,0.14,0.677,0.298,0.0965,0.23,8,2,0.467666307443039
1.0,0.53,0.43,0.16,0.7245,0.321,0.1275,0.24,9,2,1.3884931761923245
1.0,0.53,0.395,0.13,0.575,0.247,0.115,0.183,9,2,1.3520093935201696
1.0,0.53,0.405,0.12,0.632,0.2715,0.148,0.1875,9,2,1.3624225948186646
1.0,0.535,0.455,0.14,1.0015,0.53,0.1765,0.244,9,2,1.5105560607965838
1.0,0.54,0.395,0.135,0.6555,0.2705,0.155,0.192,9,2,1.3671238184615155
1.0,0.54,0.39,0.125,0.6255,0.2525,0.158,0.19,8,2,0.4247704783204127
1.0,0.545,0.425,0.14,0.8145,0.305,0.231,0.244,10,2,2.3829353808212
1.0,0.545,0.43,0.14,0.687,0.2615,0.1405,0.25,9,2,1.3782603520601826
1.0,0.55,0.435,0.14,0.7995,0.295,0.1905,0.238,10,2,2.3783359914058297
1.0,0.55,0.45,0.13,0.804,0.3375,0.1405,0.23,6,2,1.7249712834440831
1.0,0.555,0.45,0.175,0.738,0.304,0.1755,0.22,9,2,1.3946236885837398
1.0,0.56,0.445,0.165,0.832,0.3455,0.179,0.279,9,2,1.4277227198381397
1.0,0.565,0.435,0.145,0.8445,0.3975,0.158,0.255,9,2,1.433448666374284
1.0,0.565,0.46,0.155,0.8715,0.3755,0.215,0.25,10,2,2.3995800781528627
1.0,0.575,0.45,0.135,0.8715,0.45,0.162,0.225,10,2,2.4028731243012125
1.0,0.575,0.45,0.135,0.8245,0.3375,0.2115,0.239,11,2,3.372360110833589
1.0,0.58,0.44,0.145,0.7905,0.3525,0.1645,0.242,10,2,2.3812651925496384
1.0,0.605,0.49,0.165,1.071,0.482,0.1935,0.352,10,2,2.4657211207555685
1.0,0.64,0.49,0.135,1.1,0.488,0.2505,0.2925,10,2,2.474624015683215
1.0,0.65,0.52,0.15,1.238,0.5495,0.296,0.3305,10,2,2.533049837736202
1.0,0.135,0.13,0.04,0.029,0.0125,0.0065,0.008,4,2,3.710853690832161
1.0,0.16,0.11,0.025,0.0195,0.0075,0.005,0.006,4,2,3.711720180491072
1.0,0.21,0.15,0.055,0.0465,0.017,0.012,0.015,5,2,2.7157872243683743
1.0,0.28,0.21,0.075,0.1195,0.053,0.0265,0.03,6,2,1.7129864712421314
1.0,0.28,0.2,0.065,0.0895,0.036,0.0185,0.03,7,2,0.7968404357465773
1.0,0.285,0.215,0.06,0.0935,0.031,0.023,0.03,6,2,1.719371593925605
1.0,0.29,0.21,0.07,0.1115,0.048,0.0205,0.03,5,2,2.6956661301087115
1.0,0.29,0.21,0.06,0.1195,0.056,0.0235,0.03,6,2,1.712332847537314
1.0,0.29,0.21,0.065,0.097,0.0375,0.022,0.03,6,2,1.7179314922559934
1.0,0.32,0.24,0.07,0.133,0.0585,0.0255,0.041,6,2,1.7046207070282615
1.0,0.325,0.25,0.07,0.1745,0.0875,0.0355,0.04,7,2,0.7380666484431283
1.0,0.335,0.25,0.08,0.1695,0.0695,0.044,0.0495,6,2,1.69526790509785
1.0,0.35,0.235,0.08,0.17,0.0725,0.0465,0.0495,7,2,0.738061370189955
1.0,0.35,0.25,0.07,0.1605,0.0715,0.0335,0.046,6,2,1.69632393184932
1.0,0.355,0.27,0.105,0.271,0.1425,0.0525,0.0735,9,2,1.351125556540391
1.0,0.36,0.27,0.085,0.2185,0.1065,0.038,0.062,6,2,1.6837455988753294
1.0,0.36,0.27,0.085,0.196,0.0905,0.034,0.053,7,2,0.72208256831911
1.0,0.375,0.28,0.08,0.226,0.105,0.047,0.065,6,2,1.681659804060655
1.0,0.375,0.275,0.085,0.22,0.109,0.05,0.0605,7,2,0.7088280156535193
1.0,0.395,0.29,0.095,0.3,0.158,0.068,0.078,7,2,0.6809342960003414
1.0,0.405,0.25,0.09,0.2875,0.128,0.063,0.0805,7,2,0.6887000023094949
1.0,0.415,0.325,0.11,0.316,0.1385,0.0795,0.0925,8,2,0.3589257161364804
1.0,0.425,0.315,0.095,0.3675,0.1865,0.0675,0.0985,7,2,0.6677121634171486
1.0,0.43,0.32,0.11,0.3675,0.1675,0.102,0.105,8,2,0.3425424268001587
1.0,0.435,0.325,0.12,0.346,0.159,0.084,0.095,7,2,0.6699514233103268
1.0,0.46,0.35,0.11,0.4675,0.2125,0.099,0.1375,7,2,0.6665260523480893
1.0,0.47,0.375,0.105,0.441,0.167,0.0865,0.145,10,2,2.3369105028083577
1.0,0.475,0.365,0.12,0.5185,0.268,0.1095,0.1365,8,2,0.3619629516023904
1.0,0.51,0.455,0.135,0.6855,0.2875,0.154,0.2035,9,2,1.376277876110115
1.0,0.255,0.19,0.06,0.086,0.04,0.0185,0.025,5,2,2.7027055151886645
1.0,0.27,0.195,0.065,0.1065,0.0475,0.0225,0.0285,5,2,2.6982626290091605
1.0,0.28,0.215,0.08,0.132,0.072,0.022,0.033,5,2,2.6922865853123112
1.0,0.285,0.215,0.07,0.1075,0.051,0.0225,0.027,6,2,1.7149318257785702
1.0,0.32,0.255,0.085,0.1745,0.072,0.033,0.057,8,2,0.4662235811570405
1.0,0.325,0.24,0.07,0.152,0.0565,0.0305,0.054,8,2,0.4858650911361457
1.0,0.385,0.28,0.1,0.2755,0.1305,0.061,0.0725,8,2,0.3843011137750019
1.0,0.395,0.295,0.1,0.293,0.14,0.062,0.082,7,2,0.6828885489635245
1.0,0.405,0.31,0.09,0.312,0.138,0.06,0.087,8,2,0.3638262163590312
1.0,0.415,0.305,0.12,0.336,0.165,0.076,0.0805,7,2,0.6728077813583749
1.0,0.42,0.315,0.115,0.355,0.1895,0.065,0.087,6,2,1.6661575311751642
1.0,0.44,0.305,0.115,0.379,0.162,0.091,0.11,9,2,1.3374961624719357
1.0,0.445,0.32,0.12,0.378,0.152,0.0825,0.12,8,2,0.3418479596733101
1.0,0.465,0.355,0.09,0.4325,0.2005,0.074,0.1275,9,2,1.3367940303872463
1.0,0.48,0.35,0.135,0.5465,0.2735,0.0995,0.158,8,2,0.3727673007470343
1.0,0.49,0.37,0.11,0.538,0.271,0.1035,0.139,8,2,0.3701503937804831
1.0,0.55,0.42,0.115,0.668,0.2925,0.137,0.209,11,2,3.350964789295744
1.0,0.405,0.305,0.09,0.2825,0.114,0.0575,0.095,7,2,0.6860288658330205
1.0,0.37,0.29,0.1,0.25,0.1025,0.0505,0.085,10,2,2.3461970207831726
1.0,0.41,0.31,0.11,0.315,0.124,0.082,0.095,9,2,1.3429233775858431
1.0,0.325,0.25,0.055,0.166,0.076,0.051,0.045,5,2,2.684480883042132
1.0,0.455,0.355,0.08,0.452,0.2165,0.0995,0.125,9,2,1.3372527844518085
1.0,0.385,0.29,0.09,0.232,0.0855,0.0495,0.08,7,2,0.7050313673230386
1.0,0.13,0.095,0.035,0.0105,0.005,0.0065,0.0035,4,2,3.7159721968610073
1.0,0.18,0.13,0.045,0.0275,0.0125,0.01,0.009,3,2,4.698163421139943
1.0,0.31,0.225,0.05,0.1445,0.0675,0.0385,0.045,6,2,1.7035977327717378
1.0,0.455,0.37,0.125,0.433,0.201,0.1265,0.145,9,2,1.337464893615262
1.0,0.475,0.36,0.11,0.4555,0.177,0.0965,0.145,9,2,1.33744459580574
1.0,0.4,0.31,0.1,0.127,0.106,0.071,0.085,7,2,0.734530705494682
1.0,0.32,0.24,0.075,0.1735,0.076,0.0355,0.05,7,2,0.7407580837376341
1.0,0.46,0.35,0.11,0.3945,0.1685,0.0865,0.125,9,2,1.3368100549557944
1.0,0.28,0.2,0.075,0.1225,0.0545,0.0115,0.035,5,2,2.695138500353697
1.0,0.38,0.28,0.085,0.2735,0.115,0.061,0.085,6,2,1.6751294546007025
1.0,0.165,0.115,0.015,0.0145,0.0055,0.003,0.005,4,2,3.712014681855434
1.0,0.19,0.13,0.03,0.0295,0.0155,0.015,0.01,6,2,1.7557178996848264
1.0,0.215,0.15,0.03,0.0385,0.0115,0.005,0.01,5,2,2.717879902014167
1.0,0.32,0.235,0.08,0.1485,0.064,0.031,0.045,6,2,1.7013274584706126
1.0,0.215,0.17,0.055,0.0605,0.0205,0.014,0.02,6,2,1.739386622651217
1.0,0.43,0.325,0.11,0.3675,0.1355,0.0935,0.12,13,2,5.336647695068907
1.0,0.26,0.215,0.08,0.099,0.037,0.0255,0.045,5,2,2.6985968503254845
1.0,0.37,0.28,0.09,0.233,0.0905,0.0545,0.07,11,2,3.344782933986808
1.0,0.405,0.305,0.105,0.3625,0.1565,0.0705,0.125,10,2,2.337592144027255
1.0,0.27,0.19,0.08,0.081,0.0265,0.0195,0.03,6,2,1.7252261909756663
1.0,0.275,0.22,0.08,0.1365,0.0565,0.0285,0.042,6,2,1.7087640612373518
1.0,0.33,0.26,0.08,0.19,0.0765,0.0385,0.065,7,2,0.7296291901652537
1.0,0.355,0.28,0.11,0.2235,0.0815,0.0525,0.08,7,2,0.7111434281589852
1.0,0.275,0.2,0.075,0.086,0.0305,0.019,0.03,7,2,0.7998625029695006
1.0,0.46,0.335,0.11,0.444,0.225,0.0745,0.11,8,2,0.3398457086902654
1.0,0.355,0.28,0.1,0.2275,0.0935,0.0455,0.085,11,2,3.345203961742361
1.0,0.59,0.45,0.16,0.893,0.2745,0.2185,0.345,14,2,6.362214864027762
1.0,0.485,0.415,0.14,0.5705,0.25,0.134,0.185,8,2,0.391775216435444
1.0,0.435,0.345,0.12,0.4475,0.221,0.112,0.125,7,2,0.6656474544744189
1.0,0.405,0.315,0.105,0.347,0.1605,0.0785,0.1,9,2,1.3393849554736277
1.0,0.42,0.33,0.1,0.352,0.1635,0.089,0.1,9,2,1.3386022727121578
1.0,0.33,0.265,0.09,0.18,0.068,0.036,0.06,6,2,1.693128705971912
1.0,0.325,0.27,0.1,0.185,0.08,0.0435,0.065,6,2,1.6912317427902992
1.0,0.34,0.26,0.09,0.179,0.076,0.0525,0.055,6,2,1.6920672000914567
1.0,0.415,0.325,0.1,0.385,0.167,0.08,0.125,7,2,0.666047396960548
1.0,0.495,0.385,0.125,0.585,0.2755,0.1235,0.165,8,2,0.394001029570443
1.0,0.315,0.24,0.07,0.137,0.0545,0.0315,0.04,8,2,0.4993818980582513
1.0,0.4,0.31,0.1,0.2875,0.1145,0.0635,0.095,10,2,2.342005725376941
1.0,0.395,0.325,0.105,0.306,0.111,0.0735,0.095,8,2,0.3688399713180711
1.0,0.48,0.39,0.145,0.5825,0.2315,0.121,0.255,15,2,7.339549563322736
1.0,0.42,0.345,0.115,0.3435,0.1515,0.0795,0.115,9,2,1.3392351245570695
1.0,0.31,0.24,0.09,0.1455,0.0605,0.0315,0.045,7,2,0.7550770800765951
1.0,0.255,0.185,0.07,0.075,0.028,0.018,0.025,6,2,1.728778214851764
1.0,0.17,0.125,0.055,0.0235,0.009,0.0055,0.008,6,2,1.7608676238846217
1.0,0.56,0.44,0.17,0.9445,0.3545,0.2175,0.3,12,2,4.3791685637657976
1.0,0.42,0.325,0.115,0.354,0.1625,0.064,0.105,8,2,0.3463649642938132
1.0,0.435,0.335,0.11,0.383,0.1555,0.0675,0.135,12,2,4.336454609775847
1.0,0.535,0.41,0.155,0.6315,0.2745,0.1415,0.1815,12,2,4.34454228988623
1.0,0.415,0.325,0.115,0.3285,0.1405,0.051,0.106,12,2,4.337664434396344
1.0,0.525,0.43,0.15,0.7365,0.3225,0.161,0.215,11,2,3.358070400612537
1.0,0.47,0.35,0.135,0.567,0.2315,0.1465,0.1525,11,2,3.340306690306269
1.0,0.515,0.375,0.14,0.6505,0.2495,0.141,0.2215,10,2,2.352219385286965
1.0,0.3,0.22,0.09,0.1425,0.057,0.0335,0.043,7,2,0.7613615152425557
1.0,0.625,0.46,0.16,1.2395,0.55,0.273,0.38,14,2,6.410441959965444
1.0,0.61,0.475,0.17,1.0385,0.4435,0.241,0.32,14,2,6.379860952603109
1.0,0.625,0.465,0.155,0.972,0.404,0.1845,0.35,14,2,6.372324678805362
1.0,0.5,0.385,0.155,0.762,0.3795,0.161,0.19,14,2,6.34934610621235
1.0,0.445,0.33,0.1,0.437,0.163,0.0755,0.17,13,2,5.336374594736189
1.0,0.555,0.455,0.17,0.8435,0.309,0.1905,0.3,15,2,7.354010911259403
1.0,0.655,0.515,0.145,1.25,0.5265,0.283,0.315,15,2,7.400625856176622
1.0,0.625,0.43,0.175,1.411,0.572,0.297,0.395,12,2,4.48193358498306
1.0,0.62,0.485,0.17,1.208,0.4805,0.3045,0.33,15,2,7.393644155537856
1.0,0.5,0.395,0.12,0.537,0.2165,0.1085,0.1785,9,2,1.3452123245788772
1.0,0.42,0.305,0.11,0.28,0.094,0.0785,0.0955,9,2,1.3479389135817206
1.0,0.52,0.415,0.16,0.595,0.2105,0.142,0.26,15,2,7.340610210792949
1.0,0.575,0.45,0.17,0.9315,0.358,0.2145,0.26,13,2,5.369349214908345
1.0,0.565,0.435,0.155,0.782,0.2715,0.168,0.285,14,2,6.351477395965897
1.0,0.52,0.38,0.14,0.525,0.1775,0.115,0.185,11,2,3.339737358478047
1.0,0.335,0.24,0.095,0.17,0.062,0.039,0.055,9,2,1.3757631906286505
1.0,0.275,0.205,0.08,0.096,0.036,0.0185,0.03,6,2,1.7198050351794132
1.0,0.325,0.2,0.08,0.0995,0.0395,0.0225,0.032,8,2,0.534008580001095
1.0,0.275,0.2,0.065,0.092,0.0385,0.0235,0.027,5,2,2.6999607773263308
1.0,0.235,0.17,0.065,0.0625,0.023,0.014,0.022,6,2,1.735867226220332
1.0,0.25,0.18,0.06,0.073,0.028,0.017,0.0225,5,2,2.7060793691569835
1.0,0.25,0.185,0.065,0.071,0.027,0.0185,0.0225,5,2,2.70599172124774
1.0,0.2,0.145,0.05,0.036,0.0125,0.008,0.011,4,2,3.704269721509847
1.0,0.355,0.26,0.09,0.1925,0.077,0.038,0.065,8,2,0.4449403544129742
1.0,0.42,0.31,0.1,0.2865,0.115,0.0735,0.085,8,2,0.3742692889092241
1.0,0.285,0.21,0.07,0.109,0.044,0.0265,0.033,5,2,2.696198849784374
1.0,0.3,0.23,0.075,0.127,0.052,0.03,0.0345,6,2,1.708312389463827
1.0,0.31,0.24,0.105,0.2885,0.118,0.065,0.083,6,2,1.679214838590952
1.0,0.34,0.255,0.075,0.18,0.0745,0.04,0.0525,6,2,1.6929180216719002
1.0,0.375,0.3,0.075,0.144,0.059,0.03,0.044,7,2,0.7431832536082404
1.0,0.415,0.325,0.1,0.4665,0.2285,0.1065,0.114,7,2,0.6673010534642795
1.0,0.415,0.315,0.105,0.33,0.1405,0.0705,0.095,6,2,1.6679355101744668
1.0,0.415,0.315,0.09,0.3625,0.175,0.0835,0.093,6,2,1.6658092538108304
1.0,0.42,0.32,0.1,0.34,0.1745,0.05,0.0945,8,2,0.350974278670069
1.0,0.425,0.31,0.105,0.365,0.159,0.0825,0.105,6,2,1.665612291454512
1.0,0.47,0.37,0.11,0.5555,0.25,0.115,0.163,8,2,0.3720947234147491
1.0,0.475,0.365,0.12,0.53,0.2505,0.0975,0.1625,10,2,2.340115933672082
1.0,0.505,0.39,0.185,0.6125,0.267,0.142,0.172,7,2,0.707711945696044
1.0,0.205,0.15,0.065,0.04,0.02,0.011,0.013,4,2,3.702594200795953
1.0,0.225,0.17,0.07,0.0565,0.024,0.013,0.016,4,2,3.6984042105260784
1.0,0.23,0.18,0.05,0.064,0.0215,0.0135,0.02,5,2,2.7095136162256805
1.0,0.275,0.195,0.07,0.0875,0.0345,0.022,0.0255,4,2,3.690981431050472
1.0,0.28,0.21,0.055,0.106,0.0415,0.0265,0.031,5,2,2.69730545887834
1.0,0.28,0.22,0.08,0.1315,0.066,0.024,0.03,5,2,2.6924487748852823
1.0,0.295,0.22,0.07,0.126,0.0515,0.0275,0.035,6,2,1.7097493521042215
1.0,0.31,0.225,0.075,0.155,0.065,0.037,0.0365,6,2,1.7018731838735368
1.0,0.315,0.235,0.07,0.149,0.058,0.0325,0.047,7,2,0.754534988828815
1.0,0.34,0.265,0.07,0.185,0.0625,0.0395,0.07,7,2,0.7316599207733153
1.0,0.37,0.29,0.08,0.2545,0.108,0.0565,0.07,6,2,1.6779298936330789
1.0,0.38,0.285,0.085,0.237,0.115,0.0405,0.07,6,2,1.6795211995505268
1.0,0.39,0.295,0.1,0.279,0.1155,0.059,0.08,7,2,0.6885147793099797
1.0,0.405,0.31,0.065,0.3205,0.1575,0.066,0.088,6,2,1.6690868320077892
1.0,0.415,0.325,0.1,0.3335,0.1445,0.0715,0.095,7,2,0.6729430511323832
1.0,0.44,0.335,0.11,0.3885,0.175,0.0835,0.111,7,2,0.6651805774700876
1.0,0.44,0.345,0.115,0.545,0.269,0.111,0.1305,6,2,1.6704566792374602
1.0,0.44,0.325,0.1,0.4165,0.185,0.0865,0.11,6,2,1.6640835590121938
1.0,0.44,0.355,0.12,0.495,0.231,0.11,0.125,7,2,0.6697922562095059
1.0,0.45,0.35,0.125,0.4775,0.2235,0.089,0.118,6,2,1.6653678569452184
1.0,0.45,0.35,0.12,0.468,0.2005,0.1065,0.1325,8,2,0.3404552220480396
1.0,0.46,0.345,0.12,0.4155,0.198,0.0885,0.107,7,2,0.664781007612069
1.0,0.46,0.345,0.115,0.4215,0.1895,0.102,0.111,6,2,1.6642255017475498
1.0,0.465,0.355,0.11,0.474,0.23,0.1005,0.12,7,2,0.6680339677846008
1.0,0.475,0.385,0.11,0.5735,0.311,0.1025,0.136,7,2,0.6944384857713823
1.0,0.475,0.355,0.105,0.468,0.201,0.1115,0.12,8,2,0.3425865533526464
1.0,0.5,0.38,0.11,0.494,0.218,0.09,0.1325,7,2,0.67274142676384
1.0,0.505,0.385,0.12,0.6005,0.239,0.142,0.185,7,2,0.6987207346439898
1.0,0.22,0.16,0.05,0.049,0.0215,0.01,0.015,4,2,3.7003775009926185
1.0,0.29,0.21,0.06,0.1045,0.0415,0.022,0.035,5,2,2.6967901684362032
1.0,0.33,0.24,0.075,0.163,0.0745,0.033,0.048,6,2,1.697234732576214
1.0,0.355,0.285,0.095,0.2275,0.0955,0.0475,0.0715,6,2,1.6822878604938996
1.0,0.375,0.29,0.1,0.219,0.0925,0.038,0.075,6,2,1.6825790054247047
1.0,0.415,0.315,0.1,0.3645,0.1765,0.0795,0.095,8,2,0.3442868389047407
1.0,0.425,0.33,0.115,0.3265,0.1315,0.077,0.103,6,2,1.6680282736368788
1.0,0.425,0.34,0.1,0.3515,0.1625,0.082,0.094,7,2,0.669322071403706
1.0,0.43,0.32,0.1,0.3465,0.1635,0.08,0.09,7,2,0.6701005642083826
1.0,0.44,0.34,0.1,0.407,0.209,0.0735,0.103,7,2,0.6650356833696387
1.0,0.44,0.335,0.115,0.4215,0.173,0.0765,0.113,7,2,0.6644368326255583
1.0,0.46,0.345,0.11,0.3755,0.1525,0.058,0.125,7,2,0.6678996614958946
1.0,0.46,0.37,0.12,0.5335,0.2645,0.108,0.1345,6,2,1.6699420770812103
1.0,0.465,0.355,0.105,0.442,0.2085,0.0975,0.1185,7,2,0.6654019779695248
1.0,0.475,0.365,0.1,0.1315,0.2025,0.0875,0.123,7,2,0.7267551966125252
1.0,0.475,0.375,0.115,0.5205,0.233,0.119,0.1455,7,2,0.6756286712394696
1.0,0.485,0.375,0.13,0.5535,0.266,0.112,0.157,8,2,0.3761638461835795
1.0,0.49,0.375,0.125,0.5445,0.279,0.115,0.13,8,2,0.3752317503006447
1.0,0.495,0.38,0.12,0.512,0.233,0.1205,0.136,7,2,0.676051289704645
1.0,0.5,0.39,0.125,0.583,0.294,0.132,0.1605,8,2,0.3993786769433665
1.0,0.51,0.395,0.155,0.5395,0.2465,0.1085,0.167,8,2,0.3777657860784452
1.0,0.51,0.385,0.15,0.625,0.3095,0.119,0.1725,8,2,0.4247976493926055
1.0,0.515,0.4,0.125,0.5925,0.265,0.1175,0.168,9,2,1.3536844010456617
1.0,0.52,0.395,0.135,0.633,0.2985,0.1295,0.175,9,2,1.3623488478829533
1.0,0.55,0.42,0.13,0.636,0.294,0.144,0.1755,8,2,0.4413899829851163
1.0,0.555,0.425,0.13,0.648,0.2835,0.133,0.2105,8,2,0.4513887107014124
1.0,0.19,0.14,0.03,0.0315,0.0125,0.005,0.0105,3,2,4.697145295068462
1.0,0.21,0.15,0.045,0.04,0.0135,0.008,0.0105,4,2,3.703022658231472
1.0,0.25,0.175,0.06,0.0635,0.0275,0.008,0.02,4,2,3.696095640361261
1.0,0.29,0.215,0.065,0.0985,0.0425,0.021,0.031,5,2,2.6972985042094844
1.0,0.335,0.25,0.08,0.167,0.0675,0.0325,0.0575,6,2,1.69580087796688
1.0,0.34,0.245,0.085,0.2015,0.1005,0.038,0.053,6,2,1.6887472189182346
1.0,0.345,0.255,0.095,0.183,0.075,0.0385,0.06,6,2,1.6916252361950546
1.0,0.355,0.255,0.08,0.187,0.078,0.0505,0.058,7,2,0.7274555000926881
1.0,0.36,0.26,0.08,0.1795,0.074,0.0315,0.06,5,2,2.681320136552676
1.0,0.37,0.275,0.09,0.2065,0.096,0.0395,0.058,7,2,0.7156102531953067
1.0,0.375,0.29,0.14,0.3,0.14,0.0625,0.0825,8,2,0.3741950869278108
1.0,0.375,0.275,0.095,0.2295,0.095,0.0545,0.066,7,2,0.7069297201352267
1.0,0.385,0.3,0.125,0.343,0.1705,0.0735,0.081,7,2,0.673826741537106
1.0,0.385,0.285,0.085,0.244,0.1215,0.0445,0.068,8,2,0.4010281269324364
1.0,0.395,0.32,0.1,0.3075,0.149,0.0535,0.09,8,2,0.3642255995367264
1.0,0.4,0.305,0.1,0.3415,0.176,0.0625,0.0865,7,2,0.6725120386697734
1.0,0.405,0.305,0.1,0.271,0.0965,0.061,0.091,7,2,0.690456323147483
1.0,0.405,0.305,0.1,0.268,0.1145,0.053,0.085,7,2,0.689605827350839
1.0,0.405,0.3,0.09,0.2885,0.138,0.0635,0.0765,6,2,1.6718797695965188
1.0,0.41,0.315,0.1,0.3,0.124,0.0575,0.1,8,2,0.3679196832995778
1.0,0.41,0.325,0.11,0.326,0.1325,0.075,0.101,8,2,0.3568601527367011
1.0,0.415,0.335,0.1,0.358,0.169,0.067,0.105,7,2,0.6686015387222992
1.0,0.42,0.325,0.115,0.314,0.1295,0.0635,0.1,8,2,0.3609112767555292
1.0,0.42,0.315,0.11,0.4025,0.1855,0.083,0.1015,8,2,0.3386365706297079
1.0,0.43,0.34,0.11,0.3645,0.159,0.0855,0.105,7,2,0.66762240192652
1.0,0.445,0.36,0.11,0.4235,0.182,0.0765,0.14,9,2,1.3365037677546687
1.0,0.45,0.335,0.095,0.3505,0.1615,0.0625,0.1185,7,2,0.6693360031236981
1.0,0.455,0.34,0.115,0.486,0.261,0.0655,0.1315,8,2,0.3505403736107761
1.0,0.46,0.35,0.1,0.471,0.252,0.077,0.123,8,2,0.3464250931901606
1.0,0.46,0.345,0.105,0.415,0.187,0.087,0.11,8,2,0.3373914144030036
1.0,0.475,0.355,0.115,0.5195,0.279,0.088,0.1325,7,2,0.6781306385152581
1.0,0.485,0.38,0.125,0.5215,0.2215,0.118,0.16,8,2,0.3607955952382791
1.0,0.485,0.365,0.14,0.4475,0.1895,0.0925,0.2305,8,2,0.3588554680805206
1.0,0.49,0.365,0.125,0.5585,0.252,0.126,0.1615,10,2,2.3421943240164453
1.0,0.505,0.385,0.125,0.596,0.245,0.097,0.21,9,2,1.353731042013853
1.0,0.505,0.38,0.135,0.5385,0.2645,0.095,0.165,9,2,1.346379483156927
1.0,0.51,0.385,0.145,0.7665,0.3985,0.14,0.1805,8,2,0.537511593740235
1.0,0.515,0.39,0.11,0.531,0.2415,0.098,0.1615,8,2,0.3709783289634266
1.0,0.525,0.385,0.13,0.607,0.2355,0.125,0.195,8,2,0.406877920552136
1.0,0.525,0.4,0.13,0.6445,0.345,0.1285,0.2,8,2,0.4531524260176266
1.0,0.525,0.375,0.12,0.6315,0.3045,0.114,0.19,9,2,1.3622447628911376
1.0,0.55,0.43,0.145,0.712,0.3025,0.152,0.225,10,2,2.364347970440725
1.0,0.55,0.425,0.145,0.89,0.4325,0.171,0.236,10,2,2.403107205656902
1.0,0.55,0.42,0.155,0.912,0.495,0.1805,0.205,9,2,1.4675245699172068
1.0,0.55,0.425,0.135,0.656,0.257,0.17,0.203,10,2,2.355812848435727
1.0,0.55,0.465,0.15,0.936,0.481,0.174,0.2435,9,2,1.4782382506095282
1.0,0.555,0.435,0.145,0.6975,0.262,0.1575,0.24,11,2,3.35450747474786
1.0,0.56,0.44,0.14,0.825,0.402,0.139,0.245,10,2,2.3890245620560524
1.0,0.56,0.435,0.135,0.72,0.329,0.103,0.251,11,2,3.358346339590004
1.0,0.565,0.43,0.15,0.8215,0.332,0.1685,0.29,11,2,3.371735303587197
1.0,0.585,0.46,0.145,0.8465,0.339,0.167,0.295,10,2,2.3942090428211213
1.0,0.585,0.42,0.145,0.6735,0.2895,0.1345,0.22,9,2,1.3779925549020804
1.0,0.24,0.17,0.05,0.0545,0.0205,0.016,0.0155,5,2,2.7107958849732623
1.0,0.255,0.195,0.055,0.0725,0.0285,0.017,0.021,4,2,3.69398137887016
1.0,0.275,0.2,0.055,0.0925,0.038,0.021,0.026,4,2,3.690394748465648
1.0,0.32,0.235,0.09,0.183,0.098,0.0335,0.042,7,2,0.7356389352029005
1.0,0.325,0.24,0.075,0.1525,0.072,0.0645,0.043,6,2,1.698843658447636
1.0,0.33,0.225,0.075,0.187,0.0945,0.0395,0.0425,7,2,0.7347268253878054
1.0,0.36,0.27,0.09,0.232,0.12,0.0435,0.056,8,2,0.4145465042874305
1.0,0.375,0.265,0.095,0.196,0.085,0.042,0.0585,5,2,2.678592293388046
1.0,0.375,0.285,0.09,0.2545,0.119,0.0595,0.0675,6,2,1.6772488048564866
1.0,0.39,0.29,0.09,0.2625,0.117,0.054,0.077,7,2,0.6929386497551995
1.0,0.45,0.335,0.105,0.362,0.1575,0.0795,0.1095,7,2,0.6679021053092936
1.0,0.455,0.35,0.105,0.4445,0.213,0.107,0.1115,7,2,0.665435079594225
1.0,0.46,0.365,0.115,0.511,0.2365,0.118,0.123,7,2,0.6730144340709151
1.0,0.495,0.375,0.12,0.589,0.3075,0.1215,0.1405,8,2,0.4005841155474591
1.0,0.5,0.375,0.12,0.529,0.2235,0.123,0.16,8,2,0.3649700948728091
1.0,0.52,0.395,0.145,0.77,0.424,0.142,0.1895,7,2,0.7964977180077981
1.0,0.31,0.23,0.07,0.1245,0.0505,0.0265,0.038,6,2,1.7081409594109602
1.0,0.315,0.235,0.075,0.1285,0.051,0.028,0.0405,4,2,3.6834405991803183
1.0,0.32,0.205,0.08,0.181,0.088,0.034,0.0495,5,2,2.6843889557906886
1.0,0.325,0.25,0.075,0.1585,0.075,0.0305,0.0455,6,2,1.6978964791541062
1.0,0.335,0.26,0.09,0.1965,0.0875,0.041,0.056,7,2,0.7254972312793027
1.0,0.37,0.28,0.085,0.198,0.0805,0.0455,0.058,5,2,2.6784064313688205
1.0,0.37,0.27,0.09,0.1855,0.07,0.0425,0.065,7,2,0.7257079410188882
1.0,0.375,0.28,0.085,0.2145,0.0855,0.0485,0.072,7,2,0.7122422140956453
1.0,0.4,0.315,0.09,0.3245,0.151,0.073,0.088,8,2,0.357798629114299
1.0,0.41,0.305,0.095,0.2625,0.1,0.0515,0.09,6,2,1.6754503010735402
1.0,0.425,0.34,0.1,0.371,0.15,0.0865,0.115,8,2,0.3430257443756833
1.0,0.435,0.335,0.095,0.298,0.109,0.058,0.115,7,2,0.6814392456383961
1.0,0.445,0.31,0.09,0.336,0.1555,0.09,0.0855,7,2,0.6724017813542916
1.0,0.46,0.36,0.14,0.447,0.161,0.087,0.16,9,2,1.3378424735783403
1.0,0.47,0.385,0.13,0.587,0.264,0.117,0.174,8,2,0.3904566847047165
1.0,0.475,0.375,0.11,0.494,0.211,0.109,0.1545,8,2,0.3502441871846976
1.0,0.495,0.375,0.12,0.614,0.2855,0.1365,0.161,8,2,0.4086316433954767
1.0,0.5,0.39,0.13,0.5075,0.2115,0.104,0.1755,9,2,1.3426693379353574
1.0,0.5,0.37,0.12,0.5445,0.249,0.1065,0.152,8,2,0.3706295777757014
1.0,0.505,0.425,0.125,0.6115,0.245,0.1375,0.2,9,2,1.3581118779207428
1.0,0.505,0.4,0.125,0.5605,0.2255,0.1435,0.17,8,2,0.3834559199231966
1.0,0.51,0.4,0.145,0.5775,0.231,0.143,0.177,9,2,1.3516240016520904
1.0,0.51,0.4,0.125,0.5935,0.239,0.13,0.204,8,2,0.402492596858758
1.0,0.52,0.4,0.11,0.597,0.2935,0.1155,0.16,8,2,0.4083643826272461
1.0,0.53,0.38,0.125,0.616,0.292,0.113,0.185,8,2,0.418863098310301
1.0,0.54,0.425,0.13,0.8155,0.3675,0.1365,0.246,11,2,3.36907792657342
1.0,0.54,0.415,0.11,0.619,0.2755,0.15,0.1765,10,2,2.3507484099724354
1.0,0.545,0.43,0.13,0.7595,0.358,0.153,0.2055,8,2,0.5346122569000096
1.0,0.545,0.43,0.15,0.742,0.3525,0.158,0.208,10,2,2.370452996312836
1.0,0.55,0.435,0.165,0.804,0.34,0.194,0.244,8,2,0.5756291693749053
1.0,0.55,0.425,0.13,0.664,0.2695,0.163,0.21,8,2,0.4594234487629001
1.0,0.56,0.43,0.13,0.728,0.3355,0.1435,0.2175,8,2,0.5127874195559953
1.0,0.56,0.435,0.13,0.777,0.354,0.173,0.222,9,2,1.4067559438038812
1.0,0.575,0.455,0.16,0.9895,0.495,0.195,0.246,9,2,1.503485977191749
1.0,0.585,0.45,0.135,0.855,0.3795,0.187,0.26,9,2,1.4390378469815492
1.0,0.59,0.46,0.125,0.755,0.334,0.15,0.238,9,2,1.404088208555961
1.0,0.59,0.475,0.145,0.9745,0.4675,0.207,0.259,10,2,2.4318853744504296
1.0,0.6,0.445,0.135,0.9205,0.445,0.2035,0.253,9,2,1.4717039957202944
1.0,0.605,0.48,0.155,0.9995,0.425,0.1985,0.3,10,2,2.436867565932655
1.0,0.61,0.425,0.155,1.0485,0.507,0.1955,0.274,11,2,3.4196715308267205
1.0,0.61,0.49,0.16,1.1545,0.5865,0.2385,0.2915,11,2,3.4536423709272404
1.0,0.67,0.485,0.175,1.2565,0.5355,0.322,0.386,9,2,1.6738952090371462
1.0,0.32,0.215,0.095,0.305,0.14,0.067,0.0885,6,2,1.6779247769963654
1.0,0.43,0.345,0.115,0.4295,0.212,0.108,0.109,8,2,0.3379915229613238
1.0,0.43,0.33,0.1,0.449,0.254,0.0825,0.097,6,2,1.6656591490024812
1.0,0.5,0.37,0.115,0.5745,0.306,0.112,0.141,7,2,0.6949976375130008
1.0,0.535,0.4,0.135,0.775,0.368,0.208,0.2055,8,2,0.5506971197988657
1.0,0.595,0.43,0.165,0.9845,0.4525,0.207,0.2725,8,2,0.7545926804888459
1.0,0.255,0.185,0.065,0.074,0.0305,0.0165,0.02,4,2,3.6940472781049234
1.0,0.375,0.26,0.08,0.2075,0.09,0.0415,0.07,6,2,1.6854951379446608
1.0,0.375,0.285,0.09,0.237,0.106,0.0395,0.08,8,2,0.4073882689194947
1.0,0.39,0.3,0.1,0.2665,0.1105,0.059,0.084,7,2,0.6912799823193705
1.0,0.39,0.28,0.09,0.215,0.0845,0.034,0.079,8,2,0.422176758074297
1.0,0.395,0.3,0.09,0.253,0.1155,0.05,0.075,6,2,1.6765008456619248
1.0,0.42,0.32,0.11,0.309,0.115,0.0645,0.0945,6,2,1.6701642682704405
1.0,0.435,0.335,0.105,0.3535,0.156,0.05,0.1135,7,2,0.6697419122403986
1.0,0.435,0.325,0.105,0.335,0.136,0.065,0.115,8,2,0.352764674081384
1.0,0.44,0.32,0.105,0.3875,0.1755,0.074,0.12,9,2,1.3367967579537536
1.0,0.45,0.33,0.115,0.365,0.14,0.0825,0.1245,8,2,0.3450536973299502
1.0,0.45,0.34,0.125,0.4045,0.171,0.07,0.1345,8,2,0.3384498414048067
1.0,0.455,0.355,0.105,0.372,0.138,0.0765,0.135,9,2,1.3384300608551167
1.0,0.46,0.37,0.11,0.3965,0.1485,0.0855,0.1455,8,2,0.3428969837324426
1.0,0.47,0.375,0.125,0.5225,0.2265,0.104,0.162,8,2,0.3586876181335294
1.0,0.475,0.375,0.11,0.456,0.182,0.099,0.16,9,2,1.3381136241510567
1.0,0.495,0.33,0.1,0.44,0.177,0.095,0.15,7,2,0.6672797311154307
1.0,0.495,0.375,0.115,0.507,0.241,0.103,0.15,8,2,0.3581516420083276
1.0,0.5,0.38,0.135,0.5285,0.226,0.123,0.209,8,2,0.374294231616576
1.0,0.515,0.385,0.125,0.572,0.237,0.1435,0.165,7,2,0.6916744707844318
1.0,0.52,0.41,0.14,0.6625,0.2775,0.1555,0.196,11,2,3.349183027668896
1.0,0.52,0.395,0.115,0.6445,0.3155,0.1245,0.186,11,2,3.348043050917365
1.0,0.525,0.4,0.11,0.6275,0.3015,0.126,0.18,8,2,0.4281700404277721
1.0,0.535,0.42,0.145,0.6885,0.273,0.1515,0.237,9,2,1.377242127352581
1.0,0.55,0.405,0.15,0.6755,0.3015,0.1465,0.21,10,2,2.358584900382831
1.0,0.55,0.445,0.145,0.783,0.3045,0.157,0.265,11,2,3.364845422443688
1.0,0.565,0.44,0.135,0.768,0.3305,0.1385,0.2475,9,2,1.4032466733036997
1.0,0.575,0.43,0.13,0.7425,0.2895,0.2005,0.22,8,2,0.5239223411336552
1.0,0.575,0.445,0.16,0.9175,0.45,0.1935,0.24,9,2,1.467862465988223
1.0,0.59,0.47,0.145,0.974,0.453,0.236,0.289,8,2,0.7593815986412573
1.0,0.62,0.475,0.16,0.907,0.371,0.167,0.3075,11,2,3.389837474184993
1.0,0.225,0.17,0.05,0.0515,0.019,0.012,0.017,4,2,3.699389968269357
1.0,0.23,0.17,0.05,0.057,0.026,0.013,0.016,5,2,2.710931904424163
1.0,0.255,0.185,0.06,0.0925,0.039,0.021,0.025,6,2,1.7244767874251063
1.0,0.355,0.27,0.075,0.204,0.3045,0.046,0.0595,7,2,0.7212073118795685
1.0,0.425,0.31,0.095,0.3075,0.139,0.0745,0.093,7,2,0.677482510758463
1.0,0.425,0.32,0.085,0.262,0.1235,0.067,0.0725,8,2,0.3840712533062785
1.0,0.29,0.215,0.06,0.1115,0.053,0.0185,0.032,5,2,2.6953278680145214
1.0,0.3,0.22,0.065,0.1235,0.059,0.026,0.0315,5,2,2.692661157482127
1.0,0.37,0.275,0.1,0.2815,0.1505,0.0505,0.068,5,2,2.670430965586518
1.0,0.375,0.285,0.08,0.226,0.0975,0.04,0.0725,7,2,0.7076218601313268
1.0,0.38,0.29,0.085,0.2285,0.088,0.0465,0.075,7,2,0.706682905220278
1.0,0.395,0.3,0.12,0.2995,0.1265,0.068,0.0895,8,2,0.370309740592454
1.0,0.41,0.325,0.105,0.361,0.1605,0.0665,0.103,8,2,0.3458157114329275
1.0,0.415,0.32,0.115,0.3045,0.1215,0.0735,0.094,7,2,0.6793882257750082
1.0,0.425,0.325,0.105,0.3975,0.1815,0.081,0.1175,7,2,0.6647971589679081
1.0,0.44,0.34,0.1,0.379,0.1725,0.0815,0.101,7,2,0.6661948097282809
1.0,0.44,0.34,0.12,0.4995,0.2965,0.0945,0.1185,6,2,1.6691393276182656
1.0,0.335,0.26,0.09,0.1835,0.078,0.024,0.065,11,2,3.350181576915286
1.0,0.18,0.135,0.08,0.033,0.0145,0.007,0.01,5,2,2.721563586096759
1.0,0.215,0.165,0.055,0.059,0.0265,0.0125,0.0185,5,2,2.711945019802389
1.0,0.2,0.15,0.04,0.046,0.021,0.007,0.0065,4,2,3.702925053959514
1.0,0.275,0.2,0.065,0.1165,0.0565,0.013,0.035,7,2,0.7831184403045736
1.0,0.51,0.405,0.12,0.61,0.229,0.131,0.235,11,2,3.34513084343186
1.0,0.27,0.195,0.07,0.102,0.045,0.0135,0.034,8,2,0.5480994094323415
1.0,0.2,0.145,0.025,0.0345,0.011,0.0075,0.01,5,2,2.72017252920697
1.0,0.325,0.245,0.075,0.1495,0.0605,0.033,0.045,5,2,2.686966324438509
1.0,0.31,0.235,0.075,0.1515,0.056,0.0315,0.05,7,2,0.7543494670707189
1.0,0.295,0.215,0.075,0.116,0.037,0.0295,0.04,8,2,0.5267250777777299
1.0,0.48,0.38,0.125,0.523,0.2105,0.1045,0.175,15,2,7.337234541428545
1.0,0.32,0.25,0.08,0.1565,0.057,0.034,0.06,9,2,1.3795298612605358
1.0,0.43,0.34,0.125,0.384,0.1375,0.061,0.146,14,2,6.336528739194672
1.0,0.44,0.35,0.12,0.375,0.1425,0.0965,0.115,9,2,1.337962312844087
1.0,0.42,0.325,0.125,0.3915,0.1575,0.1025,0.115,9,2,1.3371794323397403
1.0,0.345,0.285,0.1,0.2225,0.0865,0.058,0.075,8,2,0.422623074599696
1.0,0.455,0.375,0.125,0.533,0.233,0.106,0.185,8,2,0.3646263323044506
1.0,0.43,0.35,0.105,0.366,0.1705,0.0855,0.11,6,2,1.665201352676919
1.0,0.3,0.23,0.075,0.15,0.0605,0.042,0.045,5,2,2.6884521142961484
1.0,0.41,0.3,0.115,0.2595,0.097,0.0515,0.08,10,2,2.344796568151557
1.0,0.485,0.355,0.12,0.5085,0.21,0.122,0.135,9,2,1.3403836673234717
1.0,0.45,0.355,0.115,0.4385,0.184,0.108,0.1125,11,2,3.3362638413740435
1.0,0.49,0.385,0.14,0.5425,0.198,0.127,0.175,11,2,3.3397229417170604
1.0,0.375,0.28,0.1,0.2565,0.1165,0.0585,0.0725,12,2,4.341119473422622
1.0,0.55,0.415,0.135,0.8095,0.2985,0.2015,0.28,12,2,4.3610549482399055
1.0,0.575,0.475,0.17,0.967,0.3775,0.284,0.275,13,2,5.376527682739533
1.0,0.44,0.34,0.125,0.4895,0.1735,0.0875,0.2,13,2,5.337060768313371
1.0,0.45,0.36,0.125,0.45,0.191,0.0865,0.145,12,2,4.336313202376156
1.0,0.39,0.3,0.105,0.259,0.0955,0.038,0.085,8,2,0.3957279567784089
1.0,0.495,0.38,0.145,0.515,0.175,0.098,0.212,13,2,5.338211846683364
1.0,0.47,0.4,0.16,0.51,0.1615,0.073,0.198,14,2,6.337792953310482
1.0,0.49,0.385,0.115,0.683,0.3265,0.1615,0.165,13,2,5.345255168764854
1.0,0.47,0.375,0.105,0.468,0.1665,0.108,0.17,10,2,2.3377001188519944
1.0,0.445,0.345,0.13,0.4075,0.1365,0.0645,0.18,11,2,3.3371722983084924
1.0,0.475,0.365,0.14,0.4545,0.171,0.118,0.158,8,2,0.3455896974620138
1.0,0.435,0.34,0.11,0.407,0.1685,0.073,0.13,10,2,2.33629290916274
1.0,0.39,0.3,0.1,0.3085,0.1385,0.0735,0.085,6,2,1.670306550777347
1.0,0.375,0.285,0.1,0.239,0.105,0.0555,0.07,8,2,0.4058913845957934
1.0,0.54,0.405,0.15,0.7585,0.307,0.2075,0.19,10,2,2.370339024564569
1.0,0.44,0.31,0.115,0.3625,0.134,0.082,0.12,11,2,3.337188801392874
1.0,0.61,0.48,0.165,1.097,0.4215,0.264,0.335,13,2,5.395343901758667
1.0,0.31,0.235,0.09,0.127,0.048,0.031,0.04,6,2,1.7070088435822073
1.0,0.255,0.19,0.07,0.0815,0.028,0.016,0.031,5,2,2.703652738912282
1.0,0.295,0.21,0.08,0.1,0.038,0.026,0.031,8,2,0.5386525300266273
1.0,0.19,0.13,0.045,0.0265,0.009,0.005,0.009,5,2,2.723009819060246
1.0,0.35,0.265,0.11,0.209,0.066,0.059,0.075,9,2,1.3646667718354824
1.0,0.34,0.25,0.075,0.1765,0.0785,0.0405,0.05,7,2,0.7348648594145617
1.0,0.35,0.28,0.075,0.196,0.082,0.04,0.064,8,2,0.4407654324903042
1.0,0.35,0.265,0.08,0.192,0.081,0.0465,0.053,6,2,1.689517866071211
1.0,0.39,0.315,0.09,0.3095,0.147,0.05,0.09,7,2,0.6792912149877779
1.0,0.395,0.31,0.095,0.313,0.131,0.072,0.093,7,2,0.6785454882233657
1.0,0.415,0.31,0.105,0.3595,0.167,0.083,0.0915,6,2,1.6660036500156024
1.0,0.43,0.32,0.1,0.3855,0.192,0.0745,0.1,7,2,0.6658997771141763
1.0,0.48,0.355,0.115,0.5785,0.25,0.106,0.184,8,2,0.3829878832908941
1.0,0.25,0.18,0.065,0.0805,0.0345,0.0185,0.0215,4,2,3.693643942845111
1.0,0.28,0.21,0.065,0.111,0.0425,0.0285,0.03,6,2,1.715542848695952
1.0,0.325,0.24,0.075,0.152,0.065,0.0305,0.045,6,2,1.700178230236781
1.0,0.35,0.265,0.095,0.199,0.073,0.049,0.06,5,2,2.679395816985953
1.0,0.36,0.27,0.09,0.219,0.097,0.0405,0.065,6,2,1.6839364272818995
1.0,0.365,0.27,0.105,0.2155,0.0915,0.0475,0.063,6,2,1.6842278545941554
1.0,0.37,0.28,0.09,0.2565,0.1255,0.0645,0.0645,6,2,1.677157937522806
1.0,0.375,0.285,0.09,0.257,0.1045,0.062,0.075,7,2,0.6969817121086795
1.0,0.38,0.275,0.095,0.2505,0.0945,0.0655,0.075,6,2,1.678632220392134
1.0,0.395,0.3,0.09,0.279,0.134,0.049,0.075,8,2,0.379985929612966
1.0,0.43,0.335,0.105,0.378,0.188,0.0785,0.09,6,2,1.6649738647647143
1.0,0.44,0.35,0.125,0.456,0.21,0.0955,0.131,8,2,0.3390906715898309
1.0,0.465,0.37,0.1,0.5055,0.234,0.11,0.14,7,2,0.6725002593893303
1.0,0.485,0.37,0.1,0.513,0.219,0.1075,0.13,7,2,0.6735255186157542
1.0,0.495,0.4,0.145,0.578,0.2545,0.1305,0.1645,8,2,0.3913254133357091
1.0,0.5,0.385,0.11,0.596,0.3015,0.104,0.151,8,2,0.4031227705436098
1.0,0.165,0.12,0.05,0.021,0.0075,0.0045,0.014,3,2,4.700111410868648
1.0,0.21,0.15,0.055,0.0455,0.02,0.0065,0.013,4,2,3.701949780513126
1.0,0.355,0.265,0.085,0.2435,0.122,0.0525,0.06,6,2,1.6803230683611767
1.0,0.4,0.315,0.085,0.2675,0.116,0.0585,0.0765,6,2,1.6745507389319736
1.0,0.4,0.29,0.1,0.258,0.104,0.059,0.0815,7,2,0.6941225531598594
1.0,0.4,0.3,0.11,0.2985,0.1375,0.071,0.075,6,2,1.6710596723823694
1.0,0.435,0.335,0.11,0.411,0.2025,0.0945,0.1,7,2,0.6646405660817554
1.0,0.44,0.33,0.11,0.38,0.197,0.079,0.09,7,2,0.6663606656121879
1.0,0.45,0.34,0.105,0.4385,0.21,0.0925,0.12,8,2,0.337310027786447
1.0,0.465,0.345,0.105,0.4015,0.242,0.0345,0.109,6,2,1.6661190260979863
1.0,0.47,0.355,0.145,0.4485,0.156,0.102,0.123,7,2,0.6674652316416827
1.0,0.47,0.355,0.115,0.4155,0.167,0.084,0.139,7,2,0.6656675612782168
1.0,0.475,0.42,0.16,0.7095,0.35,0.1505,0.1845,8,2,0.4889468052509688
1.0,0.485,0.37,0.115,0.637,0.38,0.1335,0.128,7,2,0.7266379007387511
1.0,0.51,0.405,0.13,0.599,0.3065,0.1155,0.1485,8,2,0.4113465326419102
1.0,0.52,0.38,0.13,0.5345,0.2375,0.122,0.1535,8,2,0.3723517431448395
1.0,0.215,0.15,0.055,0.041,0.015,0.009,0.0125,3,2,4.694134683332779
1.0,0.24,0.185,0.06,0.0655,0.0295,0.0005,0.02,4,2,3.696093789977569
1.0,0.26,0.205,0.07,0.097,0.0415,0.019,0.0305,4,2,3.690097589329708
1.0,0.32,0.24,0.085,0.131,0.0615,0.0265,0.038,6,2,1.704563977986823
1.0,0.33,0.23,0.085,0.1695,0.079,0.026,0.0505,6,2,1.6965000395486265
1.0,0.335,0.26,0.085,0.192,0.097,0.03,0.054,6,2,1.6900031762154482
1.0,0.35,0.26,0.09,0.1765,0.072,0.0355,0.0575,7,2,0.7326086145579517
1.0,0.35,0.265,0.085,0.1735,0.0775,0.034,0.056,6,2,1.692536483870013
1.0,0.36,0.265,0.075,0.1785,0.0785,0.035,0.054,6,2,1.6914710516595108
1.0,0.36,0.265,0.09,0.2055,0.096,0.037,0.0585,7,2,0.7179682712195776
1.0,0.365,0.275,0.09,0.2345,0.108,0.051,0.0625,7,2,0.7055136206377003
1.0,0.38,0.285,0.09,0.2305,0.1005,0.039,0.0775,7,2,0.7049355022679755
1.0,0.4,0.31,0.115,0.314,0.1545,0.0595,0.087,6,2,1.6692139641564376
1.0,0.4,0.315,0.09,0.33,0.151,0.068,0.08,6,2,1.6684053499540674
1.0,0.4,0.265,0.1,0.2775,0.1245,0.0605,0.08,9,2,1.3489826303161494
1.0,0.425,0.325,0.11,0.405,0.1695,0.092,0.1065,8,2,0.3380829476107751
1.0,0.43,0.325,0.105,0.309,0.119,0.08,0.098,6,2,1.6696546734758622
1.0,0.435,0.34,0.12,0.396,0.1775,0.081,0.125,8,2,0.3377236458791902
1.0,0.445,0.355,0.095,0.3615,0.1415,0.0785,0.12,8,2,0.3462990432976178
1.0,0.45,0.35,0.11,0.514,0.253,0.1045,0.14,8,2,0.3549502568618571
1.0,0.455,0.435,0.11,0.4265,0.195,0.09,0.1205,8,2,0.351286765962392
1.0,0.46,0.34,0.09,0.384,0.1795,0.068,0.11,8,2,0.3407781501281295
1.0,0.475,0.355,0.125,0.4865,0.2155,0.1105,0.142,9,2,1.338831692146622
1.0,0.475,0.36,0.135,0.4355,0.196,0.0925,0.125,8,2,0.3402724309038653
1.0,0.475,0.35,0.115,0.498,0.2375,0.099,0.14,7,2,0.6712763769851487
1.0,0.48,0.355,0.125,0.494,0.2385,0.0835,0.15,9,2,1.339964726569465
1.0,0.5,0.365,0.125,0.528,0.229,0.103,0.1645,9,2,1.3432545901861956
1.0,0.515,0.4,0.135,0.636,0.3055,0.1215,0.1855,9,2,1.3635475843327296
1.0,0.525,0.39,0.105,0.567,0.2875,0.1075,0.16,8,2,0.3940902197909576
1.0,0.53,0.405,0.13,0.6615,0.2945,0.1395,0.19,9,2,1.3687147830849968
1.0,0.53,0.42,0.13,0.658,0.296,0.1245,0.198,8,2,0.4495615417546024
1.0,0.535,0.41,0.13,0.6075,0.268,0.1225,0.1975,9,2,1.3590483831564435
1.0,0.54,0.41,0.135,0.7025,0.31,0.177,0.2,8,2,0.4851893358113856
1.0,0.55,0.425,0.155,0.8725,0.412,0.187,0.2425,10,2,2.3988598474205864
1.0,0.57,0.42,0.13,0.7745,0.3535,0.1505,0.2365,9,2,1.4059031813919545
1.0,0.575,0.455,0.155,0.8725,0.349,0.2095,0.285,8,2,0.6446591687713987
1.0,0.575,0.44,0.125,0.8515,0.4555,0.1715,0.1965,9,2,1.4425497499555897
1.0,0.58,0.46,0.14,0.9265,0.4135,0.1845,0.27,10,2,2.414012675116966
1.0,0.58,0.46,0.14,0.8295,0.3915,0.165,0.238,10,2,2.3912829253571584
1.0,0.58,0.47,0.15,0.907,0.444,0.1855,0.2445,11,2,3.38992678339667
1.0,0.63,0.465,0.15,1.0315,0.4265,0.24,0.325,11,2,3.4166626585462936
1.0,0.175,0.125,0.04,0.028,0.0095,0.008,0.009,4,2,3.708262554932321
1.0,0.37,0.285,0.095,0.226,0.1135,0.0515,0.0675,8,2,0.4119018692554408
1.0,0.395,0.3,0.09,0.2855,0.1385,0.0625,0.077,5,2,2.669194625369466
1.0,0.42,0.325,0.11,0.325,0.1245,0.0755,0.1025,7,2,0.6751766852984564
1.0,0.455,0.37,0.11,0.514,0.2385,0.1235,0.126,8,2,0.3553068934833689
1.0,0.495,0.375,0.115,0.5755,0.31,0.1145,0.1395,8,2,0.395281658596925
1.0,0.27,0.205,0.05,0.084,0.03,0.0185,0.029,6,2,1.723983999873443
1.0,0.285,0.225,0.07,0.1005,0.0425,0.0185,0.035,7,2,0.7853570887995901
1.0,0.295,0.22,0.085,0.1285,0.0585,0.027,0.0365,5,2,2.6919485359164
1.0,0.3,0.225,0.075,0.1345,0.057,0.028,0.044,5,2,2.690754157300665
1.0,0.3,0.22,0.065,0.1195,0.052,0.0155,0.035,5,2,2.6936100557292986
1.0,0.36,0.265,0.085,0.1895,0.0725,0.0515,0.055,6,2,1.689655158510638
1.0,0.37,0.275,0.095,0.257,0.1015,0.055,0.0825,6,2,1.6779494907097772
1.0,0.39,0.29,0.09,0.2745,0.135,0.0455,0.078,8,2,0.3832046211396698
1.0,0.435,0.325,0.1,0.342,0.1335,0.0835,0.105,6,2,1.6670603296589448
1.0,0.44,0.34,0.105,0.344,0.123,0.081,0.125,8,2,0.351897150656412
1.0,0.44,0.32,0.095,0.3275,0.1495,0.059,0.1,8,2,0.3545071057158792
1.0,0.445,0.345,0.12,0.4035,0.169,0.0825,0.13,7,2,0.6648320566109569
1.0,0.465,0.37,0.115,0.4075,0.1515,0.0935,0.1455,9,2,1.3376334117058324
1.0,0.465,0.355,0.12,0.4975,0.2375,0.099,0.14,8,2,0.3496977768156459
1.0,0.47,0.345,0.12,0.3685,0.1525,0.0615,0.125,8,2,0.3454733079388499
1.0,0.475,0.365,0.105,0.4175,0.1645,0.099,0.127,7,2,0.6662629212458827
1.0,0.475,0.335,0.1,0.4425,0.1895,0.086,0.135,9,2,1.3367831322808976
1.0,0.475,0.35,0.125,0.4225,0.1905,0.079,0.1355,9,2,1.336829411392845
1.0,0.485,0.365,0.125,0.426,0.163,0.0965,0.151,8,2,0.343200046370458
1.0,0.49,0.39,0.12,0.511,0.2205,0.103,0.1745,9,2,1.34248086579537
1.0,0.515,0.405,0.13,0.573,0.213,0.134,0.195,9,2,1.3514029308984692
1.0,0.52,0.415,0.14,0.6385,0.2945,0.1405,0.171,8,2,0.4348401365678231
1.0,0.525,0.405,0.125,0.657,0.2985,0.1505,0.168,10,2,2.354139960338741
1.0,0.53,0.425,0.13,0.781,0.3905,0.2005,0.215,9,2,1.410953418426333
1.0,0.53,0.42,0.14,0.6765,0.256,0.1855,0.208,9,2,1.3734827223908073
1.0,0.53,0.395,0.125,0.6235,0.2975,0.108,0.195,11,2,3.34643090668408
1.0,0.535,0.45,0.155,0.8075,0.3655,0.148,0.2595,10,2,2.3837213271960604
1.0,0.55,0.415,0.15,0.7915,0.3535,0.176,0.236,10,2,2.3790948725713745
1.0,0.55,0.45,0.14,0.753,0.3445,0.1325,0.24,8,2,0.5362435299180592
1.0,0.55,0.4,0.135,0.717,0.3315,0.1495,0.221,9,2,1.3862653445253443
1.0,0.555,0.43,0.15,0.783,0.345,0.1755,0.247,9,2,1.4090233245489707
1.0,0.575,0.45,0.145,0.872,0.4675,0.18,0.217,9,2,1.453791698818766
1.0,0.575,0.44,0.15,0.983,0.486,0.215,0.239,8,2,0.7578095413156252
1.0,0.585,0.46,0.14,0.7635,0.326,0.153,0.265,9,2,1.407610528870596
1.0,0.595,0.47,0.135,0.9365,0.434,0.184,0.287,10,2,2.4205641836676466
1.0,0.62,0.47,0.155,0.966,0.447,0.171,0.284,11,2,3.402287867760835
1.0,0.625,0.485,0.16,1.15,0.5255,0.257,0.3315,11,2,3.4497985149805013
1.0,0.63,0.49,0.17,1.217,0.5515,0.212,0.31,11,2,3.464712507177622
1.0,0.235,0.13,0.075,0.1585,0.0685,0.037,0.0465,5,2,2.69713663273024
1.0,0.35,0.25,0.1,0.4015,0.1725,0.063,0.1255,7,2,0.6762669898765558
1.0,0.36,0.25,0.115,0.465,0.21,0.1055,0.128,7,2,0.6756696993116701
1.0,0.38,0.28,0.095,0.2885,0.165,0.0435,0.067,7,2,0.6867006719651885
1.0,0.465,0.36,0.105,0.452,0.22,0.159,0.1035,9,2,1.3391773532189708
1.0,0.47,0.355,0.12,0.4915,0.1765,0.1125,0.1325,9,2,1.3386869795053586
1.0,0.5,0.395,0.145,0.7865,0.332,0.1815,0.2455,8,2,0.5449441321781967
1.0,0.51,0.375,0.15,0.8415,0.3845,0.156,0.255,10,2,2.38744529577054
1.0,0.275,0.205,0.065,0.101,0.041,0.021,0.034,5,2,2.69830719852768
1.0,0.285,0.205,0.07,0.106,0.039,0.0285,0.034,5,2,2.6969809042774413
1.0,0.36,0.265,0.085,0.1865,0.0675,0.037,0.0615,7,2,0.7280972546848369
1.0,0.385,0.29,0.1,0.2575,0.1,0.061,0.086,6,2,1.6767379475675577
1.0,0.4,0.315,0.1,0.3225,0.143,0.0735,0.091,6,2,1.668639542739018
1.0,0.43,0.33,0.095,0.32,0.118,0.065,0.123,7,2,0.6764285260262693
1.0,0.435,0.375,0.11,0.4155,0.17,0.076,0.145,8,2,0.3401171668639371
1.0,0.45,0.335,0.115,0.3935,0.195,0.071,0.11,7,2,0.6651559679923446
1.0,0.475,0.355,0.135,0.4775,0.2145,0.09,0.1435,8,2,0.3453630443166131
1.0,0.475,0.36,0.11,0.452,0.191,0.099,0.13,8,2,0.3404366807280527
1.0,0.485,0.37,0.14,0.5065,0.2425,0.088,0.1465,8,2,0.3570723188329108
1.0,0.51,0.395,0.105,0.5525,0.234,0.127,0.165,8,2,0.3787816692208657
1.0,0.515,0.39,0.12,0.565,0.235,0.135,0.179,9,2,1.3495606573270122
1.0,0.52,0.41,0.14,0.699,0.3395,0.129,0.1945,10,2,2.361224815356205
1.0,0.525,0.4,0.14,0.6055,0.2605,0.108,0.21,9,2,1.3578206022268615
1.0,0.53,0.395,0.115,0.475,0.2025,0.101,0.148,8,2,0.3585603483020519
1.0,0.53,0.41,0.15,0.612,0.2435,0.1525,0.1895,11,2,3.345411675511156
1.0,0.535,0.4,0.145,0.705,0.3065,0.1365,0.22,10,2,2.361445905908843
1.0,0.535,0.45,0.135,0.728,0.2845,0.1845,0.265,9,2,1.3924920558590708
1.0,0.565,0.43,0.125,0.6545,0.2815,0.139,0.21,9,2,1.371905026186972
1.0,0.575,0.45,0.145,0.795,0.364,0.1505,0.26,10,2,2.3835028002949428
1.0,0.58,0.42,0.14,0.701,0.3285,0.102,0.2255,9,2,1.3856815000536642
1.0,0.59,0.45,0.125,0.86,0.437,0.1515,0.245,9,2,1.4463150864594192
1.0,0.62,0.48,0.18,1.1305,0.5285,0.2655,0.306,12,2,4.420338043104381
1.0,0.205,0.155,0.045,0.0495,0.0235,0.011,0.014,3,2,4.693490875892697
1.0,0.305,0.23,0.075,0.1455,0.0595,0.0305,0.05,6,2,1.7034468115309158
1.0,0.32,0.23,0.06,0.129,0.0615,0.0275,0.0355,7,2,0.7635278468593742
1.0,0.355,0.27,0.1,0.2255,0.11,0.042,0.064,7,2,0.7094986416551794
1.0,0.425,0.31,0.095,0.3505,0.1645,0.071,0.1,8,2,0.3475410460334774
1.0,0.525,0.4,0.125,0.5655,0.2435,0.119,0.175,8,2,0.3892749331776097
1.0,0.35,0.26,0.095,0.221,0.0985,0.043,0.07,8,2,0.4252812921031231
1.0,0.38,0.275,0.095,0.2425,0.106,0.0485,0.21,6,2,1.6806111148662306
1.0,0.46,0.34,0.1,0.386,0.1805,0.0875,0.0965,8,2,0.3402619504247958
1.0,0.17,0.105,0.035,0.034,0.012,0.0085,0.005,4,2,3.709261722267158
1.0,0.335,0.25,0.095,0.185,0.0795,0.0495,0.055,8,2,0.4542150560858488
1.0,0.37,0.275,0.085,0.2045,0.096,0.056,0.08,6,2,1.6844058544006688
1.0,0.335,0.255,0.085,0.1785,0.071,0.0405,0.055,9,2,1.3725527784392493
1.0,0.32,0.235,0.065,0.1385,0.058,0.0225,0.05,5,2,2.6890412404201176
1.0,0.33,0.25,0.075,0.1405,0.056,0.035,0.05,5,2,2.68756477019013
1.0,0.38,0.3,0.1,0.286,0.1305,0.056,0.09,7,2,0.6856846388654786
1.0,0.29,0.225,0.075,0.152,0.071,0.059,0.045,9,2,1.383887332291733
1.0,0.41,0.33,0.105,0.335,0.1525,0.074,0.11,7,2,0.671776250391296
1.0,0.435,0.355,0.125,0.4075,0.1535,0.074,0.165,9,2,1.3376142016591324
1.0,0.14,0.105,0.035,0.0145,0.005,0.0035,0.005,4,2,3.7141027831942575
1.0,0.16,0.12,0.02,0.018,0.0075,0.0045,0.005,4,2,3.711453286291393
1.0,0.48,0.39,0.15,0.6275,0.276,0.134,0.185,13,2,5.341797989686784
1.0,0.455,0.365,0.135,0.441,0.1515,0.1165,0.145,9,2,1.337871085562332
1.0,0.355,0.27,0.1,0.216,0.083,0.037,0.075,10,2,2.3511590902834656
1.0,0.52,0.405,0.14,0.6765,0.2865,0.146,0.205,15,2,7.342583596138694
1.0,0.54,0.4,0.145,0.757,0.315,0.181,0.215,11,2,3.359886932075013
1.0,0.56,0.445,0.165,1.0285,0.4535,0.253,0.275,11,2,3.412427650831226
1.0,0.615,0.46,0.19,1.066,0.4335,0.226,0.33,13,2,5.390772802742762
1.0,0.565,0.43,0.135,0.8545,0.321,0.1775,0.275,11,2,3.374727313681513
1.0,0.525,0.4,0.14,0.6955,0.2405,0.16,0.253,10,2,2.3596942180740164
1.0,0.58,0.42,0.16,0.728,0.2725,0.19,0.19,14,2,6.347421316771632
1.0,0.5,0.38,0.155,0.6675,0.2745,0.156,0.18,12,2,4.345542280918844
1.0,0.235,0.18,0.06,0.058,0.022,0.0145,0.018,6,2,1.7363408044852615
1.0,0.235,0.175,0.08,0.0645,0.0215,0.0175,0.0215,5,2,2.70869752129714
1.0,0.235,0.175,0.065,0.0615,0.0205,0.02,0.019,6,2,1.7357804179569951
1.0,0.315,0.235,0.08,0.18,0.08,0.045,0.047,5,2,2.6836093245489545
1.0,0.465,0.355,0.12,0.5805,0.255,0.0915,0.184,8,2,0.3830517065288152
1.0,0.49,0.385,0.12,0.591,0.271,0.1125,0.1775,9,2,1.352207797661108
1.0,0.27,0.205,0.075,0.118,0.059,0.031,0.0305,4,2,3.686905829982773
1.0,0.27,0.19,0.06,0.099,0.0445,0.017,0.03,5,2,2.699751909997633
1.0,0.295,0.22,0.07,0.1365,0.0575,0.0295,0.035,6,2,1.7074083668686364
1.0,0.295,0.22,0.065,0.1295,0.052,0.028,0.035,6,2,1.709209156714499
1.0,0.315,0.23,0.07,0.164,0.0625,0.04,0.045,6,2,1.6995799916252623
1.0,0.375,0.29,0.095,0.2875,0.123,0.0605,0.08,6,2,1.673504762040245
1.0,0.38,0.3,0.09,0.277,0.1655,0.0625,0.082,6,2,1.672758706761546
1.0,0.385,0.285,0.09,0.248,0.0935,0.066,0.07,6,2,1.678656848333281
1.0,0.4,0.295,0.095,0.252,0.1105,0.0575,0.066,6,2,1.6769004909612168
1.0,0.415,0.33,0.1,0.3905,0.1925,0.0755,0.1025,7,2,0.6657492912603666
1.0,0.42,0.32,0.115,0.409,0.2055,0.0935,0.105,8,2,0.3381291488675378
1.0,0.44,0.33,0.135,0.4095,0.163,0.1005,0.119,6,2,1.664467649780246
1.0,0.45,0.35,0.135,0.494,0.2205,0.0945,0.1405,7,2,0.6693973750600137
1.0,0.475,0.35,0.12,0.4905,0.2035,0.13,0.135,7,2,0.6700610249266884
1.0,0.58,0.435,0.15,0.8915,0.363,0.1925,0.2515,6,2,1.754015696694111
1.0,0.185,0.135,0.045,0.032,0.011,0.0065,0.01,4,2,3.706429695012136
1.0,0.245,0.175,0.055,0.0785,0.04,0.018,0.02,5,2,2.7054873321596977
1.0,0.36,0.27,0.09,0.2075,0.098,0.039,0.062,6,2,1.685465160223138
1.0,0.375,0.28,0.08,0.2235,0.115,0.043,0.055,6,2,1.6819672800468983
1.0,0.415,0.31,0.095,0.34,0.181,0.057,0.083,6,2,1.6672769908473988
1.0,0.455,0.35,0.135,0.5365,0.2855,0.0855,0.1325,7,2,0.6811955006982842
1.0,0.48,0.35,0.105,0.635,0.352,0.127,0.135,6,2,1.6862064197456583
1.0,0.485,0.375,0.125,0.562,0.2505,0.1345,0.1525,8,2,0.3778171536696887
1.0,0.51,0.39,0.125,0.597,0.293,0.1265,0.1555,8,2,0.4056414389468088
1.0,0.275,0.2,0.07,0.096,0.037,0.0225,0.03,6,2,1.7201373978690724
1.0,0.33,0.245,0.065,0.1445,0.058,0.032,0.0505,6,2,1.7012546655503396
1.0,0.33,0.26,0.085,0.1965,0.0915,0.0425,0.055,7,2,0.7258175398766155
1.0,0.365,0.28,0.09,0.196,0.0865,0.036,0.0605,7,2,0.7202879531960781
1.0,0.365,0.27,0.09,0.2155,0.1005,0.049,0.0655,6,2,1.683701906960822
1.0,0.42,0.31,0.1,0.2805,0.1125,0.0615,0.0925,8,2,0.3769998494814002
1.0,0.435,0.335,0.11,0.334,0.1355,0.0775,0.0965,7,2,0.6728211444317892
1.0,0.435,0.325,0.1,0.366,0.174,0.0725,0.109,7,2,0.6671203683366651
1.0,0.44,0.325,0.11,0.4965,0.258,0.1195,0.1075,8,2,0.3524100284131486
1.0,0.485,0.365,0.09,0.651,0.3165,0.132,0.18,8,2,0.4349806349322953
1.0,0.495,0.385,0.125,0.5125,0.2075,0.1155,0.172,10,2,2.3397461562248414
1.0,0.52,0.41,0.14,0.5995,0.242,0.1375,0.182,11,2,3.343955264307333
1.0,0.54,0.42,0.14,0.74,0.3595,0.159,0.1985,8,2,0.5205119648246547
1.0,0.54,0.415,0.155,0.702,0.322,0.167,0.19,10,2,2.3625278696651866
1.0,0.55,0.445,0.125,0.672,0.288,0.1365,0.21,11,2,3.351908335727721
1.0,0.56,0.44,0.155,0.811,0.3685,0.178,0.235,11,2,3.370405873602087
1.0,0.575,0.45,0.15,0.858,0.449,0.166,0.215,10,2,2.4002143804185443
1.0,0.545,0.405,0.13,0.658,0.327,0.1445,0.174,8,2,0.4572511130299634
1.0,0.37,0.275,0.08,0.2325,0.093,0.056,0.072,6,2,1.68149027243088
1.0,0.395,0.31,0.085,0.317,0.153,0.0505,0.0935,7,2,0.6775059429337833
1.0,0.4,0.3,0.115,0.318,0.1335,0.0725,0.0935,6,2,1.669398518091698
1.0,0.41,0.305,0.1,0.2645,0.1,0.0655,0.085,7,2,0.691369284058298
1.0,0.455,0.335,0.105,0.4055,0.175,0.092,0.1185,8,2,0.337360764392614
1.0,0.48,0.335,0.125,0.524,0.246,0.1095,0.145,7,2,0.6759486364451125
1.0,0.485,0.375,0.11,0.464,0.2015,0.09,0.149,8,2,0.3452041576854944
1.0,0.5,0.36,0.12,0.439,0.1875,0.1055,0.1305,8,2,0.3435768422484522
1.0,0.515,0.395,0.125,0.5805,0.2365,0.1075,0.19,9,2,1.351443520888129
1.0,0.52,0.4,0.14,0.622,0.278,0.1455,0.169,8,2,0.4209920160508325
1.0,0.545,0.43,0.14,0.772,0.289,0.19,0.2615,8,2,0.5429205592811804
1.0,0.55,0.435,0.125,0.741,0.348,0.1585,0.206,9,2,1.3947258880387985
1.0,0.555,0.43,0.125,0.7005,0.3395,0.1355,0.2095,8,2,0.494479903086817
1.0,0.565,0.465,0.15,1.1815,0.581,0.2215,0.3095,9,2,1.6122655720705252
1.0,0.595,0.475,0.155,0.984,0.4865,0.184,0.2755,10,2,2.4367438592756754
1.0,0.42,0.305,0.1,0.3415,0.1645,0.0775,0.086,7,2,0.6715970051927035
1.0,0.48,0.35,0.1,0.519,0.2365,0.1275,0.126,7,2,0.6750334140942765
1.0,0.515,0.4,0.14,0.7165,0.3495,0.1595,0.1785,8,2,0.4932910315770184
1.0,0.56,0.42,0.14,0.837,0.414,0.214,0.2,8,2,0.6152960436122226
1.0,0.3,0.215,0.05,0.1185,0.048,0.0225,0.042,4,2,3.6858747714863855
1.0,0.455,0.35,0.13,0.4725,0.215,0.0745,0.15,9,2,1.3378880086170075
1.0,0.46,0.365,0.11,0.4495,0.1755,0.102,0.15,8,2,0.3406848306640459
1.0,0.49,0.375,0.115,0.557,0.2275,0.1335,0.1765,8,2,0.3758260286044613
1.0,0.5,0.385,0.12,0.516,0.197,0.1305,0.165,8,2,0.3625032882570426
1.0,0.54,0.415,0.135,0.709,0.3195,0.174,0.185,9,2,1.382679898082718
1.0,0.55,0.445,0.11,0.7935,0.378,0.142,0.26,10,2,2.382323705397014
1.0,0.57,0.425,0.14,0.7655,0.331,0.14,0.24,10,2,2.3741587451996358
1.0,0.58,0.425,0.145,0.83,0.379,0.1605,0.2575,11,2,3.373838912340047
1.0,0.585,0.47,0.17,0.985,0.3695,0.2395,0.315,10,2,2.430524447086569
1.0,0.28,0.215,0.07,0.124,0.063,0.0215,0.03,6,2,1.711365811728196
1.0,0.33,0.23,0.08,0.14,0.0565,0.0365,0.046,7,2,0.7558413848231252
1.0,0.35,0.25,0.075,0.1695,0.0835,0.0355,0.041,6,2,1.694221033546284
1.0,0.37,0.28,0.09,0.218,0.0995,0.0545,0.0615,7,2,0.7101392005042745
1.0,0.43,0.315,0.115,0.384,0.1885,0.0715,0.11,8,2,0.3398148908529087
1.0,0.435,0.33,0.095,0.393,0.219,0.075,0.0885,6,2,1.6649834988398493
1.0,0.44,0.35,0.11,0.3805,0.1575,0.0895,0.115,6,2,1.664908028705637
1.0,0.48,0.355,0.11,0.4495,0.201,0.089,0.14,8,2,0.3408036367785532
1.0,0.39,0.31,0.085,0.344,0.181,0.0695,0.079,7,2,0.6731694536799209
1.0,0.39,0.29,0.1,0.2845,0.1255,0.0635,0.081,7,2,0.6864204914229636
1.0,0.405,0.3,0.085,0.3035,0.15,0.0505,0.088,7,2,0.6800569204566246
1.0,0.475,0.365,0.115,0.499,0.232,0.0885,0.156,10,2,2.338373894267924
