num_clusters,percentage_outliers,eps,min_samples,metric,algorithm,leaf_size,p,silhouette_score
1,0.0,10.0,2,euclidean,auto,10,,-1.0
1,0.0,10.0,2,euclidean,auto,10,1.0,-1.0
1,0.0,10.0,2,euclidean,auto,10,2.0,-1.0
1,0.0,10.0,2,euclidean,auto,20,,-1.0
1,0.0,10.0,2,euclidean,auto,20,1.0,-1.0
1,0.0,10.0,2,euclidean,auto,20,2.0,-1.0
1,0.0,10.0,2,euclidean,auto,30,,-1.0
1,0.0,10.0,2,euclidean,auto,30,1.0,-1.0
1,0.0,10.0,2,euclidean,auto,30,2.0,-1.0
1,0.0,10.0,2,euclidean,auto,40,,-1.0
1,0.0,10.0,2,euclidean,auto,40,1.0,-1.0
1,0.0,10.0,2,euclidean,auto,40,2.0,-1.0
1,0.0,10.0,2,euclidean,auto,50,,-1.0
1,0.0,10.0,2,euclidean,auto,50,1.0,-1.0
1,0.0,10.0,2,euclidean,auto,50,2.0,-1.0
1,0.0,10.0,2,euclidean,ball_tree,10,,-1.0
1,0.0,10.0,2,euclidean,ball_tree,10,1.0,-1.0
1,0.0,10.0,2,euclidean,ball_tree,10,2.0,-1.0
1,0.0,10.0,2,euclidean,ball_tree,20,,-1.0
1,0.0,10.0,2,euclidean,ball_tree,20,1.0,-1.0
1,0.0,10.0,2,euclidean,ball_tree,20,2.0,-1.0
1,0.0,10.0,2,euclidean,ball_tree,30,,-1.0
1,0.0,10.0,2,euclidean,ball_tree,30,1.0,-1.0
1,0.0,10.0,2,euclidean,ball_tree,30,2.0,-1.0
1,0.0,10.0,2,euclidean,ball_tree,40,,-1.0
1,0.0,10.0,2,euclidean,ball_tree,40,1.0,-1.0
1,0.0,10.0,2,euclidean,ball_tree,40,2.0,-1.0
1,0.0,10.0,2,euclidean,ball_tree,50,,-1.0
1,0.0,10.0,2,euclidean,ball_tree,50,1.0,-1.0
1,0.0,10.0,2,euclidean,ball_tree,50,2.0,-1.0
1,0.0,10.0,2,euclidean,kd_tree,10,,-1.0
1,0.0,10.0,2,euclidean,kd_tree,10,1.0,-1.0
1,0.0,10.0,2,euclidean,kd_tree,10,2.0,-1.0
1,0.0,10.0,2,euclidean,kd_tree,20,,-1.0
1,0.0,10.0,2,euclidean,kd_tree,20,1.0,-1.0
1,0.0,10.0,2,euclidean,kd_tree,20,2.0,-1.0
1,0.0,10.0,2,euclidean,kd_tree,30,,-1.0
1,0.0,10.0,2,euclidean,kd_tree,30,1.0,-1.0
1,0.0,10.0,2,euclidean,kd_tree,30,2.0,-1.0
1,0.0,10.0,2,euclidean,kd_tree,40,,-1.0
1,0.0,10.0,2,euclidean,kd_tree,40,1.0,-1.0
1,0.0,10.0,2,euclidean,kd_tree,40,2.0,-1.0
1,0.0,10.0,2,euclidean,kd_tree,50,,-1.0
1,0.0,10.0,2,euclidean,kd_tree,50,1.0,-1.0
1,0.0,10.0,2,euclidean,kd_tree,50,2.0,-1.0
1,0.0,10.0,2,euclidean,brute,10,,-1.0
1,0.0,10.0,2,euclidean,brute,10,1.0,-1.0
1,0.0,10.0,2,euclidean,brute,10,2.0,-1.0
1,0.0,10.0,2,euclidean,brute,20,,-1.0
1,0.0,10.0,2,euclidean,brute,20,1.0,-1.0
1,0.0,10.0,2,euclidean,brute,20,2.0,-1.0
1,0.0,10.0,2,euclidean,brute,30,,-1.0
1,0.0,10.0,2,euclidean,brute,30,1.0,-1.0
1,0.0,10.0,2,euclidean,brute,30,2.0,-1.0
1,0.0,10.0,2,euclidean,brute,40,,-1.0
1,0.0,10.0,2,euclidean,brute,40,1.0,-1.0
1,0.0,10.0,2,euclidean,brute,40,2.0,-1.0
1,0.0,10.0,2,euclidean,brute,50,,-1.0
1,0.0,10.0,2,euclidean,brute,50,1.0,-1.0
1,0.0,10.0,2,euclidean,brute,50,2.0,-1.0
4,0.079,10.0,2,manhattan,auto,10,,-0.009274291734558094
4,0.079,10.0,2,manhattan,auto,10,1.0,-0.009274291734558094
4,0.079,10.0,2,manhattan,auto,10,2.0,-0.009274291734558094
4,0.079,10.0,2,manhattan,auto,20,,-0.009274291734558094
4,0.079,10.0,2,manhattan,auto,20,1.0,-0.009274291734558094
4,0.079,10.0,2,manhattan,auto,20,2.0,-0.009274291734558094
4,0.079,10.0,2,manhattan,auto,30,,-0.009274291734558094
4,0.079,10.0,2,manhattan,auto,30,1.0,-0.009274291734558094
4,0.079,10.0,2,manhattan,auto,30,2.0,-0.009274291734558094
4,0.079,10.0,2,manhattan,auto,40,,-0.009274291734558094
4,0.079,10.0,2,manhattan,auto,40,1.0,-0.009274291734558094
4,0.079,10.0,2,manhattan,auto,40,2.0,-0.009274291734558094
4,0.079,10.0,2,manhattan,auto,50,,-0.009274291734558094
4,0.079,10.0,2,manhattan,auto,50,1.0,-0.009274291734558094
4,0.079,10.0,2,manhattan,auto,50,2.0,-0.009274291734558094
4,0.079,10.0,2,manhattan,ball_tree,10,,-0.009274291734558094
4,0.079,10.0,2,manhattan,ball_tree,10,1.0,-0.009274291734558094
4,0.079,10.0,2,manhattan,ball_tree,10,2.0,-0.009274291734558094
4,0.079,10.0,2,manhattan,ball_tree,20,,-0.009274291734558094
4,0.079,10.0,2,manhattan,ball_tree,20,1.0,-0.009274291734558094
4,0.079,10.0,2,manhattan,ball_tree,20,2.0,-0.009274291734558094
4,0.079,10.0,2,manhattan,ball_tree,30,,-0.009274291734558094
4,0.079,10.0,2,manhattan,ball_tree,30,1.0,-0.009274291734558094
4,0.079,10.0,2,manhattan,ball_tree,30,2.0,-0.009274291734558094
4,0.079,10.0,2,manhattan,ball_tree,40,,-0.009274291734558094
4,0.079,10.0,2,manhattan,ball_tree,40,1.0,-0.009274291734558094
4,0.079,10.0,2,manhattan,ball_tree,40,2.0,-0.009274291734558094
4,0.079,10.0,2,manhattan,ball_tree,50,,-0.009274291734558094
4,0.079,10.0,2,manhattan,ball_tree,50,1.0,-0.009274291734558094
4,0.079,10.0,2,manhattan,ball_tree,50,2.0,-0.009274291734558094
4,0.079,10.0,2,manhattan,kd_tree,10,,-0.009274291734558094
4,0.079,10.0,2,manhattan,kd_tree,10,1.0,-0.009274291734558094
4,0.079,10.0,2,manhattan,kd_tree,10,2.0,-0.009274291734558094
4,0.079,10.0,2,manhattan,kd_tree,20,,-0.009274291734558094
4,0.079,10.0,2,manhattan,kd_tree,20,1.0,-0.009274291734558094
4,0.079,10.0,2,manhattan,kd_tree,20,2.0,-0.009274291734558094
4,0.079,10.0,2,manhattan,kd_tree,30,,-0.009274291734558094
4,0.079,10.0,2,manhattan,kd_tree,30,1.0,-0.009274291734558094
4,0.079,10.0,2,manhattan,kd_tree,30,2.0,-0.009274291734558094
4,0.079,10.0,2,manhattan,kd_tree,40,,-0.009274291734558094
4,0.079,10.0,2,manhattan,kd_tree,40,1.0,-0.009274291734558094
4,0.079,10.0,2,manhattan,kd_tree,40,2.0,-0.009274291734558094
4,0.079,10.0,2,manhattan,kd_tree,50,,-0.009274291734558094
4,0.079,10.0,2,manhattan,kd_tree,50,1.0,-0.009274291734558094
4,0.079,10.0,2,manhattan,kd_tree,50,2.0,-0.009274291734558094
4,0.079,10.0,2,manhattan,brute,10,,-0.009274291734558094
4,0.079,10.0,2,manhattan,brute,10,1.0,-0.009274291734558094
4,0.079,10.0,2,manhattan,brute,10,2.0,-0.009274291734558094
4,0.079,10.0,2,manhattan,brute,20,,-0.009274291734558094
4,0.079,10.0,2,manhattan,brute,20,1.0,-0.009274291734558094
4,0.079,10.0,2,manhattan,brute,20,2.0,-0.009274291734558094
4,0.079,10.0,2,manhattan,brute,30,,-0.009274291734558094
4,0.079,10.0,2,manhattan,brute,30,1.0,-0.009274291734558094
4,0.079,10.0,2,manhattan,brute,30,2.0,-0.009274291734558094
4,0.079,10.0,2,manhattan,brute,40,,-0.009274291734558094
4,0.079,10.0,2,manhattan,brute,40,1.0,-0.009274291734558094
4,0.079,10.0,2,manhattan,brute,40,2.0,-0.009274291734558094
4,0.079,10.0,2,manhattan,brute,50,,-0.009274291734558094
4,0.079,10.0,2,manhattan,brute,50,1.0,-0.009274291734558094
4,0.079,10.0,2,manhattan,brute,50,2.0,-0.009274291734558094
1,0.0,10.0,3,euclidean,auto,10,,-1.0
1,0.0,10.0,3,euclidean,auto,10,1.0,-1.0
1,0.0,10.0,3,euclidean,auto,10,2.0,-1.0
1,0.0,10.0,3,euclidean,auto,20,,-1.0
1,0.0,10.0,3,euclidean,auto,20,1.0,-1.0
1,0.0,10.0,3,euclidean,auto,20,2.0,-1.0
1,0.0,10.0,3,euclidean,auto,30,,-1.0
1,0.0,10.0,3,euclidean,auto,30,1.0,-1.0
1,0.0,10.0,3,euclidean,auto,30,2.0,-1.0
1,0.0,10.0,3,euclidean,auto,40,,-1.0
1,0.0,10.0,3,euclidean,auto,40,1.0,-1.0
1,0.0,10.0,3,euclidean,auto,40,2.0,-1.0
1,0.0,10.0,3,euclidean,auto,50,,-1.0
1,0.0,10.0,3,euclidean,auto,50,1.0,-1.0
1,0.0,10.0,3,euclidean,auto,50,2.0,-1.0
1,0.0,10.0,3,euclidean,ball_tree,10,,-1.0
1,0.0,10.0,3,euclidean,ball_tree,10,1.0,-1.0
1,0.0,10.0,3,euclidean,ball_tree,10,2.0,-1.0
1,0.0,10.0,3,euclidean,ball_tree,20,,-1.0
1,0.0,10.0,3,euclidean,ball_tree,20,1.0,-1.0
1,0.0,10.0,3,euclidean,ball_tree,20,2.0,-1.0
1,0.0,10.0,3,euclidean,ball_tree,30,,-1.0
1,0.0,10.0,3,euclidean,ball_tree,30,1.0,-1.0
1,0.0,10.0,3,euclidean,ball_tree,30,2.0,-1.0
1,0.0,10.0,3,euclidean,ball_tree,40,,-1.0
1,0.0,10.0,3,euclidean,ball_tree,40,1.0,-1.0
1,0.0,10.0,3,euclidean,ball_tree,40,2.0,-1.0
1,0.0,10.0,3,euclidean,ball_tree,50,,-1.0
1,0.0,10.0,3,euclidean,ball_tree,50,1.0,-1.0
1,0.0,10.0,3,euclidean,ball_tree,50,2.0,-1.0
1,0.0,10.0,3,euclidean,kd_tree,10,,-1.0
1,0.0,10.0,3,euclidean,kd_tree,10,1.0,-1.0
1,0.0,10.0,3,euclidean,kd_tree,10,2.0,-1.0
1,0.0,10.0,3,euclidean,kd_tree,20,,-1.0
1,0.0,10.0,3,euclidean,kd_tree,20,1.0,-1.0
1,0.0,10.0,3,euclidean,kd_tree,20,2.0,-1.0
1,0.0,10.0,3,euclidean,kd_tree,30,,-1.0
1,0.0,10.0,3,euclidean,kd_tree,30,1.0,-1.0
1,0.0,10.0,3,euclidean,kd_tree,30,2.0,-1.0
1,0.0,10.0,3,euclidean,kd_tree,40,,-1.0
1,0.0,10.0,3,euclidean,kd_tree,40,1.0,-1.0
1,0.0,10.0,3,euclidean,kd_tree,40,2.0,-1.0
1,0.0,10.0,3,euclidean,kd_tree,50,,-1.0
1,0.0,10.0,3,euclidean,kd_tree,50,1.0,-1.0
1,0.0,10.0,3,euclidean,kd_tree,50,2.0,-1.0
1,0.0,10.0,3,euclidean,brute,10,,-1.0
1,0.0,10.0,3,euclidean,brute,10,1.0,-1.0
1,0.0,10.0,3,euclidean,brute,10,2.0,-1.0
1,0.0,10.0,3,euclidean,brute,20,,-1.0
1,0.0,10.0,3,euclidean,brute,20,1.0,-1.0
1,0.0,10.0,3,euclidean,brute,20,2.0,-1.0
1,0.0,10.0,3,euclidean,brute,30,,-1.0
1,0.0,10.0,3,euclidean,brute,30,1.0,-1.0
1,0.0,10.0,3,euclidean,brute,30,2.0,-1.0
1,0.0,10.0,3,euclidean,brute,40,,-1.0
1,0.0,10.0,3,euclidean,brute,40,1.0,-1.0
1,0.0,10.0,3,euclidean,brute,40,2.0,-1.0
1,0.0,10.0,3,euclidean,brute,50,,-1.0
1,0.0,10.0,3,euclidean,brute,50,1.0,-1.0
1,0.0,10.0,3,euclidean,brute,50,2.0,-1.0
2,0.083,10.0,3,manhattan,auto,10,,0.100937179478183
2,0.083,10.0,3,manhattan,auto,10,1.0,0.100937179478183
2,0.083,10.0,3,manhattan,auto,10,2.0,0.100937179478183
2,0.083,10.0,3,manhattan,auto,20,,0.100937179478183
2,0.083,10.0,3,manhattan,auto,20,1.0,0.100937179478183
2,0.083,10.0,3,manhattan,auto,20,2.0,0.100937179478183
2,0.083,10.0,3,manhattan,auto,30,,0.100937179478183
2,0.083,10.0,3,manhattan,auto,30,1.0,0.100937179478183
2,0.083,10.0,3,manhattan,auto,30,2.0,0.100937179478183
2,0.083,10.0,3,manhattan,auto,40,,0.100937179478183
2,0.083,10.0,3,manhattan,auto,40,1.0,0.100937179478183
2,0.083,10.0,3,manhattan,auto,40,2.0,0.100937179478183
2,0.083,10.0,3,manhattan,auto,50,,0.100937179478183
2,0.083,10.0,3,manhattan,auto,50,1.0,0.100937179478183
2,0.083,10.0,3,manhattan,auto,50,2.0,0.100937179478183
2,0.083,10.0,3,manhattan,ball_tree,10,,0.100937179478183
2,0.083,10.0,3,manhattan,ball_tree,10,1.0,0.100937179478183
2,0.083,10.0,3,manhattan,ball_tree,10,2.0,0.100937179478183
2,0.083,10.0,3,manhattan,ball_tree,20,,0.100937179478183
2,0.083,10.0,3,manhattan,ball_tree,20,1.0,0.100937179478183
2,0.083,10.0,3,manhattan,ball_tree,20,2.0,0.100937179478183
2,0.083,10.0,3,manhattan,ball_tree,30,,0.100937179478183
2,0.083,10.0,3,manhattan,ball_tree,30,1.0,0.100937179478183
2,0.083,10.0,3,manhattan,ball_tree,30,2.0,0.100937179478183
2,0.083,10.0,3,manhattan,ball_tree,40,,0.100937179478183
2,0.083,10.0,3,manhattan,ball_tree,40,1.0,0.100937179478183
2,0.083,10.0,3,manhattan,ball_tree,40,2.0,0.100937179478183
2,0.083,10.0,3,manhattan,ball_tree,50,,0.100937179478183
2,0.083,10.0,3,manhattan,ball_tree,50,1.0,0.100937179478183
2,0.083,10.0,3,manhattan,ball_tree,50,2.0,0.100937179478183
2,0.083,10.0,3,manhattan,kd_tree,10,,0.100937179478183
2,0.083,10.0,3,manhattan,kd_tree,10,1.0,0.100937179478183
2,0.083,10.0,3,manhattan,kd_tree,10,2.0,0.100937179478183
2,0.083,10.0,3,manhattan,kd_tree,20,,0.100937179478183
2,0.083,10.0,3,manhattan,kd_tree,20,1.0,0.100937179478183
2,0.083,10.0,3,manhattan,kd_tree,20,2.0,0.100937179478183
2,0.083,10.0,3,manhattan,kd_tree,30,,0.100937179478183
2,0.083,10.0,3,manhattan,kd_tree,30,1.0,0.100937179478183
2,0.083,10.0,3,manhattan,kd_tree,30,2.0,0.100937179478183
2,0.083,10.0,3,manhattan,kd_tree,40,,0.100937179478183
2,0.083,10.0,3,manhattan,kd_tree,40,1.0,0.100937179478183
2,0.083,10.0,3,manhattan,kd_tree,40,2.0,0.100937179478183
2,0.083,10.0,3,manhattan,kd_tree,50,,0.100937179478183
2,0.083,10.0,3,manhattan,kd_tree,50,1.0,0.100937179478183
2,0.083,10.0,3,manhattan,kd_tree,50,2.0,0.100937179478183
2,0.083,10.0,3,manhattan,brute,10,,0.100937179478183
2,0.083,10.0,3,manhattan,brute,10,1.0,0.100937179478183
2,0.083,10.0,3,manhattan,brute,10,2.0,0.100937179478183
2,0.083,10.0,3,manhattan,brute,20,,0.100937179478183
2,0.083,10.0,3,manhattan,brute,20,1.0,0.100937179478183
2,0.083,10.0,3,manhattan,brute,20,2.0,0.100937179478183
2,0.083,10.0,3,manhattan,brute,30,,0.100937179478183
2,0.083,10.0,3,manhattan,brute,30,1.0,0.100937179478183
2,0.083,10.0,3,manhattan,brute,30,2.0,0.100937179478183
2,0.083,10.0,3,manhattan,brute,40,,0.100937179478183
2,0.083,10.0,3,manhattan,brute,40,1.0,0.100937179478183
2,0.083,10.0,3,manhattan,brute,40,2.0,0.100937179478183
2,0.083,10.0,3,manhattan,brute,50,,0.100937179478183
2,0.083,10.0,3,manhattan,brute,50,1.0,0.100937179478183
2,0.083,10.0,3,manhattan,brute,50,2.0,0.100937179478183
1,0.0,10.0,4,euclidean,auto,10,,-1.0
1,0.0,10.0,4,euclidean,auto,10,1.0,-1.0
1,0.0,10.0,4,euclidean,auto,10,2.0,-1.0
1,0.0,10.0,4,euclidean,auto,20,,-1.0
1,0.0,10.0,4,euclidean,auto,20,1.0,-1.0
1,0.0,10.0,4,euclidean,auto,20,2.0,-1.0
1,0.0,10.0,4,euclidean,auto,30,,-1.0
1,0.0,10.0,4,euclidean,auto,30,1.0,-1.0
1,0.0,10.0,4,euclidean,auto,30,2.0,-1.0
1,0.0,10.0,4,euclidean,auto,40,,-1.0
1,0.0,10.0,4,euclidean,auto,40,1.0,-1.0
1,0.0,10.0,4,euclidean,auto,40,2.0,-1.0
1,0.0,10.0,4,euclidean,auto,50,,-1.0
1,0.0,10.0,4,euclidean,auto,50,1.0,-1.0
1,0.0,10.0,4,euclidean,auto,50,2.0,-1.0
1,0.0,10.0,4,euclidean,ball_tree,10,,-1.0
1,0.0,10.0,4,euclidean,ball_tree,10,1.0,-1.0
1,0.0,10.0,4,euclidean,ball_tree,10,2.0,-1.0
1,0.0,10.0,4,euclidean,ball_tree,20,,-1.0
1,0.0,10.0,4,euclidean,ball_tree,20,1.0,-1.0
1,0.0,10.0,4,euclidean,ball_tree,20,2.0,-1.0
1,0.0,10.0,4,euclidean,ball_tree,30,,-1.0
1,0.0,10.0,4,euclidean,ball_tree,30,1.0,-1.0
1,0.0,10.0,4,euclidean,ball_tree,30,2.0,-1.0
1,0.0,10.0,4,euclidean,ball_tree,40,,-1.0
1,0.0,10.0,4,euclidean,ball_tree,40,1.0,-1.0
1,0.0,10.0,4,euclidean,ball_tree,40,2.0,-1.0
1,0.0,10.0,4,euclidean,ball_tree,50,,-1.0
1,0.0,10.0,4,euclidean,ball_tree,50,1.0,-1.0
1,0.0,10.0,4,euclidean,ball_tree,50,2.0,-1.0
1,0.0,10.0,4,euclidean,kd_tree,10,,-1.0
1,0.0,10.0,4,euclidean,kd_tree,10,1.0,-1.0
1,0.0,10.0,4,euclidean,kd_tree,10,2.0,-1.0
1,0.0,10.0,4,euclidean,kd_tree,20,,-1.0
1,0.0,10.0,4,euclidean,kd_tree,20,1.0,-1.0
1,0.0,10.0,4,euclidean,kd_tree,20,2.0,-1.0
1,0.0,10.0,4,euclidean,kd_tree,30,,-1.0
1,0.0,10.0,4,euclidean,kd_tree,30,1.0,-1.0
1,0.0,10.0,4,euclidean,kd_tree,30,2.0,-1.0
1,0.0,10.0,4,euclidean,kd_tree,40,,-1.0
1,0.0,10.0,4,euclidean,kd_tree,40,1.0,-1.0
1,0.0,10.0,4,euclidean,kd_tree,40,2.0,-1.0
1,0.0,10.0,4,euclidean,kd_tree,50,,-1.0
1,0.0,10.0,4,euclidean,kd_tree,50,1.0,-1.0
1,0.0,10.0,4,euclidean,kd_tree,50,2.0,-1.0
1,0.0,10.0,4,euclidean,brute,10,,-1.0
1,0.0,10.0,4,euclidean,brute,10,1.0,-1.0
1,0.0,10.0,4,euclidean,brute,10,2.0,-1.0
1,0.0,10.0,4,euclidean,brute,20,,-1.0
1,0.0,10.0,4,euclidean,brute,20,1.0,-1.0
1,0.0,10.0,4,euclidean,brute,20,2.0,-1.0
1,0.0,10.0,4,euclidean,brute,30,,-1.0
1,0.0,10.0,4,euclidean,brute,30,1.0,-1.0
1,0.0,10.0,4,euclidean,brute,30,2.0,-1.0
1,0.0,10.0,4,euclidean,brute,40,,-1.0
1,0.0,10.0,4,euclidean,brute,40,1.0,-1.0
1,0.0,10.0,4,euclidean,brute,40,2.0,-1.0
1,0.0,10.0,4,euclidean,brute,50,,-1.0
1,0.0,10.0,4,euclidean,brute,50,1.0,-1.0
1,0.0,10.0,4,euclidean,brute,50,2.0,-1.0
1,0.092,10.0,4,manhattan,auto,10,,0.14562574307079665
1,0.092,10.0,4,manhattan,auto,10,1.0,0.14562574307079665
1,0.092,10.0,4,manhattan,auto,10,2.0,0.14562574307079665
1,0.092,10.0,4,manhattan,auto,20,,0.14562574307079665
1,0.092,10.0,4,manhattan,auto,20,1.0,0.14562574307079665
1,0.092,10.0,4,manhattan,auto,20,2.0,0.14562574307079665
1,0.092,10.0,4,manhattan,auto,30,,0.14562574307079665
1,0.092,10.0,4,manhattan,auto,30,1.0,0.14562574307079665
1,0.092,10.0,4,manhattan,auto,30,2.0,0.14562574307079665
1,0.092,10.0,4,manhattan,auto,40,,0.14562574307079665
1,0.092,10.0,4,manhattan,auto,40,1.0,0.14562574307079665
1,0.092,10.0,4,manhattan,auto,40,2.0,0.14562574307079665
1,0.092,10.0,4,manhattan,auto,50,,0.14562574307079665
1,0.092,10.0,4,manhattan,auto,50,1.0,0.14562574307079665
1,0.092,10.0,4,manhattan,auto,50,2.0,0.14562574307079665
1,0.092,10.0,4,manhattan,ball_tree,10,,0.14562574307079665
1,0.092,10.0,4,manhattan,ball_tree,10,1.0,0.14562574307079665
1,0.092,10.0,4,manhattan,ball_tree,10,2.0,0.14562574307079665
1,0.092,10.0,4,manhattan,ball_tree,20,,0.14562574307079665
1,0.092,10.0,4,manhattan,ball_tree,20,1.0,0.14562574307079665
1,0.092,10.0,4,manhattan,ball_tree,20,2.0,0.14562574307079665
1,0.092,10.0,4,manhattan,ball_tree,30,,0.14562574307079665
1,0.092,10.0,4,manhattan,ball_tree,30,1.0,0.14562574307079665
1,0.092,10.0,4,manhattan,ball_tree,30,2.0,0.14562574307079665
1,0.092,10.0,4,manhattan,ball_tree,40,,0.14562574307079665
1,0.092,10.0,4,manhattan,ball_tree,40,1.0,0.14562574307079665
1,0.092,10.0,4,manhattan,ball_tree,40,2.0,0.14562574307079665
1,0.092,10.0,4,manhattan,ball_tree,50,,0.14562574307079665
1,0.092,10.0,4,manhattan,ball_tree,50,1.0,0.14562574307079665
1,0.092,10.0,4,manhattan,ball_tree,50,2.0,0.14562574307079665
1,0.092,10.0,4,manhattan,kd_tree,10,,0.14562574307079665
1,0.092,10.0,4,manhattan,kd_tree,10,1.0,0.14562574307079665
1,0.092,10.0,4,manhattan,kd_tree,10,2.0,0.14562574307079665
1,0.092,10.0,4,manhattan,kd_tree,20,,0.14562574307079665
1,0.092,10.0,4,manhattan,kd_tree,20,1.0,0.14562574307079665
1,0.092,10.0,4,manhattan,kd_tree,20,2.0,0.14562574307079665
1,0.092,10.0,4,manhattan,kd_tree,30,,0.14562574307079665
1,0.092,10.0,4,manhattan,kd_tree,30,1.0,0.14562574307079665
1,0.092,10.0,4,manhattan,kd_tree,30,2.0,0.14562574307079665
1,0.092,10.0,4,manhattan,kd_tree,40,,0.14562574307079665
1,0.092,10.0,4,manhattan,kd_tree,40,1.0,0.14562574307079665
1,0.092,10.0,4,manhattan,kd_tree,40,2.0,0.14562574307079665
1,0.092,10.0,4,manhattan,kd_tree,50,,0.14562574307079665
1,0.092,10.0,4,manhattan,kd_tree,50,1.0,0.14562574307079665
1,0.092,10.0,4,manhattan,kd_tree,50,2.0,0.14562574307079665
1,0.092,10.0,4,manhattan,brute,10,,0.14562574307079665
1,0.092,10.0,4,manhattan,brute,10,1.0,0.14562574307079665
1,0.092,10.0,4,manhattan,brute,10,2.0,0.14562574307079665
1,0.092,10.0,4,manhattan,brute,20,,0.14562574307079665
1,0.092,10.0,4,manhattan,brute,20,1.0,0.14562574307079665
1,0.092,10.0,4,manhattan,brute,20,2.0,0.14562574307079665
1,0.092,10.0,4,manhattan,brute,30,,0.14562574307079665
1,0.092,10.0,4,manhattan,brute,30,1.0,0.14562574307079665
1,0.092,10.0,4,manhattan,brute,30,2.0,0.14562574307079665
1,0.092,10.0,4,manhattan,brute,40,,0.14562574307079665
1,0.092,10.0,4,manhattan,brute,40,1.0,0.14562574307079665
1,0.092,10.0,4,manhattan,brute,40,2.0,0.14562574307079665
1,0.092,10.0,4,manhattan,brute,50,,0.14562574307079665
1,0.092,10.0,4,manhattan,brute,50,1.0,0.14562574307079665
1,0.092,10.0,4,manhattan,brute,50,2.0,0.14562574307079665
1,0.0,10.0,5,euclidean,auto,10,,-1.0
1,0.0,10.0,5,euclidean,auto,10,1.0,-1.0
1,0.0,10.0,5,euclidean,auto,10,2.0,-1.0
1,0.0,10.0,5,euclidean,auto,20,,-1.0
1,0.0,10.0,5,euclidean,auto,20,1.0,-1.0
1,0.0,10.0,5,euclidean,auto,20,2.0,-1.0
1,0.0,10.0,5,euclidean,auto,30,,-1.0
1,0.0,10.0,5,euclidean,auto,30,1.0,-1.0
1,0.0,10.0,5,euclidean,auto,30,2.0,-1.0
1,0.0,10.0,5,euclidean,auto,40,,-1.0
1,0.0,10.0,5,euclidean,auto,40,1.0,-1.0
1,0.0,10.0,5,euclidean,auto,40,2.0,-1.0
1,0.0,10.0,5,euclidean,auto,50,,-1.0
1,0.0,10.0,5,euclidean,auto,50,1.0,-1.0
1,0.0,10.0,5,euclidean,auto,50,2.0,-1.0
1,0.0,10.0,5,euclidean,ball_tree,10,,-1.0
1,0.0,10.0,5,euclidean,ball_tree,10,1.0,-1.0
1,0.0,10.0,5,euclidean,ball_tree,10,2.0,-1.0
1,0.0,10.0,5,euclidean,ball_tree,20,,-1.0
1,0.0,10.0,5,euclidean,ball_tree,20,1.0,-1.0
1,0.0,10.0,5,euclidean,ball_tree,20,2.0,-1.0
1,0.0,10.0,5,euclidean,ball_tree,30,,-1.0
1,0.0,10.0,5,euclidean,ball_tree,30,1.0,-1.0
1,0.0,10.0,5,euclidean,ball_tree,30,2.0,-1.0
1,0.0,10.0,5,euclidean,ball_tree,40,,-1.0
1,0.0,10.0,5,euclidean,ball_tree,40,1.0,-1.0
1,0.0,10.0,5,euclidean,ball_tree,40,2.0,-1.0
1,0.0,10.0,5,euclidean,ball_tree,50,,-1.0
1,0.0,10.0,5,euclidean,ball_tree,50,1.0,-1.0
1,0.0,10.0,5,euclidean,ball_tree,50,2.0,-1.0
1,0.0,10.0,5,euclidean,kd_tree,10,,-1.0
1,0.0,10.0,5,euclidean,kd_tree,10,1.0,-1.0
1,0.0,10.0,5,euclidean,kd_tree,10,2.0,-1.0
1,0.0,10.0,5,euclidean,kd_tree,20,,-1.0
1,0.0,10.0,5,euclidean,kd_tree,20,1.0,-1.0
1,0.0,10.0,5,euclidean,kd_tree,20,2.0,-1.0
1,0.0,10.0,5,euclidean,kd_tree,30,,-1.0
1,0.0,10.0,5,euclidean,kd_tree,30,1.0,-1.0
1,0.0,10.0,5,euclidean,kd_tree,30,2.0,-1.0
1,0.0,10.0,5,euclidean,kd_tree,40,,-1.0
1,0.0,10.0,5,euclidean,kd_tree,40,1.0,-1.0
1,0.0,10.0,5,euclidean,kd_tree,40,2.0,-1.0
1,0.0,10.0,5,euclidean,kd_tree,50,,-1.0
1,0.0,10.0,5,euclidean,kd_tree,50,1.0,-1.0
1,0.0,10.0,5,euclidean,kd_tree,50,2.0,-1.0
1,0.0,10.0,5,euclidean,brute,10,,-1.0
1,0.0,10.0,5,euclidean,brute,10,1.0,-1.0
1,0.0,10.0,5,euclidean,brute,10,2.0,-1.0
1,0.0,10.0,5,euclidean,brute,20,,-1.0
1,0.0,10.0,5,euclidean,brute,20,1.0,-1.0
1,0.0,10.0,5,euclidean,brute,20,2.0,-1.0
1,0.0,10.0,5,euclidean,brute,30,,-1.0
1,0.0,10.0,5,euclidean,brute,30,1.0,-1.0
1,0.0,10.0,5,euclidean,brute,30,2.0,-1.0
1,0.0,10.0,5,euclidean,brute,40,,-1.0
1,0.0,10.0,5,euclidean,brute,40,1.0,-1.0
1,0.0,10.0,5,euclidean,brute,40,2.0,-1.0
1,0.0,10.0,5,euclidean,brute,50,,-1.0
1,0.0,10.0,5,euclidean,brute,50,1.0,-1.0
1,0.0,10.0,5,euclidean,brute,50,2.0,-1.0
1,0.096,10.0,5,manhattan,auto,10,,0.14494537638076588
1,0.096,10.0,5,manhattan,auto,10,1.0,0.14494537638076588
1,0.096,10.0,5,manhattan,auto,10,2.0,0.14494537638076588
1,0.096,10.0,5,manhattan,auto,20,,0.14494537638076588
1,0.096,10.0,5,manhattan,auto,20,1.0,0.14494537638076588
1,0.096,10.0,5,manhattan,auto,20,2.0,0.14494537638076588
1,0.096,10.0,5,manhattan,auto,30,,0.14494537638076588
1,0.096,10.0,5,manhattan,auto,30,1.0,0.14494537638076588
1,0.096,10.0,5,manhattan,auto,30,2.0,0.14494537638076588
1,0.096,10.0,5,manhattan,auto,40,,0.14494537638076588
1,0.096,10.0,5,manhattan,auto,40,1.0,0.14494537638076588
1,0.096,10.0,5,manhattan,auto,40,2.0,0.14494537638076588
1,0.096,10.0,5,manhattan,auto,50,,0.14494537638076588
1,0.096,10.0,5,manhattan,auto,50,1.0,0.14494537638076588
1,0.096,10.0,5,manhattan,auto,50,2.0,0.14494537638076588
1,0.096,10.0,5,manhattan,ball_tree,10,,0.14494537638076588
1,0.096,10.0,5,manhattan,ball_tree,10,1.0,0.14494537638076588
1,0.096,10.0,5,manhattan,ball_tree,10,2.0,0.14494537638076588
1,0.096,10.0,5,manhattan,ball_tree,20,,0.14494537638076588
1,0.096,10.0,5,manhattan,ball_tree,20,1.0,0.14494537638076588
1,0.096,10.0,5,manhattan,ball_tree,20,2.0,0.14494537638076588
1,0.096,10.0,5,manhattan,ball_tree,30,,0.14494537638076588
1,0.096,10.0,5,manhattan,ball_tree,30,1.0,0.14494537638076588
1,0.096,10.0,5,manhattan,ball_tree,30,2.0,0.14494537638076588
1,0.096,10.0,5,manhattan,ball_tree,40,,0.14494537638076588
1,0.096,10.0,5,manhattan,ball_tree,40,1.0,0.14494537638076588
1,0.096,10.0,5,manhattan,ball_tree,40,2.0,0.14494537638076588
1,0.096,10.0,5,manhattan,ball_tree,50,,0.14494537638076588
1,0.096,10.0,5,manhattan,ball_tree,50,1.0,0.14494537638076588
1,0.096,10.0,5,manhattan,ball_tree,50,2.0,0.14494537638076588
1,0.096,10.0,5,manhattan,kd_tree,10,,0.14494537638076588
1,0.096,10.0,5,manhattan,kd_tree,10,1.0,0.14494537638076588
1,0.096,10.0,5,manhattan,kd_tree,10,2.0,0.14494537638076588
1,0.096,10.0,5,manhattan,kd_tree,20,,0.14494537638076588
1,0.096,10.0,5,manhattan,kd_tree,20,1.0,0.14494537638076588
1,0.096,10.0,5,manhattan,kd_tree,20,2.0,0.14494537638076588
1,0.096,10.0,5,manhattan,kd_tree,30,,0.14494537638076588
1,0.096,10.0,5,manhattan,kd_tree,30,1.0,0.14494537638076588
1,0.096,10.0,5,manhattan,kd_tree,30,2.0,0.14494537638076588
1,0.096,10.0,5,manhattan,kd_tree,40,,0.14494537638076588
1,0.096,10.0,5,manhattan,kd_tree,40,1.0,0.14494537638076588
1,0.096,10.0,5,manhattan,kd_tree,40,2.0,0.14494537638076588
1,0.096,10.0,5,manhattan,kd_tree,50,,0.14494537638076588
1,0.096,10.0,5,manhattan,kd_tree,50,1.0,0.14494537638076588
1,0.096,10.0,5,manhattan,kd_tree,50,2.0,0.14494537638076588
1,0.096,10.0,5,manhattan,brute,10,,0.14494537638076588
1,0.096,10.0,5,manhattan,brute,10,1.0,0.14494537638076588
1,0.096,10.0,5,manhattan,brute,10,2.0,0.14494537638076588
1,0.096,10.0,5,manhattan,brute,20,,0.14494537638076588
1,0.096,10.0,5,manhattan,brute,20,1.0,0.14494537638076588
1,0.096,10.0,5,manhattan,brute,20,2.0,0.14494537638076588
1,0.096,10.0,5,manhattan,brute,30,,0.14494537638076588
1,0.096,10.0,5,manhattan,brute,30,1.0,0.14494537638076588
1,0.096,10.0,5,manhattan,brute,30,2.0,0.14494537638076588
1,0.096,10.0,5,manhattan,brute,40,,0.14494537638076588
1,0.096,10.0,5,manhattan,brute,40,1.0,0.14494537638076588
1,0.096,10.0,5,manhattan,brute,40,2.0,0.14494537638076588
1,0.096,10.0,5,manhattan,brute,50,,0.14494537638076588
1,0.096,10.0,5,manhattan,brute,50,1.0,0.14494537638076588
1,0.096,10.0,5,manhattan,brute,50,2.0,0.14494537638076588
1,0.0,10.0,6,euclidean,auto,10,,-1.0
1,0.0,10.0,6,euclidean,auto,10,1.0,-1.0
1,0.0,10.0,6,euclidean,auto,10,2.0,-1.0
1,0.0,10.0,6,euclidean,auto,20,,-1.0
1,0.0,10.0,6,euclidean,auto,20,1.0,-1.0
1,0.0,10.0,6,euclidean,auto,20,2.0,-1.0
1,0.0,10.0,6,euclidean,auto,30,,-1.0
1,0.0,10.0,6,euclidean,auto,30,1.0,-1.0
1,0.0,10.0,6,euclidean,auto,30,2.0,-1.0
1,0.0,10.0,6,euclidean,auto,40,,-1.0
1,0.0,10.0,6,euclidean,auto,40,1.0,-1.0
1,0.0,10.0,6,euclidean,auto,40,2.0,-1.0
1,0.0,10.0,6,euclidean,auto,50,,-1.0
1,0.0,10.0,6,euclidean,auto,50,1.0,-1.0
1,0.0,10.0,6,euclidean,auto,50,2.0,-1.0
1,0.0,10.0,6,euclidean,ball_tree,10,,-1.0
1,0.0,10.0,6,euclidean,ball_tree,10,1.0,-1.0
1,0.0,10.0,6,euclidean,ball_tree,10,2.0,-1.0
1,0.0,10.0,6,euclidean,ball_tree,20,,-1.0
1,0.0,10.0,6,euclidean,ball_tree,20,1.0,-1.0
1,0.0,10.0,6,euclidean,ball_tree,20,2.0,-1.0
1,0.0,10.0,6,euclidean,ball_tree,30,,-1.0
1,0.0,10.0,6,euclidean,ball_tree,30,1.0,-1.0
1,0.0,10.0,6,euclidean,ball_tree,30,2.0,-1.0
1,0.0,10.0,6,euclidean,ball_tree,40,,-1.0
1,0.0,10.0,6,euclidean,ball_tree,40,1.0,-1.0
1,0.0,10.0,6,euclidean,ball_tree,40,2.0,-1.0
1,0.0,10.0,6,euclidean,ball_tree,50,,-1.0
1,0.0,10.0,6,euclidean,ball_tree,50,1.0,-1.0
1,0.0,10.0,6,euclidean,ball_tree,50,2.0,-1.0
1,0.0,10.0,6,euclidean,kd_tree,10,,-1.0
1,0.0,10.0,6,euclidean,kd_tree,10,1.0,-1.0
1,0.0,10.0,6,euclidean,kd_tree,10,2.0,-1.0
1,0.0,10.0,6,euclidean,kd_tree,20,,-1.0
1,0.0,10.0,6,euclidean,kd_tree,20,1.0,-1.0
1,0.0,10.0,6,euclidean,kd_tree,20,2.0,-1.0
1,0.0,10.0,6,euclidean,kd_tree,30,,-1.0
1,0.0,10.0,6,euclidean,kd_tree,30,1.0,-1.0
1,0.0,10.0,6,euclidean,kd_tree,30,2.0,-1.0
1,0.0,10.0,6,euclidean,kd_tree,40,,-1.0
1,0.0,10.0,6,euclidean,kd_tree,40,1.0,-1.0
1,0.0,10.0,6,euclidean,kd_tree,40,2.0,-1.0
1,0.0,10.0,6,euclidean,kd_tree,50,,-1.0
1,0.0,10.0,6,euclidean,kd_tree,50,1.0,-1.0
1,0.0,10.0,6,euclidean,kd_tree,50,2.0,-1.0
1,0.0,10.0,6,euclidean,brute,10,,-1.0
1,0.0,10.0,6,euclidean,brute,10,1.0,-1.0
1,0.0,10.0,6,euclidean,brute,10,2.0,-1.0
1,0.0,10.0,6,euclidean,brute,20,,-1.0
1,0.0,10.0,6,euclidean,brute,20,1.0,-1.0
1,0.0,10.0,6,euclidean,brute,20,2.0,-1.0
1,0.0,10.0,6,euclidean,brute,30,,-1.0
1,0.0,10.0,6,euclidean,brute,30,1.0,-1.0
1,0.0,10.0,6,euclidean,brute,30,2.0,-1.0
1,0.0,10.0,6,euclidean,brute,40,,-1.0
1,0.0,10.0,6,euclidean,brute,40,1.0,-1.0
1,0.0,10.0,6,euclidean,brute,40,2.0,-1.0
1,0.0,10.0,6,euclidean,brute,50,,-1.0
1,0.0,10.0,6,euclidean,brute,50,1.0,-1.0
1,0.0,10.0,6,euclidean,brute,50,2.0,-1.0
1,0.111,10.0,6,manhattan,auto,10,,0.14317105892735066
1,0.111,10.0,6,manhattan,auto,10,1.0,0.14317105892735066
1,0.111,10.0,6,manhattan,auto,10,2.0,0.14317105892735066
1,0.111,10.0,6,manhattan,auto,20,,0.14317105892735066
1,0.111,10.0,6,manhattan,auto,20,1.0,0.14317105892735066
1,0.111,10.0,6,manhattan,auto,20,2.0,0.14317105892735066
1,0.111,10.0,6,manhattan,auto,30,,0.14317105892735066
1,0.111,10.0,6,manhattan,auto,30,1.0,0.14317105892735066
1,0.111,10.0,6,manhattan,auto,30,2.0,0.14317105892735066
1,0.111,10.0,6,manhattan,auto,40,,0.14317105892735066
1,0.111,10.0,6,manhattan,auto,40,1.0,0.14317105892735066
1,0.111,10.0,6,manhattan,auto,40,2.0,0.14317105892735066
1,0.111,10.0,6,manhattan,auto,50,,0.14317105892735066
1,0.111,10.0,6,manhattan,auto,50,1.0,0.14317105892735066
1,0.111,10.0,6,manhattan,auto,50,2.0,0.14317105892735066
1,0.111,10.0,6,manhattan,ball_tree,10,,0.14317105892735066
1,0.111,10.0,6,manhattan,ball_tree,10,1.0,0.14317105892735066
1,0.111,10.0,6,manhattan,ball_tree,10,2.0,0.14317105892735066
1,0.111,10.0,6,manhattan,ball_tree,20,,0.14317105892735066
1,0.111,10.0,6,manhattan,ball_tree,20,1.0,0.14317105892735066
1,0.111,10.0,6,manhattan,ball_tree,20,2.0,0.14317105892735066
1,0.111,10.0,6,manhattan,ball_tree,30,,0.14317105892735066
1,0.111,10.0,6,manhattan,ball_tree,30,1.0,0.14317105892735066
1,0.111,10.0,6,manhattan,ball_tree,30,2.0,0.14317105892735066
1,0.111,10.0,6,manhattan,ball_tree,40,,0.14317105892735066
1,0.111,10.0,6,manhattan,ball_tree,40,1.0,0.14317105892735066
1,0.111,10.0,6,manhattan,ball_tree,40,2.0,0.14317105892735066
1,0.111,10.0,6,manhattan,ball_tree,50,,0.14317105892735066
1,0.111,10.0,6,manhattan,ball_tree,50,1.0,0.14317105892735066
1,0.111,10.0,6,manhattan,ball_tree,50,2.0,0.14317105892735066
1,0.111,10.0,6,manhattan,kd_tree,10,,0.14317105892735066
1,0.111,10.0,6,manhattan,kd_tree,10,1.0,0.14317105892735066
1,0.111,10.0,6,manhattan,kd_tree,10,2.0,0.14317105892735066
1,0.111,10.0,6,manhattan,kd_tree,20,,0.14317105892735066
1,0.111,10.0,6,manhattan,kd_tree,20,1.0,0.14317105892735066
1,0.111,10.0,6,manhattan,kd_tree,20,2.0,0.14317105892735066
1,0.111,10.0,6,manhattan,kd_tree,30,,0.14317105892735066
1,0.111,10.0,6,manhattan,kd_tree,30,1.0,0.14317105892735066
1,0.111,10.0,6,manhattan,kd_tree,30,2.0,0.14317105892735066
1,0.111,10.0,6,manhattan,kd_tree,40,,0.14317105892735066
1,0.111,10.0,6,manhattan,kd_tree,40,1.0,0.14317105892735066
1,0.111,10.0,6,manhattan,kd_tree,40,2.0,0.14317105892735066
1,0.111,10.0,6,manhattan,kd_tree,50,,0.14317105892735066
1,0.111,10.0,6,manhattan,kd_tree,50,1.0,0.14317105892735066
1,0.111,10.0,6,manhattan,kd_tree,50,2.0,0.14317105892735066
1,0.111,10.0,6,manhattan,brute,10,,0.14317105892735066
1,0.111,10.0,6,manhattan,brute,10,1.0,0.14317105892735066
1,0.111,10.0,6,manhattan,brute,10,2.0,0.14317105892735066
1,0.111,10.0,6,manhattan,brute,20,,0.14317105892735066
1,0.111,10.0,6,manhattan,brute,20,1.0,0.14317105892735066
1,0.111,10.0,6,manhattan,brute,20,2.0,0.14317105892735066
1,0.111,10.0,6,manhattan,brute,30,,0.14317105892735066
1,0.111,10.0,6,manhattan,brute,30,1.0,0.14317105892735066
1,0.111,10.0,6,manhattan,brute,30,2.0,0.14317105892735066
1,0.111,10.0,6,manhattan,brute,40,,0.14317105892735066
1,0.111,10.0,6,manhattan,brute,40,1.0,0.14317105892735066
1,0.111,10.0,6,manhattan,brute,40,2.0,0.14317105892735066
1,0.111,10.0,6,manhattan,brute,50,,0.14317105892735066
1,0.111,10.0,6,manhattan,brute,50,1.0,0.14317105892735066
1,0.111,10.0,6,manhattan,brute,50,2.0,0.14317105892735066
1,0.0,10.0,7,euclidean,auto,10,,-1.0
1,0.0,10.0,7,euclidean,auto,10,1.0,-1.0
1,0.0,10.0,7,euclidean,auto,10,2.0,-1.0
1,0.0,10.0,7,euclidean,auto,20,,-1.0
1,0.0,10.0,7,euclidean,auto,20,1.0,-1.0
1,0.0,10.0,7,euclidean,auto,20,2.0,-1.0
1,0.0,10.0,7,euclidean,auto,30,,-1.0
1,0.0,10.0,7,euclidean,auto,30,1.0,-1.0
1,0.0,10.0,7,euclidean,auto,30,2.0,-1.0
1,0.0,10.0,7,euclidean,auto,40,,-1.0
1,0.0,10.0,7,euclidean,auto,40,1.0,-1.0
1,0.0,10.0,7,euclidean,auto,40,2.0,-1.0
1,0.0,10.0,7,euclidean,auto,50,,-1.0
1,0.0,10.0,7,euclidean,auto,50,1.0,-1.0
1,0.0,10.0,7,euclidean,auto,50,2.0,-1.0
1,0.0,10.0,7,euclidean,ball_tree,10,,-1.0
1,0.0,10.0,7,euclidean,ball_tree,10,1.0,-1.0
1,0.0,10.0,7,euclidean,ball_tree,10,2.0,-1.0
1,0.0,10.0,7,euclidean,ball_tree,20,,-1.0
1,0.0,10.0,7,euclidean,ball_tree,20,1.0,-1.0
1,0.0,10.0,7,euclidean,ball_tree,20,2.0,-1.0
1,0.0,10.0,7,euclidean,ball_tree,30,,-1.0
1,0.0,10.0,7,euclidean,ball_tree,30,1.0,-1.0
1,0.0,10.0,7,euclidean,ball_tree,30,2.0,-1.0
1,0.0,10.0,7,euclidean,ball_tree,40,,-1.0
1,0.0,10.0,7,euclidean,ball_tree,40,1.0,-1.0
1,0.0,10.0,7,euclidean,ball_tree,40,2.0,-1.0
1,0.0,10.0,7,euclidean,ball_tree,50,,-1.0
1,0.0,10.0,7,euclidean,ball_tree,50,1.0,-1.0
1,0.0,10.0,7,euclidean,ball_tree,50,2.0,-1.0
1,0.0,10.0,7,euclidean,kd_tree,10,,-1.0
1,0.0,10.0,7,euclidean,kd_tree,10,1.0,-1.0
1,0.0,10.0,7,euclidean,kd_tree,10,2.0,-1.0
1,0.0,10.0,7,euclidean,kd_tree,20,,-1.0
1,0.0,10.0,7,euclidean,kd_tree,20,1.0,-1.0
1,0.0,10.0,7,euclidean,kd_tree,20,2.0,-1.0
1,0.0,10.0,7,euclidean,kd_tree,30,,-1.0
1,0.0,10.0,7,euclidean,kd_tree,30,1.0,-1.0
1,0.0,10.0,7,euclidean,kd_tree,30,2.0,-1.0
1,0.0,10.0,7,euclidean,kd_tree,40,,-1.0
1,0.0,10.0,7,euclidean,kd_tree,40,1.0,-1.0
1,0.0,10.0,7,euclidean,kd_tree,40,2.0,-1.0
1,0.0,10.0,7,euclidean,kd_tree,50,,-1.0
1,0.0,10.0,7,euclidean,kd_tree,50,1.0,-1.0
1,0.0,10.0,7,euclidean,kd_tree,50,2.0,-1.0
1,0.0,10.0,7,euclidean,brute,10,,-1.0
1,0.0,10.0,7,euclidean,brute,10,1.0,-1.0
1,0.0,10.0,7,euclidean,brute,10,2.0,-1.0
1,0.0,10.0,7,euclidean,brute,20,,-1.0
1,0.0,10.0,7,euclidean,brute,20,1.0,-1.0
1,0.0,10.0,7,euclidean,brute,20,2.0,-1.0
1,0.0,10.0,7,euclidean,brute,30,,-1.0
1,0.0,10.0,7,euclidean,brute,30,1.0,-1.0
1,0.0,10.0,7,euclidean,brute,30,2.0,-1.0
1,0.0,10.0,7,euclidean,brute,40,,-1.0
1,0.0,10.0,7,euclidean,brute,40,1.0,-1.0
1,0.0,10.0,7,euclidean,brute,40,2.0,-1.0
1,0.0,10.0,7,euclidean,brute,50,,-1.0
1,0.0,10.0,7,euclidean,brute,50,1.0,-1.0
1,0.0,10.0,7,euclidean,brute,50,2.0,-1.0
1,0.12,10.0,7,manhattan,auto,10,,0.14210623086957133
1,0.12,10.0,7,manhattan,auto,10,1.0,0.14210623086957133
1,0.12,10.0,7,manhattan,auto,10,2.0,0.14210623086957133
1,0.12,10.0,7,manhattan,auto,20,,0.14210623086957133
1,0.12,10.0,7,manhattan,auto,20,1.0,0.14210623086957133
1,0.12,10.0,7,manhattan,auto,20,2.0,0.14210623086957133
1,0.12,10.0,7,manhattan,auto,30,,0.14210623086957133
1,0.12,10.0,7,manhattan,auto,30,1.0,0.14210623086957133
1,0.12,10.0,7,manhattan,auto,30,2.0,0.14210623086957133
1,0.12,10.0,7,manhattan,auto,40,,0.14210623086957133
1,0.12,10.0,7,manhattan,auto,40,1.0,0.14210623086957133
1,0.12,10.0,7,manhattan,auto,40,2.0,0.14210623086957133
1,0.12,10.0,7,manhattan,auto,50,,0.14210623086957133
1,0.12,10.0,7,manhattan,auto,50,1.0,0.14210623086957133
1,0.12,10.0,7,manhattan,auto,50,2.0,0.14210623086957133
1,0.12,10.0,7,manhattan,ball_tree,10,,0.14210623086957133
1,0.12,10.0,7,manhattan,ball_tree,10,1.0,0.14210623086957133
1,0.12,10.0,7,manhattan,ball_tree,10,2.0,0.14210623086957133
1,0.12,10.0,7,manhattan,ball_tree,20,,0.14210623086957133
1,0.12,10.0,7,manhattan,ball_tree,20,1.0,0.14210623086957133
1,0.12,10.0,7,manhattan,ball_tree,20,2.0,0.14210623086957133
1,0.12,10.0,7,manhattan,ball_tree,30,,0.14210623086957133
1,0.12,10.0,7,manhattan,ball_tree,30,1.0,0.14210623086957133
1,0.12,10.0,7,manhattan,ball_tree,30,2.0,0.14210623086957133
1,0.12,10.0,7,manhattan,ball_tree,40,,0.14210623086957133
1,0.12,10.0,7,manhattan,ball_tree,40,1.0,0.14210623086957133
1,0.12,10.0,7,manhattan,ball_tree,40,2.0,0.14210623086957133
1,0.12,10.0,7,manhattan,ball_tree,50,,0.14210623086957133
1,0.12,10.0,7,manhattan,ball_tree,50,1.0,0.14210623086957133
1,0.12,10.0,7,manhattan,ball_tree,50,2.0,0.14210623086957133
1,0.12,10.0,7,manhattan,kd_tree,10,,0.14210623086957133
1,0.12,10.0,7,manhattan,kd_tree,10,1.0,0.14210623086957133
1,0.12,10.0,7,manhattan,kd_tree,10,2.0,0.14210623086957133
1,0.12,10.0,7,manhattan,kd_tree,20,,0.14210623086957133
1,0.12,10.0,7,manhattan,kd_tree,20,1.0,0.14210623086957133
1,0.12,10.0,7,manhattan,kd_tree,20,2.0,0.14210623086957133
1,0.12,10.0,7,manhattan,kd_tree,30,,0.14210623086957133
1,0.12,10.0,7,manhattan,kd_tree,30,1.0,0.14210623086957133
1,0.12,10.0,7,manhattan,kd_tree,30,2.0,0.14210623086957133
1,0.12,10.0,7,manhattan,kd_tree,40,,0.14210623086957133
1,0.12,10.0,7,manhattan,kd_tree,40,1.0,0.14210623086957133
1,0.12,10.0,7,manhattan,kd_tree,40,2.0,0.14210623086957133
1,0.12,10.0,7,manhattan,kd_tree,50,,0.14210623086957133
1,0.12,10.0,7,manhattan,kd_tree,50,1.0,0.14210623086957133
1,0.12,10.0,7,manhattan,kd_tree,50,2.0,0.14210623086957133
1,0.12,10.0,7,manhattan,brute,10,,0.14210623086957133
1,0.12,10.0,7,manhattan,brute,10,1.0,0.14210623086957133
1,0.12,10.0,7,manhattan,brute,10,2.0,0.14210623086957133
1,0.12,10.0,7,manhattan,brute,20,,0.14210623086957133
1,0.12,10.0,7,manhattan,brute,20,1.0,0.14210623086957133
1,0.12,10.0,7,manhattan,brute,20,2.0,0.14210623086957133
1,0.12,10.0,7,manhattan,brute,30,,0.14210623086957133
1,0.12,10.0,7,manhattan,brute,30,1.0,0.14210623086957133
1,0.12,10.0,7,manhattan,brute,30,2.0,0.14210623086957133
1,0.12,10.0,7,manhattan,brute,40,,0.14210623086957133
1,0.12,10.0,7,manhattan,brute,40,1.0,0.14210623086957133
1,0.12,10.0,7,manhattan,brute,40,2.0,0.14210623086957133
1,0.12,10.0,7,manhattan,brute,50,,0.14210623086957133
1,0.12,10.0,7,manhattan,brute,50,1.0,0.14210623086957133
1,0.12,10.0,7,manhattan,brute,50,2.0,0.14210623086957133
1,0.0,10.0,8,euclidean,auto,10,,-1.0
1,0.0,10.0,8,euclidean,auto,10,1.0,-1.0
1,0.0,10.0,8,euclidean,auto,10,2.0,-1.0
1,0.0,10.0,8,euclidean,auto,20,,-1.0
1,0.0,10.0,8,euclidean,auto,20,1.0,-1.0
1,0.0,10.0,8,euclidean,auto,20,2.0,-1.0
1,0.0,10.0,8,euclidean,auto,30,,-1.0
1,0.0,10.0,8,euclidean,auto,30,1.0,-1.0
1,0.0,10.0,8,euclidean,auto,30,2.0,-1.0
1,0.0,10.0,8,euclidean,auto,40,,-1.0
1,0.0,10.0,8,euclidean,auto,40,1.0,-1.0
1,0.0,10.0,8,euclidean,auto,40,2.0,-1.0
1,0.0,10.0,8,euclidean,auto,50,,-1.0
1,0.0,10.0,8,euclidean,auto,50,1.0,-1.0
1,0.0,10.0,8,euclidean,auto,50,2.0,-1.0
1,0.0,10.0,8,euclidean,ball_tree,10,,-1.0
1,0.0,10.0,8,euclidean,ball_tree,10,1.0,-1.0
1,0.0,10.0,8,euclidean,ball_tree,10,2.0,-1.0
1,0.0,10.0,8,euclidean,ball_tree,20,,-1.0
1,0.0,10.0,8,euclidean,ball_tree,20,1.0,-1.0
1,0.0,10.0,8,euclidean,ball_tree,20,2.0,-1.0
1,0.0,10.0,8,euclidean,ball_tree,30,,-1.0
1,0.0,10.0,8,euclidean,ball_tree,30,1.0,-1.0
1,0.0,10.0,8,euclidean,ball_tree,30,2.0,-1.0
1,0.0,10.0,8,euclidean,ball_tree,40,,-1.0
1,0.0,10.0,8,euclidean,ball_tree,40,1.0,-1.0
1,0.0,10.0,8,euclidean,ball_tree,40,2.0,-1.0
1,0.0,10.0,8,euclidean,ball_tree,50,,-1.0
1,0.0,10.0,8,euclidean,ball_tree,50,1.0,-1.0
1,0.0,10.0,8,euclidean,ball_tree,50,2.0,-1.0
1,0.0,10.0,8,euclidean,kd_tree,10,,-1.0
1,0.0,10.0,8,euclidean,kd_tree,10,1.0,-1.0
1,0.0,10.0,8,euclidean,kd_tree,10,2.0,-1.0
1,0.0,10.0,8,euclidean,kd_tree,20,,-1.0
1,0.0,10.0,8,euclidean,kd_tree,20,1.0,-1.0
1,0.0,10.0,8,euclidean,kd_tree,20,2.0,-1.0
1,0.0,10.0,8,euclidean,kd_tree,30,,-1.0
1,0.0,10.0,8,euclidean,kd_tree,30,1.0,-1.0
1,0.0,10.0,8,euclidean,kd_tree,30,2.0,-1.0
1,0.0,10.0,8,euclidean,kd_tree,40,,-1.0
1,0.0,10.0,8,euclidean,kd_tree,40,1.0,-1.0
1,0.0,10.0,8,euclidean,kd_tree,40,2.0,-1.0
1,0.0,10.0,8,euclidean,kd_tree,50,,-1.0
1,0.0,10.0,8,euclidean,kd_tree,50,1.0,-1.0
1,0.0,10.0,8,euclidean,kd_tree,50,2.0,-1.0
1,0.0,10.0,8,euclidean,brute,10,,-1.0
1,0.0,10.0,8,euclidean,brute,10,1.0,-1.0
1,0.0,10.0,8,euclidean,brute,10,2.0,-1.0
1,0.0,10.0,8,euclidean,brute,20,,-1.0
1,0.0,10.0,8,euclidean,brute,20,1.0,-1.0
1,0.0,10.0,8,euclidean,brute,20,2.0,-1.0
1,0.0,10.0,8,euclidean,brute,30,,-1.0
1,0.0,10.0,8,euclidean,brute,30,1.0,-1.0
1,0.0,10.0,8,euclidean,brute,30,2.0,-1.0
1,0.0,10.0,8,euclidean,brute,40,,-1.0
1,0.0,10.0,8,euclidean,brute,40,1.0,-1.0
1,0.0,10.0,8,euclidean,brute,40,2.0,-1.0
1,0.0,10.0,8,euclidean,brute,50,,-1.0
1,0.0,10.0,8,euclidean,brute,50,1.0,-1.0
1,0.0,10.0,8,euclidean,brute,50,2.0,-1.0
1,0.138,10.0,8,manhattan,auto,10,,0.14577222748827617
1,0.138,10.0,8,manhattan,auto,10,1.0,0.14577222748827617
1,0.138,10.0,8,manhattan,auto,10,2.0,0.14577222748827617
1,0.138,10.0,8,manhattan,auto,20,,0.14577222748827617
1,0.138,10.0,8,manhattan,auto,20,1.0,0.14577222748827617
1,0.138,10.0,8,manhattan,auto,20,2.0,0.14577222748827617
1,0.138,10.0,8,manhattan,auto,30,,0.14577222748827617
1,0.138,10.0,8,manhattan,auto,30,1.0,0.14577222748827617
1,0.138,10.0,8,manhattan,auto,30,2.0,0.14577222748827617
1,0.138,10.0,8,manhattan,auto,40,,0.14577222748827617
1,0.138,10.0,8,manhattan,auto,40,1.0,0.14577222748827617
1,0.138,10.0,8,manhattan,auto,40,2.0,0.14577222748827617
1,0.138,10.0,8,manhattan,auto,50,,0.14577222748827617
1,0.138,10.0,8,manhattan,auto,50,1.0,0.14577222748827617
1,0.138,10.0,8,manhattan,auto,50,2.0,0.14577222748827617
1,0.138,10.0,8,manhattan,ball_tree,10,,0.14577222748827617
1,0.138,10.0,8,manhattan,ball_tree,10,1.0,0.14577222748827617
1,0.138,10.0,8,manhattan,ball_tree,10,2.0,0.14577222748827617
1,0.138,10.0,8,manhattan,ball_tree,20,,0.14577222748827617
1,0.138,10.0,8,manhattan,ball_tree,20,1.0,0.14577222748827617
1,0.138,10.0,8,manhattan,ball_tree,20,2.0,0.14577222748827617
1,0.138,10.0,8,manhattan,ball_tree,30,,0.14577222748827617
1,0.138,10.0,8,manhattan,ball_tree,30,1.0,0.14577222748827617
1,0.138,10.0,8,manhattan,ball_tree,30,2.0,0.14577222748827617
1,0.138,10.0,8,manhattan,ball_tree,40,,0.14577222748827617
1,0.138,10.0,8,manhattan,ball_tree,40,1.0,0.14577222748827617
1,0.138,10.0,8,manhattan,ball_tree,40,2.0,0.14577222748827617
1,0.138,10.0,8,manhattan,ball_tree,50,,0.14577222748827617
1,0.138,10.0,8,manhattan,ball_tree,50,1.0,0.14577222748827617
1,0.138,10.0,8,manhattan,ball_tree,50,2.0,0.14577222748827617
1,0.138,10.0,8,manhattan,kd_tree,10,,0.14577222748827617
1,0.138,10.0,8,manhattan,kd_tree,10,1.0,0.14577222748827617
1,0.138,10.0,8,manhattan,kd_tree,10,2.0,0.14577222748827617
1,0.138,10.0,8,manhattan,kd_tree,20,,0.14577222748827617
1,0.138,10.0,8,manhattan,kd_tree,20,1.0,0.14577222748827617
1,0.138,10.0,8,manhattan,kd_tree,20,2.0,0.14577222748827617
1,0.138,10.0,8,manhattan,kd_tree,30,,0.14577222748827617
1,0.138,10.0,8,manhattan,kd_tree,30,1.0,0.14577222748827617
1,0.138,10.0,8,manhattan,kd_tree,30,2.0,0.14577222748827617
1,0.138,10.0,8,manhattan,kd_tree,40,,0.14577222748827617
1,0.138,10.0,8,manhattan,kd_tree,40,1.0,0.14577222748827617
1,0.138,10.0,8,manhattan,kd_tree,40,2.0,0.14577222748827617
1,0.138,10.0,8,manhattan,kd_tree,50,,0.14577222748827617
1,0.138,10.0,8,manhattan,kd_tree,50,1.0,0.14577222748827617
1,0.138,10.0,8,manhattan,kd_tree,50,2.0,0.14577222748827617
1,0.138,10.0,8,manhattan,brute,10,,0.14577222748827617
1,0.138,10.0,8,manhattan,brute,10,1.0,0.14577222748827617
1,0.138,10.0,8,manhattan,brute,10,2.0,0.14577222748827617
1,0.138,10.0,8,manhattan,brute,20,,0.14577222748827617
1,0.138,10.0,8,manhattan,brute,20,1.0,0.14577222748827617
1,0.138,10.0,8,manhattan,brute,20,2.0,0.14577222748827617
1,0.138,10.0,8,manhattan,brute,30,,0.14577222748827617
1,0.138,10.0,8,manhattan,brute,30,1.0,0.14577222748827617
1,0.138,10.0,8,manhattan,brute,30,2.0,0.14577222748827617
1,0.138,10.0,8,manhattan,brute,40,,0.14577222748827617
1,0.138,10.0,8,manhattan,brute,40,1.0,0.14577222748827617
1,0.138,10.0,8,manhattan,brute,40,2.0,0.14577222748827617
1,0.138,10.0,8,manhattan,brute,50,,0.14577222748827617
1,0.138,10.0,8,manhattan,brute,50,1.0,0.14577222748827617
1,0.138,10.0,8,manhattan,brute,50,2.0,0.14577222748827617
1,0.0,10.0,9,euclidean,auto,10,,-1.0
1,0.0,10.0,9,euclidean,auto,10,1.0,-1.0
1,0.0,10.0,9,euclidean,auto,10,2.0,-1.0
1,0.0,10.0,9,euclidean,auto,20,,-1.0
1,0.0,10.0,9,euclidean,auto,20,1.0,-1.0
1,0.0,10.0,9,euclidean,auto,20,2.0,-1.0
1,0.0,10.0,9,euclidean,auto,30,,-1.0
1,0.0,10.0,9,euclidean,auto,30,1.0,-1.0
1,0.0,10.0,9,euclidean,auto,30,2.0,-1.0
1,0.0,10.0,9,euclidean,auto,40,,-1.0
1,0.0,10.0,9,euclidean,auto,40,1.0,-1.0
1,0.0,10.0,9,euclidean,auto,40,2.0,-1.0
1,0.0,10.0,9,euclidean,auto,50,,-1.0
1,0.0,10.0,9,euclidean,auto,50,1.0,-1.0
1,0.0,10.0,9,euclidean,auto,50,2.0,-1.0
1,0.0,10.0,9,euclidean,ball_tree,10,,-1.0
1,0.0,10.0,9,euclidean,ball_tree,10,1.0,-1.0
1,0.0,10.0,9,euclidean,ball_tree,10,2.0,-1.0
1,0.0,10.0,9,euclidean,ball_tree,20,,-1.0
1,0.0,10.0,9,euclidean,ball_tree,20,1.0,-1.0
1,0.0,10.0,9,euclidean,ball_tree,20,2.0,-1.0
1,0.0,10.0,9,euclidean,ball_tree,30,,-1.0
1,0.0,10.0,9,euclidean,ball_tree,30,1.0,-1.0
1,0.0,10.0,9,euclidean,ball_tree,30,2.0,-1.0
1,0.0,10.0,9,euclidean,ball_tree,40,,-1.0
1,0.0,10.0,9,euclidean,ball_tree,40,1.0,-1.0
1,0.0,10.0,9,euclidean,ball_tree,40,2.0,-1.0
1,0.0,10.0,9,euclidean,ball_tree,50,,-1.0
1,0.0,10.0,9,euclidean,ball_tree,50,1.0,-1.0
1,0.0,10.0,9,euclidean,ball_tree,50,2.0,-1.0
1,0.0,10.0,9,euclidean,kd_tree,10,,-1.0
1,0.0,10.0,9,euclidean,kd_tree,10,1.0,-1.0
1,0.0,10.0,9,euclidean,kd_tree,10,2.0,-1.0
1,0.0,10.0,9,euclidean,kd_tree,20,,-1.0
1,0.0,10.0,9,euclidean,kd_tree,20,1.0,-1.0
1,0.0,10.0,9,euclidean,kd_tree,20,2.0,-1.0
1,0.0,10.0,9,euclidean,kd_tree,30,,-1.0
1,0.0,10.0,9,euclidean,kd_tree,30,1.0,-1.0
1,0.0,10.0,9,euclidean,kd_tree,30,2.0,-1.0
1,0.0,10.0,9,euclidean,kd_tree,40,,-1.0
1,0.0,10.0,9,euclidean,kd_tree,40,1.0,-1.0
1,0.0,10.0,9,euclidean,kd_tree,40,2.0,-1.0
1,0.0,10.0,9,euclidean,kd_tree,50,,-1.0
1,0.0,10.0,9,euclidean,kd_tree,50,1.0,-1.0
1,0.0,10.0,9,euclidean,kd_tree,50,2.0,-1.0
1,0.0,10.0,9,euclidean,brute,10,,-1.0
1,0.0,10.0,9,euclidean,brute,10,1.0,-1.0
1,0.0,10.0,9,euclidean,brute,10,2.0,-1.0
1,0.0,10.0,9,euclidean,brute,20,,-1.0
1,0.0,10.0,9,euclidean,brute,20,1.0,-1.0
1,0.0,10.0,9,euclidean,brute,20,2.0,-1.0
1,0.0,10.0,9,euclidean,brute,30,,-1.0
1,0.0,10.0,9,euclidean,brute,30,1.0,-1.0
1,0.0,10.0,9,euclidean,brute,30,2.0,-1.0
1,0.0,10.0,9,euclidean,brute,40,,-1.0
1,0.0,10.0,9,euclidean,brute,40,1.0,-1.0
1,0.0,10.0,9,euclidean,brute,40,2.0,-1.0
1,0.0,10.0,9,euclidean,brute,50,,-1.0
1,0.0,10.0,9,euclidean,brute,50,1.0,-1.0
1,0.0,10.0,9,euclidean,brute,50,2.0,-1.0
1,0.143,10.0,9,manhattan,auto,10,,0.1440704759457157
1,0.143,10.0,9,manhattan,auto,10,1.0,0.1440704759457157
1,0.143,10.0,9,manhattan,auto,10,2.0,0.1440704759457157
1,0.143,10.0,9,manhattan,auto,20,,0.1440704759457157
1,0.143,10.0,9,manhattan,auto,20,1.0,0.1440704759457157
1,0.143,10.0,9,manhattan,auto,20,2.0,0.1440704759457157
1,0.143,10.0,9,manhattan,auto,30,,0.1440704759457157
1,0.143,10.0,9,manhattan,auto,30,1.0,0.1440704759457157
1,0.143,10.0,9,manhattan,auto,30,2.0,0.1440704759457157
1,0.143,10.0,9,manhattan,auto,40,,0.1440704759457157
1,0.143,10.0,9,manhattan,auto,40,1.0,0.1440704759457157
1,0.143,10.0,9,manhattan,auto,40,2.0,0.1440704759457157
1,0.143,10.0,9,manhattan,auto,50,,0.1440704759457157
1,0.143,10.0,9,manhattan,auto,50,1.0,0.1440704759457157
1,0.143,10.0,9,manhattan,auto,50,2.0,0.1440704759457157
1,0.143,10.0,9,manhattan,ball_tree,10,,0.1440704759457157
1,0.143,10.0,9,manhattan,ball_tree,10,1.0,0.1440704759457157
1,0.143,10.0,9,manhattan,ball_tree,10,2.0,0.1440704759457157
1,0.143,10.0,9,manhattan,ball_tree,20,,0.1440704759457157
1,0.143,10.0,9,manhattan,ball_tree,20,1.0,0.1440704759457157
1,0.143,10.0,9,manhattan,ball_tree,20,2.0,0.1440704759457157
1,0.143,10.0,9,manhattan,ball_tree,30,,0.1440704759457157
1,0.143,10.0,9,manhattan,ball_tree,30,1.0,0.1440704759457157
1,0.143,10.0,9,manhattan,ball_tree,30,2.0,0.1440704759457157
1,0.143,10.0,9,manhattan,ball_tree,40,,0.1440704759457157
1,0.143,10.0,9,manhattan,ball_tree,40,1.0,0.1440704759457157
1,0.143,10.0,9,manhattan,ball_tree,40,2.0,0.1440704759457157
1,0.143,10.0,9,manhattan,ball_tree,50,,0.1440704759457157
1,0.143,10.0,9,manhattan,ball_tree,50,1.0,0.1440704759457157
1,0.143,10.0,9,manhattan,ball_tree,50,2.0,0.1440704759457157
1,0.143,10.0,9,manhattan,kd_tree,10,,0.1440704759457157
1,0.143,10.0,9,manhattan,kd_tree,10,1.0,0.1440704759457157
1,0.143,10.0,9,manhattan,kd_tree,10,2.0,0.1440704759457157
1,0.143,10.0,9,manhattan,kd_tree,20,,0.1440704759457157
1,0.143,10.0,9,manhattan,kd_tree,20,1.0,0.1440704759457157
1,0.143,10.0,9,manhattan,kd_tree,20,2.0,0.1440704759457157
1,0.143,10.0,9,manhattan,kd_tree,30,,0.1440704759457157
1,0.143,10.0,9,manhattan,kd_tree,30,1.0,0.1440704759457157
1,0.143,10.0,9,manhattan,kd_tree,30,2.0,0.1440704759457157
1,0.143,10.0,9,manhattan,kd_tree,40,,0.1440704759457157
1,0.143,10.0,9,manhattan,kd_tree,40,1.0,0.1440704759457157
1,0.143,10.0,9,manhattan,kd_tree,40,2.0,0.1440704759457157
1,0.143,10.0,9,manhattan,kd_tree,50,,0.1440704759457157
1,0.143,10.0,9,manhattan,kd_tree,50,1.0,0.1440704759457157
1,0.143,10.0,9,manhattan,kd_tree,50,2.0,0.1440704759457157
1,0.143,10.0,9,manhattan,brute,10,,0.1440704759457157
1,0.143,10.0,9,manhattan,brute,10,1.0,0.1440704759457157
1,0.143,10.0,9,manhattan,brute,10,2.0,0.1440704759457157
1,0.143,10.0,9,manhattan,brute,20,,0.1440704759457157
1,0.143,10.0,9,manhattan,brute,20,1.0,0.1440704759457157
1,0.143,10.0,9,manhattan,brute,20,2.0,0.1440704759457157
1,0.143,10.0,9,manhattan,brute,30,,0.1440704759457157
1,0.143,10.0,9,manhattan,brute,30,1.0,0.1440704759457157
1,0.143,10.0,9,manhattan,brute,30,2.0,0.1440704759457157
1,0.143,10.0,9,manhattan,brute,40,,0.1440704759457157
1,0.143,10.0,9,manhattan,brute,40,1.0,0.1440704759457157
1,0.143,10.0,9,manhattan,brute,40,2.0,0.1440704759457157
1,0.143,10.0,9,manhattan,brute,50,,0.1440704759457157
1,0.143,10.0,9,manhattan,brute,50,1.0,0.1440704759457157
1,0.143,10.0,9,manhattan,brute,50,2.0,0.1440704759457157
1,0.0,11.11111111111111,2,euclidean,auto,10,,-1.0
1,0.0,11.11111111111111,2,euclidean,auto,10,1.0,-1.0
1,0.0,11.11111111111111,2,euclidean,auto,10,2.0,-1.0
1,0.0,11.11111111111111,2,euclidean,auto,20,,-1.0
1,0.0,11.11111111111111,2,euclidean,auto,20,1.0,-1.0
1,0.0,11.11111111111111,2,euclidean,auto,20,2.0,-1.0
1,0.0,11.11111111111111,2,euclidean,auto,30,,-1.0
1,0.0,11.11111111111111,2,euclidean,auto,30,1.0,-1.0
1,0.0,11.11111111111111,2,euclidean,auto,30,2.0,-1.0
1,0.0,11.11111111111111,2,euclidean,auto,40,,-1.0
1,0.0,11.11111111111111,2,euclidean,auto,40,1.0,-1.0
1,0.0,11.11111111111111,2,euclidean,auto,40,2.0,-1.0
1,0.0,11.11111111111111,2,euclidean,auto,50,,-1.0
1,0.0,11.11111111111111,2,euclidean,auto,50,1.0,-1.0
1,0.0,11.11111111111111,2,euclidean,auto,50,2.0,-1.0
1,0.0,11.11111111111111,2,euclidean,ball_tree,10,,-1.0
1,0.0,11.11111111111111,2,euclidean,ball_tree,10,1.0,-1.0
1,0.0,11.11111111111111,2,euclidean,ball_tree,10,2.0,-1.0
1,0.0,11.11111111111111,2,euclidean,ball_tree,20,,-1.0
1,0.0,11.11111111111111,2,euclidean,ball_tree,20,1.0,-1.0
1,0.0,11.11111111111111,2,euclidean,ball_tree,20,2.0,-1.0
1,0.0,11.11111111111111,2,euclidean,ball_tree,30,,-1.0
1,0.0,11.11111111111111,2,euclidean,ball_tree,30,1.0,-1.0
1,0.0,11.11111111111111,2,euclidean,ball_tree,30,2.0,-1.0
1,0.0,11.11111111111111,2,euclidean,ball_tree,40,,-1.0
1,0.0,11.11111111111111,2,euclidean,ball_tree,40,1.0,-1.0
1,0.0,11.11111111111111,2,euclidean,ball_tree,40,2.0,-1.0
1,0.0,11.11111111111111,2,euclidean,ball_tree,50,,-1.0
1,0.0,11.11111111111111,2,euclidean,ball_tree,50,1.0,-1.0
1,0.0,11.11111111111111,2,euclidean,ball_tree,50,2.0,-1.0
1,0.0,11.11111111111111,2,euclidean,kd_tree,10,,-1.0
1,0.0,11.11111111111111,2,euclidean,kd_tree,10,1.0,-1.0
1,0.0,11.11111111111111,2,euclidean,kd_tree,10,2.0,-1.0
1,0.0,11.11111111111111,2,euclidean,kd_tree,20,,-1.0
1,0.0,11.11111111111111,2,euclidean,kd_tree,20,1.0,-1.0
1,0.0,11.11111111111111,2,euclidean,kd_tree,20,2.0,-1.0
1,0.0,11.11111111111111,2,euclidean,kd_tree,30,,-1.0
1,0.0,11.11111111111111,2,euclidean,kd_tree,30,1.0,-1.0
1,0.0,11.11111111111111,2,euclidean,kd_tree,30,2.0,-1.0
1,0.0,11.11111111111111,2,euclidean,kd_tree,40,,-1.0
1,0.0,11.11111111111111,2,euclidean,kd_tree,40,1.0,-1.0
1,0.0,11.11111111111111,2,euclidean,kd_tree,40,2.0,-1.0
1,0.0,11.11111111111111,2,euclidean,kd_tree,50,,-1.0
1,0.0,11.11111111111111,2,euclidean,kd_tree,50,1.0,-1.0
1,0.0,11.11111111111111,2,euclidean,kd_tree,50,2.0,-1.0
1,0.0,11.11111111111111,2,euclidean,brute,10,,-1.0
1,0.0,11.11111111111111,2,euclidean,brute,10,1.0,-1.0
1,0.0,11.11111111111111,2,euclidean,brute,10,2.0,-1.0
1,0.0,11.11111111111111,2,euclidean,brute,20,,-1.0
1,0.0,11.11111111111111,2,euclidean,brute,20,1.0,-1.0
1,0.0,11.11111111111111,2,euclidean,brute,20,2.0,-1.0
1,0.0,11.11111111111111,2,euclidean,brute,30,,-1.0
1,0.0,11.11111111111111,2,euclidean,brute,30,1.0,-1.0
1,0.0,11.11111111111111,2,euclidean,brute,30,2.0,-1.0
1,0.0,11.11111111111111,2,euclidean,brute,40,,-1.0
1,0.0,11.11111111111111,2,euclidean,brute,40,1.0,-1.0
1,0.0,11.11111111111111,2,euclidean,brute,40,2.0,-1.0
1,0.0,11.11111111111111,2,euclidean,brute,50,,-1.0
1,0.0,11.11111111111111,2,euclidean,brute,50,1.0,-1.0
1,0.0,11.11111111111111,2,euclidean,brute,50,2.0,-1.0
3,0.033,11.11111111111111,2,manhattan,auto,10,,0.08407685300732008
3,0.033,11.11111111111111,2,manhattan,auto,10,1.0,0.08407685300732008
3,0.033,11.11111111111111,2,manhattan,auto,10,2.0,0.08407685300732008
3,0.033,11.11111111111111,2,manhattan,auto,20,,0.08407685300732008
3,0.033,11.11111111111111,2,manhattan,auto,20,1.0,0.08407685300732008
3,0.033,11.11111111111111,2,manhattan,auto,20,2.0,0.08407685300732008
3,0.033,11.11111111111111,2,manhattan,auto,30,,0.08407685300732008
3,0.033,11.11111111111111,2,manhattan,auto,30,1.0,0.08407685300732008
3,0.033,11.11111111111111,2,manhattan,auto,30,2.0,0.08407685300732008
3,0.033,11.11111111111111,2,manhattan,auto,40,,0.08407685300732008
3,0.033,11.11111111111111,2,manhattan,auto,40,1.0,0.08407685300732008
3,0.033,11.11111111111111,2,manhattan,auto,40,2.0,0.08407685300732008
3,0.033,11.11111111111111,2,manhattan,auto,50,,0.08407685300732008
3,0.033,11.11111111111111,2,manhattan,auto,50,1.0,0.08407685300732008
3,0.033,11.11111111111111,2,manhattan,auto,50,2.0,0.08407685300732008
3,0.033,11.11111111111111,2,manhattan,ball_tree,10,,0.08407685300732008
3,0.033,11.11111111111111,2,manhattan,ball_tree,10,1.0,0.08407685300732008
3,0.033,11.11111111111111,2,manhattan,ball_tree,10,2.0,0.08407685300732008
3,0.033,11.11111111111111,2,manhattan,ball_tree,20,,0.08407685300732008
3,0.033,11.11111111111111,2,manhattan,ball_tree,20,1.0,0.08407685300732008
3,0.033,11.11111111111111,2,manhattan,ball_tree,20,2.0,0.08407685300732008
3,0.033,11.11111111111111,2,manhattan,ball_tree,30,,0.08407685300732008
3,0.033,11.11111111111111,2,manhattan,ball_tree,30,1.0,0.08407685300732008
3,0.033,11.11111111111111,2,manhattan,ball_tree,30,2.0,0.08407685300732008
3,0.033,11.11111111111111,2,manhattan,ball_tree,40,,0.08407685300732008
3,0.033,11.11111111111111,2,manhattan,ball_tree,40,1.0,0.08407685300732008
3,0.033,11.11111111111111,2,manhattan,ball_tree,40,2.0,0.08407685300732008
3,0.033,11.11111111111111,2,manhattan,ball_tree,50,,0.08407685300732008
3,0.033,11.11111111111111,2,manhattan,ball_tree,50,1.0,0.08407685300732008
3,0.033,11.11111111111111,2,manhattan,ball_tree,50,2.0,0.08407685300732008
3,0.033,11.11111111111111,2,manhattan,kd_tree,10,,0.08407685300732008
3,0.033,11.11111111111111,2,manhattan,kd_tree,10,1.0,0.08407685300732008
3,0.033,11.11111111111111,2,manhattan,kd_tree,10,2.0,0.08407685300732008
3,0.033,11.11111111111111,2,manhattan,kd_tree,20,,0.08407685300732008
3,0.033,11.11111111111111,2,manhattan,kd_tree,20,1.0,0.08407685300732008
3,0.033,11.11111111111111,2,manhattan,kd_tree,20,2.0,0.08407685300732008
3,0.033,11.11111111111111,2,manhattan,kd_tree,30,,0.08407685300732008
3,0.033,11.11111111111111,2,manhattan,kd_tree,30,1.0,0.08407685300732008
3,0.033,11.11111111111111,2,manhattan,kd_tree,30,2.0,0.08407685300732008
3,0.033,11.11111111111111,2,manhattan,kd_tree,40,,0.08407685300732008
3,0.033,11.11111111111111,2,manhattan,kd_tree,40,1.0,0.08407685300732008
3,0.033,11.11111111111111,2,manhattan,kd_tree,40,2.0,0.08407685300732008
3,0.033,11.11111111111111,2,manhattan,kd_tree,50,,0.08407685300732008
3,0.033,11.11111111111111,2,manhattan,kd_tree,50,1.0,0.08407685300732008
3,0.033,11.11111111111111,2,manhattan,kd_tree,50,2.0,0.08407685300732008
3,0.033,11.11111111111111,2,manhattan,brute,10,,0.08407685300732008
3,0.033,11.11111111111111,2,manhattan,brute,10,1.0,0.08407685300732008
3,0.033,11.11111111111111,2,manhattan,brute,10,2.0,0.08407685300732008
3,0.033,11.11111111111111,2,manhattan,brute,20,,0.08407685300732008
3,0.033,11.11111111111111,2,manhattan,brute,20,1.0,0.08407685300732008
3,0.033,11.11111111111111,2,manhattan,brute,20,2.0,0.08407685300732008
3,0.033,11.11111111111111,2,manhattan,brute,30,,0.08407685300732008
3,0.033,11.11111111111111,2,manhattan,brute,30,1.0,0.08407685300732008
3,0.033,11.11111111111111,2,manhattan,brute,30,2.0,0.08407685300732008
3,0.033,11.11111111111111,2,manhattan,brute,40,,0.08407685300732008
3,0.033,11.11111111111111,2,manhattan,brute,40,1.0,0.08407685300732008
3,0.033,11.11111111111111,2,manhattan,brute,40,2.0,0.08407685300732008
3,0.033,11.11111111111111,2,manhattan,brute,50,,0.08407685300732008
3,0.033,11.11111111111111,2,manhattan,brute,50,1.0,0.08407685300732008
3,0.033,11.11111111111111,2,manhattan,brute,50,2.0,0.08407685300732008
1,0.0,11.11111111111111,3,euclidean,auto,10,,-1.0
1,0.0,11.11111111111111,3,euclidean,auto,10,1.0,-1.0
1,0.0,11.11111111111111,3,euclidean,auto,10,2.0,-1.0
1,0.0,11.11111111111111,3,euclidean,auto,20,,-1.0
1,0.0,11.11111111111111,3,euclidean,auto,20,1.0,-1.0
1,0.0,11.11111111111111,3,euclidean,auto,20,2.0,-1.0
1,0.0,11.11111111111111,3,euclidean,auto,30,,-1.0
1,0.0,11.11111111111111,3,euclidean,auto,30,1.0,-1.0
1,0.0,11.11111111111111,3,euclidean,auto,30,2.0,-1.0
1,0.0,11.11111111111111,3,euclidean,auto,40,,-1.0
1,0.0,11.11111111111111,3,euclidean,auto,40,1.0,-1.0
1,0.0,11.11111111111111,3,euclidean,auto,40,2.0,-1.0
1,0.0,11.11111111111111,3,euclidean,auto,50,,-1.0
1,0.0,11.11111111111111,3,euclidean,auto,50,1.0,-1.0
1,0.0,11.11111111111111,3,euclidean,auto,50,2.0,-1.0
1,0.0,11.11111111111111,3,euclidean,ball_tree,10,,-1.0
1,0.0,11.11111111111111,3,euclidean,ball_tree,10,1.0,-1.0
1,0.0,11.11111111111111,3,euclidean,ball_tree,10,2.0,-1.0
1,0.0,11.11111111111111,3,euclidean,ball_tree,20,,-1.0
1,0.0,11.11111111111111,3,euclidean,ball_tree,20,1.0,-1.0
1,0.0,11.11111111111111,3,euclidean,ball_tree,20,2.0,-1.0
1,0.0,11.11111111111111,3,euclidean,ball_tree,30,,-1.0
1,0.0,11.11111111111111,3,euclidean,ball_tree,30,1.0,-1.0
1,0.0,11.11111111111111,3,euclidean,ball_tree,30,2.0,-1.0
1,0.0,11.11111111111111,3,euclidean,ball_tree,40,,-1.0
1,0.0,11.11111111111111,3,euclidean,ball_tree,40,1.0,-1.0
1,0.0,11.11111111111111,3,euclidean,ball_tree,40,2.0,-1.0
1,0.0,11.11111111111111,3,euclidean,ball_tree,50,,-1.0
1,0.0,11.11111111111111,3,euclidean,ball_tree,50,1.0,-1.0
1,0.0,11.11111111111111,3,euclidean,ball_tree,50,2.0,-1.0
1,0.0,11.11111111111111,3,euclidean,kd_tree,10,,-1.0
1,0.0,11.11111111111111,3,euclidean,kd_tree,10,1.0,-1.0
1,0.0,11.11111111111111,3,euclidean,kd_tree,10,2.0,-1.0
1,0.0,11.11111111111111,3,euclidean,kd_tree,20,,-1.0
1,0.0,11.11111111111111,3,euclidean,kd_tree,20,1.0,-1.0
1,0.0,11.11111111111111,3,euclidean,kd_tree,20,2.0,-1.0
1,0.0,11.11111111111111,3,euclidean,kd_tree,30,,-1.0
1,0.0,11.11111111111111,3,euclidean,kd_tree,30,1.0,-1.0
1,0.0,11.11111111111111,3,euclidean,kd_tree,30,2.0,-1.0
1,0.0,11.11111111111111,3,euclidean,kd_tree,40,,-1.0
1,0.0,11.11111111111111,3,euclidean,kd_tree,40,1.0,-1.0
1,0.0,11.11111111111111,3,euclidean,kd_tree,40,2.0,-1.0
1,0.0,11.11111111111111,3,euclidean,kd_tree,50,,-1.0
1,0.0,11.11111111111111,3,euclidean,kd_tree,50,1.0,-1.0
1,0.0,11.11111111111111,3,euclidean,kd_tree,50,2.0,-1.0
1,0.0,11.11111111111111,3,euclidean,brute,10,,-1.0
1,0.0,11.11111111111111,3,euclidean,brute,10,1.0,-1.0
1,0.0,11.11111111111111,3,euclidean,brute,10,2.0,-1.0
1,0.0,11.11111111111111,3,euclidean,brute,20,,-1.0
1,0.0,11.11111111111111,3,euclidean,brute,20,1.0,-1.0
1,0.0,11.11111111111111,3,euclidean,brute,20,2.0,-1.0
1,0.0,11.11111111111111,3,euclidean,brute,30,,-1.0
1,0.0,11.11111111111111,3,euclidean,brute,30,1.0,-1.0
1,0.0,11.11111111111111,3,euclidean,brute,30,2.0,-1.0
1,0.0,11.11111111111111,3,euclidean,brute,40,,-1.0
1,0.0,11.11111111111111,3,euclidean,brute,40,1.0,-1.0
1,0.0,11.11111111111111,3,euclidean,brute,40,2.0,-1.0
1,0.0,11.11111111111111,3,euclidean,brute,50,,-1.0
1,0.0,11.11111111111111,3,euclidean,brute,50,1.0,-1.0
1,0.0,11.11111111111111,3,euclidean,brute,50,2.0,-1.0
1,0.037,11.11111111111111,3,manhattan,auto,10,,0.18016567059822183
1,0.037,11.11111111111111,3,manhattan,auto,10,1.0,0.18016567059822183
1,0.037,11.11111111111111,3,manhattan,auto,10,2.0,0.18016567059822183
1,0.037,11.11111111111111,3,manhattan,auto,20,,0.18016567059822183
1,0.037,11.11111111111111,3,manhattan,auto,20,1.0,0.18016567059822183
1,0.037,11.11111111111111,3,manhattan,auto,20,2.0,0.18016567059822183
1,0.037,11.11111111111111,3,manhattan,auto,30,,0.18016567059822183
1,0.037,11.11111111111111,3,manhattan,auto,30,1.0,0.18016567059822183
1,0.037,11.11111111111111,3,manhattan,auto,30,2.0,0.18016567059822183
1,0.037,11.11111111111111,3,manhattan,auto,40,,0.18016567059822183
1,0.037,11.11111111111111,3,manhattan,auto,40,1.0,0.18016567059822183
1,0.037,11.11111111111111,3,manhattan,auto,40,2.0,0.18016567059822183
1,0.037,11.11111111111111,3,manhattan,auto,50,,0.18016567059822183
1,0.037,11.11111111111111,3,manhattan,auto,50,1.0,0.18016567059822183
1,0.037,11.11111111111111,3,manhattan,auto,50,2.0,0.18016567059822183
1,0.037,11.11111111111111,3,manhattan,ball_tree,10,,0.18016567059822183
1,0.037,11.11111111111111,3,manhattan,ball_tree,10,1.0,0.18016567059822183
1,0.037,11.11111111111111,3,manhattan,ball_tree,10,2.0,0.18016567059822183
1,0.037,11.11111111111111,3,manhattan,ball_tree,20,,0.18016567059822183
1,0.037,11.11111111111111,3,manhattan,ball_tree,20,1.0,0.18016567059822183
1,0.037,11.11111111111111,3,manhattan,ball_tree,20,2.0,0.18016567059822183
1,0.037,11.11111111111111,3,manhattan,ball_tree,30,,0.18016567059822183
1,0.037,11.11111111111111,3,manhattan,ball_tree,30,1.0,0.18016567059822183
1,0.037,11.11111111111111,3,manhattan,ball_tree,30,2.0,0.18016567059822183
1,0.037,11.11111111111111,3,manhattan,ball_tree,40,,0.18016567059822183
1,0.037,11.11111111111111,3,manhattan,ball_tree,40,1.0,0.18016567059822183
1,0.037,11.11111111111111,3,manhattan,ball_tree,40,2.0,0.18016567059822183
1,0.037,11.11111111111111,3,manhattan,ball_tree,50,,0.18016567059822183
1,0.037,11.11111111111111,3,manhattan,ball_tree,50,1.0,0.18016567059822183
1,0.037,11.11111111111111,3,manhattan,ball_tree,50,2.0,0.18016567059822183
1,0.037,11.11111111111111,3,manhattan,kd_tree,10,,0.18016567059822183
1,0.037,11.11111111111111,3,manhattan,kd_tree,10,1.0,0.18016567059822183
1,0.037,11.11111111111111,3,manhattan,kd_tree,10,2.0,0.18016567059822183
1,0.037,11.11111111111111,3,manhattan,kd_tree,20,,0.18016567059822183
1,0.037,11.11111111111111,3,manhattan,kd_tree,20,1.0,0.18016567059822183
1,0.037,11.11111111111111,3,manhattan,kd_tree,20,2.0,0.18016567059822183
1,0.037,11.11111111111111,3,manhattan,kd_tree,30,,0.18016567059822183
1,0.037,11.11111111111111,3,manhattan,kd_tree,30,1.0,0.18016567059822183
1,0.037,11.11111111111111,3,manhattan,kd_tree,30,2.0,0.18016567059822183
1,0.037,11.11111111111111,3,manhattan,kd_tree,40,,0.18016567059822183
1,0.037,11.11111111111111,3,manhattan,kd_tree,40,1.0,0.18016567059822183
1,0.037,11.11111111111111,3,manhattan,kd_tree,40,2.0,0.18016567059822183
1,0.037,11.11111111111111,3,manhattan,kd_tree,50,,0.18016567059822183
1,0.037,11.11111111111111,3,manhattan,kd_tree,50,1.0,0.18016567059822183
1,0.037,11.11111111111111,3,manhattan,kd_tree,50,2.0,0.18016567059822183
1,0.037,11.11111111111111,3,manhattan,brute,10,,0.18016567059822183
1,0.037,11.11111111111111,3,manhattan,brute,10,1.0,0.18016567059822183
1,0.037,11.11111111111111,3,manhattan,brute,10,2.0,0.18016567059822183
1,0.037,11.11111111111111,3,manhattan,brute,20,,0.18016567059822183
1,0.037,11.11111111111111,3,manhattan,brute,20,1.0,0.18016567059822183
1,0.037,11.11111111111111,3,manhattan,brute,20,2.0,0.18016567059822183
1,0.037,11.11111111111111,3,manhattan,brute,30,,0.18016567059822183
1,0.037,11.11111111111111,3,manhattan,brute,30,1.0,0.18016567059822183
1,0.037,11.11111111111111,3,manhattan,brute,30,2.0,0.18016567059822183
1,0.037,11.11111111111111,3,manhattan,brute,40,,0.18016567059822183
1,0.037,11.11111111111111,3,manhattan,brute,40,1.0,0.18016567059822183
1,0.037,11.11111111111111,3,manhattan,brute,40,2.0,0.18016567059822183
1,0.037,11.11111111111111,3,manhattan,brute,50,,0.18016567059822183
1,0.037,11.11111111111111,3,manhattan,brute,50,1.0,0.18016567059822183
1,0.037,11.11111111111111,3,manhattan,brute,50,2.0,0.18016567059822183
1,0.0,11.11111111111111,4,euclidean,auto,10,,-1.0
1,0.0,11.11111111111111,4,euclidean,auto,10,1.0,-1.0
1,0.0,11.11111111111111,4,euclidean,auto,10,2.0,-1.0
1,0.0,11.11111111111111,4,euclidean,auto,20,,-1.0
1,0.0,11.11111111111111,4,euclidean,auto,20,1.0,-1.0
1,0.0,11.11111111111111,4,euclidean,auto,20,2.0,-1.0
1,0.0,11.11111111111111,4,euclidean,auto,30,,-1.0
1,0.0,11.11111111111111,4,euclidean,auto,30,1.0,-1.0
1,0.0,11.11111111111111,4,euclidean,auto,30,2.0,-1.0
1,0.0,11.11111111111111,4,euclidean,auto,40,,-1.0
1,0.0,11.11111111111111,4,euclidean,auto,40,1.0,-1.0
1,0.0,11.11111111111111,4,euclidean,auto,40,2.0,-1.0
1,0.0,11.11111111111111,4,euclidean,auto,50,,-1.0
1,0.0,11.11111111111111,4,euclidean,auto,50,1.0,-1.0
1,0.0,11.11111111111111,4,euclidean,auto,50,2.0,-1.0
1,0.0,11.11111111111111,4,euclidean,ball_tree,10,,-1.0
1,0.0,11.11111111111111,4,euclidean,ball_tree,10,1.0,-1.0
1,0.0,11.11111111111111,4,euclidean,ball_tree,10,2.0,-1.0
1,0.0,11.11111111111111,4,euclidean,ball_tree,20,,-1.0
1,0.0,11.11111111111111,4,euclidean,ball_tree,20,1.0,-1.0
1,0.0,11.11111111111111,4,euclidean,ball_tree,20,2.0,-1.0
1,0.0,11.11111111111111,4,euclidean,ball_tree,30,,-1.0
1,0.0,11.11111111111111,4,euclidean,ball_tree,30,1.0,-1.0
1,0.0,11.11111111111111,4,euclidean,ball_tree,30,2.0,-1.0
1,0.0,11.11111111111111,4,euclidean,ball_tree,40,,-1.0
1,0.0,11.11111111111111,4,euclidean,ball_tree,40,1.0,-1.0
1,0.0,11.11111111111111,4,euclidean,ball_tree,40,2.0,-1.0
1,0.0,11.11111111111111,4,euclidean,ball_tree,50,,-1.0
1,0.0,11.11111111111111,4,euclidean,ball_tree,50,1.0,-1.0
1,0.0,11.11111111111111,4,euclidean,ball_tree,50,2.0,-1.0
1,0.0,11.11111111111111,4,euclidean,kd_tree,10,,-1.0
1,0.0,11.11111111111111,4,euclidean,kd_tree,10,1.0,-1.0
1,0.0,11.11111111111111,4,euclidean,kd_tree,10,2.0,-1.0
1,0.0,11.11111111111111,4,euclidean,kd_tree,20,,-1.0
1,0.0,11.11111111111111,4,euclidean,kd_tree,20,1.0,-1.0
1,0.0,11.11111111111111,4,euclidean,kd_tree,20,2.0,-1.0
1,0.0,11.11111111111111,4,euclidean,kd_tree,30,,-1.0
1,0.0,11.11111111111111,4,euclidean,kd_tree,30,1.0,-1.0
1,0.0,11.11111111111111,4,euclidean,kd_tree,30,2.0,-1.0
1,0.0,11.11111111111111,4,euclidean,kd_tree,40,,-1.0
1,0.0,11.11111111111111,4,euclidean,kd_tree,40,1.0,-1.0
1,0.0,11.11111111111111,4,euclidean,kd_tree,40,2.0,-1.0
1,0.0,11.11111111111111,4,euclidean,kd_tree,50,,-1.0
1,0.0,11.11111111111111,4,euclidean,kd_tree,50,1.0,-1.0
1,0.0,11.11111111111111,4,euclidean,kd_tree,50,2.0,-1.0
1,0.0,11.11111111111111,4,euclidean,brute,10,,-1.0
1,0.0,11.11111111111111,4,euclidean,brute,10,1.0,-1.0
1,0.0,11.11111111111111,4,euclidean,brute,10,2.0,-1.0
1,0.0,11.11111111111111,4,euclidean,brute,20,,-1.0
1,0.0,11.11111111111111,4,euclidean,brute,20,1.0,-1.0
1,0.0,11.11111111111111,4,euclidean,brute,20,2.0,-1.0
1,0.0,11.11111111111111,4,euclidean,brute,30,,-1.0
1,0.0,11.11111111111111,4,euclidean,brute,30,1.0,-1.0
1,0.0,11.11111111111111,4,euclidean,brute,30,2.0,-1.0
1,0.0,11.11111111111111,4,euclidean,brute,40,,-1.0
1,0.0,11.11111111111111,4,euclidean,brute,40,1.0,-1.0
1,0.0,11.11111111111111,4,euclidean,brute,40,2.0,-1.0
1,0.0,11.11111111111111,4,euclidean,brute,50,,-1.0
1,0.0,11.11111111111111,4,euclidean,brute,50,1.0,-1.0
1,0.0,11.11111111111111,4,euclidean,brute,50,2.0,-1.0
1,0.039,11.11111111111111,4,manhattan,auto,10,,0.1763277803235714
1,0.039,11.11111111111111,4,manhattan,auto,10,1.0,0.1763277803235714
1,0.039,11.11111111111111,4,manhattan,auto,10,2.0,0.1763277803235714
1,0.039,11.11111111111111,4,manhattan,auto,20,,0.1763277803235714
1,0.039,11.11111111111111,4,manhattan,auto,20,1.0,0.1763277803235714
1,0.039,11.11111111111111,4,manhattan,auto,20,2.0,0.1763277803235714
1,0.039,11.11111111111111,4,manhattan,auto,30,,0.1763277803235714
1,0.039,11.11111111111111,4,manhattan,auto,30,1.0,0.1763277803235714
1,0.039,11.11111111111111,4,manhattan,auto,30,2.0,0.1763277803235714
1,0.039,11.11111111111111,4,manhattan,auto,40,,0.1763277803235714
1,0.039,11.11111111111111,4,manhattan,auto,40,1.0,0.1763277803235714
1,0.039,11.11111111111111,4,manhattan,auto,40,2.0,0.1763277803235714
1,0.039,11.11111111111111,4,manhattan,auto,50,,0.1763277803235714
1,0.039,11.11111111111111,4,manhattan,auto,50,1.0,0.1763277803235714
1,0.039,11.11111111111111,4,manhattan,auto,50,2.0,0.1763277803235714
1,0.039,11.11111111111111,4,manhattan,ball_tree,10,,0.1763277803235714
1,0.039,11.11111111111111,4,manhattan,ball_tree,10,1.0,0.1763277803235714
1,0.039,11.11111111111111,4,manhattan,ball_tree,10,2.0,0.1763277803235714
1,0.039,11.11111111111111,4,manhattan,ball_tree,20,,0.1763277803235714
1,0.039,11.11111111111111,4,manhattan,ball_tree,20,1.0,0.1763277803235714
1,0.039,11.11111111111111,4,manhattan,ball_tree,20,2.0,0.1763277803235714
1,0.039,11.11111111111111,4,manhattan,ball_tree,30,,0.1763277803235714
1,0.039,11.11111111111111,4,manhattan,ball_tree,30,1.0,0.1763277803235714
1,0.039,11.11111111111111,4,manhattan,ball_tree,30,2.0,0.1763277803235714
1,0.039,11.11111111111111,4,manhattan,ball_tree,40,,0.1763277803235714
1,0.039,11.11111111111111,4,manhattan,ball_tree,40,1.0,0.1763277803235714
1,0.039,11.11111111111111,4,manhattan,ball_tree,40,2.0,0.1763277803235714
1,0.039,11.11111111111111,4,manhattan,ball_tree,50,,0.1763277803235714
1,0.039,11.11111111111111,4,manhattan,ball_tree,50,1.0,0.1763277803235714
1,0.039,11.11111111111111,4,manhattan,ball_tree,50,2.0,0.1763277803235714
1,0.039,11.11111111111111,4,manhattan,kd_tree,10,,0.1763277803235714
1,0.039,11.11111111111111,4,manhattan,kd_tree,10,1.0,0.1763277803235714
1,0.039,11.11111111111111,4,manhattan,kd_tree,10,2.0,0.1763277803235714
1,0.039,11.11111111111111,4,manhattan,kd_tree,20,,0.1763277803235714
1,0.039,11.11111111111111,4,manhattan,kd_tree,20,1.0,0.1763277803235714
1,0.039,11.11111111111111,4,manhattan,kd_tree,20,2.0,0.1763277803235714
1,0.039,11.11111111111111,4,manhattan,kd_tree,30,,0.1763277803235714
1,0.039,11.11111111111111,4,manhattan,kd_tree,30,1.0,0.1763277803235714
1,0.039,11.11111111111111,4,manhattan,kd_tree,30,2.0,0.1763277803235714
1,0.039,11.11111111111111,4,manhattan,kd_tree,40,,0.1763277803235714
1,0.039,11.11111111111111,4,manhattan,kd_tree,40,1.0,0.1763277803235714
1,0.039,11.11111111111111,4,manhattan,kd_tree,40,2.0,0.1763277803235714
1,0.039,11.11111111111111,4,manhattan,kd_tree,50,,0.1763277803235714
1,0.039,11.11111111111111,4,manhattan,kd_tree,50,1.0,0.1763277803235714
1,0.039,11.11111111111111,4,manhattan,kd_tree,50,2.0,0.1763277803235714
1,0.039,11.11111111111111,4,manhattan,brute,10,,0.1763277803235714
1,0.039,11.11111111111111,4,manhattan,brute,10,1.0,0.1763277803235714
1,0.039,11.11111111111111,4,manhattan,brute,10,2.0,0.1763277803235714
1,0.039,11.11111111111111,4,manhattan,brute,20,,0.1763277803235714
1,0.039,11.11111111111111,4,manhattan,brute,20,1.0,0.1763277803235714
1,0.039,11.11111111111111,4,manhattan,brute,20,2.0,0.1763277803235714
1,0.039,11.11111111111111,4,manhattan,brute,30,,0.1763277803235714
1,0.039,11.11111111111111,4,manhattan,brute,30,1.0,0.1763277803235714
1,0.039,11.11111111111111,4,manhattan,brute,30,2.0,0.1763277803235714
1,0.039,11.11111111111111,4,manhattan,brute,40,,0.1763277803235714
1,0.039,11.11111111111111,4,manhattan,brute,40,1.0,0.1763277803235714
1,0.039,11.11111111111111,4,manhattan,brute,40,2.0,0.1763277803235714
1,0.039,11.11111111111111,4,manhattan,brute,50,,0.1763277803235714
1,0.039,11.11111111111111,4,manhattan,brute,50,1.0,0.1763277803235714
1,0.039,11.11111111111111,4,manhattan,brute,50,2.0,0.1763277803235714
1,0.0,11.11111111111111,5,euclidean,auto,10,,-1.0
1,0.0,11.11111111111111,5,euclidean,auto,10,1.0,-1.0
1,0.0,11.11111111111111,5,euclidean,auto,10,2.0,-1.0
1,0.0,11.11111111111111,5,euclidean,auto,20,,-1.0
1,0.0,11.11111111111111,5,euclidean,auto,20,1.0,-1.0
1,0.0,11.11111111111111,5,euclidean,auto,20,2.0,-1.0
1,0.0,11.11111111111111,5,euclidean,auto,30,,-1.0
1,0.0,11.11111111111111,5,euclidean,auto,30,1.0,-1.0
1,0.0,11.11111111111111,5,euclidean,auto,30,2.0,-1.0
1,0.0,11.11111111111111,5,euclidean,auto,40,,-1.0
1,0.0,11.11111111111111,5,euclidean,auto,40,1.0,-1.0
1,0.0,11.11111111111111,5,euclidean,auto,40,2.0,-1.0
1,0.0,11.11111111111111,5,euclidean,auto,50,,-1.0
1,0.0,11.11111111111111,5,euclidean,auto,50,1.0,-1.0
1,0.0,11.11111111111111,5,euclidean,auto,50,2.0,-1.0
1,0.0,11.11111111111111,5,euclidean,ball_tree,10,,-1.0
1,0.0,11.11111111111111,5,euclidean,ball_tree,10,1.0,-1.0
1,0.0,11.11111111111111,5,euclidean,ball_tree,10,2.0,-1.0
1,0.0,11.11111111111111,5,euclidean,ball_tree,20,,-1.0
1,0.0,11.11111111111111,5,euclidean,ball_tree,20,1.0,-1.0
1,0.0,11.11111111111111,5,euclidean,ball_tree,20,2.0,-1.0
1,0.0,11.11111111111111,5,euclidean,ball_tree,30,,-1.0
1,0.0,11.11111111111111,5,euclidean,ball_tree,30,1.0,-1.0
1,0.0,11.11111111111111,5,euclidean,ball_tree,30,2.0,-1.0
1,0.0,11.11111111111111,5,euclidean,ball_tree,40,,-1.0
1,0.0,11.11111111111111,5,euclidean,ball_tree,40,1.0,-1.0
1,0.0,11.11111111111111,5,euclidean,ball_tree,40,2.0,-1.0
1,0.0,11.11111111111111,5,euclidean,ball_tree,50,,-1.0
1,0.0,11.11111111111111,5,euclidean,ball_tree,50,1.0,-1.0
1,0.0,11.11111111111111,5,euclidean,ball_tree,50,2.0,-1.0
1,0.0,11.11111111111111,5,euclidean,kd_tree,10,,-1.0
1,0.0,11.11111111111111,5,euclidean,kd_tree,10,1.0,-1.0
1,0.0,11.11111111111111,5,euclidean,kd_tree,10,2.0,-1.0
1,0.0,11.11111111111111,5,euclidean,kd_tree,20,,-1.0
1,0.0,11.11111111111111,5,euclidean,kd_tree,20,1.0,-1.0
1,0.0,11.11111111111111,5,euclidean,kd_tree,20,2.0,-1.0
1,0.0,11.11111111111111,5,euclidean,kd_tree,30,,-1.0
1,0.0,11.11111111111111,5,euclidean,kd_tree,30,1.0,-1.0
1,0.0,11.11111111111111,5,euclidean,kd_tree,30,2.0,-1.0
1,0.0,11.11111111111111,5,euclidean,kd_tree,40,,-1.0
1,0.0,11.11111111111111,5,euclidean,kd_tree,40,1.0,-1.0
1,0.0,11.11111111111111,5,euclidean,kd_tree,40,2.0,-1.0
1,0.0,11.11111111111111,5,euclidean,kd_tree,50,,-1.0
1,0.0,11.11111111111111,5,euclidean,kd_tree,50,1.0,-1.0
1,0.0,11.11111111111111,5,euclidean,kd_tree,50,2.0,-1.0
1,0.0,11.11111111111111,5,euclidean,brute,10,,-1.0
1,0.0,11.11111111111111,5,euclidean,brute,10,1.0,-1.0
1,0.0,11.11111111111111,5,euclidean,brute,10,2.0,-1.0
1,0.0,11.11111111111111,5,euclidean,brute,20,,-1.0
1,0.0,11.11111111111111,5,euclidean,brute,20,1.0,-1.0
1,0.0,11.11111111111111,5,euclidean,brute,20,2.0,-1.0
1,0.0,11.11111111111111,5,euclidean,brute,30,,-1.0
1,0.0,11.11111111111111,5,euclidean,brute,30,1.0,-1.0
1,0.0,11.11111111111111,5,euclidean,brute,30,2.0,-1.0
1,0.0,11.11111111111111,5,euclidean,brute,40,,-1.0
1,0.0,11.11111111111111,5,euclidean,brute,40,1.0,-1.0
1,0.0,11.11111111111111,5,euclidean,brute,40,2.0,-1.0
1,0.0,11.11111111111111,5,euclidean,brute,50,,-1.0
1,0.0,11.11111111111111,5,euclidean,brute,50,1.0,-1.0
1,0.0,11.11111111111111,5,euclidean,brute,50,2.0,-1.0
1,0.04,11.11111111111111,5,manhattan,auto,10,,0.17742034741116447
1,0.04,11.11111111111111,5,manhattan,auto,10,1.0,0.17742034741116447
1,0.04,11.11111111111111,5,manhattan,auto,10,2.0,0.17742034741116447
1,0.04,11.11111111111111,5,manhattan,auto,20,,0.17742034741116447
1,0.04,11.11111111111111,5,manhattan,auto,20,1.0,0.17742034741116447
1,0.04,11.11111111111111,5,manhattan,auto,20,2.0,0.17742034741116447
1,0.04,11.11111111111111,5,manhattan,auto,30,,0.17742034741116447
1,0.04,11.11111111111111,5,manhattan,auto,30,1.0,0.17742034741116447
1,0.04,11.11111111111111,5,manhattan,auto,30,2.0,0.17742034741116447
1,0.04,11.11111111111111,5,manhattan,auto,40,,0.17742034741116447
1,0.04,11.11111111111111,5,manhattan,auto,40,1.0,0.17742034741116447
1,0.04,11.11111111111111,5,manhattan,auto,40,2.0,0.17742034741116447
1,0.04,11.11111111111111,5,manhattan,auto,50,,0.17742034741116447
1,0.04,11.11111111111111,5,manhattan,auto,50,1.0,0.17742034741116447
1,0.04,11.11111111111111,5,manhattan,auto,50,2.0,0.17742034741116447
1,0.04,11.11111111111111,5,manhattan,ball_tree,10,,0.17742034741116447
1,0.04,11.11111111111111,5,manhattan,ball_tree,10,1.0,0.17742034741116447
1,0.04,11.11111111111111,5,manhattan,ball_tree,10,2.0,0.17742034741116447
1,0.04,11.11111111111111,5,manhattan,ball_tree,20,,0.17742034741116447
1,0.04,11.11111111111111,5,manhattan,ball_tree,20,1.0,0.17742034741116447
1,0.04,11.11111111111111,5,manhattan,ball_tree,20,2.0,0.17742034741116447
1,0.04,11.11111111111111,5,manhattan,ball_tree,30,,0.17742034741116447
1,0.04,11.11111111111111,5,manhattan,ball_tree,30,1.0,0.17742034741116447
1,0.04,11.11111111111111,5,manhattan,ball_tree,30,2.0,0.17742034741116447
1,0.04,11.11111111111111,5,manhattan,ball_tree,40,,0.17742034741116447
1,0.04,11.11111111111111,5,manhattan,ball_tree,40,1.0,0.17742034741116447
1,0.04,11.11111111111111,5,manhattan,ball_tree,40,2.0,0.17742034741116447
1,0.04,11.11111111111111,5,manhattan,ball_tree,50,,0.17742034741116447
1,0.04,11.11111111111111,5,manhattan,ball_tree,50,1.0,0.17742034741116447
1,0.04,11.11111111111111,5,manhattan,ball_tree,50,2.0,0.17742034741116447
1,0.04,11.11111111111111,5,manhattan,kd_tree,10,,0.17742034741116447
1,0.04,11.11111111111111,5,manhattan,kd_tree,10,1.0,0.17742034741116447
1,0.04,11.11111111111111,5,manhattan,kd_tree,10,2.0,0.17742034741116447
1,0.04,11.11111111111111,5,manhattan,kd_tree,20,,0.17742034741116447
1,0.04,11.11111111111111,5,manhattan,kd_tree,20,1.0,0.17742034741116447
1,0.04,11.11111111111111,5,manhattan,kd_tree,20,2.0,0.17742034741116447
1,0.04,11.11111111111111,5,manhattan,kd_tree,30,,0.17742034741116447
1,0.04,11.11111111111111,5,manhattan,kd_tree,30,1.0,0.17742034741116447
1,0.04,11.11111111111111,5,manhattan,kd_tree,30,2.0,0.17742034741116447
1,0.04,11.11111111111111,5,manhattan,kd_tree,40,,0.17742034741116447
1,0.04,11.11111111111111,5,manhattan,kd_tree,40,1.0,0.17742034741116447
1,0.04,11.11111111111111,5,manhattan,kd_tree,40,2.0,0.17742034741116447
1,0.04,11.11111111111111,5,manhattan,kd_tree,50,,0.17742034741116447
1,0.04,11.11111111111111,5,manhattan,kd_tree,50,1.0,0.17742034741116447
1,0.04,11.11111111111111,5,manhattan,kd_tree,50,2.0,0.17742034741116447
1,0.04,11.11111111111111,5,manhattan,brute,10,,0.17742034741116447
1,0.04,11.11111111111111,5,manhattan,brute,10,1.0,0.17742034741116447
1,0.04,11.11111111111111,5,manhattan,brute,10,2.0,0.17742034741116447
1,0.04,11.11111111111111,5,manhattan,brute,20,,0.17742034741116447
1,0.04,11.11111111111111,5,manhattan,brute,20,1.0,0.17742034741116447
1,0.04,11.11111111111111,5,manhattan,brute,20,2.0,0.17742034741116447
1,0.04,11.11111111111111,5,manhattan,brute,30,,0.17742034741116447
1,0.04,11.11111111111111,5,manhattan,brute,30,1.0,0.17742034741116447
1,0.04,11.11111111111111,5,manhattan,brute,30,2.0,0.17742034741116447
1,0.04,11.11111111111111,5,manhattan,brute,40,,0.17742034741116447
1,0.04,11.11111111111111,5,manhattan,brute,40,1.0,0.17742034741116447
1,0.04,11.11111111111111,5,manhattan,brute,40,2.0,0.17742034741116447
1,0.04,11.11111111111111,5,manhattan,brute,50,,0.17742034741116447
1,0.04,11.11111111111111,5,manhattan,brute,50,1.0,0.17742034741116447
1,0.04,11.11111111111111,5,manhattan,brute,50,2.0,0.17742034741116447
1,0.0,11.11111111111111,6,euclidean,auto,10,,-1.0
1,0.0,11.11111111111111,6,euclidean,auto,10,1.0,-1.0
1,0.0,11.11111111111111,6,euclidean,auto,10,2.0,-1.0
1,0.0,11.11111111111111,6,euclidean,auto,20,,-1.0
1,0.0,11.11111111111111,6,euclidean,auto,20,1.0,-1.0
1,0.0,11.11111111111111,6,euclidean,auto,20,2.0,-1.0
1,0.0,11.11111111111111,6,euclidean,auto,30,,-1.0
1,0.0,11.11111111111111,6,euclidean,auto,30,1.0,-1.0
1,0.0,11.11111111111111,6,euclidean,auto,30,2.0,-1.0
1,0.0,11.11111111111111,6,euclidean,auto,40,,-1.0
1,0.0,11.11111111111111,6,euclidean,auto,40,1.0,-1.0
1,0.0,11.11111111111111,6,euclidean,auto,40,2.0,-1.0
1,0.0,11.11111111111111,6,euclidean,auto,50,,-1.0
1,0.0,11.11111111111111,6,euclidean,auto,50,1.0,-1.0
1,0.0,11.11111111111111,6,euclidean,auto,50,2.0,-1.0
1,0.0,11.11111111111111,6,euclidean,ball_tree,10,,-1.0
1,0.0,11.11111111111111,6,euclidean,ball_tree,10,1.0,-1.0
1,0.0,11.11111111111111,6,euclidean,ball_tree,10,2.0,-1.0
1,0.0,11.11111111111111,6,euclidean,ball_tree,20,,-1.0
1,0.0,11.11111111111111,6,euclidean,ball_tree,20,1.0,-1.0
1,0.0,11.11111111111111,6,euclidean,ball_tree,20,2.0,-1.0
1,0.0,11.11111111111111,6,euclidean,ball_tree,30,,-1.0
1,0.0,11.11111111111111,6,euclidean,ball_tree,30,1.0,-1.0
1,0.0,11.11111111111111,6,euclidean,ball_tree,30,2.0,-1.0
1,0.0,11.11111111111111,6,euclidean,ball_tree,40,,-1.0
1,0.0,11.11111111111111,6,euclidean,ball_tree,40,1.0,-1.0
1,0.0,11.11111111111111,6,euclidean,ball_tree,40,2.0,-1.0
1,0.0,11.11111111111111,6,euclidean,ball_tree,50,,-1.0
1,0.0,11.11111111111111,6,euclidean,ball_tree,50,1.0,-1.0
1,0.0,11.11111111111111,6,euclidean,ball_tree,50,2.0,-1.0
1,0.0,11.11111111111111,6,euclidean,kd_tree,10,,-1.0
1,0.0,11.11111111111111,6,euclidean,kd_tree,10,1.0,-1.0
1,0.0,11.11111111111111,6,euclidean,kd_tree,10,2.0,-1.0
1,0.0,11.11111111111111,6,euclidean,kd_tree,20,,-1.0
1,0.0,11.11111111111111,6,euclidean,kd_tree,20,1.0,-1.0
1,0.0,11.11111111111111,6,euclidean,kd_tree,20,2.0,-1.0
1,0.0,11.11111111111111,6,euclidean,kd_tree,30,,-1.0
1,0.0,11.11111111111111,6,euclidean,kd_tree,30,1.0,-1.0
1,0.0,11.11111111111111,6,euclidean,kd_tree,30,2.0,-1.0
1,0.0,11.11111111111111,6,euclidean,kd_tree,40,,-1.0
1,0.0,11.11111111111111,6,euclidean,kd_tree,40,1.0,-1.0
1,0.0,11.11111111111111,6,euclidean,kd_tree,40,2.0,-1.0
1,0.0,11.11111111111111,6,euclidean,kd_tree,50,,-1.0
1,0.0,11.11111111111111,6,euclidean,kd_tree,50,1.0,-1.0
1,0.0,11.11111111111111,6,euclidean,kd_tree,50,2.0,-1.0
1,0.0,11.11111111111111,6,euclidean,brute,10,,-1.0
1,0.0,11.11111111111111,6,euclidean,brute,10,1.0,-1.0
1,0.0,11.11111111111111,6,euclidean,brute,10,2.0,-1.0
1,0.0,11.11111111111111,6,euclidean,brute,20,,-1.0
1,0.0,11.11111111111111,6,euclidean,brute,20,1.0,-1.0
1,0.0,11.11111111111111,6,euclidean,brute,20,2.0,-1.0
1,0.0,11.11111111111111,6,euclidean,brute,30,,-1.0
1,0.0,11.11111111111111,6,euclidean,brute,30,1.0,-1.0
1,0.0,11.11111111111111,6,euclidean,brute,30,2.0,-1.0
1,0.0,11.11111111111111,6,euclidean,brute,40,,-1.0
1,0.0,11.11111111111111,6,euclidean,brute,40,1.0,-1.0
1,0.0,11.11111111111111,6,euclidean,brute,40,2.0,-1.0
1,0.0,11.11111111111111,6,euclidean,brute,50,,-1.0
1,0.0,11.11111111111111,6,euclidean,brute,50,1.0,-1.0
1,0.0,11.11111111111111,6,euclidean,brute,50,2.0,-1.0
1,0.043,11.11111111111111,6,manhattan,auto,10,,0.17586302890985525
1,0.043,11.11111111111111,6,manhattan,auto,10,1.0,0.17586302890985525
1,0.043,11.11111111111111,6,manhattan,auto,10,2.0,0.17586302890985525
1,0.043,11.11111111111111,6,manhattan,auto,20,,0.17586302890985525
1,0.043,11.11111111111111,6,manhattan,auto,20,1.0,0.17586302890985525
1,0.043,11.11111111111111,6,manhattan,auto,20,2.0,0.17586302890985525
1,0.043,11.11111111111111,6,manhattan,auto,30,,0.17586302890985525
1,0.043,11.11111111111111,6,manhattan,auto,30,1.0,0.17586302890985525
1,0.043,11.11111111111111,6,manhattan,auto,30,2.0,0.17586302890985525
1,0.043,11.11111111111111,6,manhattan,auto,40,,0.17586302890985525
1,0.043,11.11111111111111,6,manhattan,auto,40,1.0,0.17586302890985525
1,0.043,11.11111111111111,6,manhattan,auto,40,2.0,0.17586302890985525
1,0.043,11.11111111111111,6,manhattan,auto,50,,0.17586302890985525
1,0.043,11.11111111111111,6,manhattan,auto,50,1.0,0.17586302890985525
1,0.043,11.11111111111111,6,manhattan,auto,50,2.0,0.17586302890985525
1,0.043,11.11111111111111,6,manhattan,ball_tree,10,,0.17586302890985525
1,0.043,11.11111111111111,6,manhattan,ball_tree,10,1.0,0.17586302890985525
1,0.043,11.11111111111111,6,manhattan,ball_tree,10,2.0,0.17586302890985525
1,0.043,11.11111111111111,6,manhattan,ball_tree,20,,0.17586302890985525
1,0.043,11.11111111111111,6,manhattan,ball_tree,20,1.0,0.17586302890985525
1,0.043,11.11111111111111,6,manhattan,ball_tree,20,2.0,0.17586302890985525
1,0.043,11.11111111111111,6,manhattan,ball_tree,30,,0.17586302890985525
1,0.043,11.11111111111111,6,manhattan,ball_tree,30,1.0,0.17586302890985525
1,0.043,11.11111111111111,6,manhattan,ball_tree,30,2.0,0.17586302890985525
1,0.043,11.11111111111111,6,manhattan,ball_tree,40,,0.17586302890985525
1,0.043,11.11111111111111,6,manhattan,ball_tree,40,1.0,0.17586302890985525
1,0.043,11.11111111111111,6,manhattan,ball_tree,40,2.0,0.17586302890985525
1,0.043,11.11111111111111,6,manhattan,ball_tree,50,,0.17586302890985525
1,0.043,11.11111111111111,6,manhattan,ball_tree,50,1.0,0.17586302890985525
1,0.043,11.11111111111111,6,manhattan,ball_tree,50,2.0,0.17586302890985525
1,0.043,11.11111111111111,6,manhattan,kd_tree,10,,0.17586302890985525
1,0.043,11.11111111111111,6,manhattan,kd_tree,10,1.0,0.17586302890985525
1,0.043,11.11111111111111,6,manhattan,kd_tree,10,2.0,0.17586302890985525
1,0.043,11.11111111111111,6,manhattan,kd_tree,20,,0.17586302890985525
1,0.043,11.11111111111111,6,manhattan,kd_tree,20,1.0,0.17586302890985525
1,0.043,11.11111111111111,6,manhattan,kd_tree,20,2.0,0.17586302890985525
1,0.043,11.11111111111111,6,manhattan,kd_tree,30,,0.17586302890985525
1,0.043,11.11111111111111,6,manhattan,kd_tree,30,1.0,0.17586302890985525
1,0.043,11.11111111111111,6,manhattan,kd_tree,30,2.0,0.17586302890985525
1,0.043,11.11111111111111,6,manhattan,kd_tree,40,,0.17586302890985525
1,0.043,11.11111111111111,6,manhattan,kd_tree,40,1.0,0.17586302890985525
1,0.043,11.11111111111111,6,manhattan,kd_tree,40,2.0,0.17586302890985525
1,0.043,11.11111111111111,6,manhattan,kd_tree,50,,0.17586302890985525
1,0.043,11.11111111111111,6,manhattan,kd_tree,50,1.0,0.17586302890985525
1,0.043,11.11111111111111,6,manhattan,kd_tree,50,2.0,0.17586302890985525
1,0.043,11.11111111111111,6,manhattan,brute,10,,0.17586302890985525
1,0.043,11.11111111111111,6,manhattan,brute,10,1.0,0.17586302890985525
1,0.043,11.11111111111111,6,manhattan,brute,10,2.0,0.17586302890985525
1,0.043,11.11111111111111,6,manhattan,brute,20,,0.17586302890985525
1,0.043,11.11111111111111,6,manhattan,brute,20,1.0,0.17586302890985525
1,0.043,11.11111111111111,6,manhattan,brute,20,2.0,0.17586302890985525
1,0.043,11.11111111111111,6,manhattan,brute,30,,0.17586302890985525
1,0.043,11.11111111111111,6,manhattan,brute,30,1.0,0.17586302890985525
1,0.043,11.11111111111111,6,manhattan,brute,30,2.0,0.17586302890985525
1,0.043,11.11111111111111,6,manhattan,brute,40,,0.17586302890985525
1,0.043,11.11111111111111,6,manhattan,brute,40,1.0,0.17586302890985525
1,0.043,11.11111111111111,6,manhattan,brute,40,2.0,0.17586302890985525
1,0.043,11.11111111111111,6,manhattan,brute,50,,0.17586302890985525
1,0.043,11.11111111111111,6,manhattan,brute,50,1.0,0.17586302890985525
1,0.043,11.11111111111111,6,manhattan,brute,50,2.0,0.17586302890985525
1,0.0,11.11111111111111,7,euclidean,auto,10,,-1.0
1,0.0,11.11111111111111,7,euclidean,auto,10,1.0,-1.0
1,0.0,11.11111111111111,7,euclidean,auto,10,2.0,-1.0
1,0.0,11.11111111111111,7,euclidean,auto,20,,-1.0
1,0.0,11.11111111111111,7,euclidean,auto,20,1.0,-1.0
1,0.0,11.11111111111111,7,euclidean,auto,20,2.0,-1.0
1,0.0,11.11111111111111,7,euclidean,auto,30,,-1.0
1,0.0,11.11111111111111,7,euclidean,auto,30,1.0,-1.0
1,0.0,11.11111111111111,7,euclidean,auto,30,2.0,-1.0
1,0.0,11.11111111111111,7,euclidean,auto,40,,-1.0
1,0.0,11.11111111111111,7,euclidean,auto,40,1.0,-1.0
1,0.0,11.11111111111111,7,euclidean,auto,40,2.0,-1.0
1,0.0,11.11111111111111,7,euclidean,auto,50,,-1.0
1,0.0,11.11111111111111,7,euclidean,auto,50,1.0,-1.0
1,0.0,11.11111111111111,7,euclidean,auto,50,2.0,-1.0
1,0.0,11.11111111111111,7,euclidean,ball_tree,10,,-1.0
1,0.0,11.11111111111111,7,euclidean,ball_tree,10,1.0,-1.0
1,0.0,11.11111111111111,7,euclidean,ball_tree,10,2.0,-1.0
1,0.0,11.11111111111111,7,euclidean,ball_tree,20,,-1.0
1,0.0,11.11111111111111,7,euclidean,ball_tree,20,1.0,-1.0
1,0.0,11.11111111111111,7,euclidean,ball_tree,20,2.0,-1.0
1,0.0,11.11111111111111,7,euclidean,ball_tree,30,,-1.0
1,0.0,11.11111111111111,7,euclidean,ball_tree,30,1.0,-1.0
1,0.0,11.11111111111111,7,euclidean,ball_tree,30,2.0,-1.0
1,0.0,11.11111111111111,7,euclidean,ball_tree,40,,-1.0
1,0.0,11.11111111111111,7,euclidean,ball_tree,40,1.0,-1.0
1,0.0,11.11111111111111,7,euclidean,ball_tree,40,2.0,-1.0
1,0.0,11.11111111111111,7,euclidean,ball_tree,50,,-1.0
1,0.0,11.11111111111111,7,euclidean,ball_tree,50,1.0,-1.0
1,0.0,11.11111111111111,7,euclidean,ball_tree,50,2.0,-1.0
1,0.0,11.11111111111111,7,euclidean,kd_tree,10,,-1.0
1,0.0,11.11111111111111,7,euclidean,kd_tree,10,1.0,-1.0
1,0.0,11.11111111111111,7,euclidean,kd_tree,10,2.0,-1.0
1,0.0,11.11111111111111,7,euclidean,kd_tree,20,,-1.0
1,0.0,11.11111111111111,7,euclidean,kd_tree,20,1.0,-1.0
1,0.0,11.11111111111111,7,euclidean,kd_tree,20,2.0,-1.0
1,0.0,11.11111111111111,7,euclidean,kd_tree,30,,-1.0
1,0.0,11.11111111111111,7,euclidean,kd_tree,30,1.0,-1.0
1,0.0,11.11111111111111,7,euclidean,kd_tree,30,2.0,-1.0
1,0.0,11.11111111111111,7,euclidean,kd_tree,40,,-1.0
1,0.0,11.11111111111111,7,euclidean,kd_tree,40,1.0,-1.0
1,0.0,11.11111111111111,7,euclidean,kd_tree,40,2.0,-1.0
1,0.0,11.11111111111111,7,euclidean,kd_tree,50,,-1.0
1,0.0,11.11111111111111,7,euclidean,kd_tree,50,1.0,-1.0
1,0.0,11.11111111111111,7,euclidean,kd_tree,50,2.0,-1.0
1,0.0,11.11111111111111,7,euclidean,brute,10,,-1.0
1,0.0,11.11111111111111,7,euclidean,brute,10,1.0,-1.0
1,0.0,11.11111111111111,7,euclidean,brute,10,2.0,-1.0
1,0.0,11.11111111111111,7,euclidean,brute,20,,-1.0
1,0.0,11.11111111111111,7,euclidean,brute,20,1.0,-1.0
1,0.0,11.11111111111111,7,euclidean,brute,20,2.0,-1.0
1,0.0,11.11111111111111,7,euclidean,brute,30,,-1.0
1,0.0,11.11111111111111,7,euclidean,brute,30,1.0,-1.0
1,0.0,11.11111111111111,7,euclidean,brute,30,2.0,-1.0
1,0.0,11.11111111111111,7,euclidean,brute,40,,-1.0
1,0.0,11.11111111111111,7,euclidean,brute,40,1.0,-1.0
1,0.0,11.11111111111111,7,euclidean,brute,40,2.0,-1.0
1,0.0,11.11111111111111,7,euclidean,brute,50,,-1.0
1,0.0,11.11111111111111,7,euclidean,brute,50,1.0,-1.0
1,0.0,11.11111111111111,7,euclidean,brute,50,2.0,-1.0
1,0.047,11.11111111111111,7,manhattan,auto,10,,0.17849568128102314
1,0.047,11.11111111111111,7,manhattan,auto,10,1.0,0.17849568128102314
1,0.047,11.11111111111111,7,manhattan,auto,10,2.0,0.17849568128102314
1,0.047,11.11111111111111,7,manhattan,auto,20,,0.17849568128102314
1,0.047,11.11111111111111,7,manhattan,auto,20,1.0,0.17849568128102314
1,0.047,11.11111111111111,7,manhattan,auto,20,2.0,0.17849568128102314
1,0.047,11.11111111111111,7,manhattan,auto,30,,0.17849568128102314
1,0.047,11.11111111111111,7,manhattan,auto,30,1.0,0.17849568128102314
1,0.047,11.11111111111111,7,manhattan,auto,30,2.0,0.17849568128102314
1,0.047,11.11111111111111,7,manhattan,auto,40,,0.17849568128102314
1,0.047,11.11111111111111,7,manhattan,auto,40,1.0,0.17849568128102314
1,0.047,11.11111111111111,7,manhattan,auto,40,2.0,0.17849568128102314
1,0.047,11.11111111111111,7,manhattan,auto,50,,0.17849568128102314
1,0.047,11.11111111111111,7,manhattan,auto,50,1.0,0.17849568128102314
1,0.047,11.11111111111111,7,manhattan,auto,50,2.0,0.17849568128102314
1,0.047,11.11111111111111,7,manhattan,ball_tree,10,,0.17849568128102314
1,0.047,11.11111111111111,7,manhattan,ball_tree,10,1.0,0.17849568128102314
1,0.047,11.11111111111111,7,manhattan,ball_tree,10,2.0,0.17849568128102314
1,0.047,11.11111111111111,7,manhattan,ball_tree,20,,0.17849568128102314
1,0.047,11.11111111111111,7,manhattan,ball_tree,20,1.0,0.17849568128102314
1,0.047,11.11111111111111,7,manhattan,ball_tree,20,2.0,0.17849568128102314
1,0.047,11.11111111111111,7,manhattan,ball_tree,30,,0.17849568128102314
1,0.047,11.11111111111111,7,manhattan,ball_tree,30,1.0,0.17849568128102314
1,0.047,11.11111111111111,7,manhattan,ball_tree,30,2.0,0.17849568128102314
1,0.047,11.11111111111111,7,manhattan,ball_tree,40,,0.17849568128102314
1,0.047,11.11111111111111,7,manhattan,ball_tree,40,1.0,0.17849568128102314
1,0.047,11.11111111111111,7,manhattan,ball_tree,40,2.0,0.17849568128102314
1,0.047,11.11111111111111,7,manhattan,ball_tree,50,,0.17849568128102314
1,0.047,11.11111111111111,7,manhattan,ball_tree,50,1.0,0.17849568128102314
1,0.047,11.11111111111111,7,manhattan,ball_tree,50,2.0,0.17849568128102314
1,0.047,11.11111111111111,7,manhattan,kd_tree,10,,0.17849568128102314
1,0.047,11.11111111111111,7,manhattan,kd_tree,10,1.0,0.17849568128102314
1,0.047,11.11111111111111,7,manhattan,kd_tree,10,2.0,0.17849568128102314
1,0.047,11.11111111111111,7,manhattan,kd_tree,20,,0.17849568128102314
1,0.047,11.11111111111111,7,manhattan,kd_tree,20,1.0,0.17849568128102314
1,0.047,11.11111111111111,7,manhattan,kd_tree,20,2.0,0.17849568128102314
1,0.047,11.11111111111111,7,manhattan,kd_tree,30,,0.17849568128102314
1,0.047,11.11111111111111,7,manhattan,kd_tree,30,1.0,0.17849568128102314
1,0.047,11.11111111111111,7,manhattan,kd_tree,30,2.0,0.17849568128102314
1,0.047,11.11111111111111,7,manhattan,kd_tree,40,,0.17849568128102314
1,0.047,11.11111111111111,7,manhattan,kd_tree,40,1.0,0.17849568128102314
1,0.047,11.11111111111111,7,manhattan,kd_tree,40,2.0,0.17849568128102314
1,0.047,11.11111111111111,7,manhattan,kd_tree,50,,0.17849568128102314
1,0.047,11.11111111111111,7,manhattan,kd_tree,50,1.0,0.17849568128102314
1,0.047,11.11111111111111,7,manhattan,kd_tree,50,2.0,0.17849568128102314
1,0.047,11.11111111111111,7,manhattan,brute,10,,0.17849568128102314
1,0.047,11.11111111111111,7,manhattan,brute,10,1.0,0.17849568128102314
1,0.047,11.11111111111111,7,manhattan,brute,10,2.0,0.17849568128102314
1,0.047,11.11111111111111,7,manhattan,brute,20,,0.17849568128102314
1,0.047,11.11111111111111,7,manhattan,brute,20,1.0,0.17849568128102314
1,0.047,11.11111111111111,7,manhattan,brute,20,2.0,0.17849568128102314
1,0.047,11.11111111111111,7,manhattan,brute,30,,0.17849568128102314
1,0.047,11.11111111111111,7,manhattan,brute,30,1.0,0.17849568128102314
1,0.047,11.11111111111111,7,manhattan,brute,30,2.0,0.17849568128102314
1,0.047,11.11111111111111,7,manhattan,brute,40,,0.17849568128102314
1,0.047,11.11111111111111,7,manhattan,brute,40,1.0,0.17849568128102314
1,0.047,11.11111111111111,7,manhattan,brute,40,2.0,0.17849568128102314
1,0.047,11.11111111111111,7,manhattan,brute,50,,0.17849568128102314
1,0.047,11.11111111111111,7,manhattan,brute,50,1.0,0.17849568128102314
1,0.047,11.11111111111111,7,manhattan,brute,50,2.0,0.17849568128102314
1,0.0,11.11111111111111,8,euclidean,auto,10,,-1.0
1,0.0,11.11111111111111,8,euclidean,auto,10,1.0,-1.0
1,0.0,11.11111111111111,8,euclidean,auto,10,2.0,-1.0
1,0.0,11.11111111111111,8,euclidean,auto,20,,-1.0
1,0.0,11.11111111111111,8,euclidean,auto,20,1.0,-1.0
1,0.0,11.11111111111111,8,euclidean,auto,20,2.0,-1.0
1,0.0,11.11111111111111,8,euclidean,auto,30,,-1.0
1,0.0,11.11111111111111,8,euclidean,auto,30,1.0,-1.0
1,0.0,11.11111111111111,8,euclidean,auto,30,2.0,-1.0
1,0.0,11.11111111111111,8,euclidean,auto,40,,-1.0
1,0.0,11.11111111111111,8,euclidean,auto,40,1.0,-1.0
1,0.0,11.11111111111111,8,euclidean,auto,40,2.0,-1.0
1,0.0,11.11111111111111,8,euclidean,auto,50,,-1.0
1,0.0,11.11111111111111,8,euclidean,auto,50,1.0,-1.0
1,0.0,11.11111111111111,8,euclidean,auto,50,2.0,-1.0
1,0.0,11.11111111111111,8,euclidean,ball_tree,10,,-1.0
1,0.0,11.11111111111111,8,euclidean,ball_tree,10,1.0,-1.0
1,0.0,11.11111111111111,8,euclidean,ball_tree,10,2.0,-1.0
1,0.0,11.11111111111111,8,euclidean,ball_tree,20,,-1.0
1,0.0,11.11111111111111,8,euclidean,ball_tree,20,1.0,-1.0
1,0.0,11.11111111111111,8,euclidean,ball_tree,20,2.0,-1.0
1,0.0,11.11111111111111,8,euclidean,ball_tree,30,,-1.0
1,0.0,11.11111111111111,8,euclidean,ball_tree,30,1.0,-1.0
1,0.0,11.11111111111111,8,euclidean,ball_tree,30,2.0,-1.0
1,0.0,11.11111111111111,8,euclidean,ball_tree,40,,-1.0
1,0.0,11.11111111111111,8,euclidean,ball_tree,40,1.0,-1.0
1,0.0,11.11111111111111,8,euclidean,ball_tree,40,2.0,-1.0
1,0.0,11.11111111111111,8,euclidean,ball_tree,50,,-1.0
1,0.0,11.11111111111111,8,euclidean,ball_tree,50,1.0,-1.0
1,0.0,11.11111111111111,8,euclidean,ball_tree,50,2.0,-1.0
1,0.0,11.11111111111111,8,euclidean,kd_tree,10,,-1.0
1,0.0,11.11111111111111,8,euclidean,kd_tree,10,1.0,-1.0
1,0.0,11.11111111111111,8,euclidean,kd_tree,10,2.0,-1.0
1,0.0,11.11111111111111,8,euclidean,kd_tree,20,,-1.0
1,0.0,11.11111111111111,8,euclidean,kd_tree,20,1.0,-1.0
1,0.0,11.11111111111111,8,euclidean,kd_tree,20,2.0,-1.0
1,0.0,11.11111111111111,8,euclidean,kd_tree,30,,-1.0
1,0.0,11.11111111111111,8,euclidean,kd_tree,30,1.0,-1.0
1,0.0,11.11111111111111,8,euclidean,kd_tree,30,2.0,-1.0
1,0.0,11.11111111111111,8,euclidean,kd_tree,40,,-1.0
1,0.0,11.11111111111111,8,euclidean,kd_tree,40,1.0,-1.0
1,0.0,11.11111111111111,8,euclidean,kd_tree,40,2.0,-1.0
1,0.0,11.11111111111111,8,euclidean,kd_tree,50,,-1.0
1,0.0,11.11111111111111,8,euclidean,kd_tree,50,1.0,-1.0
1,0.0,11.11111111111111,8,euclidean,kd_tree,50,2.0,-1.0
1,0.0,11.11111111111111,8,euclidean,brute,10,,-1.0
1,0.0,11.11111111111111,8,euclidean,brute,10,1.0,-1.0
1,0.0,11.11111111111111,8,euclidean,brute,10,2.0,-1.0
1,0.0,11.11111111111111,8,euclidean,brute,20,,-1.0
1,0.0,11.11111111111111,8,euclidean,brute,20,1.0,-1.0
1,0.0,11.11111111111111,8,euclidean,brute,20,2.0,-1.0
1,0.0,11.11111111111111,8,euclidean,brute,30,,-1.0
1,0.0,11.11111111111111,8,euclidean,brute,30,1.0,-1.0
1,0.0,11.11111111111111,8,euclidean,brute,30,2.0,-1.0
1,0.0,11.11111111111111,8,euclidean,brute,40,,-1.0
1,0.0,11.11111111111111,8,euclidean,brute,40,1.0,-1.0
1,0.0,11.11111111111111,8,euclidean,brute,40,2.0,-1.0
1,0.0,11.11111111111111,8,euclidean,brute,50,,-1.0
1,0.0,11.11111111111111,8,euclidean,brute,50,1.0,-1.0
1,0.0,11.11111111111111,8,euclidean,brute,50,2.0,-1.0
1,0.051,11.11111111111111,8,manhattan,auto,10,,0.17399133212772858
1,0.051,11.11111111111111,8,manhattan,auto,10,1.0,0.17399133212772858
1,0.051,11.11111111111111,8,manhattan,auto,10,2.0,0.17399133212772858
1,0.051,11.11111111111111,8,manhattan,auto,20,,0.17399133212772858
1,0.051,11.11111111111111,8,manhattan,auto,20,1.0,0.17399133212772858
1,0.051,11.11111111111111,8,manhattan,auto,20,2.0,0.17399133212772858
1,0.051,11.11111111111111,8,manhattan,auto,30,,0.17399133212772858
1,0.051,11.11111111111111,8,manhattan,auto,30,1.0,0.17399133212772858
1,0.051,11.11111111111111,8,manhattan,auto,30,2.0,0.17399133212772858
1,0.051,11.11111111111111,8,manhattan,auto,40,,0.17399133212772858
1,0.051,11.11111111111111,8,manhattan,auto,40,1.0,0.17399133212772858
1,0.051,11.11111111111111,8,manhattan,auto,40,2.0,0.17399133212772858
1,0.051,11.11111111111111,8,manhattan,auto,50,,0.17399133212772858
1,0.051,11.11111111111111,8,manhattan,auto,50,1.0,0.17399133212772858
1,0.051,11.11111111111111,8,manhattan,auto,50,2.0,0.17399133212772858
1,0.051,11.11111111111111,8,manhattan,ball_tree,10,,0.17399133212772858
1,0.051,11.11111111111111,8,manhattan,ball_tree,10,1.0,0.17399133212772858
1,0.051,11.11111111111111,8,manhattan,ball_tree,10,2.0,0.17399133212772858
1,0.051,11.11111111111111,8,manhattan,ball_tree,20,,0.17399133212772858
1,0.051,11.11111111111111,8,manhattan,ball_tree,20,1.0,0.17399133212772858
1,0.051,11.11111111111111,8,manhattan,ball_tree,20,2.0,0.17399133212772858
1,0.051,11.11111111111111,8,manhattan,ball_tree,30,,0.17399133212772858
1,0.051,11.11111111111111,8,manhattan,ball_tree,30,1.0,0.17399133212772858
1,0.051,11.11111111111111,8,manhattan,ball_tree,30,2.0,0.17399133212772858
1,0.051,11.11111111111111,8,manhattan,ball_tree,40,,0.17399133212772858
1,0.051,11.11111111111111,8,manhattan,ball_tree,40,1.0,0.17399133212772858
1,0.051,11.11111111111111,8,manhattan,ball_tree,40,2.0,0.17399133212772858
1,0.051,11.11111111111111,8,manhattan,ball_tree,50,,0.17399133212772858
1,0.051,11.11111111111111,8,manhattan,ball_tree,50,1.0,0.17399133212772858
1,0.051,11.11111111111111,8,manhattan,ball_tree,50,2.0,0.17399133212772858
1,0.051,11.11111111111111,8,manhattan,kd_tree,10,,0.17399133212772858
1,0.051,11.11111111111111,8,manhattan,kd_tree,10,1.0,0.17399133212772858
1,0.051,11.11111111111111,8,manhattan,kd_tree,10,2.0,0.17399133212772858
1,0.051,11.11111111111111,8,manhattan,kd_tree,20,,0.17399133212772858
1,0.051,11.11111111111111,8,manhattan,kd_tree,20,1.0,0.17399133212772858
1,0.051,11.11111111111111,8,manhattan,kd_tree,20,2.0,0.17399133212772858
1,0.051,11.11111111111111,8,manhattan,kd_tree,30,,0.17399133212772858
1,0.051,11.11111111111111,8,manhattan,kd_tree,30,1.0,0.17399133212772858
1,0.051,11.11111111111111,8,manhattan,kd_tree,30,2.0,0.17399133212772858
1,0.051,11.11111111111111,8,manhattan,kd_tree,40,,0.17399133212772858
1,0.051,11.11111111111111,8,manhattan,kd_tree,40,1.0,0.17399133212772858
1,0.051,11.11111111111111,8,manhattan,kd_tree,40,2.0,0.17399133212772858
1,0.051,11.11111111111111,8,manhattan,kd_tree,50,,0.17399133212772858
1,0.051,11.11111111111111,8,manhattan,kd_tree,50,1.0,0.17399133212772858
1,0.051,11.11111111111111,8,manhattan,kd_tree,50,2.0,0.17399133212772858
1,0.051,11.11111111111111,8,manhattan,brute,10,,0.17399133212772858
1,0.051,11.11111111111111,8,manhattan,brute,10,1.0,0.17399133212772858
1,0.051,11.11111111111111,8,manhattan,brute,10,2.0,0.17399133212772858
1,0.051,11.11111111111111,8,manhattan,brute,20,,0.17399133212772858
1,0.051,11.11111111111111,8,manhattan,brute,20,1.0,0.17399133212772858
1,0.051,11.11111111111111,8,manhattan,brute,20,2.0,0.17399133212772858
1,0.051,11.11111111111111,8,manhattan,brute,30,,0.17399133212772858
1,0.051,11.11111111111111,8,manhattan,brute,30,1.0,0.17399133212772858
1,0.051,11.11111111111111,8,manhattan,brute,30,2.0,0.17399133212772858
1,0.051,11.11111111111111,8,manhattan,brute,40,,0.17399133212772858
1,0.051,11.11111111111111,8,manhattan,brute,40,1.0,0.17399133212772858
1,0.051,11.11111111111111,8,manhattan,brute,40,2.0,0.17399133212772858
1,0.051,11.11111111111111,8,manhattan,brute,50,,0.17399133212772858
1,0.051,11.11111111111111,8,manhattan,brute,50,1.0,0.17399133212772858
1,0.051,11.11111111111111,8,manhattan,brute,50,2.0,0.17399133212772858
1,0.0,11.11111111111111,9,euclidean,auto,10,,-1.0
1,0.0,11.11111111111111,9,euclidean,auto,10,1.0,-1.0
1,0.0,11.11111111111111,9,euclidean,auto,10,2.0,-1.0
1,0.0,11.11111111111111,9,euclidean,auto,20,,-1.0
1,0.0,11.11111111111111,9,euclidean,auto,20,1.0,-1.0
1,0.0,11.11111111111111,9,euclidean,auto,20,2.0,-1.0
1,0.0,11.11111111111111,9,euclidean,auto,30,,-1.0
1,0.0,11.11111111111111,9,euclidean,auto,30,1.0,-1.0
1,0.0,11.11111111111111,9,euclidean,auto,30,2.0,-1.0
1,0.0,11.11111111111111,9,euclidean,auto,40,,-1.0
1,0.0,11.11111111111111,9,euclidean,auto,40,1.0,-1.0
1,0.0,11.11111111111111,9,euclidean,auto,40,2.0,-1.0
1,0.0,11.11111111111111,9,euclidean,auto,50,,-1.0
1,0.0,11.11111111111111,9,euclidean,auto,50,1.0,-1.0
1,0.0,11.11111111111111,9,euclidean,auto,50,2.0,-1.0
1,0.0,11.11111111111111,9,euclidean,ball_tree,10,,-1.0
1,0.0,11.11111111111111,9,euclidean,ball_tree,10,1.0,-1.0
1,0.0,11.11111111111111,9,euclidean,ball_tree,10,2.0,-1.0
1,0.0,11.11111111111111,9,euclidean,ball_tree,20,,-1.0
1,0.0,11.11111111111111,9,euclidean,ball_tree,20,1.0,-1.0
1,0.0,11.11111111111111,9,euclidean,ball_tree,20,2.0,-1.0
1,0.0,11.11111111111111,9,euclidean,ball_tree,30,,-1.0
1,0.0,11.11111111111111,9,euclidean,ball_tree,30,1.0,-1.0
1,0.0,11.11111111111111,9,euclidean,ball_tree,30,2.0,-1.0
1,0.0,11.11111111111111,9,euclidean,ball_tree,40,,-1.0
1,0.0,11.11111111111111,9,euclidean,ball_tree,40,1.0,-1.0
1,0.0,11.11111111111111,9,euclidean,ball_tree,40,2.0,-1.0
1,0.0,11.11111111111111,9,euclidean,ball_tree,50,,-1.0
1,0.0,11.11111111111111,9,euclidean,ball_tree,50,1.0,-1.0
1,0.0,11.11111111111111,9,euclidean,ball_tree,50,2.0,-1.0
1,0.0,11.11111111111111,9,euclidean,kd_tree,10,,-1.0
1,0.0,11.11111111111111,9,euclidean,kd_tree,10,1.0,-1.0
1,0.0,11.11111111111111,9,euclidean,kd_tree,10,2.0,-1.0
1,0.0,11.11111111111111,9,euclidean,kd_tree,20,,-1.0
1,0.0,11.11111111111111,9,euclidean,kd_tree,20,1.0,-1.0
1,0.0,11.11111111111111,9,euclidean,kd_tree,20,2.0,-1.0
1,0.0,11.11111111111111,9,euclidean,kd_tree,30,,-1.0
1,0.0,11.11111111111111,9,euclidean,kd_tree,30,1.0,-1.0
1,0.0,11.11111111111111,9,euclidean,kd_tree,30,2.0,-1.0
1,0.0,11.11111111111111,9,euclidean,kd_tree,40,,-1.0
1,0.0,11.11111111111111,9,euclidean,kd_tree,40,1.0,-1.0
1,0.0,11.11111111111111,9,euclidean,kd_tree,40,2.0,-1.0
1,0.0,11.11111111111111,9,euclidean,kd_tree,50,,-1.0
1,0.0,11.11111111111111,9,euclidean,kd_tree,50,1.0,-1.0
1,0.0,11.11111111111111,9,euclidean,kd_tree,50,2.0,-1.0
1,0.0,11.11111111111111,9,euclidean,brute,10,,-1.0
1,0.0,11.11111111111111,9,euclidean,brute,10,1.0,-1.0
1,0.0,11.11111111111111,9,euclidean,brute,10,2.0,-1.0
1,0.0,11.11111111111111,9,euclidean,brute,20,,-1.0
1,0.0,11.11111111111111,9,euclidean,brute,20,1.0,-1.0
1,0.0,11.11111111111111,9,euclidean,brute,20,2.0,-1.0
1,0.0,11.11111111111111,9,euclidean,brute,30,,-1.0
1,0.0,11.11111111111111,9,euclidean,brute,30,1.0,-1.0
1,0.0,11.11111111111111,9,euclidean,brute,30,2.0,-1.0
1,0.0,11.11111111111111,9,euclidean,brute,40,,-1.0
1,0.0,11.11111111111111,9,euclidean,brute,40,1.0,-1.0
1,0.0,11.11111111111111,9,euclidean,brute,40,2.0,-1.0
1,0.0,11.11111111111111,9,euclidean,brute,50,,-1.0
1,0.0,11.11111111111111,9,euclidean,brute,50,1.0,-1.0
1,0.0,11.11111111111111,9,euclidean,brute,50,2.0,-1.0
1,0.054,11.11111111111111,9,manhattan,auto,10,,0.1699522215387113
1,0.054,11.11111111111111,9,manhattan,auto,10,1.0,0.1699522215387113
1,0.054,11.11111111111111,9,manhattan,auto,10,2.0,0.1699522215387113
1,0.054,11.11111111111111,9,manhattan,auto,20,,0.1699522215387113
1,0.054,11.11111111111111,9,manhattan,auto,20,1.0,0.1699522215387113
1,0.054,11.11111111111111,9,manhattan,auto,20,2.0,0.1699522215387113
1,0.054,11.11111111111111,9,manhattan,auto,30,,0.1699522215387113
1,0.054,11.11111111111111,9,manhattan,auto,30,1.0,0.1699522215387113
1,0.054,11.11111111111111,9,manhattan,auto,30,2.0,0.1699522215387113
1,0.054,11.11111111111111,9,manhattan,auto,40,,0.1699522215387113
1,0.054,11.11111111111111,9,manhattan,auto,40,1.0,0.1699522215387113
1,0.054,11.11111111111111,9,manhattan,auto,40,2.0,0.1699522215387113
1,0.054,11.11111111111111,9,manhattan,auto,50,,0.1699522215387113
1,0.054,11.11111111111111,9,manhattan,auto,50,1.0,0.1699522215387113
1,0.054,11.11111111111111,9,manhattan,auto,50,2.0,0.1699522215387113
1,0.054,11.11111111111111,9,manhattan,ball_tree,10,,0.1699522215387113
1,0.054,11.11111111111111,9,manhattan,ball_tree,10,1.0,0.1699522215387113
1,0.054,11.11111111111111,9,manhattan,ball_tree,10,2.0,0.1699522215387113
1,0.054,11.11111111111111,9,manhattan,ball_tree,20,,0.1699522215387113
1,0.054,11.11111111111111,9,manhattan,ball_tree,20,1.0,0.1699522215387113
1,0.054,11.11111111111111,9,manhattan,ball_tree,20,2.0,0.1699522215387113
1,0.054,11.11111111111111,9,manhattan,ball_tree,30,,0.1699522215387113
1,0.054,11.11111111111111,9,manhattan,ball_tree,30,1.0,0.1699522215387113
1,0.054,11.11111111111111,9,manhattan,ball_tree,30,2.0,0.1699522215387113
1,0.054,11.11111111111111,9,manhattan,ball_tree,40,,0.1699522215387113
1,0.054,11.11111111111111,9,manhattan,ball_tree,40,1.0,0.1699522215387113
1,0.054,11.11111111111111,9,manhattan,ball_tree,40,2.0,0.1699522215387113
1,0.054,11.11111111111111,9,manhattan,ball_tree,50,,0.1699522215387113
1,0.054,11.11111111111111,9,manhattan,ball_tree,50,1.0,0.1699522215387113
1,0.054,11.11111111111111,9,manhattan,ball_tree,50,2.0,0.1699522215387113
1,0.054,11.11111111111111,9,manhattan,kd_tree,10,,0.1699522215387113
1,0.054,11.11111111111111,9,manhattan,kd_tree,10,1.0,0.1699522215387113
1,0.054,11.11111111111111,9,manhattan,kd_tree,10,2.0,0.1699522215387113
1,0.054,11.11111111111111,9,manhattan,kd_tree,20,,0.1699522215387113
1,0.054,11.11111111111111,9,manhattan,kd_tree,20,1.0,0.1699522215387113
1,0.054,11.11111111111111,9,manhattan,kd_tree,20,2.0,0.1699522215387113
1,0.054,11.11111111111111,9,manhattan,kd_tree,30,,0.1699522215387113
1,0.054,11.11111111111111,9,manhattan,kd_tree,30,1.0,0.1699522215387113
1,0.054,11.11111111111111,9,manhattan,kd_tree,30,2.0,0.1699522215387113
1,0.054,11.11111111111111,9,manhattan,kd_tree,40,,0.1699522215387113
1,0.054,11.11111111111111,9,manhattan,kd_tree,40,1.0,0.1699522215387113
1,0.054,11.11111111111111,9,manhattan,kd_tree,40,2.0,0.1699522215387113
1,0.054,11.11111111111111,9,manhattan,kd_tree,50,,0.1699522215387113
1,0.054,11.11111111111111,9,manhattan,kd_tree,50,1.0,0.1699522215387113
1,0.054,11.11111111111111,9,manhattan,kd_tree,50,2.0,0.1699522215387113
1,0.054,11.11111111111111,9,manhattan,brute,10,,0.1699522215387113
1,0.054,11.11111111111111,9,manhattan,brute,10,1.0,0.1699522215387113
1,0.054,11.11111111111111,9,manhattan,brute,10,2.0,0.1699522215387113
1,0.054,11.11111111111111,9,manhattan,brute,20,,0.1699522215387113
1,0.054,11.11111111111111,9,manhattan,brute,20,1.0,0.1699522215387113
1,0.054,11.11111111111111,9,manhattan,brute,20,2.0,0.1699522215387113
1,0.054,11.11111111111111,9,manhattan,brute,30,,0.1699522215387113
1,0.054,11.11111111111111,9,manhattan,brute,30,1.0,0.1699522215387113
1,0.054,11.11111111111111,9,manhattan,brute,30,2.0,0.1699522215387113
1,0.054,11.11111111111111,9,manhattan,brute,40,,0.1699522215387113
1,0.054,11.11111111111111,9,manhattan,brute,40,1.0,0.1699522215387113
1,0.054,11.11111111111111,9,manhattan,brute,40,2.0,0.1699522215387113
1,0.054,11.11111111111111,9,manhattan,brute,50,,0.1699522215387113
1,0.054,11.11111111111111,9,manhattan,brute,50,1.0,0.1699522215387113
1,0.054,11.11111111111111,9,manhattan,brute,50,2.0,0.1699522215387113
1,0.0,12.222222222222221,2,euclidean,auto,10,,-1.0
1,0.0,12.222222222222221,2,euclidean,auto,10,1.0,-1.0
1,0.0,12.222222222222221,2,euclidean,auto,10,2.0,-1.0
1,0.0,12.222222222222221,2,euclidean,auto,20,,-1.0
1,0.0,12.222222222222221,2,euclidean,auto,20,1.0,-1.0
1,0.0,12.222222222222221,2,euclidean,auto,20,2.0,-1.0
1,0.0,12.222222222222221,2,euclidean,auto,30,,-1.0
1,0.0,12.222222222222221,2,euclidean,auto,30,1.0,-1.0
1,0.0,12.222222222222221,2,euclidean,auto,30,2.0,-1.0
1,0.0,12.222222222222221,2,euclidean,auto,40,,-1.0
1,0.0,12.222222222222221,2,euclidean,auto,40,1.0,-1.0
1,0.0,12.222222222222221,2,euclidean,auto,40,2.0,-1.0
1,0.0,12.222222222222221,2,euclidean,auto,50,,-1.0
1,0.0,12.222222222222221,2,euclidean,auto,50,1.0,-1.0
1,0.0,12.222222222222221,2,euclidean,auto,50,2.0,-1.0
1,0.0,12.222222222222221,2,euclidean,ball_tree,10,,-1.0
1,0.0,12.222222222222221,2,euclidean,ball_tree,10,1.0,-1.0
1,0.0,12.222222222222221,2,euclidean,ball_tree,10,2.0,-1.0
1,0.0,12.222222222222221,2,euclidean,ball_tree,20,,-1.0
1,0.0,12.222222222222221,2,euclidean,ball_tree,20,1.0,-1.0
1,0.0,12.222222222222221,2,euclidean,ball_tree,20,2.0,-1.0
1,0.0,12.222222222222221,2,euclidean,ball_tree,30,,-1.0
1,0.0,12.222222222222221,2,euclidean,ball_tree,30,1.0,-1.0
1,0.0,12.222222222222221,2,euclidean,ball_tree,30,2.0,-1.0
1,0.0,12.222222222222221,2,euclidean,ball_tree,40,,-1.0
1,0.0,12.222222222222221,2,euclidean,ball_tree,40,1.0,-1.0
1,0.0,12.222222222222221,2,euclidean,ball_tree,40,2.0,-1.0
1,0.0,12.222222222222221,2,euclidean,ball_tree,50,,-1.0
1,0.0,12.222222222222221,2,euclidean,ball_tree,50,1.0,-1.0
1,0.0,12.222222222222221,2,euclidean,ball_tree,50,2.0,-1.0
1,0.0,12.222222222222221,2,euclidean,kd_tree,10,,-1.0
1,0.0,12.222222222222221,2,euclidean,kd_tree,10,1.0,-1.0
1,0.0,12.222222222222221,2,euclidean,kd_tree,10,2.0,-1.0
1,0.0,12.222222222222221,2,euclidean,kd_tree,20,,-1.0
1,0.0,12.222222222222221,2,euclidean,kd_tree,20,1.0,-1.0
1,0.0,12.222222222222221,2,euclidean,kd_tree,20,2.0,-1.0
1,0.0,12.222222222222221,2,euclidean,kd_tree,30,,-1.0
1,0.0,12.222222222222221,2,euclidean,kd_tree,30,1.0,-1.0
1,0.0,12.222222222222221,2,euclidean,kd_tree,30,2.0,-1.0
1,0.0,12.222222222222221,2,euclidean,kd_tree,40,,-1.0
1,0.0,12.222222222222221,2,euclidean,kd_tree,40,1.0,-1.0
1,0.0,12.222222222222221,2,euclidean,kd_tree,40,2.0,-1.0
1,0.0,12.222222222222221,2,euclidean,kd_tree,50,,-1.0
1,0.0,12.222222222222221,2,euclidean,kd_tree,50,1.0,-1.0
1,0.0,12.222222222222221,2,euclidean,kd_tree,50,2.0,-1.0
1,0.0,12.222222222222221,2,euclidean,brute,10,,-1.0
1,0.0,12.222222222222221,2,euclidean,brute,10,1.0,-1.0
1,0.0,12.222222222222221,2,euclidean,brute,10,2.0,-1.0
1,0.0,12.222222222222221,2,euclidean,brute,20,,-1.0
1,0.0,12.222222222222221,2,euclidean,brute,20,1.0,-1.0
1,0.0,12.222222222222221,2,euclidean,brute,20,2.0,-1.0
1,0.0,12.222222222222221,2,euclidean,brute,30,,-1.0
1,0.0,12.222222222222221,2,euclidean,brute,30,1.0,-1.0
1,0.0,12.222222222222221,2,euclidean,brute,30,2.0,-1.0
1,0.0,12.222222222222221,2,euclidean,brute,40,,-1.0
1,0.0,12.222222222222221,2,euclidean,brute,40,1.0,-1.0
1,0.0,12.222222222222221,2,euclidean,brute,40,2.0,-1.0
1,0.0,12.222222222222221,2,euclidean,brute,50,,-1.0
1,0.0,12.222222222222221,2,euclidean,brute,50,1.0,-1.0
1,0.0,12.222222222222221,2,euclidean,brute,50,2.0,-1.0
2,0.018,12.222222222222221,2,manhattan,auto,10,,0.16767319265336567
2,0.018,12.222222222222221,2,manhattan,auto,10,1.0,0.16767319265336567
2,0.018,12.222222222222221,2,manhattan,auto,10,2.0,0.16767319265336567
2,0.018,12.222222222222221,2,manhattan,auto,20,,0.16767319265336567
2,0.018,12.222222222222221,2,manhattan,auto,20,1.0,0.16767319265336567
2,0.018,12.222222222222221,2,manhattan,auto,20,2.0,0.16767319265336567
2,0.018,12.222222222222221,2,manhattan,auto,30,,0.16767319265336567
2,0.018,12.222222222222221,2,manhattan,auto,30,1.0,0.16767319265336567
2,0.018,12.222222222222221,2,manhattan,auto,30,2.0,0.16767319265336567
2,0.018,12.222222222222221,2,manhattan,auto,40,,0.16767319265336567
2,0.018,12.222222222222221,2,manhattan,auto,40,1.0,0.16767319265336567
2,0.018,12.222222222222221,2,manhattan,auto,40,2.0,0.16767319265336567
2,0.018,12.222222222222221,2,manhattan,auto,50,,0.16767319265336567
2,0.018,12.222222222222221,2,manhattan,auto,50,1.0,0.16767319265336567
2,0.018,12.222222222222221,2,manhattan,auto,50,2.0,0.16767319265336567
2,0.018,12.222222222222221,2,manhattan,ball_tree,10,,0.16767319265336567
2,0.018,12.222222222222221,2,manhattan,ball_tree,10,1.0,0.16767319265336567
2,0.018,12.222222222222221,2,manhattan,ball_tree,10,2.0,0.16767319265336567
2,0.018,12.222222222222221,2,manhattan,ball_tree,20,,0.16767319265336567
2,0.018,12.222222222222221,2,manhattan,ball_tree,20,1.0,0.16767319265336567
2,0.018,12.222222222222221,2,manhattan,ball_tree,20,2.0,0.16767319265336567
2,0.018,12.222222222222221,2,manhattan,ball_tree,30,,0.16767319265336567
2,0.018,12.222222222222221,2,manhattan,ball_tree,30,1.0,0.16767319265336567
2,0.018,12.222222222222221,2,manhattan,ball_tree,30,2.0,0.16767319265336567
2,0.018,12.222222222222221,2,manhattan,ball_tree,40,,0.16767319265336567
2,0.018,12.222222222222221,2,manhattan,ball_tree,40,1.0,0.16767319265336567
2,0.018,12.222222222222221,2,manhattan,ball_tree,40,2.0,0.16767319265336567
2,0.018,12.222222222222221,2,manhattan,ball_tree,50,,0.16767319265336567
2,0.018,12.222222222222221,2,manhattan,ball_tree,50,1.0,0.16767319265336567
2,0.018,12.222222222222221,2,manhattan,ball_tree,50,2.0,0.16767319265336567
2,0.018,12.222222222222221,2,manhattan,kd_tree,10,,0.16767319265336567
2,0.018,12.222222222222221,2,manhattan,kd_tree,10,1.0,0.16767319265336567
2,0.018,12.222222222222221,2,manhattan,kd_tree,10,2.0,0.16767319265336567
2,0.018,12.222222222222221,2,manhattan,kd_tree,20,,0.16767319265336567
2,0.018,12.222222222222221,2,manhattan,kd_tree,20,1.0,0.16767319265336567
2,0.018,12.222222222222221,2,manhattan,kd_tree,20,2.0,0.16767319265336567
2,0.018,12.222222222222221,2,manhattan,kd_tree,30,,0.16767319265336567
2,0.018,12.222222222222221,2,manhattan,kd_tree,30,1.0,0.16767319265336567
2,0.018,12.222222222222221,2,manhattan,kd_tree,30,2.0,0.16767319265336567
2,0.018,12.222222222222221,2,manhattan,kd_tree,40,,0.16767319265336567
2,0.018,12.222222222222221,2,manhattan,kd_tree,40,1.0,0.16767319265336567
2,0.018,12.222222222222221,2,manhattan,kd_tree,40,2.0,0.16767319265336567
2,0.018,12.222222222222221,2,manhattan,kd_tree,50,,0.16767319265336567
2,0.018,12.222222222222221,2,manhattan,kd_tree,50,1.0,0.16767319265336567
2,0.018,12.222222222222221,2,manhattan,kd_tree,50,2.0,0.16767319265336567
2,0.018,12.222222222222221,2,manhattan,brute,10,,0.16767319265336567
2,0.018,12.222222222222221,2,manhattan,brute,10,1.0,0.16767319265336567
2,0.018,12.222222222222221,2,manhattan,brute,10,2.0,0.16767319265336567
2,0.018,12.222222222222221,2,manhattan,brute,20,,0.16767319265336567
2,0.018,12.222222222222221,2,manhattan,brute,20,1.0,0.16767319265336567
2,0.018,12.222222222222221,2,manhattan,brute,20,2.0,0.16767319265336567
2,0.018,12.222222222222221,2,manhattan,brute,30,,0.16767319265336567
2,0.018,12.222222222222221,2,manhattan,brute,30,1.0,0.16767319265336567
2,0.018,12.222222222222221,2,manhattan,brute,30,2.0,0.16767319265336567
2,0.018,12.222222222222221,2,manhattan,brute,40,,0.16767319265336567
2,0.018,12.222222222222221,2,manhattan,brute,40,1.0,0.16767319265336567
2,0.018,12.222222222222221,2,manhattan,brute,40,2.0,0.16767319265336567
2,0.018,12.222222222222221,2,manhattan,brute,50,,0.16767319265336567
2,0.018,12.222222222222221,2,manhattan,brute,50,1.0,0.16767319265336567
2,0.018,12.222222222222221,2,manhattan,brute,50,2.0,0.16767319265336567
1,0.0,12.222222222222221,3,euclidean,auto,10,,-1.0
1,0.0,12.222222222222221,3,euclidean,auto,10,1.0,-1.0
1,0.0,12.222222222222221,3,euclidean,auto,10,2.0,-1.0
1,0.0,12.222222222222221,3,euclidean,auto,20,,-1.0
1,0.0,12.222222222222221,3,euclidean,auto,20,1.0,-1.0
1,0.0,12.222222222222221,3,euclidean,auto,20,2.0,-1.0
1,0.0,12.222222222222221,3,euclidean,auto,30,,-1.0
1,0.0,12.222222222222221,3,euclidean,auto,30,1.0,-1.0
1,0.0,12.222222222222221,3,euclidean,auto,30,2.0,-1.0
1,0.0,12.222222222222221,3,euclidean,auto,40,,-1.0
1,0.0,12.222222222222221,3,euclidean,auto,40,1.0,-1.0
1,0.0,12.222222222222221,3,euclidean,auto,40,2.0,-1.0
1,0.0,12.222222222222221,3,euclidean,auto,50,,-1.0
1,0.0,12.222222222222221,3,euclidean,auto,50,1.0,-1.0
1,0.0,12.222222222222221,3,euclidean,auto,50,2.0,-1.0
1,0.0,12.222222222222221,3,euclidean,ball_tree,10,,-1.0
1,0.0,12.222222222222221,3,euclidean,ball_tree,10,1.0,-1.0
1,0.0,12.222222222222221,3,euclidean,ball_tree,10,2.0,-1.0
1,0.0,12.222222222222221,3,euclidean,ball_tree,20,,-1.0
1,0.0,12.222222222222221,3,euclidean,ball_tree,20,1.0,-1.0
1,0.0,12.222222222222221,3,euclidean,ball_tree,20,2.0,-1.0
1,0.0,12.222222222222221,3,euclidean,ball_tree,30,,-1.0
1,0.0,12.222222222222221,3,euclidean,ball_tree,30,1.0,-1.0
1,0.0,12.222222222222221,3,euclidean,ball_tree,30,2.0,-1.0
1,0.0,12.222222222222221,3,euclidean,ball_tree,40,,-1.0
1,0.0,12.222222222222221,3,euclidean,ball_tree,40,1.0,-1.0
1,0.0,12.222222222222221,3,euclidean,ball_tree,40,2.0,-1.0
1,0.0,12.222222222222221,3,euclidean,ball_tree,50,,-1.0
1,0.0,12.222222222222221,3,euclidean,ball_tree,50,1.0,-1.0
1,0.0,12.222222222222221,3,euclidean,ball_tree,50,2.0,-1.0
1,0.0,12.222222222222221,3,euclidean,kd_tree,10,,-1.0
1,0.0,12.222222222222221,3,euclidean,kd_tree,10,1.0,-1.0
1,0.0,12.222222222222221,3,euclidean,kd_tree,10,2.0,-1.0
1,0.0,12.222222222222221,3,euclidean,kd_tree,20,,-1.0
1,0.0,12.222222222222221,3,euclidean,kd_tree,20,1.0,-1.0
1,0.0,12.222222222222221,3,euclidean,kd_tree,20,2.0,-1.0
1,0.0,12.222222222222221,3,euclidean,kd_tree,30,,-1.0
1,0.0,12.222222222222221,3,euclidean,kd_tree,30,1.0,-1.0
1,0.0,12.222222222222221,3,euclidean,kd_tree,30,2.0,-1.0
1,0.0,12.222222222222221,3,euclidean,kd_tree,40,,-1.0
1,0.0,12.222222222222221,3,euclidean,kd_tree,40,1.0,-1.0
1,0.0,12.222222222222221,3,euclidean,kd_tree,40,2.0,-1.0
1,0.0,12.222222222222221,3,euclidean,kd_tree,50,,-1.0
1,0.0,12.222222222222221,3,euclidean,kd_tree,50,1.0,-1.0
1,0.0,12.222222222222221,3,euclidean,kd_tree,50,2.0,-1.0
1,0.0,12.222222222222221,3,euclidean,brute,10,,-1.0
1,0.0,12.222222222222221,3,euclidean,brute,10,1.0,-1.0
1,0.0,12.222222222222221,3,euclidean,brute,10,2.0,-1.0
1,0.0,12.222222222222221,3,euclidean,brute,20,,-1.0
1,0.0,12.222222222222221,3,euclidean,brute,20,1.0,-1.0
1,0.0,12.222222222222221,3,euclidean,brute,20,2.0,-1.0
1,0.0,12.222222222222221,3,euclidean,brute,30,,-1.0
1,0.0,12.222222222222221,3,euclidean,brute,30,1.0,-1.0
1,0.0,12.222222222222221,3,euclidean,brute,30,2.0,-1.0
1,0.0,12.222222222222221,3,euclidean,brute,40,,-1.0
1,0.0,12.222222222222221,3,euclidean,brute,40,1.0,-1.0
1,0.0,12.222222222222221,3,euclidean,brute,40,2.0,-1.0
1,0.0,12.222222222222221,3,euclidean,brute,50,,-1.0
1,0.0,12.222222222222221,3,euclidean,brute,50,1.0,-1.0
1,0.0,12.222222222222221,3,euclidean,brute,50,2.0,-1.0
1,0.02,12.222222222222221,3,manhattan,auto,10,,0.20117266324279767
1,0.02,12.222222222222221,3,manhattan,auto,10,1.0,0.20117266324279767
1,0.02,12.222222222222221,3,manhattan,auto,10,2.0,0.20117266324279767
1,0.02,12.222222222222221,3,manhattan,auto,20,,0.20117266324279767
1,0.02,12.222222222222221,3,manhattan,auto,20,1.0,0.20117266324279767
1,0.02,12.222222222222221,3,manhattan,auto,20,2.0,0.20117266324279767
1,0.02,12.222222222222221,3,manhattan,auto,30,,0.20117266324279767
1,0.02,12.222222222222221,3,manhattan,auto,30,1.0,0.20117266324279767
1,0.02,12.222222222222221,3,manhattan,auto,30,2.0,0.20117266324279767
1,0.02,12.222222222222221,3,manhattan,auto,40,,0.20117266324279767
1,0.02,12.222222222222221,3,manhattan,auto,40,1.0,0.20117266324279767
1,0.02,12.222222222222221,3,manhattan,auto,40,2.0,0.20117266324279767
1,0.02,12.222222222222221,3,manhattan,auto,50,,0.20117266324279767
1,0.02,12.222222222222221,3,manhattan,auto,50,1.0,0.20117266324279767
1,0.02,12.222222222222221,3,manhattan,auto,50,2.0,0.20117266324279767
1,0.02,12.222222222222221,3,manhattan,ball_tree,10,,0.20117266324279767
1,0.02,12.222222222222221,3,manhattan,ball_tree,10,1.0,0.20117266324279767
1,0.02,12.222222222222221,3,manhattan,ball_tree,10,2.0,0.20117266324279767
1,0.02,12.222222222222221,3,manhattan,ball_tree,20,,0.20117266324279767
1,0.02,12.222222222222221,3,manhattan,ball_tree,20,1.0,0.20117266324279767
1,0.02,12.222222222222221,3,manhattan,ball_tree,20,2.0,0.20117266324279767
1,0.02,12.222222222222221,3,manhattan,ball_tree,30,,0.20117266324279767
1,0.02,12.222222222222221,3,manhattan,ball_tree,30,1.0,0.20117266324279767
1,0.02,12.222222222222221,3,manhattan,ball_tree,30,2.0,0.20117266324279767
1,0.02,12.222222222222221,3,manhattan,ball_tree,40,,0.20117266324279767
1,0.02,12.222222222222221,3,manhattan,ball_tree,40,1.0,0.20117266324279767
1,0.02,12.222222222222221,3,manhattan,ball_tree,40,2.0,0.20117266324279767
1,0.02,12.222222222222221,3,manhattan,ball_tree,50,,0.20117266324279767
1,0.02,12.222222222222221,3,manhattan,ball_tree,50,1.0,0.20117266324279767
1,0.02,12.222222222222221,3,manhattan,ball_tree,50,2.0,0.20117266324279767
1,0.02,12.222222222222221,3,manhattan,kd_tree,10,,0.20117266324279767
1,0.02,12.222222222222221,3,manhattan,kd_tree,10,1.0,0.20117266324279767
1,0.02,12.222222222222221,3,manhattan,kd_tree,10,2.0,0.20117266324279767
1,0.02,12.222222222222221,3,manhattan,kd_tree,20,,0.20117266324279767
1,0.02,12.222222222222221,3,manhattan,kd_tree,20,1.0,0.20117266324279767
1,0.02,12.222222222222221,3,manhattan,kd_tree,20,2.0,0.20117266324279767
1,0.02,12.222222222222221,3,manhattan,kd_tree,30,,0.20117266324279767
1,0.02,12.222222222222221,3,manhattan,kd_tree,30,1.0,0.20117266324279767
1,0.02,12.222222222222221,3,manhattan,kd_tree,30,2.0,0.20117266324279767
1,0.02,12.222222222222221,3,manhattan,kd_tree,40,,0.20117266324279767
1,0.02,12.222222222222221,3,manhattan,kd_tree,40,1.0,0.20117266324279767
1,0.02,12.222222222222221,3,manhattan,kd_tree,40,2.0,0.20117266324279767
1,0.02,12.222222222222221,3,manhattan,kd_tree,50,,0.20117266324279767
1,0.02,12.222222222222221,3,manhattan,kd_tree,50,1.0,0.20117266324279767
1,0.02,12.222222222222221,3,manhattan,kd_tree,50,2.0,0.20117266324279767
1,0.02,12.222222222222221,3,manhattan,brute,10,,0.20117266324279767
1,0.02,12.222222222222221,3,manhattan,brute,10,1.0,0.20117266324279767
1,0.02,12.222222222222221,3,manhattan,brute,10,2.0,0.20117266324279767
1,0.02,12.222222222222221,3,manhattan,brute,20,,0.20117266324279767
1,0.02,12.222222222222221,3,manhattan,brute,20,1.0,0.20117266324279767
1,0.02,12.222222222222221,3,manhattan,brute,20,2.0,0.20117266324279767
1,0.02,12.222222222222221,3,manhattan,brute,30,,0.20117266324279767
1,0.02,12.222222222222221,3,manhattan,brute,30,1.0,0.20117266324279767
1,0.02,12.222222222222221,3,manhattan,brute,30,2.0,0.20117266324279767
1,0.02,12.222222222222221,3,manhattan,brute,40,,0.20117266324279767
1,0.02,12.222222222222221,3,manhattan,brute,40,1.0,0.20117266324279767
1,0.02,12.222222222222221,3,manhattan,brute,40,2.0,0.20117266324279767
1,0.02,12.222222222222221,3,manhattan,brute,50,,0.20117266324279767
1,0.02,12.222222222222221,3,manhattan,brute,50,1.0,0.20117266324279767
1,0.02,12.222222222222221,3,manhattan,brute,50,2.0,0.20117266324279767
1,0.0,12.222222222222221,4,euclidean,auto,10,,-1.0
1,0.0,12.222222222222221,4,euclidean,auto,10,1.0,-1.0
1,0.0,12.222222222222221,4,euclidean,auto,10,2.0,-1.0
1,0.0,12.222222222222221,4,euclidean,auto,20,,-1.0
1,0.0,12.222222222222221,4,euclidean,auto,20,1.0,-1.0
1,0.0,12.222222222222221,4,euclidean,auto,20,2.0,-1.0
1,0.0,12.222222222222221,4,euclidean,auto,30,,-1.0
1,0.0,12.222222222222221,4,euclidean,auto,30,1.0,-1.0
1,0.0,12.222222222222221,4,euclidean,auto,30,2.0,-1.0
1,0.0,12.222222222222221,4,euclidean,auto,40,,-1.0
1,0.0,12.222222222222221,4,euclidean,auto,40,1.0,-1.0
1,0.0,12.222222222222221,4,euclidean,auto,40,2.0,-1.0
1,0.0,12.222222222222221,4,euclidean,auto,50,,-1.0
1,0.0,12.222222222222221,4,euclidean,auto,50,1.0,-1.0
1,0.0,12.222222222222221,4,euclidean,auto,50,2.0,-1.0
1,0.0,12.222222222222221,4,euclidean,ball_tree,10,,-1.0
1,0.0,12.222222222222221,4,euclidean,ball_tree,10,1.0,-1.0
1,0.0,12.222222222222221,4,euclidean,ball_tree,10,2.0,-1.0
1,0.0,12.222222222222221,4,euclidean,ball_tree,20,,-1.0
1,0.0,12.222222222222221,4,euclidean,ball_tree,20,1.0,-1.0
1,0.0,12.222222222222221,4,euclidean,ball_tree,20,2.0,-1.0
1,0.0,12.222222222222221,4,euclidean,ball_tree,30,,-1.0
1,0.0,12.222222222222221,4,euclidean,ball_tree,30,1.0,-1.0
1,0.0,12.222222222222221,4,euclidean,ball_tree,30,2.0,-1.0
1,0.0,12.222222222222221,4,euclidean,ball_tree,40,,-1.0
1,0.0,12.222222222222221,4,euclidean,ball_tree,40,1.0,-1.0
1,0.0,12.222222222222221,4,euclidean,ball_tree,40,2.0,-1.0
1,0.0,12.222222222222221,4,euclidean,ball_tree,50,,-1.0
1,0.0,12.222222222222221,4,euclidean,ball_tree,50,1.0,-1.0
1,0.0,12.222222222222221,4,euclidean,ball_tree,50,2.0,-1.0
1,0.0,12.222222222222221,4,euclidean,kd_tree,10,,-1.0
1,0.0,12.222222222222221,4,euclidean,kd_tree,10,1.0,-1.0
1,0.0,12.222222222222221,4,euclidean,kd_tree,10,2.0,-1.0
1,0.0,12.222222222222221,4,euclidean,kd_tree,20,,-1.0
1,0.0,12.222222222222221,4,euclidean,kd_tree,20,1.0,-1.0
1,0.0,12.222222222222221,4,euclidean,kd_tree,20,2.0,-1.0
1,0.0,12.222222222222221,4,euclidean,kd_tree,30,,-1.0
1,0.0,12.222222222222221,4,euclidean,kd_tree,30,1.0,-1.0
1,0.0,12.222222222222221,4,euclidean,kd_tree,30,2.0,-1.0
1,0.0,12.222222222222221,4,euclidean,kd_tree,40,,-1.0
1,0.0,12.222222222222221,4,euclidean,kd_tree,40,1.0,-1.0
1,0.0,12.222222222222221,4,euclidean,kd_tree,40,2.0,-1.0
1,0.0,12.222222222222221,4,euclidean,kd_tree,50,,-1.0
1,0.0,12.222222222222221,4,euclidean,kd_tree,50,1.0,-1.0
1,0.0,12.222222222222221,4,euclidean,kd_tree,50,2.0,-1.0
1,0.0,12.222222222222221,4,euclidean,brute,10,,-1.0
1,0.0,12.222222222222221,4,euclidean,brute,10,1.0,-1.0
1,0.0,12.222222222222221,4,euclidean,brute,10,2.0,-1.0
1,0.0,12.222222222222221,4,euclidean,brute,20,,-1.0
1,0.0,12.222222222222221,4,euclidean,brute,20,1.0,-1.0
1,0.0,12.222222222222221,4,euclidean,brute,20,2.0,-1.0
1,0.0,12.222222222222221,4,euclidean,brute,30,,-1.0
1,0.0,12.222222222222221,4,euclidean,brute,30,1.0,-1.0
1,0.0,12.222222222222221,4,euclidean,brute,30,2.0,-1.0
1,0.0,12.222222222222221,4,euclidean,brute,40,,-1.0
1,0.0,12.222222222222221,4,euclidean,brute,40,1.0,-1.0
1,0.0,12.222222222222221,4,euclidean,brute,40,2.0,-1.0
1,0.0,12.222222222222221,4,euclidean,brute,50,,-1.0
1,0.0,12.222222222222221,4,euclidean,brute,50,1.0,-1.0
1,0.0,12.222222222222221,4,euclidean,brute,50,2.0,-1.0
1,0.02,12.222222222222221,4,manhattan,auto,10,,0.20117266324279767
1,0.02,12.222222222222221,4,manhattan,auto,10,1.0,0.20117266324279767
1,0.02,12.222222222222221,4,manhattan,auto,10,2.0,0.20117266324279767
1,0.02,12.222222222222221,4,manhattan,auto,20,,0.20117266324279767
1,0.02,12.222222222222221,4,manhattan,auto,20,1.0,0.20117266324279767
1,0.02,12.222222222222221,4,manhattan,auto,20,2.0,0.20117266324279767
1,0.02,12.222222222222221,4,manhattan,auto,30,,0.20117266324279767
1,0.02,12.222222222222221,4,manhattan,auto,30,1.0,0.20117266324279767
1,0.02,12.222222222222221,4,manhattan,auto,30,2.0,0.20117266324279767
1,0.02,12.222222222222221,4,manhattan,auto,40,,0.20117266324279767
1,0.02,12.222222222222221,4,manhattan,auto,40,1.0,0.20117266324279767
1,0.02,12.222222222222221,4,manhattan,auto,40,2.0,0.20117266324279767
1,0.02,12.222222222222221,4,manhattan,auto,50,,0.20117266324279767
1,0.02,12.222222222222221,4,manhattan,auto,50,1.0,0.20117266324279767
1,0.02,12.222222222222221,4,manhattan,auto,50,2.0,0.20117266324279767
1,0.02,12.222222222222221,4,manhattan,ball_tree,10,,0.20117266324279767
1,0.02,12.222222222222221,4,manhattan,ball_tree,10,1.0,0.20117266324279767
1,0.02,12.222222222222221,4,manhattan,ball_tree,10,2.0,0.20117266324279767
1,0.02,12.222222222222221,4,manhattan,ball_tree,20,,0.20117266324279767
1,0.02,12.222222222222221,4,manhattan,ball_tree,20,1.0,0.20117266324279767
1,0.02,12.222222222222221,4,manhattan,ball_tree,20,2.0,0.20117266324279767
1,0.02,12.222222222222221,4,manhattan,ball_tree,30,,0.20117266324279767
1,0.02,12.222222222222221,4,manhattan,ball_tree,30,1.0,0.20117266324279767
1,0.02,12.222222222222221,4,manhattan,ball_tree,30,2.0,0.20117266324279767
1,0.02,12.222222222222221,4,manhattan,ball_tree,40,,0.20117266324279767
1,0.02,12.222222222222221,4,manhattan,ball_tree,40,1.0,0.20117266324279767
1,0.02,12.222222222222221,4,manhattan,ball_tree,40,2.0,0.20117266324279767
1,0.02,12.222222222222221,4,manhattan,ball_tree,50,,0.20117266324279767
1,0.02,12.222222222222221,4,manhattan,ball_tree,50,1.0,0.20117266324279767
1,0.02,12.222222222222221,4,manhattan,ball_tree,50,2.0,0.20117266324279767
1,0.02,12.222222222222221,4,manhattan,kd_tree,10,,0.20117266324279767
1,0.02,12.222222222222221,4,manhattan,kd_tree,10,1.0,0.20117266324279767
1,0.02,12.222222222222221,4,manhattan,kd_tree,10,2.0,0.20117266324279767
1,0.02,12.222222222222221,4,manhattan,kd_tree,20,,0.20117266324279767
1,0.02,12.222222222222221,4,manhattan,kd_tree,20,1.0,0.20117266324279767
1,0.02,12.222222222222221,4,manhattan,kd_tree,20,2.0,0.20117266324279767
1,0.02,12.222222222222221,4,manhattan,kd_tree,30,,0.20117266324279767
1,0.02,12.222222222222221,4,manhattan,kd_tree,30,1.0,0.20117266324279767
1,0.02,12.222222222222221,4,manhattan,kd_tree,30,2.0,0.20117266324279767
1,0.02,12.222222222222221,4,manhattan,kd_tree,40,,0.20117266324279767
1,0.02,12.222222222222221,4,manhattan,kd_tree,40,1.0,0.20117266324279767
1,0.02,12.222222222222221,4,manhattan,kd_tree,40,2.0,0.20117266324279767
1,0.02,12.222222222222221,4,manhattan,kd_tree,50,,0.20117266324279767
1,0.02,12.222222222222221,4,manhattan,kd_tree,50,1.0,0.20117266324279767
1,0.02,12.222222222222221,4,manhattan,kd_tree,50,2.0,0.20117266324279767
1,0.02,12.222222222222221,4,manhattan,brute,10,,0.20117266324279767
1,0.02,12.222222222222221,4,manhattan,brute,10,1.0,0.20117266324279767
1,0.02,12.222222222222221,4,manhattan,brute,10,2.0,0.20117266324279767
1,0.02,12.222222222222221,4,manhattan,brute,20,,0.20117266324279767
1,0.02,12.222222222222221,4,manhattan,brute,20,1.0,0.20117266324279767
1,0.02,12.222222222222221,4,manhattan,brute,20,2.0,0.20117266324279767
1,0.02,12.222222222222221,4,manhattan,brute,30,,0.20117266324279767
1,0.02,12.222222222222221,4,manhattan,brute,30,1.0,0.20117266324279767
1,0.02,12.222222222222221,4,manhattan,brute,30,2.0,0.20117266324279767
1,0.02,12.222222222222221,4,manhattan,brute,40,,0.20117266324279767
1,0.02,12.222222222222221,4,manhattan,brute,40,1.0,0.20117266324279767
1,0.02,12.222222222222221,4,manhattan,brute,40,2.0,0.20117266324279767
1,0.02,12.222222222222221,4,manhattan,brute,50,,0.20117266324279767
1,0.02,12.222222222222221,4,manhattan,brute,50,1.0,0.20117266324279767
1,0.02,12.222222222222221,4,manhattan,brute,50,2.0,0.20117266324279767
1,0.0,12.222222222222221,5,euclidean,auto,10,,-1.0
1,0.0,12.222222222222221,5,euclidean,auto,10,1.0,-1.0
1,0.0,12.222222222222221,5,euclidean,auto,10,2.0,-1.0
1,0.0,12.222222222222221,5,euclidean,auto,20,,-1.0
1,0.0,12.222222222222221,5,euclidean,auto,20,1.0,-1.0
1,0.0,12.222222222222221,5,euclidean,auto,20,2.0,-1.0
1,0.0,12.222222222222221,5,euclidean,auto,30,,-1.0
1,0.0,12.222222222222221,5,euclidean,auto,30,1.0,-1.0
1,0.0,12.222222222222221,5,euclidean,auto,30,2.0,-1.0
1,0.0,12.222222222222221,5,euclidean,auto,40,,-1.0
1,0.0,12.222222222222221,5,euclidean,auto,40,1.0,-1.0
1,0.0,12.222222222222221,5,euclidean,auto,40,2.0,-1.0
1,0.0,12.222222222222221,5,euclidean,auto,50,,-1.0
1,0.0,12.222222222222221,5,euclidean,auto,50,1.0,-1.0
1,0.0,12.222222222222221,5,euclidean,auto,50,2.0,-1.0
1,0.0,12.222222222222221,5,euclidean,ball_tree,10,,-1.0
1,0.0,12.222222222222221,5,euclidean,ball_tree,10,1.0,-1.0
1,0.0,12.222222222222221,5,euclidean,ball_tree,10,2.0,-1.0
1,0.0,12.222222222222221,5,euclidean,ball_tree,20,,-1.0
1,0.0,12.222222222222221,5,euclidean,ball_tree,20,1.0,-1.0
1,0.0,12.222222222222221,5,euclidean,ball_tree,20,2.0,-1.0
1,0.0,12.222222222222221,5,euclidean,ball_tree,30,,-1.0
1,0.0,12.222222222222221,5,euclidean,ball_tree,30,1.0,-1.0
1,0.0,12.222222222222221,5,euclidean,ball_tree,30,2.0,-1.0
1,0.0,12.222222222222221,5,euclidean,ball_tree,40,,-1.0
1,0.0,12.222222222222221,5,euclidean,ball_tree,40,1.0,-1.0
1,0.0,12.222222222222221,5,euclidean,ball_tree,40,2.0,-1.0
1,0.0,12.222222222222221,5,euclidean,ball_tree,50,,-1.0
1,0.0,12.222222222222221,5,euclidean,ball_tree,50,1.0,-1.0
1,0.0,12.222222222222221,5,euclidean,ball_tree,50,2.0,-1.0
1,0.0,12.222222222222221,5,euclidean,kd_tree,10,,-1.0
1,0.0,12.222222222222221,5,euclidean,kd_tree,10,1.0,-1.0
1,0.0,12.222222222222221,5,euclidean,kd_tree,10,2.0,-1.0
1,0.0,12.222222222222221,5,euclidean,kd_tree,20,,-1.0
1,0.0,12.222222222222221,5,euclidean,kd_tree,20,1.0,-1.0
1,0.0,12.222222222222221,5,euclidean,kd_tree,20,2.0,-1.0
1,0.0,12.222222222222221,5,euclidean,kd_tree,30,,-1.0
1,0.0,12.222222222222221,5,euclidean,kd_tree,30,1.0,-1.0
1,0.0,12.222222222222221,5,euclidean,kd_tree,30,2.0,-1.0
1,0.0,12.222222222222221,5,euclidean,kd_tree,40,,-1.0
1,0.0,12.222222222222221,5,euclidean,kd_tree,40,1.0,-1.0
1,0.0,12.222222222222221,5,euclidean,kd_tree,40,2.0,-1.0
1,0.0,12.222222222222221,5,euclidean,kd_tree,50,,-1.0
1,0.0,12.222222222222221,5,euclidean,kd_tree,50,1.0,-1.0
1,0.0,12.222222222222221,5,euclidean,kd_tree,50,2.0,-1.0
1,0.0,12.222222222222221,5,euclidean,brute,10,,-1.0
1,0.0,12.222222222222221,5,euclidean,brute,10,1.0,-1.0
1,0.0,12.222222222222221,5,euclidean,brute,10,2.0,-1.0
1,0.0,12.222222222222221,5,euclidean,brute,20,,-1.0
1,0.0,12.222222222222221,5,euclidean,brute,20,1.0,-1.0
1,0.0,12.222222222222221,5,euclidean,brute,20,2.0,-1.0
1,0.0,12.222222222222221,5,euclidean,brute,30,,-1.0
1,0.0,12.222222222222221,5,euclidean,brute,30,1.0,-1.0
1,0.0,12.222222222222221,5,euclidean,brute,30,2.0,-1.0
1,0.0,12.222222222222221,5,euclidean,brute,40,,-1.0
1,0.0,12.222222222222221,5,euclidean,brute,40,1.0,-1.0
1,0.0,12.222222222222221,5,euclidean,brute,40,2.0,-1.0
1,0.0,12.222222222222221,5,euclidean,brute,50,,-1.0
1,0.0,12.222222222222221,5,euclidean,brute,50,1.0,-1.0
1,0.0,12.222222222222221,5,euclidean,brute,50,2.0,-1.0
1,0.02,12.222222222222221,5,manhattan,auto,10,,0.20117266324279767
1,0.02,12.222222222222221,5,manhattan,auto,10,1.0,0.20117266324279767
1,0.02,12.222222222222221,5,manhattan,auto,10,2.0,0.20117266324279767
1,0.02,12.222222222222221,5,manhattan,auto,20,,0.20117266324279767
1,0.02,12.222222222222221,5,manhattan,auto,20,1.0,0.20117266324279767
1,0.02,12.222222222222221,5,manhattan,auto,20,2.0,0.20117266324279767
1,0.02,12.222222222222221,5,manhattan,auto,30,,0.20117266324279767
1,0.02,12.222222222222221,5,manhattan,auto,30,1.0,0.20117266324279767
1,0.02,12.222222222222221,5,manhattan,auto,30,2.0,0.20117266324279767
1,0.02,12.222222222222221,5,manhattan,auto,40,,0.20117266324279767
1,0.02,12.222222222222221,5,manhattan,auto,40,1.0,0.20117266324279767
1,0.02,12.222222222222221,5,manhattan,auto,40,2.0,0.20117266324279767
1,0.02,12.222222222222221,5,manhattan,auto,50,,0.20117266324279767
1,0.02,12.222222222222221,5,manhattan,auto,50,1.0,0.20117266324279767
1,0.02,12.222222222222221,5,manhattan,auto,50,2.0,0.20117266324279767
1,0.02,12.222222222222221,5,manhattan,ball_tree,10,,0.20117266324279767
1,0.02,12.222222222222221,5,manhattan,ball_tree,10,1.0,0.20117266324279767
1,0.02,12.222222222222221,5,manhattan,ball_tree,10,2.0,0.20117266324279767
1,0.02,12.222222222222221,5,manhattan,ball_tree,20,,0.20117266324279767
1,0.02,12.222222222222221,5,manhattan,ball_tree,20,1.0,0.20117266324279767
1,0.02,12.222222222222221,5,manhattan,ball_tree,20,2.0,0.20117266324279767
1,0.02,12.222222222222221,5,manhattan,ball_tree,30,,0.20117266324279767
1,0.02,12.222222222222221,5,manhattan,ball_tree,30,1.0,0.20117266324279767
1,0.02,12.222222222222221,5,manhattan,ball_tree,30,2.0,0.20117266324279767
1,0.02,12.222222222222221,5,manhattan,ball_tree,40,,0.20117266324279767
1,0.02,12.222222222222221,5,manhattan,ball_tree,40,1.0,0.20117266324279767
1,0.02,12.222222222222221,5,manhattan,ball_tree,40,2.0,0.20117266324279767
1,0.02,12.222222222222221,5,manhattan,ball_tree,50,,0.20117266324279767
1,0.02,12.222222222222221,5,manhattan,ball_tree,50,1.0,0.20117266324279767
1,0.02,12.222222222222221,5,manhattan,ball_tree,50,2.0,0.20117266324279767
1,0.02,12.222222222222221,5,manhattan,kd_tree,10,,0.20117266324279767
1,0.02,12.222222222222221,5,manhattan,kd_tree,10,1.0,0.20117266324279767
1,0.02,12.222222222222221,5,manhattan,kd_tree,10,2.0,0.20117266324279767
1,0.02,12.222222222222221,5,manhattan,kd_tree,20,,0.20117266324279767
1,0.02,12.222222222222221,5,manhattan,kd_tree,20,1.0,0.20117266324279767
1,0.02,12.222222222222221,5,manhattan,kd_tree,20,2.0,0.20117266324279767
1,0.02,12.222222222222221,5,manhattan,kd_tree,30,,0.20117266324279767
1,0.02,12.222222222222221,5,manhattan,kd_tree,30,1.0,0.20117266324279767
1,0.02,12.222222222222221,5,manhattan,kd_tree,30,2.0,0.20117266324279767
1,0.02,12.222222222222221,5,manhattan,kd_tree,40,,0.20117266324279767
1,0.02,12.222222222222221,5,manhattan,kd_tree,40,1.0,0.20117266324279767
1,0.02,12.222222222222221,5,manhattan,kd_tree,40,2.0,0.20117266324279767
1,0.02,12.222222222222221,5,manhattan,kd_tree,50,,0.20117266324279767
1,0.02,12.222222222222221,5,manhattan,kd_tree,50,1.0,0.20117266324279767
1,0.02,12.222222222222221,5,manhattan,kd_tree,50,2.0,0.20117266324279767
1,0.02,12.222222222222221,5,manhattan,brute,10,,0.20117266324279767
1,0.02,12.222222222222221,5,manhattan,brute,10,1.0,0.20117266324279767
1,0.02,12.222222222222221,5,manhattan,brute,10,2.0,0.20117266324279767
1,0.02,12.222222222222221,5,manhattan,brute,20,,0.20117266324279767
1,0.02,12.222222222222221,5,manhattan,brute,20,1.0,0.20117266324279767
1,0.02,12.222222222222221,5,manhattan,brute,20,2.0,0.20117266324279767
1,0.02,12.222222222222221,5,manhattan,brute,30,,0.20117266324279767
1,0.02,12.222222222222221,5,manhattan,brute,30,1.0,0.20117266324279767
1,0.02,12.222222222222221,5,manhattan,brute,30,2.0,0.20117266324279767
1,0.02,12.222222222222221,5,manhattan,brute,40,,0.20117266324279767
1,0.02,12.222222222222221,5,manhattan,brute,40,1.0,0.20117266324279767
1,0.02,12.222222222222221,5,manhattan,brute,40,2.0,0.20117266324279767
1,0.02,12.222222222222221,5,manhattan,brute,50,,0.20117266324279767
1,0.02,12.222222222222221,5,manhattan,brute,50,1.0,0.20117266324279767
1,0.02,12.222222222222221,5,manhattan,brute,50,2.0,0.20117266324279767
1,0.0,12.222222222222221,6,euclidean,auto,10,,-1.0
1,0.0,12.222222222222221,6,euclidean,auto,10,1.0,-1.0
1,0.0,12.222222222222221,6,euclidean,auto,10,2.0,-1.0
1,0.0,12.222222222222221,6,euclidean,auto,20,,-1.0
1,0.0,12.222222222222221,6,euclidean,auto,20,1.0,-1.0
1,0.0,12.222222222222221,6,euclidean,auto,20,2.0,-1.0
1,0.0,12.222222222222221,6,euclidean,auto,30,,-1.0
1,0.0,12.222222222222221,6,euclidean,auto,30,1.0,-1.0
1,0.0,12.222222222222221,6,euclidean,auto,30,2.0,-1.0
1,0.0,12.222222222222221,6,euclidean,auto,40,,-1.0
1,0.0,12.222222222222221,6,euclidean,auto,40,1.0,-1.0
1,0.0,12.222222222222221,6,euclidean,auto,40,2.0,-1.0
1,0.0,12.222222222222221,6,euclidean,auto,50,,-1.0
1,0.0,12.222222222222221,6,euclidean,auto,50,1.0,-1.0
1,0.0,12.222222222222221,6,euclidean,auto,50,2.0,-1.0
1,0.0,12.222222222222221,6,euclidean,ball_tree,10,,-1.0
1,0.0,12.222222222222221,6,euclidean,ball_tree,10,1.0,-1.0
1,0.0,12.222222222222221,6,euclidean,ball_tree,10,2.0,-1.0
1,0.0,12.222222222222221,6,euclidean,ball_tree,20,,-1.0
1,0.0,12.222222222222221,6,euclidean,ball_tree,20,1.0,-1.0
1,0.0,12.222222222222221,6,euclidean,ball_tree,20,2.0,-1.0
1,0.0,12.222222222222221,6,euclidean,ball_tree,30,,-1.0
1,0.0,12.222222222222221,6,euclidean,ball_tree,30,1.0,-1.0
1,0.0,12.222222222222221,6,euclidean,ball_tree,30,2.0,-1.0
1,0.0,12.222222222222221,6,euclidean,ball_tree,40,,-1.0
1,0.0,12.222222222222221,6,euclidean,ball_tree,40,1.0,-1.0
1,0.0,12.222222222222221,6,euclidean,ball_tree,40,2.0,-1.0
1,0.0,12.222222222222221,6,euclidean,ball_tree,50,,-1.0
1,0.0,12.222222222222221,6,euclidean,ball_tree,50,1.0,-1.0
1,0.0,12.222222222222221,6,euclidean,ball_tree,50,2.0,-1.0
1,0.0,12.222222222222221,6,euclidean,kd_tree,10,,-1.0
1,0.0,12.222222222222221,6,euclidean,kd_tree,10,1.0,-1.0
1,0.0,12.222222222222221,6,euclidean,kd_tree,10,2.0,-1.0
1,0.0,12.222222222222221,6,euclidean,kd_tree,20,,-1.0
1,0.0,12.222222222222221,6,euclidean,kd_tree,20,1.0,-1.0
1,0.0,12.222222222222221,6,euclidean,kd_tree,20,2.0,-1.0
1,0.0,12.222222222222221,6,euclidean,kd_tree,30,,-1.0
1,0.0,12.222222222222221,6,euclidean,kd_tree,30,1.0,-1.0
1,0.0,12.222222222222221,6,euclidean,kd_tree,30,2.0,-1.0
1,0.0,12.222222222222221,6,euclidean,kd_tree,40,,-1.0
1,0.0,12.222222222222221,6,euclidean,kd_tree,40,1.0,-1.0
1,0.0,12.222222222222221,6,euclidean,kd_tree,40,2.0,-1.0
1,0.0,12.222222222222221,6,euclidean,kd_tree,50,,-1.0
1,0.0,12.222222222222221,6,euclidean,kd_tree,50,1.0,-1.0
1,0.0,12.222222222222221,6,euclidean,kd_tree,50,2.0,-1.0
1,0.0,12.222222222222221,6,euclidean,brute,10,,-1.0
1,0.0,12.222222222222221,6,euclidean,brute,10,1.0,-1.0
1,0.0,12.222222222222221,6,euclidean,brute,10,2.0,-1.0
1,0.0,12.222222222222221,6,euclidean,brute,20,,-1.0
1,0.0,12.222222222222221,6,euclidean,brute,20,1.0,-1.0
1,0.0,12.222222222222221,6,euclidean,brute,20,2.0,-1.0
1,0.0,12.222222222222221,6,euclidean,brute,30,,-1.0
1,0.0,12.222222222222221,6,euclidean,brute,30,1.0,-1.0
1,0.0,12.222222222222221,6,euclidean,brute,30,2.0,-1.0
1,0.0,12.222222222222221,6,euclidean,brute,40,,-1.0
1,0.0,12.222222222222221,6,euclidean,brute,40,1.0,-1.0
1,0.0,12.222222222222221,6,euclidean,brute,40,2.0,-1.0
1,0.0,12.222222222222221,6,euclidean,brute,50,,-1.0
1,0.0,12.222222222222221,6,euclidean,brute,50,1.0,-1.0
1,0.0,12.222222222222221,6,euclidean,brute,50,2.0,-1.0
1,0.02,12.222222222222221,6,manhattan,auto,10,,0.20117266324279767
1,0.02,12.222222222222221,6,manhattan,auto,10,1.0,0.20117266324279767
1,0.02,12.222222222222221,6,manhattan,auto,10,2.0,0.20117266324279767
1,0.02,12.222222222222221,6,manhattan,auto,20,,0.20117266324279767
1,0.02,12.222222222222221,6,manhattan,auto,20,1.0,0.20117266324279767
1,0.02,12.222222222222221,6,manhattan,auto,20,2.0,0.20117266324279767
1,0.02,12.222222222222221,6,manhattan,auto,30,,0.20117266324279767
1,0.02,12.222222222222221,6,manhattan,auto,30,1.0,0.20117266324279767
1,0.02,12.222222222222221,6,manhattan,auto,30,2.0,0.20117266324279767
1,0.02,12.222222222222221,6,manhattan,auto,40,,0.20117266324279767
1,0.02,12.222222222222221,6,manhattan,auto,40,1.0,0.20117266324279767
1,0.02,12.222222222222221,6,manhattan,auto,40,2.0,0.20117266324279767
1,0.02,12.222222222222221,6,manhattan,auto,50,,0.20117266324279767
1,0.02,12.222222222222221,6,manhattan,auto,50,1.0,0.20117266324279767
1,0.02,12.222222222222221,6,manhattan,auto,50,2.0,0.20117266324279767
1,0.02,12.222222222222221,6,manhattan,ball_tree,10,,0.20117266324279767
1,0.02,12.222222222222221,6,manhattan,ball_tree,10,1.0,0.20117266324279767
1,0.02,12.222222222222221,6,manhattan,ball_tree,10,2.0,0.20117266324279767
1,0.02,12.222222222222221,6,manhattan,ball_tree,20,,0.20117266324279767
1,0.02,12.222222222222221,6,manhattan,ball_tree,20,1.0,0.20117266324279767
1,0.02,12.222222222222221,6,manhattan,ball_tree,20,2.0,0.20117266324279767
1,0.02,12.222222222222221,6,manhattan,ball_tree,30,,0.20117266324279767
1,0.02,12.222222222222221,6,manhattan,ball_tree,30,1.0,0.20117266324279767
1,0.02,12.222222222222221,6,manhattan,ball_tree,30,2.0,0.20117266324279767
1,0.02,12.222222222222221,6,manhattan,ball_tree,40,,0.20117266324279767
1,0.02,12.222222222222221,6,manhattan,ball_tree,40,1.0,0.20117266324279767
1,0.02,12.222222222222221,6,manhattan,ball_tree,40,2.0,0.20117266324279767
1,0.02,12.222222222222221,6,manhattan,ball_tree,50,,0.20117266324279767
1,0.02,12.222222222222221,6,manhattan,ball_tree,50,1.0,0.20117266324279767
1,0.02,12.222222222222221,6,manhattan,ball_tree,50,2.0,0.20117266324279767
1,0.02,12.222222222222221,6,manhattan,kd_tree,10,,0.20117266324279767
1,0.02,12.222222222222221,6,manhattan,kd_tree,10,1.0,0.20117266324279767
1,0.02,12.222222222222221,6,manhattan,kd_tree,10,2.0,0.20117266324279767
1,0.02,12.222222222222221,6,manhattan,kd_tree,20,,0.20117266324279767
1,0.02,12.222222222222221,6,manhattan,kd_tree,20,1.0,0.20117266324279767
1,0.02,12.222222222222221,6,manhattan,kd_tree,20,2.0,0.20117266324279767
1,0.02,12.222222222222221,6,manhattan,kd_tree,30,,0.20117266324279767
1,0.02,12.222222222222221,6,manhattan,kd_tree,30,1.0,0.20117266324279767
1,0.02,12.222222222222221,6,manhattan,kd_tree,30,2.0,0.20117266324279767
1,0.02,12.222222222222221,6,manhattan,kd_tree,40,,0.20117266324279767
1,0.02,12.222222222222221,6,manhattan,kd_tree,40,1.0,0.20117266324279767
1,0.02,12.222222222222221,6,manhattan,kd_tree,40,2.0,0.20117266324279767
1,0.02,12.222222222222221,6,manhattan,kd_tree,50,,0.20117266324279767
1,0.02,12.222222222222221,6,manhattan,kd_tree,50,1.0,0.20117266324279767
1,0.02,12.222222222222221,6,manhattan,kd_tree,50,2.0,0.20117266324279767
1,0.02,12.222222222222221,6,manhattan,brute,10,,0.20117266324279767
1,0.02,12.222222222222221,6,manhattan,brute,10,1.0,0.20117266324279767
1,0.02,12.222222222222221,6,manhattan,brute,10,2.0,0.20117266324279767
1,0.02,12.222222222222221,6,manhattan,brute,20,,0.20117266324279767
1,0.02,12.222222222222221,6,manhattan,brute,20,1.0,0.20117266324279767
1,0.02,12.222222222222221,6,manhattan,brute,20,2.0,0.20117266324279767
1,0.02,12.222222222222221,6,manhattan,brute,30,,0.20117266324279767
1,0.02,12.222222222222221,6,manhattan,brute,30,1.0,0.20117266324279767
1,0.02,12.222222222222221,6,manhattan,brute,30,2.0,0.20117266324279767
1,0.02,12.222222222222221,6,manhattan,brute,40,,0.20117266324279767
1,0.02,12.222222222222221,6,manhattan,brute,40,1.0,0.20117266324279767
1,0.02,12.222222222222221,6,manhattan,brute,40,2.0,0.20117266324279767
1,0.02,12.222222222222221,6,manhattan,brute,50,,0.20117266324279767
1,0.02,12.222222222222221,6,manhattan,brute,50,1.0,0.20117266324279767
1,0.02,12.222222222222221,6,manhattan,brute,50,2.0,0.20117266324279767
1,0.0,12.222222222222221,7,euclidean,auto,10,,-1.0
1,0.0,12.222222222222221,7,euclidean,auto,10,1.0,-1.0
1,0.0,12.222222222222221,7,euclidean,auto,10,2.0,-1.0
1,0.0,12.222222222222221,7,euclidean,auto,20,,-1.0
1,0.0,12.222222222222221,7,euclidean,auto,20,1.0,-1.0
1,0.0,12.222222222222221,7,euclidean,auto,20,2.0,-1.0
1,0.0,12.222222222222221,7,euclidean,auto,30,,-1.0
1,0.0,12.222222222222221,7,euclidean,auto,30,1.0,-1.0
1,0.0,12.222222222222221,7,euclidean,auto,30,2.0,-1.0
1,0.0,12.222222222222221,7,euclidean,auto,40,,-1.0
1,0.0,12.222222222222221,7,euclidean,auto,40,1.0,-1.0
1,0.0,12.222222222222221,7,euclidean,auto,40,2.0,-1.0
1,0.0,12.222222222222221,7,euclidean,auto,50,,-1.0
1,0.0,12.222222222222221,7,euclidean,auto,50,1.0,-1.0
1,0.0,12.222222222222221,7,euclidean,auto,50,2.0,-1.0
1,0.0,12.222222222222221,7,euclidean,ball_tree,10,,-1.0
1,0.0,12.222222222222221,7,euclidean,ball_tree,10,1.0,-1.0
1,0.0,12.222222222222221,7,euclidean,ball_tree,10,2.0,-1.0
1,0.0,12.222222222222221,7,euclidean,ball_tree,20,,-1.0
1,0.0,12.222222222222221,7,euclidean,ball_tree,20,1.0,-1.0
1,0.0,12.222222222222221,7,euclidean,ball_tree,20,2.0,-1.0
1,0.0,12.222222222222221,7,euclidean,ball_tree,30,,-1.0
1,0.0,12.222222222222221,7,euclidean,ball_tree,30,1.0,-1.0
1,0.0,12.222222222222221,7,euclidean,ball_tree,30,2.0,-1.0
1,0.0,12.222222222222221,7,euclidean,ball_tree,40,,-1.0
1,0.0,12.222222222222221,7,euclidean,ball_tree,40,1.0,-1.0
1,0.0,12.222222222222221,7,euclidean,ball_tree,40,2.0,-1.0
1,0.0,12.222222222222221,7,euclidean,ball_tree,50,,-1.0
1,0.0,12.222222222222221,7,euclidean,ball_tree,50,1.0,-1.0
1,0.0,12.222222222222221,7,euclidean,ball_tree,50,2.0,-1.0
1,0.0,12.222222222222221,7,euclidean,kd_tree,10,,-1.0
1,0.0,12.222222222222221,7,euclidean,kd_tree,10,1.0,-1.0
1,0.0,12.222222222222221,7,euclidean,kd_tree,10,2.0,-1.0
1,0.0,12.222222222222221,7,euclidean,kd_tree,20,,-1.0
1,0.0,12.222222222222221,7,euclidean,kd_tree,20,1.0,-1.0
1,0.0,12.222222222222221,7,euclidean,kd_tree,20,2.0,-1.0
1,0.0,12.222222222222221,7,euclidean,kd_tree,30,,-1.0
1,0.0,12.222222222222221,7,euclidean,kd_tree,30,1.0,-1.0
1,0.0,12.222222222222221,7,euclidean,kd_tree,30,2.0,-1.0
1,0.0,12.222222222222221,7,euclidean,kd_tree,40,,-1.0
1,0.0,12.222222222222221,7,euclidean,kd_tree,40,1.0,-1.0
1,0.0,12.222222222222221,7,euclidean,kd_tree,40,2.0,-1.0
1,0.0,12.222222222222221,7,euclidean,kd_tree,50,,-1.0
1,0.0,12.222222222222221,7,euclidean,kd_tree,50,1.0,-1.0
1,0.0,12.222222222222221,7,euclidean,kd_tree,50,2.0,-1.0
1,0.0,12.222222222222221,7,euclidean,brute,10,,-1.0
1,0.0,12.222222222222221,7,euclidean,brute,10,1.0,-1.0
1,0.0,12.222222222222221,7,euclidean,brute,10,2.0,-1.0
1,0.0,12.222222222222221,7,euclidean,brute,20,,-1.0
1,0.0,12.222222222222221,7,euclidean,brute,20,1.0,-1.0
1,0.0,12.222222222222221,7,euclidean,brute,20,2.0,-1.0
1,0.0,12.222222222222221,7,euclidean,brute,30,,-1.0
1,0.0,12.222222222222221,7,euclidean,brute,30,1.0,-1.0
1,0.0,12.222222222222221,7,euclidean,brute,30,2.0,-1.0
1,0.0,12.222222222222221,7,euclidean,brute,40,,-1.0
1,0.0,12.222222222222221,7,euclidean,brute,40,1.0,-1.0
1,0.0,12.222222222222221,7,euclidean,brute,40,2.0,-1.0
1,0.0,12.222222222222221,7,euclidean,brute,50,,-1.0
1,0.0,12.222222222222221,7,euclidean,brute,50,1.0,-1.0
1,0.0,12.222222222222221,7,euclidean,brute,50,2.0,-1.0
1,0.02,12.222222222222221,7,manhattan,auto,10,,0.20117266324279767
1,0.02,12.222222222222221,7,manhattan,auto,10,1.0,0.20117266324279767
1,0.02,12.222222222222221,7,manhattan,auto,10,2.0,0.20117266324279767
1,0.02,12.222222222222221,7,manhattan,auto,20,,0.20117266324279767
1,0.02,12.222222222222221,7,manhattan,auto,20,1.0,0.20117266324279767
1,0.02,12.222222222222221,7,manhattan,auto,20,2.0,0.20117266324279767
1,0.02,12.222222222222221,7,manhattan,auto,30,,0.20117266324279767
1,0.02,12.222222222222221,7,manhattan,auto,30,1.0,0.20117266324279767
1,0.02,12.222222222222221,7,manhattan,auto,30,2.0,0.20117266324279767
1,0.02,12.222222222222221,7,manhattan,auto,40,,0.20117266324279767
1,0.02,12.222222222222221,7,manhattan,auto,40,1.0,0.20117266324279767
1,0.02,12.222222222222221,7,manhattan,auto,40,2.0,0.20117266324279767
1,0.02,12.222222222222221,7,manhattan,auto,50,,0.20117266324279767
1,0.02,12.222222222222221,7,manhattan,auto,50,1.0,0.20117266324279767
1,0.02,12.222222222222221,7,manhattan,auto,50,2.0,0.20117266324279767
1,0.02,12.222222222222221,7,manhattan,ball_tree,10,,0.20117266324279767
1,0.02,12.222222222222221,7,manhattan,ball_tree,10,1.0,0.20117266324279767
1,0.02,12.222222222222221,7,manhattan,ball_tree,10,2.0,0.20117266324279767
1,0.02,12.222222222222221,7,manhattan,ball_tree,20,,0.20117266324279767
1,0.02,12.222222222222221,7,manhattan,ball_tree,20,1.0,0.20117266324279767
1,0.02,12.222222222222221,7,manhattan,ball_tree,20,2.0,0.20117266324279767
1,0.02,12.222222222222221,7,manhattan,ball_tree,30,,0.20117266324279767
1,0.02,12.222222222222221,7,manhattan,ball_tree,30,1.0,0.20117266324279767
1,0.02,12.222222222222221,7,manhattan,ball_tree,30,2.0,0.20117266324279767
1,0.02,12.222222222222221,7,manhattan,ball_tree,40,,0.20117266324279767
1,0.02,12.222222222222221,7,manhattan,ball_tree,40,1.0,0.20117266324279767
1,0.02,12.222222222222221,7,manhattan,ball_tree,40,2.0,0.20117266324279767
1,0.02,12.222222222222221,7,manhattan,ball_tree,50,,0.20117266324279767
1,0.02,12.222222222222221,7,manhattan,ball_tree,50,1.0,0.20117266324279767
1,0.02,12.222222222222221,7,manhattan,ball_tree,50,2.0,0.20117266324279767
1,0.02,12.222222222222221,7,manhattan,kd_tree,10,,0.20117266324279767
1,0.02,12.222222222222221,7,manhattan,kd_tree,10,1.0,0.20117266324279767
1,0.02,12.222222222222221,7,manhattan,kd_tree,10,2.0,0.20117266324279767
1,0.02,12.222222222222221,7,manhattan,kd_tree,20,,0.20117266324279767
1,0.02,12.222222222222221,7,manhattan,kd_tree,20,1.0,0.20117266324279767
1,0.02,12.222222222222221,7,manhattan,kd_tree,20,2.0,0.20117266324279767
1,0.02,12.222222222222221,7,manhattan,kd_tree,30,,0.20117266324279767
1,0.02,12.222222222222221,7,manhattan,kd_tree,30,1.0,0.20117266324279767
1,0.02,12.222222222222221,7,manhattan,kd_tree,30,2.0,0.20117266324279767
1,0.02,12.222222222222221,7,manhattan,kd_tree,40,,0.20117266324279767
1,0.02,12.222222222222221,7,manhattan,kd_tree,40,1.0,0.20117266324279767
1,0.02,12.222222222222221,7,manhattan,kd_tree,40,2.0,0.20117266324279767
1,0.02,12.222222222222221,7,manhattan,kd_tree,50,,0.20117266324279767
1,0.02,12.222222222222221,7,manhattan,kd_tree,50,1.0,0.20117266324279767
1,0.02,12.222222222222221,7,manhattan,kd_tree,50,2.0,0.20117266324279767
1,0.02,12.222222222222221,7,manhattan,brute,10,,0.20117266324279767
1,0.02,12.222222222222221,7,manhattan,brute,10,1.0,0.20117266324279767
1,0.02,12.222222222222221,7,manhattan,brute,10,2.0,0.20117266324279767
1,0.02,12.222222222222221,7,manhattan,brute,20,,0.20117266324279767
1,0.02,12.222222222222221,7,manhattan,brute,20,1.0,0.20117266324279767
1,0.02,12.222222222222221,7,manhattan,brute,20,2.0,0.20117266324279767
1,0.02,12.222222222222221,7,manhattan,brute,30,,0.20117266324279767
1,0.02,12.222222222222221,7,manhattan,brute,30,1.0,0.20117266324279767
1,0.02,12.222222222222221,7,manhattan,brute,30,2.0,0.20117266324279767
1,0.02,12.222222222222221,7,manhattan,brute,40,,0.20117266324279767
1,0.02,12.222222222222221,7,manhattan,brute,40,1.0,0.20117266324279767
1,0.02,12.222222222222221,7,manhattan,brute,40,2.0,0.20117266324279767
1,0.02,12.222222222222221,7,manhattan,brute,50,,0.20117266324279767
1,0.02,12.222222222222221,7,manhattan,brute,50,1.0,0.20117266324279767
1,0.02,12.222222222222221,7,manhattan,brute,50,2.0,0.20117266324279767
1,0.0,12.222222222222221,8,euclidean,auto,10,,-1.0
1,0.0,12.222222222222221,8,euclidean,auto,10,1.0,-1.0
1,0.0,12.222222222222221,8,euclidean,auto,10,2.0,-1.0
1,0.0,12.222222222222221,8,euclidean,auto,20,,-1.0
1,0.0,12.222222222222221,8,euclidean,auto,20,1.0,-1.0
1,0.0,12.222222222222221,8,euclidean,auto,20,2.0,-1.0
1,0.0,12.222222222222221,8,euclidean,auto,30,,-1.0
1,0.0,12.222222222222221,8,euclidean,auto,30,1.0,-1.0
1,0.0,12.222222222222221,8,euclidean,auto,30,2.0,-1.0
1,0.0,12.222222222222221,8,euclidean,auto,40,,-1.0
1,0.0,12.222222222222221,8,euclidean,auto,40,1.0,-1.0
1,0.0,12.222222222222221,8,euclidean,auto,40,2.0,-1.0
1,0.0,12.222222222222221,8,euclidean,auto,50,,-1.0
1,0.0,12.222222222222221,8,euclidean,auto,50,1.0,-1.0
1,0.0,12.222222222222221,8,euclidean,auto,50,2.0,-1.0
1,0.0,12.222222222222221,8,euclidean,ball_tree,10,,-1.0
1,0.0,12.222222222222221,8,euclidean,ball_tree,10,1.0,-1.0
1,0.0,12.222222222222221,8,euclidean,ball_tree,10,2.0,-1.0
1,0.0,12.222222222222221,8,euclidean,ball_tree,20,,-1.0
1,0.0,12.222222222222221,8,euclidean,ball_tree,20,1.0,-1.0
1,0.0,12.222222222222221,8,euclidean,ball_tree,20,2.0,-1.0
1,0.0,12.222222222222221,8,euclidean,ball_tree,30,,-1.0
1,0.0,12.222222222222221,8,euclidean,ball_tree,30,1.0,-1.0
1,0.0,12.222222222222221,8,euclidean,ball_tree,30,2.0,-1.0
1,0.0,12.222222222222221,8,euclidean,ball_tree,40,,-1.0
1,0.0,12.222222222222221,8,euclidean,ball_tree,40,1.0,-1.0
1,0.0,12.222222222222221,8,euclidean,ball_tree,40,2.0,-1.0
1,0.0,12.222222222222221,8,euclidean,ball_tree,50,,-1.0
1,0.0,12.222222222222221,8,euclidean,ball_tree,50,1.0,-1.0
1,0.0,12.222222222222221,8,euclidean,ball_tree,50,2.0,-1.0
1,0.0,12.222222222222221,8,euclidean,kd_tree,10,,-1.0
1,0.0,12.222222222222221,8,euclidean,kd_tree,10,1.0,-1.0
1,0.0,12.222222222222221,8,euclidean,kd_tree,10,2.0,-1.0
1,0.0,12.222222222222221,8,euclidean,kd_tree,20,,-1.0
1,0.0,12.222222222222221,8,euclidean,kd_tree,20,1.0,-1.0
1,0.0,12.222222222222221,8,euclidean,kd_tree,20,2.0,-1.0
1,0.0,12.222222222222221,8,euclidean,kd_tree,30,,-1.0
1,0.0,12.222222222222221,8,euclidean,kd_tree,30,1.0,-1.0
1,0.0,12.222222222222221,8,euclidean,kd_tree,30,2.0,-1.0
1,0.0,12.222222222222221,8,euclidean,kd_tree,40,,-1.0
1,0.0,12.222222222222221,8,euclidean,kd_tree,40,1.0,-1.0
1,0.0,12.222222222222221,8,euclidean,kd_tree,40,2.0,-1.0
1,0.0,12.222222222222221,8,euclidean,kd_tree,50,,-1.0
1,0.0,12.222222222222221,8,euclidean,kd_tree,50,1.0,-1.0
1,0.0,12.222222222222221,8,euclidean,kd_tree,50,2.0,-1.0
1,0.0,12.222222222222221,8,euclidean,brute,10,,-1.0
1,0.0,12.222222222222221,8,euclidean,brute,10,1.0,-1.0
1,0.0,12.222222222222221,8,euclidean,brute,10,2.0,-1.0
1,0.0,12.222222222222221,8,euclidean,brute,20,,-1.0
1,0.0,12.222222222222221,8,euclidean,brute,20,1.0,-1.0
1,0.0,12.222222222222221,8,euclidean,brute,20,2.0,-1.0
1,0.0,12.222222222222221,8,euclidean,brute,30,,-1.0
1,0.0,12.222222222222221,8,euclidean,brute,30,1.0,-1.0
1,0.0,12.222222222222221,8,euclidean,brute,30,2.0,-1.0
1,0.0,12.222222222222221,8,euclidean,brute,40,,-1.0
1,0.0,12.222222222222221,8,euclidean,brute,40,1.0,-1.0
1,0.0,12.222222222222221,8,euclidean,brute,40,2.0,-1.0
1,0.0,12.222222222222221,8,euclidean,brute,50,,-1.0
1,0.0,12.222222222222221,8,euclidean,brute,50,1.0,-1.0
1,0.0,12.222222222222221,8,euclidean,brute,50,2.0,-1.0
1,0.021,12.222222222222221,8,manhattan,auto,10,,0.19689953414427158
1,0.021,12.222222222222221,8,manhattan,auto,10,1.0,0.19689953414427158
1,0.021,12.222222222222221,8,manhattan,auto,10,2.0,0.19689953414427158
1,0.021,12.222222222222221,8,manhattan,auto,20,,0.19689953414427158
1,0.021,12.222222222222221,8,manhattan,auto,20,1.0,0.19689953414427158
1,0.021,12.222222222222221,8,manhattan,auto,20,2.0,0.19689953414427158
1,0.021,12.222222222222221,8,manhattan,auto,30,,0.19689953414427158
1,0.021,12.222222222222221,8,manhattan,auto,30,1.0,0.19689953414427158
1,0.021,12.222222222222221,8,manhattan,auto,30,2.0,0.19689953414427158
1,0.021,12.222222222222221,8,manhattan,auto,40,,0.19689953414427158
1,0.021,12.222222222222221,8,manhattan,auto,40,1.0,0.19689953414427158
1,0.021,12.222222222222221,8,manhattan,auto,40,2.0,0.19689953414427158
1,0.021,12.222222222222221,8,manhattan,auto,50,,0.19689953414427158
1,0.021,12.222222222222221,8,manhattan,auto,50,1.0,0.19689953414427158
1,0.021,12.222222222222221,8,manhattan,auto,50,2.0,0.19689953414427158
1,0.021,12.222222222222221,8,manhattan,ball_tree,10,,0.19689953414427158
1,0.021,12.222222222222221,8,manhattan,ball_tree,10,1.0,0.19689953414427158
1,0.021,12.222222222222221,8,manhattan,ball_tree,10,2.0,0.19689953414427158
1,0.021,12.222222222222221,8,manhattan,ball_tree,20,,0.19689953414427158
1,0.021,12.222222222222221,8,manhattan,ball_tree,20,1.0,0.19689953414427158
1,0.021,12.222222222222221,8,manhattan,ball_tree,20,2.0,0.19689953414427158
1,0.021,12.222222222222221,8,manhattan,ball_tree,30,,0.19689953414427158
1,0.021,12.222222222222221,8,manhattan,ball_tree,30,1.0,0.19689953414427158
1,0.021,12.222222222222221,8,manhattan,ball_tree,30,2.0,0.19689953414427158
1,0.021,12.222222222222221,8,manhattan,ball_tree,40,,0.19689953414427158
1,0.021,12.222222222222221,8,manhattan,ball_tree,40,1.0,0.19689953414427158
1,0.021,12.222222222222221,8,manhattan,ball_tree,40,2.0,0.19689953414427158
1,0.021,12.222222222222221,8,manhattan,ball_tree,50,,0.19689953414427158
1,0.021,12.222222222222221,8,manhattan,ball_tree,50,1.0,0.19689953414427158
1,0.021,12.222222222222221,8,manhattan,ball_tree,50,2.0,0.19689953414427158
1,0.021,12.222222222222221,8,manhattan,kd_tree,10,,0.19689953414427158
1,0.021,12.222222222222221,8,manhattan,kd_tree,10,1.0,0.19689953414427158
1,0.021,12.222222222222221,8,manhattan,kd_tree,10,2.0,0.19689953414427158
1,0.021,12.222222222222221,8,manhattan,kd_tree,20,,0.19689953414427158
1,0.021,12.222222222222221,8,manhattan,kd_tree,20,1.0,0.19689953414427158
1,0.021,12.222222222222221,8,manhattan,kd_tree,20,2.0,0.19689953414427158
1,0.021,12.222222222222221,8,manhattan,kd_tree,30,,0.19689953414427158
1,0.021,12.222222222222221,8,manhattan,kd_tree,30,1.0,0.19689953414427158
1,0.021,12.222222222222221,8,manhattan,kd_tree,30,2.0,0.19689953414427158
1,0.021,12.222222222222221,8,manhattan,kd_tree,40,,0.19689953414427158
1,0.021,12.222222222222221,8,manhattan,kd_tree,40,1.0,0.19689953414427158
1,0.021,12.222222222222221,8,manhattan,kd_tree,40,2.0,0.19689953414427158
1,0.021,12.222222222222221,8,manhattan,kd_tree,50,,0.19689953414427158
1,0.021,12.222222222222221,8,manhattan,kd_tree,50,1.0,0.19689953414427158
1,0.021,12.222222222222221,8,manhattan,kd_tree,50,2.0,0.19689953414427158
1,0.021,12.222222222222221,8,manhattan,brute,10,,0.19689953414427158
1,0.021,12.222222222222221,8,manhattan,brute,10,1.0,0.19689953414427158
1,0.021,12.222222222222221,8,manhattan,brute,10,2.0,0.19689953414427158
1,0.021,12.222222222222221,8,manhattan,brute,20,,0.19689953414427158
1,0.021,12.222222222222221,8,manhattan,brute,20,1.0,0.19689953414427158
1,0.021,12.222222222222221,8,manhattan,brute,20,2.0,0.19689953414427158
1,0.021,12.222222222222221,8,manhattan,brute,30,,0.19689953414427158
1,0.021,12.222222222222221,8,manhattan,brute,30,1.0,0.19689953414427158
1,0.021,12.222222222222221,8,manhattan,brute,30,2.0,0.19689953414427158
1,0.021,12.222222222222221,8,manhattan,brute,40,,0.19689953414427158
1,0.021,12.222222222222221,8,manhattan,brute,40,1.0,0.19689953414427158
1,0.021,12.222222222222221,8,manhattan,brute,40,2.0,0.19689953414427158
1,0.021,12.222222222222221,8,manhattan,brute,50,,0.19689953414427158
1,0.021,12.222222222222221,8,manhattan,brute,50,1.0,0.19689953414427158
1,0.021,12.222222222222221,8,manhattan,brute,50,2.0,0.19689953414427158
1,0.0,12.222222222222221,9,euclidean,auto,10,,-1.0
1,0.0,12.222222222222221,9,euclidean,auto,10,1.0,-1.0
1,0.0,12.222222222222221,9,euclidean,auto,10,2.0,-1.0
1,0.0,12.222222222222221,9,euclidean,auto,20,,-1.0
1,0.0,12.222222222222221,9,euclidean,auto,20,1.0,-1.0
1,0.0,12.222222222222221,9,euclidean,auto,20,2.0,-1.0
1,0.0,12.222222222222221,9,euclidean,auto,30,,-1.0
1,0.0,12.222222222222221,9,euclidean,auto,30,1.0,-1.0
1,0.0,12.222222222222221,9,euclidean,auto,30,2.0,-1.0
1,0.0,12.222222222222221,9,euclidean,auto,40,,-1.0
1,0.0,12.222222222222221,9,euclidean,auto,40,1.0,-1.0
1,0.0,12.222222222222221,9,euclidean,auto,40,2.0,-1.0
1,0.0,12.222222222222221,9,euclidean,auto,50,,-1.0
1,0.0,12.222222222222221,9,euclidean,auto,50,1.0,-1.0
1,0.0,12.222222222222221,9,euclidean,auto,50,2.0,-1.0
1,0.0,12.222222222222221,9,euclidean,ball_tree,10,,-1.0
1,0.0,12.222222222222221,9,euclidean,ball_tree,10,1.0,-1.0
1,0.0,12.222222222222221,9,euclidean,ball_tree,10,2.0,-1.0
1,0.0,12.222222222222221,9,euclidean,ball_tree,20,,-1.0
1,0.0,12.222222222222221,9,euclidean,ball_tree,20,1.0,-1.0
1,0.0,12.222222222222221,9,euclidean,ball_tree,20,2.0,-1.0
1,0.0,12.222222222222221,9,euclidean,ball_tree,30,,-1.0
1,0.0,12.222222222222221,9,euclidean,ball_tree,30,1.0,-1.0
1,0.0,12.222222222222221,9,euclidean,ball_tree,30,2.0,-1.0
1,0.0,12.222222222222221,9,euclidean,ball_tree,40,,-1.0
1,0.0,12.222222222222221,9,euclidean,ball_tree,40,1.0,-1.0
1,0.0,12.222222222222221,9,euclidean,ball_tree,40,2.0,-1.0
1,0.0,12.222222222222221,9,euclidean,ball_tree,50,,-1.0
1,0.0,12.222222222222221,9,euclidean,ball_tree,50,1.0,-1.0
1,0.0,12.222222222222221,9,euclidean,ball_tree,50,2.0,-1.0
1,0.0,12.222222222222221,9,euclidean,kd_tree,10,,-1.0
1,0.0,12.222222222222221,9,euclidean,kd_tree,10,1.0,-1.0
1,0.0,12.222222222222221,9,euclidean,kd_tree,10,2.0,-1.0
1,0.0,12.222222222222221,9,euclidean,kd_tree,20,,-1.0
1,0.0,12.222222222222221,9,euclidean,kd_tree,20,1.0,-1.0
1,0.0,12.222222222222221,9,euclidean,kd_tree,20,2.0,-1.0
1,0.0,12.222222222222221,9,euclidean,kd_tree,30,,-1.0
1,0.0,12.222222222222221,9,euclidean,kd_tree,30,1.0,-1.0
1,0.0,12.222222222222221,9,euclidean,kd_tree,30,2.0,-1.0
1,0.0,12.222222222222221,9,euclidean,kd_tree,40,,-1.0
1,0.0,12.222222222222221,9,euclidean,kd_tree,40,1.0,-1.0
1,0.0,12.222222222222221,9,euclidean,kd_tree,40,2.0,-1.0
1,0.0,12.222222222222221,9,euclidean,kd_tree,50,,-1.0
1,0.0,12.222222222222221,9,euclidean,kd_tree,50,1.0,-1.0
1,0.0,12.222222222222221,9,euclidean,kd_tree,50,2.0,-1.0
1,0.0,12.222222222222221,9,euclidean,brute,10,,-1.0
1,0.0,12.222222222222221,9,euclidean,brute,10,1.0,-1.0
1,0.0,12.222222222222221,9,euclidean,brute,10,2.0,-1.0
1,0.0,12.222222222222221,9,euclidean,brute,20,,-1.0
1,0.0,12.222222222222221,9,euclidean,brute,20,1.0,-1.0
1,0.0,12.222222222222221,9,euclidean,brute,20,2.0,-1.0
1,0.0,12.222222222222221,9,euclidean,brute,30,,-1.0
1,0.0,12.222222222222221,9,euclidean,brute,30,1.0,-1.0
1,0.0,12.222222222222221,9,euclidean,brute,30,2.0,-1.0
1,0.0,12.222222222222221,9,euclidean,brute,40,,-1.0
1,0.0,12.222222222222221,9,euclidean,brute,40,1.0,-1.0
1,0.0,12.222222222222221,9,euclidean,brute,40,2.0,-1.0
1,0.0,12.222222222222221,9,euclidean,brute,50,,-1.0
1,0.0,12.222222222222221,9,euclidean,brute,50,1.0,-1.0
1,0.0,12.222222222222221,9,euclidean,brute,50,2.0,-1.0
1,0.023,12.222222222222221,9,manhattan,auto,10,,0.2100620373108761
1,0.023,12.222222222222221,9,manhattan,auto,10,1.0,0.2100620373108761
1,0.023,12.222222222222221,9,manhattan,auto,10,2.0,0.2100620373108761
1,0.023,12.222222222222221,9,manhattan,auto,20,,0.2100620373108761
1,0.023,12.222222222222221,9,manhattan,auto,20,1.0,0.2100620373108761
1,0.023,12.222222222222221,9,manhattan,auto,20,2.0,0.2100620373108761
1,0.023,12.222222222222221,9,manhattan,auto,30,,0.2100620373108761
1,0.023,12.222222222222221,9,manhattan,auto,30,1.0,0.2100620373108761
1,0.023,12.222222222222221,9,manhattan,auto,30,2.0,0.2100620373108761
1,0.023,12.222222222222221,9,manhattan,auto,40,,0.2100620373108761
1,0.023,12.222222222222221,9,manhattan,auto,40,1.0,0.2100620373108761
1,0.023,12.222222222222221,9,manhattan,auto,40,2.0,0.2100620373108761
1,0.023,12.222222222222221,9,manhattan,auto,50,,0.2100620373108761
1,0.023,12.222222222222221,9,manhattan,auto,50,1.0,0.2100620373108761
1,0.023,12.222222222222221,9,manhattan,auto,50,2.0,0.2100620373108761
1,0.023,12.222222222222221,9,manhattan,ball_tree,10,,0.2100620373108761
1,0.023,12.222222222222221,9,manhattan,ball_tree,10,1.0,0.2100620373108761
1,0.023,12.222222222222221,9,manhattan,ball_tree,10,2.0,0.2100620373108761
1,0.023,12.222222222222221,9,manhattan,ball_tree,20,,0.2100620373108761
1,0.023,12.222222222222221,9,manhattan,ball_tree,20,1.0,0.2100620373108761
1,0.023,12.222222222222221,9,manhattan,ball_tree,20,2.0,0.2100620373108761
1,0.023,12.222222222222221,9,manhattan,ball_tree,30,,0.2100620373108761
1,0.023,12.222222222222221,9,manhattan,ball_tree,30,1.0,0.2100620373108761
1,0.023,12.222222222222221,9,manhattan,ball_tree,30,2.0,0.2100620373108761
1,0.023,12.222222222222221,9,manhattan,ball_tree,40,,0.2100620373108761
1,0.023,12.222222222222221,9,manhattan,ball_tree,40,1.0,0.2100620373108761
1,0.023,12.222222222222221,9,manhattan,ball_tree,40,2.0,0.2100620373108761
1,0.023,12.222222222222221,9,manhattan,ball_tree,50,,0.2100620373108761
1,0.023,12.222222222222221,9,manhattan,ball_tree,50,1.0,0.2100620373108761
1,0.023,12.222222222222221,9,manhattan,ball_tree,50,2.0,0.2100620373108761
1,0.023,12.222222222222221,9,manhattan,kd_tree,10,,0.2100620373108761
1,0.023,12.222222222222221,9,manhattan,kd_tree,10,1.0,0.2100620373108761
1,0.023,12.222222222222221,9,manhattan,kd_tree,10,2.0,0.2100620373108761
1,0.023,12.222222222222221,9,manhattan,kd_tree,20,,0.2100620373108761
1,0.023,12.222222222222221,9,manhattan,kd_tree,20,1.0,0.2100620373108761
1,0.023,12.222222222222221,9,manhattan,kd_tree,20,2.0,0.2100620373108761
1,0.023,12.222222222222221,9,manhattan,kd_tree,30,,0.2100620373108761
1,0.023,12.222222222222221,9,manhattan,kd_tree,30,1.0,0.2100620373108761
1,0.023,12.222222222222221,9,manhattan,kd_tree,30,2.0,0.2100620373108761
1,0.023,12.222222222222221,9,manhattan,kd_tree,40,,0.2100620373108761
1,0.023,12.222222222222221,9,manhattan,kd_tree,40,1.0,0.2100620373108761
1,0.023,12.222222222222221,9,manhattan,kd_tree,40,2.0,0.2100620373108761
1,0.023,12.222222222222221,9,manhattan,kd_tree,50,,0.2100620373108761
1,0.023,12.222222222222221,9,manhattan,kd_tree,50,1.0,0.2100620373108761
1,0.023,12.222222222222221,9,manhattan,kd_tree,50,2.0,0.2100620373108761
1,0.023,12.222222222222221,9,manhattan,brute,10,,0.2100620373108761
1,0.023,12.222222222222221,9,manhattan,brute,10,1.0,0.2100620373108761
1,0.023,12.222222222222221,9,manhattan,brute,10,2.0,0.2100620373108761
1,0.023,12.222222222222221,9,manhattan,brute,20,,0.2100620373108761
1,0.023,12.222222222222221,9,manhattan,brute,20,1.0,0.2100620373108761
1,0.023,12.222222222222221,9,manhattan,brute,20,2.0,0.2100620373108761
1,0.023,12.222222222222221,9,manhattan,brute,30,,0.2100620373108761
1,0.023,12.222222222222221,9,manhattan,brute,30,1.0,0.2100620373108761
1,0.023,12.222222222222221,9,manhattan,brute,30,2.0,0.2100620373108761
1,0.023,12.222222222222221,9,manhattan,brute,40,,0.2100620373108761
1,0.023,12.222222222222221,9,manhattan,brute,40,1.0,0.2100620373108761
1,0.023,12.222222222222221,9,manhattan,brute,40,2.0,0.2100620373108761
1,0.023,12.222222222222221,9,manhattan,brute,50,,0.2100620373108761
1,0.023,12.222222222222221,9,manhattan,brute,50,1.0,0.2100620373108761
1,0.023,12.222222222222221,9,manhattan,brute,50,2.0,0.2100620373108761
1,0.0,13.333333333333334,2,euclidean,auto,10,,-1.0
1,0.0,13.333333333333334,2,euclidean,auto,10,1.0,-1.0
1,0.0,13.333333333333334,2,euclidean,auto,10,2.0,-1.0
1,0.0,13.333333333333334,2,euclidean,auto,20,,-1.0
1,0.0,13.333333333333334,2,euclidean,auto,20,1.0,-1.0
1,0.0,13.333333333333334,2,euclidean,auto,20,2.0,-1.0
1,0.0,13.333333333333334,2,euclidean,auto,30,,-1.0
1,0.0,13.333333333333334,2,euclidean,auto,30,1.0,-1.0
1,0.0,13.333333333333334,2,euclidean,auto,30,2.0,-1.0
1,0.0,13.333333333333334,2,euclidean,auto,40,,-1.0
1,0.0,13.333333333333334,2,euclidean,auto,40,1.0,-1.0
1,0.0,13.333333333333334,2,euclidean,auto,40,2.0,-1.0
1,0.0,13.333333333333334,2,euclidean,auto,50,,-1.0
1,0.0,13.333333333333334,2,euclidean,auto,50,1.0,-1.0
1,0.0,13.333333333333334,2,euclidean,auto,50,2.0,-1.0
1,0.0,13.333333333333334,2,euclidean,ball_tree,10,,-1.0
1,0.0,13.333333333333334,2,euclidean,ball_tree,10,1.0,-1.0
1,0.0,13.333333333333334,2,euclidean,ball_tree,10,2.0,-1.0
1,0.0,13.333333333333334,2,euclidean,ball_tree,20,,-1.0
1,0.0,13.333333333333334,2,euclidean,ball_tree,20,1.0,-1.0
1,0.0,13.333333333333334,2,euclidean,ball_tree,20,2.0,-1.0
1,0.0,13.333333333333334,2,euclidean,ball_tree,30,,-1.0
1,0.0,13.333333333333334,2,euclidean,ball_tree,30,1.0,-1.0
1,0.0,13.333333333333334,2,euclidean,ball_tree,30,2.0,-1.0
1,0.0,13.333333333333334,2,euclidean,ball_tree,40,,-1.0
1,0.0,13.333333333333334,2,euclidean,ball_tree,40,1.0,-1.0
1,0.0,13.333333333333334,2,euclidean,ball_tree,40,2.0,-1.0
1,0.0,13.333333333333334,2,euclidean,ball_tree,50,,-1.0
1,0.0,13.333333333333334,2,euclidean,ball_tree,50,1.0,-1.0
1,0.0,13.333333333333334,2,euclidean,ball_tree,50,2.0,-1.0
1,0.0,13.333333333333334,2,euclidean,kd_tree,10,,-1.0
1,0.0,13.333333333333334,2,euclidean,kd_tree,10,1.0,-1.0
1,0.0,13.333333333333334,2,euclidean,kd_tree,10,2.0,-1.0
1,0.0,13.333333333333334,2,euclidean,kd_tree,20,,-1.0
1,0.0,13.333333333333334,2,euclidean,kd_tree,20,1.0,-1.0
1,0.0,13.333333333333334,2,euclidean,kd_tree,20,2.0,-1.0
1,0.0,13.333333333333334,2,euclidean,kd_tree,30,,-1.0
1,0.0,13.333333333333334,2,euclidean,kd_tree,30,1.0,-1.0
1,0.0,13.333333333333334,2,euclidean,kd_tree,30,2.0,-1.0
1,0.0,13.333333333333334,2,euclidean,kd_tree,40,,-1.0
1,0.0,13.333333333333334,2,euclidean,kd_tree,40,1.0,-1.0
1,0.0,13.333333333333334,2,euclidean,kd_tree,40,2.0,-1.0
1,0.0,13.333333333333334,2,euclidean,kd_tree,50,,-1.0
1,0.0,13.333333333333334,2,euclidean,kd_tree,50,1.0,-1.0
1,0.0,13.333333333333334,2,euclidean,kd_tree,50,2.0,-1.0
1,0.0,13.333333333333334,2,euclidean,brute,10,,-1.0
1,0.0,13.333333333333334,2,euclidean,brute,10,1.0,-1.0
1,0.0,13.333333333333334,2,euclidean,brute,10,2.0,-1.0
1,0.0,13.333333333333334,2,euclidean,brute,20,,-1.0
1,0.0,13.333333333333334,2,euclidean,brute,20,1.0,-1.0
1,0.0,13.333333333333334,2,euclidean,brute,20,2.0,-1.0
1,0.0,13.333333333333334,2,euclidean,brute,30,,-1.0
1,0.0,13.333333333333334,2,euclidean,brute,30,1.0,-1.0
1,0.0,13.333333333333334,2,euclidean,brute,30,2.0,-1.0
1,0.0,13.333333333333334,2,euclidean,brute,40,,-1.0
1,0.0,13.333333333333334,2,euclidean,brute,40,1.0,-1.0
1,0.0,13.333333333333334,2,euclidean,brute,40,2.0,-1.0
1,0.0,13.333333333333334,2,euclidean,brute,50,,-1.0
1,0.0,13.333333333333334,2,euclidean,brute,50,1.0,-1.0
1,0.0,13.333333333333334,2,euclidean,brute,50,2.0,-1.0
1,0.008,13.333333333333334,2,manhattan,auto,10,,0.24677103192040079
1,0.008,13.333333333333334,2,manhattan,auto,10,1.0,0.24677103192040079
1,0.008,13.333333333333334,2,manhattan,auto,10,2.0,0.24677103192040079
1,0.008,13.333333333333334,2,manhattan,auto,20,,0.24677103192040079
1,0.008,13.333333333333334,2,manhattan,auto,20,1.0,0.24677103192040079
1,0.008,13.333333333333334,2,manhattan,auto,20,2.0,0.24677103192040079
1,0.008,13.333333333333334,2,manhattan,auto,30,,0.24677103192040079
1,0.008,13.333333333333334,2,manhattan,auto,30,1.0,0.24677103192040079
1,0.008,13.333333333333334,2,manhattan,auto,30,2.0,0.24677103192040079
1,0.008,13.333333333333334,2,manhattan,auto,40,,0.24677103192040079
1,0.008,13.333333333333334,2,manhattan,auto,40,1.0,0.24677103192040079
1,0.008,13.333333333333334,2,manhattan,auto,40,2.0,0.24677103192040079
1,0.008,13.333333333333334,2,manhattan,auto,50,,0.24677103192040079
1,0.008,13.333333333333334,2,manhattan,auto,50,1.0,0.24677103192040079
1,0.008,13.333333333333334,2,manhattan,auto,50,2.0,0.24677103192040079
1,0.008,13.333333333333334,2,manhattan,ball_tree,10,,0.24677103192040079
1,0.008,13.333333333333334,2,manhattan,ball_tree,10,1.0,0.24677103192040079
1,0.008,13.333333333333334,2,manhattan,ball_tree,10,2.0,0.24677103192040079
1,0.008,13.333333333333334,2,manhattan,ball_tree,20,,0.24677103192040079
1,0.008,13.333333333333334,2,manhattan,ball_tree,20,1.0,0.24677103192040079
1,0.008,13.333333333333334,2,manhattan,ball_tree,20,2.0,0.24677103192040079
1,0.008,13.333333333333334,2,manhattan,ball_tree,30,,0.24677103192040079
1,0.008,13.333333333333334,2,manhattan,ball_tree,30,1.0,0.24677103192040079
1,0.008,13.333333333333334,2,manhattan,ball_tree,30,2.0,0.24677103192040079
1,0.008,13.333333333333334,2,manhattan,ball_tree,40,,0.24677103192040079
1,0.008,13.333333333333334,2,manhattan,ball_tree,40,1.0,0.24677103192040079
1,0.008,13.333333333333334,2,manhattan,ball_tree,40,2.0,0.24677103192040079
1,0.008,13.333333333333334,2,manhattan,ball_tree,50,,0.24677103192040079
1,0.008,13.333333333333334,2,manhattan,ball_tree,50,1.0,0.24677103192040079
1,0.008,13.333333333333334,2,manhattan,ball_tree,50,2.0,0.24677103192040079
1,0.008,13.333333333333334,2,manhattan,kd_tree,10,,0.24677103192040079
1,0.008,13.333333333333334,2,manhattan,kd_tree,10,1.0,0.24677103192040079
1,0.008,13.333333333333334,2,manhattan,kd_tree,10,2.0,0.24677103192040079
1,0.008,13.333333333333334,2,manhattan,kd_tree,20,,0.24677103192040079
1,0.008,13.333333333333334,2,manhattan,kd_tree,20,1.0,0.24677103192040079
1,0.008,13.333333333333334,2,manhattan,kd_tree,20,2.0,0.24677103192040079
1,0.008,13.333333333333334,2,manhattan,kd_tree,30,,0.24677103192040079
1,0.008,13.333333333333334,2,manhattan,kd_tree,30,1.0,0.24677103192040079
1,0.008,13.333333333333334,2,manhattan,kd_tree,30,2.0,0.24677103192040079
1,0.008,13.333333333333334,2,manhattan,kd_tree,40,,0.24677103192040079
1,0.008,13.333333333333334,2,manhattan,kd_tree,40,1.0,0.24677103192040079
1,0.008,13.333333333333334,2,manhattan,kd_tree,40,2.0,0.24677103192040079
1,0.008,13.333333333333334,2,manhattan,kd_tree,50,,0.24677103192040079
1,0.008,13.333333333333334,2,manhattan,kd_tree,50,1.0,0.24677103192040079
1,0.008,13.333333333333334,2,manhattan,kd_tree,50,2.0,0.24677103192040079
1,0.008,13.333333333333334,2,manhattan,brute,10,,0.24677103192040079
1,0.008,13.333333333333334,2,manhattan,brute,10,1.0,0.24677103192040079
1,0.008,13.333333333333334,2,manhattan,brute,10,2.0,0.24677103192040079
1,0.008,13.333333333333334,2,manhattan,brute,20,,0.24677103192040079
1,0.008,13.333333333333334,2,manhattan,brute,20,1.0,0.24677103192040079
1,0.008,13.333333333333334,2,manhattan,brute,20,2.0,0.24677103192040079
1,0.008,13.333333333333334,2,manhattan,brute,30,,0.24677103192040079
1,0.008,13.333333333333334,2,manhattan,brute,30,1.0,0.24677103192040079
1,0.008,13.333333333333334,2,manhattan,brute,30,2.0,0.24677103192040079
1,0.008,13.333333333333334,2,manhattan,brute,40,,0.24677103192040079
1,0.008,13.333333333333334,2,manhattan,brute,40,1.0,0.24677103192040079
1,0.008,13.333333333333334,2,manhattan,brute,40,2.0,0.24677103192040079
1,0.008,13.333333333333334,2,manhattan,brute,50,,0.24677103192040079
1,0.008,13.333333333333334,2,manhattan,brute,50,1.0,0.24677103192040079
1,0.008,13.333333333333334,2,manhattan,brute,50,2.0,0.24677103192040079
1,0.0,13.333333333333334,3,euclidean,auto,10,,-1.0
1,0.0,13.333333333333334,3,euclidean,auto,10,1.0,-1.0
1,0.0,13.333333333333334,3,euclidean,auto,10,2.0,-1.0
1,0.0,13.333333333333334,3,euclidean,auto,20,,-1.0
1,0.0,13.333333333333334,3,euclidean,auto,20,1.0,-1.0
1,0.0,13.333333333333334,3,euclidean,auto,20,2.0,-1.0
1,0.0,13.333333333333334,3,euclidean,auto,30,,-1.0
1,0.0,13.333333333333334,3,euclidean,auto,30,1.0,-1.0
1,0.0,13.333333333333334,3,euclidean,auto,30,2.0,-1.0
1,0.0,13.333333333333334,3,euclidean,auto,40,,-1.0
1,0.0,13.333333333333334,3,euclidean,auto,40,1.0,-1.0
1,0.0,13.333333333333334,3,euclidean,auto,40,2.0,-1.0
1,0.0,13.333333333333334,3,euclidean,auto,50,,-1.0
1,0.0,13.333333333333334,3,euclidean,auto,50,1.0,-1.0
1,0.0,13.333333333333334,3,euclidean,auto,50,2.0,-1.0
1,0.0,13.333333333333334,3,euclidean,ball_tree,10,,-1.0
1,0.0,13.333333333333334,3,euclidean,ball_tree,10,1.0,-1.0
1,0.0,13.333333333333334,3,euclidean,ball_tree,10,2.0,-1.0
1,0.0,13.333333333333334,3,euclidean,ball_tree,20,,-1.0
1,0.0,13.333333333333334,3,euclidean,ball_tree,20,1.0,-1.0
1,0.0,13.333333333333334,3,euclidean,ball_tree,20,2.0,-1.0
1,0.0,13.333333333333334,3,euclidean,ball_tree,30,,-1.0
1,0.0,13.333333333333334,3,euclidean,ball_tree,30,1.0,-1.0
1,0.0,13.333333333333334,3,euclidean,ball_tree,30,2.0,-1.0
1,0.0,13.333333333333334,3,euclidean,ball_tree,40,,-1.0
1,0.0,13.333333333333334,3,euclidean,ball_tree,40,1.0,-1.0
1,0.0,13.333333333333334,3,euclidean,ball_tree,40,2.0,-1.0
1,0.0,13.333333333333334,3,euclidean,ball_tree,50,,-1.0
1,0.0,13.333333333333334,3,euclidean,ball_tree,50,1.0,-1.0
1,0.0,13.333333333333334,3,euclidean,ball_tree,50,2.0,-1.0
1,0.0,13.333333333333334,3,euclidean,kd_tree,10,,-1.0
1,0.0,13.333333333333334,3,euclidean,kd_tree,10,1.0,-1.0
1,0.0,13.333333333333334,3,euclidean,kd_tree,10,2.0,-1.0
1,0.0,13.333333333333334,3,euclidean,kd_tree,20,,-1.0
1,0.0,13.333333333333334,3,euclidean,kd_tree,20,1.0,-1.0
1,0.0,13.333333333333334,3,euclidean,kd_tree,20,2.0,-1.0
1,0.0,13.333333333333334,3,euclidean,kd_tree,30,,-1.0
1,0.0,13.333333333333334,3,euclidean,kd_tree,30,1.0,-1.0
1,0.0,13.333333333333334,3,euclidean,kd_tree,30,2.0,-1.0
1,0.0,13.333333333333334,3,euclidean,kd_tree,40,,-1.0
1,0.0,13.333333333333334,3,euclidean,kd_tree,40,1.0,-1.0
1,0.0,13.333333333333334,3,euclidean,kd_tree,40,2.0,-1.0
1,0.0,13.333333333333334,3,euclidean,kd_tree,50,,-1.0
1,0.0,13.333333333333334,3,euclidean,kd_tree,50,1.0,-1.0
1,0.0,13.333333333333334,3,euclidean,kd_tree,50,2.0,-1.0
1,0.0,13.333333333333334,3,euclidean,brute,10,,-1.0
1,0.0,13.333333333333334,3,euclidean,brute,10,1.0,-1.0
1,0.0,13.333333333333334,3,euclidean,brute,10,2.0,-1.0
1,0.0,13.333333333333334,3,euclidean,brute,20,,-1.0
1,0.0,13.333333333333334,3,euclidean,brute,20,1.0,-1.0
1,0.0,13.333333333333334,3,euclidean,brute,20,2.0,-1.0
1,0.0,13.333333333333334,3,euclidean,brute,30,,-1.0
1,0.0,13.333333333333334,3,euclidean,brute,30,1.0,-1.0
1,0.0,13.333333333333334,3,euclidean,brute,30,2.0,-1.0
1,0.0,13.333333333333334,3,euclidean,brute,40,,-1.0
1,0.0,13.333333333333334,3,euclidean,brute,40,1.0,-1.0
1,0.0,13.333333333333334,3,euclidean,brute,40,2.0,-1.0
1,0.0,13.333333333333334,3,euclidean,brute,50,,-1.0
1,0.0,13.333333333333334,3,euclidean,brute,50,1.0,-1.0
1,0.0,13.333333333333334,3,euclidean,brute,50,2.0,-1.0
1,0.008,13.333333333333334,3,manhattan,auto,10,,0.24677103192040079
1,0.008,13.333333333333334,3,manhattan,auto,10,1.0,0.24677103192040079
1,0.008,13.333333333333334,3,manhattan,auto,10,2.0,0.24677103192040079
1,0.008,13.333333333333334,3,manhattan,auto,20,,0.24677103192040079
1,0.008,13.333333333333334,3,manhattan,auto,20,1.0,0.24677103192040079
1,0.008,13.333333333333334,3,manhattan,auto,20,2.0,0.24677103192040079
1,0.008,13.333333333333334,3,manhattan,auto,30,,0.24677103192040079
1,0.008,13.333333333333334,3,manhattan,auto,30,1.0,0.24677103192040079
1,0.008,13.333333333333334,3,manhattan,auto,30,2.0,0.24677103192040079
1,0.008,13.333333333333334,3,manhattan,auto,40,,0.24677103192040079
1,0.008,13.333333333333334,3,manhattan,auto,40,1.0,0.24677103192040079
1,0.008,13.333333333333334,3,manhattan,auto,40,2.0,0.24677103192040079
1,0.008,13.333333333333334,3,manhattan,auto,50,,0.24677103192040079
1,0.008,13.333333333333334,3,manhattan,auto,50,1.0,0.24677103192040079
1,0.008,13.333333333333334,3,manhattan,auto,50,2.0,0.24677103192040079
1,0.008,13.333333333333334,3,manhattan,ball_tree,10,,0.24677103192040079
1,0.008,13.333333333333334,3,manhattan,ball_tree,10,1.0,0.24677103192040079
1,0.008,13.333333333333334,3,manhattan,ball_tree,10,2.0,0.24677103192040079
1,0.008,13.333333333333334,3,manhattan,ball_tree,20,,0.24677103192040079
1,0.008,13.333333333333334,3,manhattan,ball_tree,20,1.0,0.24677103192040079
1,0.008,13.333333333333334,3,manhattan,ball_tree,20,2.0,0.24677103192040079
1,0.008,13.333333333333334,3,manhattan,ball_tree,30,,0.24677103192040079
1,0.008,13.333333333333334,3,manhattan,ball_tree,30,1.0,0.24677103192040079
1,0.008,13.333333333333334,3,manhattan,ball_tree,30,2.0,0.24677103192040079
1,0.008,13.333333333333334,3,manhattan,ball_tree,40,,0.24677103192040079
1,0.008,13.333333333333334,3,manhattan,ball_tree,40,1.0,0.24677103192040079
1,0.008,13.333333333333334,3,manhattan,ball_tree,40,2.0,0.24677103192040079
1,0.008,13.333333333333334,3,manhattan,ball_tree,50,,0.24677103192040079
1,0.008,13.333333333333334,3,manhattan,ball_tree,50,1.0,0.24677103192040079
1,0.008,13.333333333333334,3,manhattan,ball_tree,50,2.0,0.24677103192040079
1,0.008,13.333333333333334,3,manhattan,kd_tree,10,,0.24677103192040079
1,0.008,13.333333333333334,3,manhattan,kd_tree,10,1.0,0.24677103192040079
1,0.008,13.333333333333334,3,manhattan,kd_tree,10,2.0,0.24677103192040079
1,0.008,13.333333333333334,3,manhattan,kd_tree,20,,0.24677103192040079
1,0.008,13.333333333333334,3,manhattan,kd_tree,20,1.0,0.24677103192040079
1,0.008,13.333333333333334,3,manhattan,kd_tree,20,2.0,0.24677103192040079
1,0.008,13.333333333333334,3,manhattan,kd_tree,30,,0.24677103192040079
1,0.008,13.333333333333334,3,manhattan,kd_tree,30,1.0,0.24677103192040079
1,0.008,13.333333333333334,3,manhattan,kd_tree,30,2.0,0.24677103192040079
1,0.008,13.333333333333334,3,manhattan,kd_tree,40,,0.24677103192040079
1,0.008,13.333333333333334,3,manhattan,kd_tree,40,1.0,0.24677103192040079
1,0.008,13.333333333333334,3,manhattan,kd_tree,40,2.0,0.24677103192040079
1,0.008,13.333333333333334,3,manhattan,kd_tree,50,,0.24677103192040079
1,0.008,13.333333333333334,3,manhattan,kd_tree,50,1.0,0.24677103192040079
1,0.008,13.333333333333334,3,manhattan,kd_tree,50,2.0,0.24677103192040079
1,0.008,13.333333333333334,3,manhattan,brute,10,,0.24677103192040079
1,0.008,13.333333333333334,3,manhattan,brute,10,1.0,0.24677103192040079
1,0.008,13.333333333333334,3,manhattan,brute,10,2.0,0.24677103192040079
1,0.008,13.333333333333334,3,manhattan,brute,20,,0.24677103192040079
1,0.008,13.333333333333334,3,manhattan,brute,20,1.0,0.24677103192040079
1,0.008,13.333333333333334,3,manhattan,brute,20,2.0,0.24677103192040079
1,0.008,13.333333333333334,3,manhattan,brute,30,,0.24677103192040079
1,0.008,13.333333333333334,3,manhattan,brute,30,1.0,0.24677103192040079
1,0.008,13.333333333333334,3,manhattan,brute,30,2.0,0.24677103192040079
1,0.008,13.333333333333334,3,manhattan,brute,40,,0.24677103192040079
1,0.008,13.333333333333334,3,manhattan,brute,40,1.0,0.24677103192040079
1,0.008,13.333333333333334,3,manhattan,brute,40,2.0,0.24677103192040079
1,0.008,13.333333333333334,3,manhattan,brute,50,,0.24677103192040079
1,0.008,13.333333333333334,3,manhattan,brute,50,1.0,0.24677103192040079
1,0.008,13.333333333333334,3,manhattan,brute,50,2.0,0.24677103192040079
1,0.0,13.333333333333334,4,euclidean,auto,10,,-1.0
1,0.0,13.333333333333334,4,euclidean,auto,10,1.0,-1.0
1,0.0,13.333333333333334,4,euclidean,auto,10,2.0,-1.0
1,0.0,13.333333333333334,4,euclidean,auto,20,,-1.0
1,0.0,13.333333333333334,4,euclidean,auto,20,1.0,-1.0
1,0.0,13.333333333333334,4,euclidean,auto,20,2.0,-1.0
1,0.0,13.333333333333334,4,euclidean,auto,30,,-1.0
1,0.0,13.333333333333334,4,euclidean,auto,30,1.0,-1.0
1,0.0,13.333333333333334,4,euclidean,auto,30,2.0,-1.0
1,0.0,13.333333333333334,4,euclidean,auto,40,,-1.0
1,0.0,13.333333333333334,4,euclidean,auto,40,1.0,-1.0
1,0.0,13.333333333333334,4,euclidean,auto,40,2.0,-1.0
1,0.0,13.333333333333334,4,euclidean,auto,50,,-1.0
1,0.0,13.333333333333334,4,euclidean,auto,50,1.0,-1.0
1,0.0,13.333333333333334,4,euclidean,auto,50,2.0,-1.0
1,0.0,13.333333333333334,4,euclidean,ball_tree,10,,-1.0
1,0.0,13.333333333333334,4,euclidean,ball_tree,10,1.0,-1.0
1,0.0,13.333333333333334,4,euclidean,ball_tree,10,2.0,-1.0
1,0.0,13.333333333333334,4,euclidean,ball_tree,20,,-1.0
1,0.0,13.333333333333334,4,euclidean,ball_tree,20,1.0,-1.0
1,0.0,13.333333333333334,4,euclidean,ball_tree,20,2.0,-1.0
1,0.0,13.333333333333334,4,euclidean,ball_tree,30,,-1.0
1,0.0,13.333333333333334,4,euclidean,ball_tree,30,1.0,-1.0
1,0.0,13.333333333333334,4,euclidean,ball_tree,30,2.0,-1.0
1,0.0,13.333333333333334,4,euclidean,ball_tree,40,,-1.0
1,0.0,13.333333333333334,4,euclidean,ball_tree,40,1.0,-1.0
1,0.0,13.333333333333334,4,euclidean,ball_tree,40,2.0,-1.0
1,0.0,13.333333333333334,4,euclidean,ball_tree,50,,-1.0
1,0.0,13.333333333333334,4,euclidean,ball_tree,50,1.0,-1.0
1,0.0,13.333333333333334,4,euclidean,ball_tree,50,2.0,-1.0
1,0.0,13.333333333333334,4,euclidean,kd_tree,10,,-1.0
1,0.0,13.333333333333334,4,euclidean,kd_tree,10,1.0,-1.0
1,0.0,13.333333333333334,4,euclidean,kd_tree,10,2.0,-1.0
1,0.0,13.333333333333334,4,euclidean,kd_tree,20,,-1.0
1,0.0,13.333333333333334,4,euclidean,kd_tree,20,1.0,-1.0
1,0.0,13.333333333333334,4,euclidean,kd_tree,20,2.0,-1.0
1,0.0,13.333333333333334,4,euclidean,kd_tree,30,,-1.0
1,0.0,13.333333333333334,4,euclidean,kd_tree,30,1.0,-1.0
1,0.0,13.333333333333334,4,euclidean,kd_tree,30,2.0,-1.0
1,0.0,13.333333333333334,4,euclidean,kd_tree,40,,-1.0
1,0.0,13.333333333333334,4,euclidean,kd_tree,40,1.0,-1.0
1,0.0,13.333333333333334,4,euclidean,kd_tree,40,2.0,-1.0
1,0.0,13.333333333333334,4,euclidean,kd_tree,50,,-1.0
1,0.0,13.333333333333334,4,euclidean,kd_tree,50,1.0,-1.0
1,0.0,13.333333333333334,4,euclidean,kd_tree,50,2.0,-1.0
1,0.0,13.333333333333334,4,euclidean,brute,10,,-1.0
1,0.0,13.333333333333334,4,euclidean,brute,10,1.0,-1.0
1,0.0,13.333333333333334,4,euclidean,brute,10,2.0,-1.0
1,0.0,13.333333333333334,4,euclidean,brute,20,,-1.0
1,0.0,13.333333333333334,4,euclidean,brute,20,1.0,-1.0
1,0.0,13.333333333333334,4,euclidean,brute,20,2.0,-1.0
1,0.0,13.333333333333334,4,euclidean,brute,30,,-1.0
1,0.0,13.333333333333334,4,euclidean,brute,30,1.0,-1.0
1,0.0,13.333333333333334,4,euclidean,brute,30,2.0,-1.0
1,0.0,13.333333333333334,4,euclidean,brute,40,,-1.0
1,0.0,13.333333333333334,4,euclidean,brute,40,1.0,-1.0
1,0.0,13.333333333333334,4,euclidean,brute,40,2.0,-1.0
1,0.0,13.333333333333334,4,euclidean,brute,50,,-1.0
1,0.0,13.333333333333334,4,euclidean,brute,50,1.0,-1.0
1,0.0,13.333333333333334,4,euclidean,brute,50,2.0,-1.0
1,0.008,13.333333333333334,4,manhattan,auto,10,,0.24677103192040079
1,0.008,13.333333333333334,4,manhattan,auto,10,1.0,0.24677103192040079
1,0.008,13.333333333333334,4,manhattan,auto,10,2.0,0.24677103192040079
1,0.008,13.333333333333334,4,manhattan,auto,20,,0.24677103192040079
1,0.008,13.333333333333334,4,manhattan,auto,20,1.0,0.24677103192040079
1,0.008,13.333333333333334,4,manhattan,auto,20,2.0,0.24677103192040079
1,0.008,13.333333333333334,4,manhattan,auto,30,,0.24677103192040079
1,0.008,13.333333333333334,4,manhattan,auto,30,1.0,0.24677103192040079
1,0.008,13.333333333333334,4,manhattan,auto,30,2.0,0.24677103192040079
1,0.008,13.333333333333334,4,manhattan,auto,40,,0.24677103192040079
1,0.008,13.333333333333334,4,manhattan,auto,40,1.0,0.24677103192040079
1,0.008,13.333333333333334,4,manhattan,auto,40,2.0,0.24677103192040079
1,0.008,13.333333333333334,4,manhattan,auto,50,,0.24677103192040079
1,0.008,13.333333333333334,4,manhattan,auto,50,1.0,0.24677103192040079
1,0.008,13.333333333333334,4,manhattan,auto,50,2.0,0.24677103192040079
1,0.008,13.333333333333334,4,manhattan,ball_tree,10,,0.24677103192040079
1,0.008,13.333333333333334,4,manhattan,ball_tree,10,1.0,0.24677103192040079
1,0.008,13.333333333333334,4,manhattan,ball_tree,10,2.0,0.24677103192040079
1,0.008,13.333333333333334,4,manhattan,ball_tree,20,,0.24677103192040079
1,0.008,13.333333333333334,4,manhattan,ball_tree,20,1.0,0.24677103192040079
1,0.008,13.333333333333334,4,manhattan,ball_tree,20,2.0,0.24677103192040079
1,0.008,13.333333333333334,4,manhattan,ball_tree,30,,0.24677103192040079
1,0.008,13.333333333333334,4,manhattan,ball_tree,30,1.0,0.24677103192040079
1,0.008,13.333333333333334,4,manhattan,ball_tree,30,2.0,0.24677103192040079
1,0.008,13.333333333333334,4,manhattan,ball_tree,40,,0.24677103192040079
1,0.008,13.333333333333334,4,manhattan,ball_tree,40,1.0,0.24677103192040079
1,0.008,13.333333333333334,4,manhattan,ball_tree,40,2.0,0.24677103192040079
1,0.008,13.333333333333334,4,manhattan,ball_tree,50,,0.24677103192040079
1,0.008,13.333333333333334,4,manhattan,ball_tree,50,1.0,0.24677103192040079
1,0.008,13.333333333333334,4,manhattan,ball_tree,50,2.0,0.24677103192040079
1,0.008,13.333333333333334,4,manhattan,kd_tree,10,,0.24677103192040079
1,0.008,13.333333333333334,4,manhattan,kd_tree,10,1.0,0.24677103192040079
1,0.008,13.333333333333334,4,manhattan,kd_tree,10,2.0,0.24677103192040079
1,0.008,13.333333333333334,4,manhattan,kd_tree,20,,0.24677103192040079
1,0.008,13.333333333333334,4,manhattan,kd_tree,20,1.0,0.24677103192040079
1,0.008,13.333333333333334,4,manhattan,kd_tree,20,2.0,0.24677103192040079
1,0.008,13.333333333333334,4,manhattan,kd_tree,30,,0.24677103192040079
1,0.008,13.333333333333334,4,manhattan,kd_tree,30,1.0,0.24677103192040079
1,0.008,13.333333333333334,4,manhattan,kd_tree,30,2.0,0.24677103192040079
1,0.008,13.333333333333334,4,manhattan,kd_tree,40,,0.24677103192040079
1,0.008,13.333333333333334,4,manhattan,kd_tree,40,1.0,0.24677103192040079
1,0.008,13.333333333333334,4,manhattan,kd_tree,40,2.0,0.24677103192040079
1,0.008,13.333333333333334,4,manhattan,kd_tree,50,,0.24677103192040079
1,0.008,13.333333333333334,4,manhattan,kd_tree,50,1.0,0.24677103192040079
1,0.008,13.333333333333334,4,manhattan,kd_tree,50,2.0,0.24677103192040079
1,0.008,13.333333333333334,4,manhattan,brute,10,,0.24677103192040079
1,0.008,13.333333333333334,4,manhattan,brute,10,1.0,0.24677103192040079
1,0.008,13.333333333333334,4,manhattan,brute,10,2.0,0.24677103192040079
1,0.008,13.333333333333334,4,manhattan,brute,20,,0.24677103192040079
1,0.008,13.333333333333334,4,manhattan,brute,20,1.0,0.24677103192040079
1,0.008,13.333333333333334,4,manhattan,brute,20,2.0,0.24677103192040079
1,0.008,13.333333333333334,4,manhattan,brute,30,,0.24677103192040079
1,0.008,13.333333333333334,4,manhattan,brute,30,1.0,0.24677103192040079
1,0.008,13.333333333333334,4,manhattan,brute,30,2.0,0.24677103192040079
1,0.008,13.333333333333334,4,manhattan,brute,40,,0.24677103192040079
1,0.008,13.333333333333334,4,manhattan,brute,40,1.0,0.24677103192040079
1,0.008,13.333333333333334,4,manhattan,brute,40,2.0,0.24677103192040079
1,0.008,13.333333333333334,4,manhattan,brute,50,,0.24677103192040079
1,0.008,13.333333333333334,4,manhattan,brute,50,1.0,0.24677103192040079
1,0.008,13.333333333333334,4,manhattan,brute,50,2.0,0.24677103192040079
1,0.0,13.333333333333334,5,euclidean,auto,10,,-1.0
1,0.0,13.333333333333334,5,euclidean,auto,10,1.0,-1.0
1,0.0,13.333333333333334,5,euclidean,auto,10,2.0,-1.0
1,0.0,13.333333333333334,5,euclidean,auto,20,,-1.0
1,0.0,13.333333333333334,5,euclidean,auto,20,1.0,-1.0
1,0.0,13.333333333333334,5,euclidean,auto,20,2.0,-1.0
1,0.0,13.333333333333334,5,euclidean,auto,30,,-1.0
1,0.0,13.333333333333334,5,euclidean,auto,30,1.0,-1.0
1,0.0,13.333333333333334,5,euclidean,auto,30,2.0,-1.0
1,0.0,13.333333333333334,5,euclidean,auto,40,,-1.0
1,0.0,13.333333333333334,5,euclidean,auto,40,1.0,-1.0
1,0.0,13.333333333333334,5,euclidean,auto,40,2.0,-1.0
1,0.0,13.333333333333334,5,euclidean,auto,50,,-1.0
1,0.0,13.333333333333334,5,euclidean,auto,50,1.0,-1.0
1,0.0,13.333333333333334,5,euclidean,auto,50,2.0,-1.0
1,0.0,13.333333333333334,5,euclidean,ball_tree,10,,-1.0
1,0.0,13.333333333333334,5,euclidean,ball_tree,10,1.0,-1.0
1,0.0,13.333333333333334,5,euclidean,ball_tree,10,2.0,-1.0
1,0.0,13.333333333333334,5,euclidean,ball_tree,20,,-1.0
1,0.0,13.333333333333334,5,euclidean,ball_tree,20,1.0,-1.0
1,0.0,13.333333333333334,5,euclidean,ball_tree,20,2.0,-1.0
1,0.0,13.333333333333334,5,euclidean,ball_tree,30,,-1.0
1,0.0,13.333333333333334,5,euclidean,ball_tree,30,1.0,-1.0
1,0.0,13.333333333333334,5,euclidean,ball_tree,30,2.0,-1.0
1,0.0,13.333333333333334,5,euclidean,ball_tree,40,,-1.0
1,0.0,13.333333333333334,5,euclidean,ball_tree,40,1.0,-1.0
1,0.0,13.333333333333334,5,euclidean,ball_tree,40,2.0,-1.0
1,0.0,13.333333333333334,5,euclidean,ball_tree,50,,-1.0
1,0.0,13.333333333333334,5,euclidean,ball_tree,50,1.0,-1.0
1,0.0,13.333333333333334,5,euclidean,ball_tree,50,2.0,-1.0
1,0.0,13.333333333333334,5,euclidean,kd_tree,10,,-1.0
1,0.0,13.333333333333334,5,euclidean,kd_tree,10,1.0,-1.0
1,0.0,13.333333333333334,5,euclidean,kd_tree,10,2.0,-1.0
1,0.0,13.333333333333334,5,euclidean,kd_tree,20,,-1.0
1,0.0,13.333333333333334,5,euclidean,kd_tree,20,1.0,-1.0
1,0.0,13.333333333333334,5,euclidean,kd_tree,20,2.0,-1.0
1,0.0,13.333333333333334,5,euclidean,kd_tree,30,,-1.0
1,0.0,13.333333333333334,5,euclidean,kd_tree,30,1.0,-1.0
1,0.0,13.333333333333334,5,euclidean,kd_tree,30,2.0,-1.0
1,0.0,13.333333333333334,5,euclidean,kd_tree,40,,-1.0
1,0.0,13.333333333333334,5,euclidean,kd_tree,40,1.0,-1.0
1,0.0,13.333333333333334,5,euclidean,kd_tree,40,2.0,-1.0
1,0.0,13.333333333333334,5,euclidean,kd_tree,50,,-1.0
1,0.0,13.333333333333334,5,euclidean,kd_tree,50,1.0,-1.0
1,0.0,13.333333333333334,5,euclidean,kd_tree,50,2.0,-1.0
1,0.0,13.333333333333334,5,euclidean,brute,10,,-1.0
1,0.0,13.333333333333334,5,euclidean,brute,10,1.0,-1.0
1,0.0,13.333333333333334,5,euclidean,brute,10,2.0,-1.0
1,0.0,13.333333333333334,5,euclidean,brute,20,,-1.0
1,0.0,13.333333333333334,5,euclidean,brute,20,1.0,-1.0
1,0.0,13.333333333333334,5,euclidean,brute,20,2.0,-1.0
1,0.0,13.333333333333334,5,euclidean,brute,30,,-1.0
1,0.0,13.333333333333334,5,euclidean,brute,30,1.0,-1.0
1,0.0,13.333333333333334,5,euclidean,brute,30,2.0,-1.0
1,0.0,13.333333333333334,5,euclidean,brute,40,,-1.0
1,0.0,13.333333333333334,5,euclidean,brute,40,1.0,-1.0
1,0.0,13.333333333333334,5,euclidean,brute,40,2.0,-1.0
1,0.0,13.333333333333334,5,euclidean,brute,50,,-1.0
1,0.0,13.333333333333334,5,euclidean,brute,50,1.0,-1.0
1,0.0,13.333333333333334,5,euclidean,brute,50,2.0,-1.0
1,0.009,13.333333333333334,5,manhattan,auto,10,,0.24507190925049152
1,0.009,13.333333333333334,5,manhattan,auto,10,1.0,0.24507190925049152
1,0.009,13.333333333333334,5,manhattan,auto,10,2.0,0.24507190925049152
1,0.009,13.333333333333334,5,manhattan,auto,20,,0.24507190925049152
1,0.009,13.333333333333334,5,manhattan,auto,20,1.0,0.24507190925049152
1,0.009,13.333333333333334,5,manhattan,auto,20,2.0,0.24507190925049152
1,0.009,13.333333333333334,5,manhattan,auto,30,,0.24507190925049152
1,0.009,13.333333333333334,5,manhattan,auto,30,1.0,0.24507190925049152
1,0.009,13.333333333333334,5,manhattan,auto,30,2.0,0.24507190925049152
1,0.009,13.333333333333334,5,manhattan,auto,40,,0.24507190925049152
1,0.009,13.333333333333334,5,manhattan,auto,40,1.0,0.24507190925049152
1,0.009,13.333333333333334,5,manhattan,auto,40,2.0,0.24507190925049152
1,0.009,13.333333333333334,5,manhattan,auto,50,,0.24507190925049152
1,0.009,13.333333333333334,5,manhattan,auto,50,1.0,0.24507190925049152
1,0.009,13.333333333333334,5,manhattan,auto,50,2.0,0.24507190925049152
1,0.009,13.333333333333334,5,manhattan,ball_tree,10,,0.24507190925049152
1,0.009,13.333333333333334,5,manhattan,ball_tree,10,1.0,0.24507190925049152
1,0.009,13.333333333333334,5,manhattan,ball_tree,10,2.0,0.24507190925049152
1,0.009,13.333333333333334,5,manhattan,ball_tree,20,,0.24507190925049152
1,0.009,13.333333333333334,5,manhattan,ball_tree,20,1.0,0.24507190925049152
1,0.009,13.333333333333334,5,manhattan,ball_tree,20,2.0,0.24507190925049152
1,0.009,13.333333333333334,5,manhattan,ball_tree,30,,0.24507190925049152
1,0.009,13.333333333333334,5,manhattan,ball_tree,30,1.0,0.24507190925049152
1,0.009,13.333333333333334,5,manhattan,ball_tree,30,2.0,0.24507190925049152
1,0.009,13.333333333333334,5,manhattan,ball_tree,40,,0.24507190925049152
1,0.009,13.333333333333334,5,manhattan,ball_tree,40,1.0,0.24507190925049152
1,0.009,13.333333333333334,5,manhattan,ball_tree,40,2.0,0.24507190925049152
1,0.009,13.333333333333334,5,manhattan,ball_tree,50,,0.24507190925049152
1,0.009,13.333333333333334,5,manhattan,ball_tree,50,1.0,0.24507190925049152
1,0.009,13.333333333333334,5,manhattan,ball_tree,50,2.0,0.24507190925049152
1,0.009,13.333333333333334,5,manhattan,kd_tree,10,,0.24507190925049152
1,0.009,13.333333333333334,5,manhattan,kd_tree,10,1.0,0.24507190925049152
1,0.009,13.333333333333334,5,manhattan,kd_tree,10,2.0,0.24507190925049152
1,0.009,13.333333333333334,5,manhattan,kd_tree,20,,0.24507190925049152
1,0.009,13.333333333333334,5,manhattan,kd_tree,20,1.0,0.24507190925049152
1,0.009,13.333333333333334,5,manhattan,kd_tree,20,2.0,0.24507190925049152
1,0.009,13.333333333333334,5,manhattan,kd_tree,30,,0.24507190925049152
1,0.009,13.333333333333334,5,manhattan,kd_tree,30,1.0,0.24507190925049152
1,0.009,13.333333333333334,5,manhattan,kd_tree,30,2.0,0.24507190925049152
1,0.009,13.333333333333334,5,manhattan,kd_tree,40,,0.24507190925049152
1,0.009,13.333333333333334,5,manhattan,kd_tree,40,1.0,0.24507190925049152
1,0.009,13.333333333333334,5,manhattan,kd_tree,40,2.0,0.24507190925049152
1,0.009,13.333333333333334,5,manhattan,kd_tree,50,,0.24507190925049152
1,0.009,13.333333333333334,5,manhattan,kd_tree,50,1.0,0.24507190925049152
1,0.009,13.333333333333334,5,manhattan,kd_tree,50,2.0,0.24507190925049152
1,0.009,13.333333333333334,5,manhattan,brute,10,,0.24507190925049152
1,0.009,13.333333333333334,5,manhattan,brute,10,1.0,0.24507190925049152
1,0.009,13.333333333333334,5,manhattan,brute,10,2.0,0.24507190925049152
1,0.009,13.333333333333334,5,manhattan,brute,20,,0.24507190925049152
1,0.009,13.333333333333334,5,manhattan,brute,20,1.0,0.24507190925049152
1,0.009,13.333333333333334,5,manhattan,brute,20,2.0,0.24507190925049152
1,0.009,13.333333333333334,5,manhattan,brute,30,,0.24507190925049152
1,0.009,13.333333333333334,5,manhattan,brute,30,1.0,0.24507190925049152
1,0.009,13.333333333333334,5,manhattan,brute,30,2.0,0.24507190925049152
1,0.009,13.333333333333334,5,manhattan,brute,40,,0.24507190925049152
1,0.009,13.333333333333334,5,manhattan,brute,40,1.0,0.24507190925049152
1,0.009,13.333333333333334,5,manhattan,brute,40,2.0,0.24507190925049152
1,0.009,13.333333333333334,5,manhattan,brute,50,,0.24507190925049152
1,0.009,13.333333333333334,5,manhattan,brute,50,1.0,0.24507190925049152
1,0.009,13.333333333333334,5,manhattan,brute,50,2.0,0.24507190925049152
1,0.0,13.333333333333334,6,euclidean,auto,10,,-1.0
1,0.0,13.333333333333334,6,euclidean,auto,10,1.0,-1.0
1,0.0,13.333333333333334,6,euclidean,auto,10,2.0,-1.0
1,0.0,13.333333333333334,6,euclidean,auto,20,,-1.0
1,0.0,13.333333333333334,6,euclidean,auto,20,1.0,-1.0
1,0.0,13.333333333333334,6,euclidean,auto,20,2.0,-1.0
1,0.0,13.333333333333334,6,euclidean,auto,30,,-1.0
1,0.0,13.333333333333334,6,euclidean,auto,30,1.0,-1.0
1,0.0,13.333333333333334,6,euclidean,auto,30,2.0,-1.0
1,0.0,13.333333333333334,6,euclidean,auto,40,,-1.0
1,0.0,13.333333333333334,6,euclidean,auto,40,1.0,-1.0
1,0.0,13.333333333333334,6,euclidean,auto,40,2.0,-1.0
1,0.0,13.333333333333334,6,euclidean,auto,50,,-1.0
1,0.0,13.333333333333334,6,euclidean,auto,50,1.0,-1.0
1,0.0,13.333333333333334,6,euclidean,auto,50,2.0,-1.0
1,0.0,13.333333333333334,6,euclidean,ball_tree,10,,-1.0
1,0.0,13.333333333333334,6,euclidean,ball_tree,10,1.0,-1.0
1,0.0,13.333333333333334,6,euclidean,ball_tree,10,2.0,-1.0
1,0.0,13.333333333333334,6,euclidean,ball_tree,20,,-1.0
1,0.0,13.333333333333334,6,euclidean,ball_tree,20,1.0,-1.0
1,0.0,13.333333333333334,6,euclidean,ball_tree,20,2.0,-1.0
1,0.0,13.333333333333334,6,euclidean,ball_tree,30,,-1.0
1,0.0,13.333333333333334,6,euclidean,ball_tree,30,1.0,-1.0
1,0.0,13.333333333333334,6,euclidean,ball_tree,30,2.0,-1.0
1,0.0,13.333333333333334,6,euclidean,ball_tree,40,,-1.0
1,0.0,13.333333333333334,6,euclidean,ball_tree,40,1.0,-1.0
1,0.0,13.333333333333334,6,euclidean,ball_tree,40,2.0,-1.0
1,0.0,13.333333333333334,6,euclidean,ball_tree,50,,-1.0
1,0.0,13.333333333333334,6,euclidean,ball_tree,50,1.0,-1.0
1,0.0,13.333333333333334,6,euclidean,ball_tree,50,2.0,-1.0
1,0.0,13.333333333333334,6,euclidean,kd_tree,10,,-1.0
1,0.0,13.333333333333334,6,euclidean,kd_tree,10,1.0,-1.0
1,0.0,13.333333333333334,6,euclidean,kd_tree,10,2.0,-1.0
1,0.0,13.333333333333334,6,euclidean,kd_tree,20,,-1.0
1,0.0,13.333333333333334,6,euclidean,kd_tree,20,1.0,-1.0
1,0.0,13.333333333333334,6,euclidean,kd_tree,20,2.0,-1.0
1,0.0,13.333333333333334,6,euclidean,kd_tree,30,,-1.0
1,0.0,13.333333333333334,6,euclidean,kd_tree,30,1.0,-1.0
1,0.0,13.333333333333334,6,euclidean,kd_tree,30,2.0,-1.0
1,0.0,13.333333333333334,6,euclidean,kd_tree,40,,-1.0
1,0.0,13.333333333333334,6,euclidean,kd_tree,40,1.0,-1.0
1,0.0,13.333333333333334,6,euclidean,kd_tree,40,2.0,-1.0
1,0.0,13.333333333333334,6,euclidean,kd_tree,50,,-1.0
1,0.0,13.333333333333334,6,euclidean,kd_tree,50,1.0,-1.0
1,0.0,13.333333333333334,6,euclidean,kd_tree,50,2.0,-1.0
1,0.0,13.333333333333334,6,euclidean,brute,10,,-1.0
1,0.0,13.333333333333334,6,euclidean,brute,10,1.0,-1.0
1,0.0,13.333333333333334,6,euclidean,brute,10,2.0,-1.0
1,0.0,13.333333333333334,6,euclidean,brute,20,,-1.0
1,0.0,13.333333333333334,6,euclidean,brute,20,1.0,-1.0
1,0.0,13.333333333333334,6,euclidean,brute,20,2.0,-1.0
1,0.0,13.333333333333334,6,euclidean,brute,30,,-1.0
1,0.0,13.333333333333334,6,euclidean,brute,30,1.0,-1.0
1,0.0,13.333333333333334,6,euclidean,brute,30,2.0,-1.0
1,0.0,13.333333333333334,6,euclidean,brute,40,,-1.0
1,0.0,13.333333333333334,6,euclidean,brute,40,1.0,-1.0
1,0.0,13.333333333333334,6,euclidean,brute,40,2.0,-1.0
1,0.0,13.333333333333334,6,euclidean,brute,50,,-1.0
1,0.0,13.333333333333334,6,euclidean,brute,50,1.0,-1.0
1,0.0,13.333333333333334,6,euclidean,brute,50,2.0,-1.0
1,0.009,13.333333333333334,6,manhattan,auto,10,,0.24507190925049152
1,0.009,13.333333333333334,6,manhattan,auto,10,1.0,0.24507190925049152
1,0.009,13.333333333333334,6,manhattan,auto,10,2.0,0.24507190925049152
1,0.009,13.333333333333334,6,manhattan,auto,20,,0.24507190925049152
1,0.009,13.333333333333334,6,manhattan,auto,20,1.0,0.24507190925049152
1,0.009,13.333333333333334,6,manhattan,auto,20,2.0,0.24507190925049152
1,0.009,13.333333333333334,6,manhattan,auto,30,,0.24507190925049152
1,0.009,13.333333333333334,6,manhattan,auto,30,1.0,0.24507190925049152
1,0.009,13.333333333333334,6,manhattan,auto,30,2.0,0.24507190925049152
1,0.009,13.333333333333334,6,manhattan,auto,40,,0.24507190925049152
1,0.009,13.333333333333334,6,manhattan,auto,40,1.0,0.24507190925049152
1,0.009,13.333333333333334,6,manhattan,auto,40,2.0,0.24507190925049152
1,0.009,13.333333333333334,6,manhattan,auto,50,,0.24507190925049152
1,0.009,13.333333333333334,6,manhattan,auto,50,1.0,0.24507190925049152
1,0.009,13.333333333333334,6,manhattan,auto,50,2.0,0.24507190925049152
1,0.009,13.333333333333334,6,manhattan,ball_tree,10,,0.24507190925049152
1,0.009,13.333333333333334,6,manhattan,ball_tree,10,1.0,0.24507190925049152
1,0.009,13.333333333333334,6,manhattan,ball_tree,10,2.0,0.24507190925049152
1,0.009,13.333333333333334,6,manhattan,ball_tree,20,,0.24507190925049152
1,0.009,13.333333333333334,6,manhattan,ball_tree,20,1.0,0.24507190925049152
1,0.009,13.333333333333334,6,manhattan,ball_tree,20,2.0,0.24507190925049152
1,0.009,13.333333333333334,6,manhattan,ball_tree,30,,0.24507190925049152
1,0.009,13.333333333333334,6,manhattan,ball_tree,30,1.0,0.24507190925049152
1,0.009,13.333333333333334,6,manhattan,ball_tree,30,2.0,0.24507190925049152
1,0.009,13.333333333333334,6,manhattan,ball_tree,40,,0.24507190925049152
1,0.009,13.333333333333334,6,manhattan,ball_tree,40,1.0,0.24507190925049152
1,0.009,13.333333333333334,6,manhattan,ball_tree,40,2.0,0.24507190925049152
1,0.009,13.333333333333334,6,manhattan,ball_tree,50,,0.24507190925049152
1,0.009,13.333333333333334,6,manhattan,ball_tree,50,1.0,0.24507190925049152
1,0.009,13.333333333333334,6,manhattan,ball_tree,50,2.0,0.24507190925049152
1,0.009,13.333333333333334,6,manhattan,kd_tree,10,,0.24507190925049152
1,0.009,13.333333333333334,6,manhattan,kd_tree,10,1.0,0.24507190925049152
1,0.009,13.333333333333334,6,manhattan,kd_tree,10,2.0,0.24507190925049152
1,0.009,13.333333333333334,6,manhattan,kd_tree,20,,0.24507190925049152
1,0.009,13.333333333333334,6,manhattan,kd_tree,20,1.0,0.24507190925049152
1,0.009,13.333333333333334,6,manhattan,kd_tree,20,2.0,0.24507190925049152
1,0.009,13.333333333333334,6,manhattan,kd_tree,30,,0.24507190925049152
1,0.009,13.333333333333334,6,manhattan,kd_tree,30,1.0,0.24507190925049152
1,0.009,13.333333333333334,6,manhattan,kd_tree,30,2.0,0.24507190925049152
1,0.009,13.333333333333334,6,manhattan,kd_tree,40,,0.24507190925049152
1,0.009,13.333333333333334,6,manhattan,kd_tree,40,1.0,0.24507190925049152
1,0.009,13.333333333333334,6,manhattan,kd_tree,40,2.0,0.24507190925049152
1,0.009,13.333333333333334,6,manhattan,kd_tree,50,,0.24507190925049152
1,0.009,13.333333333333334,6,manhattan,kd_tree,50,1.0,0.24507190925049152
1,0.009,13.333333333333334,6,manhattan,kd_tree,50,2.0,0.24507190925049152
1,0.009,13.333333333333334,6,manhattan,brute,10,,0.24507190925049152
1,0.009,13.333333333333334,6,manhattan,brute,10,1.0,0.24507190925049152
1,0.009,13.333333333333334,6,manhattan,brute,10,2.0,0.24507190925049152
1,0.009,13.333333333333334,6,manhattan,brute,20,,0.24507190925049152
1,0.009,13.333333333333334,6,manhattan,brute,20,1.0,0.24507190925049152
1,0.009,13.333333333333334,6,manhattan,brute,20,2.0,0.24507190925049152
1,0.009,13.333333333333334,6,manhattan,brute,30,,0.24507190925049152
1,0.009,13.333333333333334,6,manhattan,brute,30,1.0,0.24507190925049152
1,0.009,13.333333333333334,6,manhattan,brute,30,2.0,0.24507190925049152
1,0.009,13.333333333333334,6,manhattan,brute,40,,0.24507190925049152
1,0.009,13.333333333333334,6,manhattan,brute,40,1.0,0.24507190925049152
1,0.009,13.333333333333334,6,manhattan,brute,40,2.0,0.24507190925049152
1,0.009,13.333333333333334,6,manhattan,brute,50,,0.24507190925049152
1,0.009,13.333333333333334,6,manhattan,brute,50,1.0,0.24507190925049152
1,0.009,13.333333333333334,6,manhattan,brute,50,2.0,0.24507190925049152
1,0.0,13.333333333333334,7,euclidean,auto,10,,-1.0
1,0.0,13.333333333333334,7,euclidean,auto,10,1.0,-1.0
1,0.0,13.333333333333334,7,euclidean,auto,10,2.0,-1.0
1,0.0,13.333333333333334,7,euclidean,auto,20,,-1.0
1,0.0,13.333333333333334,7,euclidean,auto,20,1.0,-1.0
1,0.0,13.333333333333334,7,euclidean,auto,20,2.0,-1.0
1,0.0,13.333333333333334,7,euclidean,auto,30,,-1.0
1,0.0,13.333333333333334,7,euclidean,auto,30,1.0,-1.0
1,0.0,13.333333333333334,7,euclidean,auto,30,2.0,-1.0
1,0.0,13.333333333333334,7,euclidean,auto,40,,-1.0
1,0.0,13.333333333333334,7,euclidean,auto,40,1.0,-1.0
1,0.0,13.333333333333334,7,euclidean,auto,40,2.0,-1.0
1,0.0,13.333333333333334,7,euclidean,auto,50,,-1.0
1,0.0,13.333333333333334,7,euclidean,auto,50,1.0,-1.0
1,0.0,13.333333333333334,7,euclidean,auto,50,2.0,-1.0
1,0.0,13.333333333333334,7,euclidean,ball_tree,10,,-1.0
1,0.0,13.333333333333334,7,euclidean,ball_tree,10,1.0,-1.0
1,0.0,13.333333333333334,7,euclidean,ball_tree,10,2.0,-1.0
1,0.0,13.333333333333334,7,euclidean,ball_tree,20,,-1.0
1,0.0,13.333333333333334,7,euclidean,ball_tree,20,1.0,-1.0
1,0.0,13.333333333333334,7,euclidean,ball_tree,20,2.0,-1.0
1,0.0,13.333333333333334,7,euclidean,ball_tree,30,,-1.0
1,0.0,13.333333333333334,7,euclidean,ball_tree,30,1.0,-1.0
1,0.0,13.333333333333334,7,euclidean,ball_tree,30,2.0,-1.0
1,0.0,13.333333333333334,7,euclidean,ball_tree,40,,-1.0
1,0.0,13.333333333333334,7,euclidean,ball_tree,40,1.0,-1.0
1,0.0,13.333333333333334,7,euclidean,ball_tree,40,2.0,-1.0
1,0.0,13.333333333333334,7,euclidean,ball_tree,50,,-1.0
1,0.0,13.333333333333334,7,euclidean,ball_tree,50,1.0,-1.0
1,0.0,13.333333333333334,7,euclidean,ball_tree,50,2.0,-1.0
1,0.0,13.333333333333334,7,euclidean,kd_tree,10,,-1.0
1,0.0,13.333333333333334,7,euclidean,kd_tree,10,1.0,-1.0
1,0.0,13.333333333333334,7,euclidean,kd_tree,10,2.0,-1.0
1,0.0,13.333333333333334,7,euclidean,kd_tree,20,,-1.0
1,0.0,13.333333333333334,7,euclidean,kd_tree,20,1.0,-1.0
1,0.0,13.333333333333334,7,euclidean,kd_tree,20,2.0,-1.0
1,0.0,13.333333333333334,7,euclidean,kd_tree,30,,-1.0
1,0.0,13.333333333333334,7,euclidean,kd_tree,30,1.0,-1.0
1,0.0,13.333333333333334,7,euclidean,kd_tree,30,2.0,-1.0
1,0.0,13.333333333333334,7,euclidean,kd_tree,40,,-1.0
1,0.0,13.333333333333334,7,euclidean,kd_tree,40,1.0,-1.0
1,0.0,13.333333333333334,7,euclidean,kd_tree,40,2.0,-1.0
1,0.0,13.333333333333334,7,euclidean,kd_tree,50,,-1.0
1,0.0,13.333333333333334,7,euclidean,kd_tree,50,1.0,-1.0
1,0.0,13.333333333333334,7,euclidean,kd_tree,50,2.0,-1.0
1,0.0,13.333333333333334,7,euclidean,brute,10,,-1.0
1,0.0,13.333333333333334,7,euclidean,brute,10,1.0,-1.0
1,0.0,13.333333333333334,7,euclidean,brute,10,2.0,-1.0
1,0.0,13.333333333333334,7,euclidean,brute,20,,-1.0
1,0.0,13.333333333333334,7,euclidean,brute,20,1.0,-1.0
1,0.0,13.333333333333334,7,euclidean,brute,20,2.0,-1.0
1,0.0,13.333333333333334,7,euclidean,brute,30,,-1.0
1,0.0,13.333333333333334,7,euclidean,brute,30,1.0,-1.0
1,0.0,13.333333333333334,7,euclidean,brute,30,2.0,-1.0
1,0.0,13.333333333333334,7,euclidean,brute,40,,-1.0
1,0.0,13.333333333333334,7,euclidean,brute,40,1.0,-1.0
1,0.0,13.333333333333334,7,euclidean,brute,40,2.0,-1.0
1,0.0,13.333333333333334,7,euclidean,brute,50,,-1.0
1,0.0,13.333333333333334,7,euclidean,brute,50,1.0,-1.0
1,0.0,13.333333333333334,7,euclidean,brute,50,2.0,-1.0
1,0.009,13.333333333333334,7,manhattan,auto,10,,0.24507190925049152
1,0.009,13.333333333333334,7,manhattan,auto,10,1.0,0.24507190925049152
1,0.009,13.333333333333334,7,manhattan,auto,10,2.0,0.24507190925049152
1,0.009,13.333333333333334,7,manhattan,auto,20,,0.24507190925049152
1,0.009,13.333333333333334,7,manhattan,auto,20,1.0,0.24507190925049152
1,0.009,13.333333333333334,7,manhattan,auto,20,2.0,0.24507190925049152
1,0.009,13.333333333333334,7,manhattan,auto,30,,0.24507190925049152
1,0.009,13.333333333333334,7,manhattan,auto,30,1.0,0.24507190925049152
1,0.009,13.333333333333334,7,manhattan,auto,30,2.0,0.24507190925049152
1,0.009,13.333333333333334,7,manhattan,auto,40,,0.24507190925049152
1,0.009,13.333333333333334,7,manhattan,auto,40,1.0,0.24507190925049152
1,0.009,13.333333333333334,7,manhattan,auto,40,2.0,0.24507190925049152
1,0.009,13.333333333333334,7,manhattan,auto,50,,0.24507190925049152
1,0.009,13.333333333333334,7,manhattan,auto,50,1.0,0.24507190925049152
1,0.009,13.333333333333334,7,manhattan,auto,50,2.0,0.24507190925049152
1,0.009,13.333333333333334,7,manhattan,ball_tree,10,,0.24507190925049152
1,0.009,13.333333333333334,7,manhattan,ball_tree,10,1.0,0.24507190925049152
1,0.009,13.333333333333334,7,manhattan,ball_tree,10,2.0,0.24507190925049152
1,0.009,13.333333333333334,7,manhattan,ball_tree,20,,0.24507190925049152
1,0.009,13.333333333333334,7,manhattan,ball_tree,20,1.0,0.24507190925049152
1,0.009,13.333333333333334,7,manhattan,ball_tree,20,2.0,0.24507190925049152
1,0.009,13.333333333333334,7,manhattan,ball_tree,30,,0.24507190925049152
1,0.009,13.333333333333334,7,manhattan,ball_tree,30,1.0,0.24507190925049152
1,0.009,13.333333333333334,7,manhattan,ball_tree,30,2.0,0.24507190925049152
1,0.009,13.333333333333334,7,manhattan,ball_tree,40,,0.24507190925049152
1,0.009,13.333333333333334,7,manhattan,ball_tree,40,1.0,0.24507190925049152
1,0.009,13.333333333333334,7,manhattan,ball_tree,40,2.0,0.24507190925049152
1,0.009,13.333333333333334,7,manhattan,ball_tree,50,,0.24507190925049152
1,0.009,13.333333333333334,7,manhattan,ball_tree,50,1.0,0.24507190925049152
1,0.009,13.333333333333334,7,manhattan,ball_tree,50,2.0,0.24507190925049152
1,0.009,13.333333333333334,7,manhattan,kd_tree,10,,0.24507190925049152
1,0.009,13.333333333333334,7,manhattan,kd_tree,10,1.0,0.24507190925049152
1,0.009,13.333333333333334,7,manhattan,kd_tree,10,2.0,0.24507190925049152
1,0.009,13.333333333333334,7,manhattan,kd_tree,20,,0.24507190925049152
1,0.009,13.333333333333334,7,manhattan,kd_tree,20,1.0,0.24507190925049152
1,0.009,13.333333333333334,7,manhattan,kd_tree,20,2.0,0.24507190925049152
1,0.009,13.333333333333334,7,manhattan,kd_tree,30,,0.24507190925049152
1,0.009,13.333333333333334,7,manhattan,kd_tree,30,1.0,0.24507190925049152
1,0.009,13.333333333333334,7,manhattan,kd_tree,30,2.0,0.24507190925049152
1,0.009,13.333333333333334,7,manhattan,kd_tree,40,,0.24507190925049152
1,0.009,13.333333333333334,7,manhattan,kd_tree,40,1.0,0.24507190925049152
1,0.009,13.333333333333334,7,manhattan,kd_tree,40,2.0,0.24507190925049152
1,0.009,13.333333333333334,7,manhattan,kd_tree,50,,0.24507190925049152
1,0.009,13.333333333333334,7,manhattan,kd_tree,50,1.0,0.24507190925049152
1,0.009,13.333333333333334,7,manhattan,kd_tree,50,2.0,0.24507190925049152
1,0.009,13.333333333333334,7,manhattan,brute,10,,0.24507190925049152
1,0.009,13.333333333333334,7,manhattan,brute,10,1.0,0.24507190925049152
1,0.009,13.333333333333334,7,manhattan,brute,10,2.0,0.24507190925049152
1,0.009,13.333333333333334,7,manhattan,brute,20,,0.24507190925049152
1,0.009,13.333333333333334,7,manhattan,brute,20,1.0,0.24507190925049152
1,0.009,13.333333333333334,7,manhattan,brute,20,2.0,0.24507190925049152
1,0.009,13.333333333333334,7,manhattan,brute,30,,0.24507190925049152
1,0.009,13.333333333333334,7,manhattan,brute,30,1.0,0.24507190925049152
1,0.009,13.333333333333334,7,manhattan,brute,30,2.0,0.24507190925049152
1,0.009,13.333333333333334,7,manhattan,brute,40,,0.24507190925049152
1,0.009,13.333333333333334,7,manhattan,brute,40,1.0,0.24507190925049152
1,0.009,13.333333333333334,7,manhattan,brute,40,2.0,0.24507190925049152
1,0.009,13.333333333333334,7,manhattan,brute,50,,0.24507190925049152
1,0.009,13.333333333333334,7,manhattan,brute,50,1.0,0.24507190925049152
1,0.009,13.333333333333334,7,manhattan,brute,50,2.0,0.24507190925049152
1,0.0,13.333333333333334,8,euclidean,auto,10,,-1.0
1,0.0,13.333333333333334,8,euclidean,auto,10,1.0,-1.0
1,0.0,13.333333333333334,8,euclidean,auto,10,2.0,-1.0
1,0.0,13.333333333333334,8,euclidean,auto,20,,-1.0
1,0.0,13.333333333333334,8,euclidean,auto,20,1.0,-1.0
1,0.0,13.333333333333334,8,euclidean,auto,20,2.0,-1.0
1,0.0,13.333333333333334,8,euclidean,auto,30,,-1.0
1,0.0,13.333333333333334,8,euclidean,auto,30,1.0,-1.0
1,0.0,13.333333333333334,8,euclidean,auto,30,2.0,-1.0
1,0.0,13.333333333333334,8,euclidean,auto,40,,-1.0
1,0.0,13.333333333333334,8,euclidean,auto,40,1.0,-1.0
1,0.0,13.333333333333334,8,euclidean,auto,40,2.0,-1.0
1,0.0,13.333333333333334,8,euclidean,auto,50,,-1.0
1,0.0,13.333333333333334,8,euclidean,auto,50,1.0,-1.0
1,0.0,13.333333333333334,8,euclidean,auto,50,2.0,-1.0
1,0.0,13.333333333333334,8,euclidean,ball_tree,10,,-1.0
1,0.0,13.333333333333334,8,euclidean,ball_tree,10,1.0,-1.0
1,0.0,13.333333333333334,8,euclidean,ball_tree,10,2.0,-1.0
1,0.0,13.333333333333334,8,euclidean,ball_tree,20,,-1.0
1,0.0,13.333333333333334,8,euclidean,ball_tree,20,1.0,-1.0
1,0.0,13.333333333333334,8,euclidean,ball_tree,20,2.0,-1.0
1,0.0,13.333333333333334,8,euclidean,ball_tree,30,,-1.0
1,0.0,13.333333333333334,8,euclidean,ball_tree,30,1.0,-1.0
1,0.0,13.333333333333334,8,euclidean,ball_tree,30,2.0,-1.0
1,0.0,13.333333333333334,8,euclidean,ball_tree,40,,-1.0
1,0.0,13.333333333333334,8,euclidean,ball_tree,40,1.0,-1.0
1,0.0,13.333333333333334,8,euclidean,ball_tree,40,2.0,-1.0
1,0.0,13.333333333333334,8,euclidean,ball_tree,50,,-1.0
1,0.0,13.333333333333334,8,euclidean,ball_tree,50,1.0,-1.0
1,0.0,13.333333333333334,8,euclidean,ball_tree,50,2.0,-1.0
1,0.0,13.333333333333334,8,euclidean,kd_tree,10,,-1.0
1,0.0,13.333333333333334,8,euclidean,kd_tree,10,1.0,-1.0
1,0.0,13.333333333333334,8,euclidean,kd_tree,10,2.0,-1.0
1,0.0,13.333333333333334,8,euclidean,kd_tree,20,,-1.0
1,0.0,13.333333333333334,8,euclidean,kd_tree,20,1.0,-1.0
1,0.0,13.333333333333334,8,euclidean,kd_tree,20,2.0,-1.0
1,0.0,13.333333333333334,8,euclidean,kd_tree,30,,-1.0
1,0.0,13.333333333333334,8,euclidean,kd_tree,30,1.0,-1.0
1,0.0,13.333333333333334,8,euclidean,kd_tree,30,2.0,-1.0
1,0.0,13.333333333333334,8,euclidean,kd_tree,40,,-1.0
1,0.0,13.333333333333334,8,euclidean,kd_tree,40,1.0,-1.0
1,0.0,13.333333333333334,8,euclidean,kd_tree,40,2.0,-1.0
1,0.0,13.333333333333334,8,euclidean,kd_tree,50,,-1.0
1,0.0,13.333333333333334,8,euclidean,kd_tree,50,1.0,-1.0
1,0.0,13.333333333333334,8,euclidean,kd_tree,50,2.0,-1.0
1,0.0,13.333333333333334,8,euclidean,brute,10,,-1.0
1,0.0,13.333333333333334,8,euclidean,brute,10,1.0,-1.0
1,0.0,13.333333333333334,8,euclidean,brute,10,2.0,-1.0
1,0.0,13.333333333333334,8,euclidean,brute,20,,-1.0
1,0.0,13.333333333333334,8,euclidean,brute,20,1.0,-1.0
1,0.0,13.333333333333334,8,euclidean,brute,20,2.0,-1.0
1,0.0,13.333333333333334,8,euclidean,brute,30,,-1.0
1,0.0,13.333333333333334,8,euclidean,brute,30,1.0,-1.0
1,0.0,13.333333333333334,8,euclidean,brute,30,2.0,-1.0
1,0.0,13.333333333333334,8,euclidean,brute,40,,-1.0
1,0.0,13.333333333333334,8,euclidean,brute,40,1.0,-1.0
1,0.0,13.333333333333334,8,euclidean,brute,40,2.0,-1.0
1,0.0,13.333333333333334,8,euclidean,brute,50,,-1.0
1,0.0,13.333333333333334,8,euclidean,brute,50,1.0,-1.0
1,0.0,13.333333333333334,8,euclidean,brute,50,2.0,-1.0
1,0.009,13.333333333333334,8,manhattan,auto,10,,0.24507190925049152
1,0.009,13.333333333333334,8,manhattan,auto,10,1.0,0.24507190925049152
1,0.009,13.333333333333334,8,manhattan,auto,10,2.0,0.24507190925049152
1,0.009,13.333333333333334,8,manhattan,auto,20,,0.24507190925049152
1,0.009,13.333333333333334,8,manhattan,auto,20,1.0,0.24507190925049152
1,0.009,13.333333333333334,8,manhattan,auto,20,2.0,0.24507190925049152
1,0.009,13.333333333333334,8,manhattan,auto,30,,0.24507190925049152
1,0.009,13.333333333333334,8,manhattan,auto,30,1.0,0.24507190925049152
1,0.009,13.333333333333334,8,manhattan,auto,30,2.0,0.24507190925049152
1,0.009,13.333333333333334,8,manhattan,auto,40,,0.24507190925049152
1,0.009,13.333333333333334,8,manhattan,auto,40,1.0,0.24507190925049152
1,0.009,13.333333333333334,8,manhattan,auto,40,2.0,0.24507190925049152
1,0.009,13.333333333333334,8,manhattan,auto,50,,0.24507190925049152
1,0.009,13.333333333333334,8,manhattan,auto,50,1.0,0.24507190925049152
1,0.009,13.333333333333334,8,manhattan,auto,50,2.0,0.24507190925049152
1,0.009,13.333333333333334,8,manhattan,ball_tree,10,,0.24507190925049152
1,0.009,13.333333333333334,8,manhattan,ball_tree,10,1.0,0.24507190925049152
1,0.009,13.333333333333334,8,manhattan,ball_tree,10,2.0,0.24507190925049152
1,0.009,13.333333333333334,8,manhattan,ball_tree,20,,0.24507190925049152
1,0.009,13.333333333333334,8,manhattan,ball_tree,20,1.0,0.24507190925049152
1,0.009,13.333333333333334,8,manhattan,ball_tree,20,2.0,0.24507190925049152
1,0.009,13.333333333333334,8,manhattan,ball_tree,30,,0.24507190925049152
1,0.009,13.333333333333334,8,manhattan,ball_tree,30,1.0,0.24507190925049152
1,0.009,13.333333333333334,8,manhattan,ball_tree,30,2.0,0.24507190925049152
1,0.009,13.333333333333334,8,manhattan,ball_tree,40,,0.24507190925049152
1,0.009,13.333333333333334,8,manhattan,ball_tree,40,1.0,0.24507190925049152
1,0.009,13.333333333333334,8,manhattan,ball_tree,40,2.0,0.24507190925049152
1,0.009,13.333333333333334,8,manhattan,ball_tree,50,,0.24507190925049152
1,0.009,13.333333333333334,8,manhattan,ball_tree,50,1.0,0.24507190925049152
1,0.009,13.333333333333334,8,manhattan,ball_tree,50,2.0,0.24507190925049152
1,0.009,13.333333333333334,8,manhattan,kd_tree,10,,0.24507190925049152
1,0.009,13.333333333333334,8,manhattan,kd_tree,10,1.0,0.24507190925049152
1,0.009,13.333333333333334,8,manhattan,kd_tree,10,2.0,0.24507190925049152
1,0.009,13.333333333333334,8,manhattan,kd_tree,20,,0.24507190925049152
1,0.009,13.333333333333334,8,manhattan,kd_tree,20,1.0,0.24507190925049152
1,0.009,13.333333333333334,8,manhattan,kd_tree,20,2.0,0.24507190925049152
1,0.009,13.333333333333334,8,manhattan,kd_tree,30,,0.24507190925049152
1,0.009,13.333333333333334,8,manhattan,kd_tree,30,1.0,0.24507190925049152
1,0.009,13.333333333333334,8,manhattan,kd_tree,30,2.0,0.24507190925049152
1,0.009,13.333333333333334,8,manhattan,kd_tree,40,,0.24507190925049152
1,0.009,13.333333333333334,8,manhattan,kd_tree,40,1.0,0.24507190925049152
1,0.009,13.333333333333334,8,manhattan,kd_tree,40,2.0,0.24507190925049152
1,0.009,13.333333333333334,8,manhattan,kd_tree,50,,0.24507190925049152
1,0.009,13.333333333333334,8,manhattan,kd_tree,50,1.0,0.24507190925049152
1,0.009,13.333333333333334,8,manhattan,kd_tree,50,2.0,0.24507190925049152
1,0.009,13.333333333333334,8,manhattan,brute,10,,0.24507190925049152
1,0.009,13.333333333333334,8,manhattan,brute,10,1.0,0.24507190925049152
1,0.009,13.333333333333334,8,manhattan,brute,10,2.0,0.24507190925049152
1,0.009,13.333333333333334,8,manhattan,brute,20,,0.24507190925049152
1,0.009,13.333333333333334,8,manhattan,brute,20,1.0,0.24507190925049152
1,0.009,13.333333333333334,8,manhattan,brute,20,2.0,0.24507190925049152
1,0.009,13.333333333333334,8,manhattan,brute,30,,0.24507190925049152
1,0.009,13.333333333333334,8,manhattan,brute,30,1.0,0.24507190925049152
1,0.009,13.333333333333334,8,manhattan,brute,30,2.0,0.24507190925049152
1,0.009,13.333333333333334,8,manhattan,brute,40,,0.24507190925049152
1,0.009,13.333333333333334,8,manhattan,brute,40,1.0,0.24507190925049152
1,0.009,13.333333333333334,8,manhattan,brute,40,2.0,0.24507190925049152
1,0.009,13.333333333333334,8,manhattan,brute,50,,0.24507190925049152
1,0.009,13.333333333333334,8,manhattan,brute,50,1.0,0.24507190925049152
1,0.009,13.333333333333334,8,manhattan,brute,50,2.0,0.24507190925049152
1,0.0,13.333333333333334,9,euclidean,auto,10,,-1.0
1,0.0,13.333333333333334,9,euclidean,auto,10,1.0,-1.0
1,0.0,13.333333333333334,9,euclidean,auto,10,2.0,-1.0
1,0.0,13.333333333333334,9,euclidean,auto,20,,-1.0
1,0.0,13.333333333333334,9,euclidean,auto,20,1.0,-1.0
1,0.0,13.333333333333334,9,euclidean,auto,20,2.0,-1.0
1,0.0,13.333333333333334,9,euclidean,auto,30,,-1.0
1,0.0,13.333333333333334,9,euclidean,auto,30,1.0,-1.0
1,0.0,13.333333333333334,9,euclidean,auto,30,2.0,-1.0
1,0.0,13.333333333333334,9,euclidean,auto,40,,-1.0
1,0.0,13.333333333333334,9,euclidean,auto,40,1.0,-1.0
1,0.0,13.333333333333334,9,euclidean,auto,40,2.0,-1.0
1,0.0,13.333333333333334,9,euclidean,auto,50,,-1.0
1,0.0,13.333333333333334,9,euclidean,auto,50,1.0,-1.0
1,0.0,13.333333333333334,9,euclidean,auto,50,2.0,-1.0
1,0.0,13.333333333333334,9,euclidean,ball_tree,10,,-1.0
1,0.0,13.333333333333334,9,euclidean,ball_tree,10,1.0,-1.0
1,0.0,13.333333333333334,9,euclidean,ball_tree,10,2.0,-1.0
1,0.0,13.333333333333334,9,euclidean,ball_tree,20,,-1.0
1,0.0,13.333333333333334,9,euclidean,ball_tree,20,1.0,-1.0
1,0.0,13.333333333333334,9,euclidean,ball_tree,20,2.0,-1.0
1,0.0,13.333333333333334,9,euclidean,ball_tree,30,,-1.0
1,0.0,13.333333333333334,9,euclidean,ball_tree,30,1.0,-1.0
1,0.0,13.333333333333334,9,euclidean,ball_tree,30,2.0,-1.0
1,0.0,13.333333333333334,9,euclidean,ball_tree,40,,-1.0
1,0.0,13.333333333333334,9,euclidean,ball_tree,40,1.0,-1.0
1,0.0,13.333333333333334,9,euclidean,ball_tree,40,2.0,-1.0
1,0.0,13.333333333333334,9,euclidean,ball_tree,50,,-1.0
1,0.0,13.333333333333334,9,euclidean,ball_tree,50,1.0,-1.0
1,0.0,13.333333333333334,9,euclidean,ball_tree,50,2.0,-1.0
1,0.0,13.333333333333334,9,euclidean,kd_tree,10,,-1.0
1,0.0,13.333333333333334,9,euclidean,kd_tree,10,1.0,-1.0
1,0.0,13.333333333333334,9,euclidean,kd_tree,10,2.0,-1.0
1,0.0,13.333333333333334,9,euclidean,kd_tree,20,,-1.0
1,0.0,13.333333333333334,9,euclidean,kd_tree,20,1.0,-1.0
1,0.0,13.333333333333334,9,euclidean,kd_tree,20,2.0,-1.0
1,0.0,13.333333333333334,9,euclidean,kd_tree,30,,-1.0
1,0.0,13.333333333333334,9,euclidean,kd_tree,30,1.0,-1.0
1,0.0,13.333333333333334,9,euclidean,kd_tree,30,2.0,-1.0
1,0.0,13.333333333333334,9,euclidean,kd_tree,40,,-1.0
1,0.0,13.333333333333334,9,euclidean,kd_tree,40,1.0,-1.0
1,0.0,13.333333333333334,9,euclidean,kd_tree,40,2.0,-1.0
1,0.0,13.333333333333334,9,euclidean,kd_tree,50,,-1.0
1,0.0,13.333333333333334,9,euclidean,kd_tree,50,1.0,-1.0
1,0.0,13.333333333333334,9,euclidean,kd_tree,50,2.0,-1.0
1,0.0,13.333333333333334,9,euclidean,brute,10,,-1.0
1,0.0,13.333333333333334,9,euclidean,brute,10,1.0,-1.0
1,0.0,13.333333333333334,9,euclidean,brute,10,2.0,-1.0
1,0.0,13.333333333333334,9,euclidean,brute,20,,-1.0
1,0.0,13.333333333333334,9,euclidean,brute,20,1.0,-1.0
1,0.0,13.333333333333334,9,euclidean,brute,20,2.0,-1.0
1,0.0,13.333333333333334,9,euclidean,brute,30,,-1.0
1,0.0,13.333333333333334,9,euclidean,brute,30,1.0,-1.0
1,0.0,13.333333333333334,9,euclidean,brute,30,2.0,-1.0
1,0.0,13.333333333333334,9,euclidean,brute,40,,-1.0
1,0.0,13.333333333333334,9,euclidean,brute,40,1.0,-1.0
1,0.0,13.333333333333334,9,euclidean,brute,40,2.0,-1.0
1,0.0,13.333333333333334,9,euclidean,brute,50,,-1.0
1,0.0,13.333333333333334,9,euclidean,brute,50,1.0,-1.0
1,0.0,13.333333333333334,9,euclidean,brute,50,2.0,-1.0
1,0.009,13.333333333333334,9,manhattan,auto,10,,0.24507190925049152
1,0.009,13.333333333333334,9,manhattan,auto,10,1.0,0.24507190925049152
1,0.009,13.333333333333334,9,manhattan,auto,10,2.0,0.24507190925049152
1,0.009,13.333333333333334,9,manhattan,auto,20,,0.24507190925049152
1,0.009,13.333333333333334,9,manhattan,auto,20,1.0,0.24507190925049152
1,0.009,13.333333333333334,9,manhattan,auto,20,2.0,0.24507190925049152
1,0.009,13.333333333333334,9,manhattan,auto,30,,0.24507190925049152
1,0.009,13.333333333333334,9,manhattan,auto,30,1.0,0.24507190925049152
1,0.009,13.333333333333334,9,manhattan,auto,30,2.0,0.24507190925049152
1,0.009,13.333333333333334,9,manhattan,auto,40,,0.24507190925049152
1,0.009,13.333333333333334,9,manhattan,auto,40,1.0,0.24507190925049152
1,0.009,13.333333333333334,9,manhattan,auto,40,2.0,0.24507190925049152
1,0.009,13.333333333333334,9,manhattan,auto,50,,0.24507190925049152
1,0.009,13.333333333333334,9,manhattan,auto,50,1.0,0.24507190925049152
1,0.009,13.333333333333334,9,manhattan,auto,50,2.0,0.24507190925049152
1,0.009,13.333333333333334,9,manhattan,ball_tree,10,,0.24507190925049152
1,0.009,13.333333333333334,9,manhattan,ball_tree,10,1.0,0.24507190925049152
1,0.009,13.333333333333334,9,manhattan,ball_tree,10,2.0,0.24507190925049152
1,0.009,13.333333333333334,9,manhattan,ball_tree,20,,0.24507190925049152
1,0.009,13.333333333333334,9,manhattan,ball_tree,20,1.0,0.24507190925049152
1,0.009,13.333333333333334,9,manhattan,ball_tree,20,2.0,0.24507190925049152
1,0.009,13.333333333333334,9,manhattan,ball_tree,30,,0.24507190925049152
1,0.009,13.333333333333334,9,manhattan,ball_tree,30,1.0,0.24507190925049152
1,0.009,13.333333333333334,9,manhattan,ball_tree,30,2.0,0.24507190925049152
1,0.009,13.333333333333334,9,manhattan,ball_tree,40,,0.24507190925049152
1,0.009,13.333333333333334,9,manhattan,ball_tree,40,1.0,0.24507190925049152
1,0.009,13.333333333333334,9,manhattan,ball_tree,40,2.0,0.24507190925049152
1,0.009,13.333333333333334,9,manhattan,ball_tree,50,,0.24507190925049152
1,0.009,13.333333333333334,9,manhattan,ball_tree,50,1.0,0.24507190925049152
1,0.009,13.333333333333334,9,manhattan,ball_tree,50,2.0,0.24507190925049152
1,0.009,13.333333333333334,9,manhattan,kd_tree,10,,0.24507190925049152
1,0.009,13.333333333333334,9,manhattan,kd_tree,10,1.0,0.24507190925049152
1,0.009,13.333333333333334,9,manhattan,kd_tree,10,2.0,0.24507190925049152
1,0.009,13.333333333333334,9,manhattan,kd_tree,20,,0.24507190925049152
1,0.009,13.333333333333334,9,manhattan,kd_tree,20,1.0,0.24507190925049152
1,0.009,13.333333333333334,9,manhattan,kd_tree,20,2.0,0.24507190925049152
1,0.009,13.333333333333334,9,manhattan,kd_tree,30,,0.24507190925049152
1,0.009,13.333333333333334,9,manhattan,kd_tree,30,1.0,0.24507190925049152
1,0.009,13.333333333333334,9,manhattan,kd_tree,30,2.0,0.24507190925049152
1,0.009,13.333333333333334,9,manhattan,kd_tree,40,,0.24507190925049152
1,0.009,13.333333333333334,9,manhattan,kd_tree,40,1.0,0.24507190925049152
1,0.009,13.333333333333334,9,manhattan,kd_tree,40,2.0,0.24507190925049152
1,0.009,13.333333333333334,9,manhattan,kd_tree,50,,0.24507190925049152
1,0.009,13.333333333333334,9,manhattan,kd_tree,50,1.0,0.24507190925049152
1,0.009,13.333333333333334,9,manhattan,kd_tree,50,2.0,0.24507190925049152
1,0.009,13.333333333333334,9,manhattan,brute,10,,0.24507190925049152
1,0.009,13.333333333333334,9,manhattan,brute,10,1.0,0.24507190925049152
1,0.009,13.333333333333334,9,manhattan,brute,10,2.0,0.24507190925049152
1,0.009,13.333333333333334,9,manhattan,brute,20,,0.24507190925049152
1,0.009,13.333333333333334,9,manhattan,brute,20,1.0,0.24507190925049152
1,0.009,13.333333333333334,9,manhattan,brute,20,2.0,0.24507190925049152
1,0.009,13.333333333333334,9,manhattan,brute,30,,0.24507190925049152
1,0.009,13.333333333333334,9,manhattan,brute,30,1.0,0.24507190925049152
1,0.009,13.333333333333334,9,manhattan,brute,30,2.0,0.24507190925049152
1,0.009,13.333333333333334,9,manhattan,brute,40,,0.24507190925049152
1,0.009,13.333333333333334,9,manhattan,brute,40,1.0,0.24507190925049152
1,0.009,13.333333333333334,9,manhattan,brute,40,2.0,0.24507190925049152
1,0.009,13.333333333333334,9,manhattan,brute,50,,0.24507190925049152
1,0.009,13.333333333333334,9,manhattan,brute,50,1.0,0.24507190925049152
1,0.009,13.333333333333334,9,manhattan,brute,50,2.0,0.24507190925049152
1,0.0,14.444444444444445,2,euclidean,auto,10,,-1.0
1,0.0,14.444444444444445,2,euclidean,auto,10,1.0,-1.0
1,0.0,14.444444444444445,2,euclidean,auto,10,2.0,-1.0
1,0.0,14.444444444444445,2,euclidean,auto,20,,-1.0
1,0.0,14.444444444444445,2,euclidean,auto,20,1.0,-1.0
1,0.0,14.444444444444445,2,euclidean,auto,20,2.0,-1.0
1,0.0,14.444444444444445,2,euclidean,auto,30,,-1.0
1,0.0,14.444444444444445,2,euclidean,auto,30,1.0,-1.0
1,0.0,14.444444444444445,2,euclidean,auto,30,2.0,-1.0
1,0.0,14.444444444444445,2,euclidean,auto,40,,-1.0
1,0.0,14.444444444444445,2,euclidean,auto,40,1.0,-1.0
1,0.0,14.444444444444445,2,euclidean,auto,40,2.0,-1.0
1,0.0,14.444444444444445,2,euclidean,auto,50,,-1.0
1,0.0,14.444444444444445,2,euclidean,auto,50,1.0,-1.0
1,0.0,14.444444444444445,2,euclidean,auto,50,2.0,-1.0
1,0.0,14.444444444444445,2,euclidean,ball_tree,10,,-1.0
1,0.0,14.444444444444445,2,euclidean,ball_tree,10,1.0,-1.0
1,0.0,14.444444444444445,2,euclidean,ball_tree,10,2.0,-1.0
1,0.0,14.444444444444445,2,euclidean,ball_tree,20,,-1.0
1,0.0,14.444444444444445,2,euclidean,ball_tree,20,1.0,-1.0
1,0.0,14.444444444444445,2,euclidean,ball_tree,20,2.0,-1.0
1,0.0,14.444444444444445,2,euclidean,ball_tree,30,,-1.0
1,0.0,14.444444444444445,2,euclidean,ball_tree,30,1.0,-1.0
1,0.0,14.444444444444445,2,euclidean,ball_tree,30,2.0,-1.0
1,0.0,14.444444444444445,2,euclidean,ball_tree,40,,-1.0
1,0.0,14.444444444444445,2,euclidean,ball_tree,40,1.0,-1.0
1,0.0,14.444444444444445,2,euclidean,ball_tree,40,2.0,-1.0
1,0.0,14.444444444444445,2,euclidean,ball_tree,50,,-1.0
1,0.0,14.444444444444445,2,euclidean,ball_tree,50,1.0,-1.0
1,0.0,14.444444444444445,2,euclidean,ball_tree,50,2.0,-1.0
1,0.0,14.444444444444445,2,euclidean,kd_tree,10,,-1.0
1,0.0,14.444444444444445,2,euclidean,kd_tree,10,1.0,-1.0
1,0.0,14.444444444444445,2,euclidean,kd_tree,10,2.0,-1.0
1,0.0,14.444444444444445,2,euclidean,kd_tree,20,,-1.0
1,0.0,14.444444444444445,2,euclidean,kd_tree,20,1.0,-1.0
1,0.0,14.444444444444445,2,euclidean,kd_tree,20,2.0,-1.0
1,0.0,14.444444444444445,2,euclidean,kd_tree,30,,-1.0
1,0.0,14.444444444444445,2,euclidean,kd_tree,30,1.0,-1.0
1,0.0,14.444444444444445,2,euclidean,kd_tree,30,2.0,-1.0
1,0.0,14.444444444444445,2,euclidean,kd_tree,40,,-1.0
1,0.0,14.444444444444445,2,euclidean,kd_tree,40,1.0,-1.0
1,0.0,14.444444444444445,2,euclidean,kd_tree,40,2.0,-1.0
1,0.0,14.444444444444445,2,euclidean,kd_tree,50,,-1.0
1,0.0,14.444444444444445,2,euclidean,kd_tree,50,1.0,-1.0
1,0.0,14.444444444444445,2,euclidean,kd_tree,50,2.0,-1.0
1,0.0,14.444444444444445,2,euclidean,brute,10,,-1.0
1,0.0,14.444444444444445,2,euclidean,brute,10,1.0,-1.0
1,0.0,14.444444444444445,2,euclidean,brute,10,2.0,-1.0
1,0.0,14.444444444444445,2,euclidean,brute,20,,-1.0
1,0.0,14.444444444444445,2,euclidean,brute,20,1.0,-1.0
1,0.0,14.444444444444445,2,euclidean,brute,20,2.0,-1.0
1,0.0,14.444444444444445,2,euclidean,brute,30,,-1.0
1,0.0,14.444444444444445,2,euclidean,brute,30,1.0,-1.0
1,0.0,14.444444444444445,2,euclidean,brute,30,2.0,-1.0
1,0.0,14.444444444444445,2,euclidean,brute,40,,-1.0
1,0.0,14.444444444444445,2,euclidean,brute,40,1.0,-1.0
1,0.0,14.444444444444445,2,euclidean,brute,40,2.0,-1.0
1,0.0,14.444444444444445,2,euclidean,brute,50,,-1.0
1,0.0,14.444444444444445,2,euclidean,brute,50,1.0,-1.0
1,0.0,14.444444444444445,2,euclidean,brute,50,2.0,-1.0
1,0.003,14.444444444444445,2,manhattan,auto,10,,0.26486159599924053
1,0.003,14.444444444444445,2,manhattan,auto,10,1.0,0.26486159599924053
1,0.003,14.444444444444445,2,manhattan,auto,10,2.0,0.26486159599924053
1,0.003,14.444444444444445,2,manhattan,auto,20,,0.26486159599924053
1,0.003,14.444444444444445,2,manhattan,auto,20,1.0,0.26486159599924053
1,0.003,14.444444444444445,2,manhattan,auto,20,2.0,0.26486159599924053
1,0.003,14.444444444444445,2,manhattan,auto,30,,0.26486159599924053
1,0.003,14.444444444444445,2,manhattan,auto,30,1.0,0.26486159599924053
1,0.003,14.444444444444445,2,manhattan,auto,30,2.0,0.26486159599924053
1,0.003,14.444444444444445,2,manhattan,auto,40,,0.26486159599924053
1,0.003,14.444444444444445,2,manhattan,auto,40,1.0,0.26486159599924053
1,0.003,14.444444444444445,2,manhattan,auto,40,2.0,0.26486159599924053
1,0.003,14.444444444444445,2,manhattan,auto,50,,0.26486159599924053
1,0.003,14.444444444444445,2,manhattan,auto,50,1.0,0.26486159599924053
1,0.003,14.444444444444445,2,manhattan,auto,50,2.0,0.26486159599924053
1,0.003,14.444444444444445,2,manhattan,ball_tree,10,,0.26486159599924053
1,0.003,14.444444444444445,2,manhattan,ball_tree,10,1.0,0.26486159599924053
1,0.003,14.444444444444445,2,manhattan,ball_tree,10,2.0,0.26486159599924053
1,0.003,14.444444444444445,2,manhattan,ball_tree,20,,0.26486159599924053
1,0.003,14.444444444444445,2,manhattan,ball_tree,20,1.0,0.26486159599924053
1,0.003,14.444444444444445,2,manhattan,ball_tree,20,2.0,0.26486159599924053
1,0.003,14.444444444444445,2,manhattan,ball_tree,30,,0.26486159599924053
1,0.003,14.444444444444445,2,manhattan,ball_tree,30,1.0,0.26486159599924053
1,0.003,14.444444444444445,2,manhattan,ball_tree,30,2.0,0.26486159599924053
1,0.003,14.444444444444445,2,manhattan,ball_tree,40,,0.26486159599924053
1,0.003,14.444444444444445,2,manhattan,ball_tree,40,1.0,0.26486159599924053
1,0.003,14.444444444444445,2,manhattan,ball_tree,40,2.0,0.26486159599924053
1,0.003,14.444444444444445,2,manhattan,ball_tree,50,,0.26486159599924053
1,0.003,14.444444444444445,2,manhattan,ball_tree,50,1.0,0.26486159599924053
1,0.003,14.444444444444445,2,manhattan,ball_tree,50,2.0,0.26486159599924053
1,0.003,14.444444444444445,2,manhattan,kd_tree,10,,0.26486159599924053
1,0.003,14.444444444444445,2,manhattan,kd_tree,10,1.0,0.26486159599924053
1,0.003,14.444444444444445,2,manhattan,kd_tree,10,2.0,0.26486159599924053
1,0.003,14.444444444444445,2,manhattan,kd_tree,20,,0.26486159599924053
1,0.003,14.444444444444445,2,manhattan,kd_tree,20,1.0,0.26486159599924053
1,0.003,14.444444444444445,2,manhattan,kd_tree,20,2.0,0.26486159599924053
1,0.003,14.444444444444445,2,manhattan,kd_tree,30,,0.26486159599924053
1,0.003,14.444444444444445,2,manhattan,kd_tree,30,1.0,0.26486159599924053
1,0.003,14.444444444444445,2,manhattan,kd_tree,30,2.0,0.26486159599924053
1,0.003,14.444444444444445,2,manhattan,kd_tree,40,,0.26486159599924053
1,0.003,14.444444444444445,2,manhattan,kd_tree,40,1.0,0.26486159599924053
1,0.003,14.444444444444445,2,manhattan,kd_tree,40,2.0,0.26486159599924053
1,0.003,14.444444444444445,2,manhattan,kd_tree,50,,0.26486159599924053
1,0.003,14.444444444444445,2,manhattan,kd_tree,50,1.0,0.26486159599924053
1,0.003,14.444444444444445,2,manhattan,kd_tree,50,2.0,0.26486159599924053
1,0.003,14.444444444444445,2,manhattan,brute,10,,0.26486159599924053
1,0.003,14.444444444444445,2,manhattan,brute,10,1.0,0.26486159599924053
1,0.003,14.444444444444445,2,manhattan,brute,10,2.0,0.26486159599924053
1,0.003,14.444444444444445,2,manhattan,brute,20,,0.26486159599924053
1,0.003,14.444444444444445,2,manhattan,brute,20,1.0,0.26486159599924053
1,0.003,14.444444444444445,2,manhattan,brute,20,2.0,0.26486159599924053
1,0.003,14.444444444444445,2,manhattan,brute,30,,0.26486159599924053
1,0.003,14.444444444444445,2,manhattan,brute,30,1.0,0.26486159599924053
1,0.003,14.444444444444445,2,manhattan,brute,30,2.0,0.26486159599924053
1,0.003,14.444444444444445,2,manhattan,brute,40,,0.26486159599924053
1,0.003,14.444444444444445,2,manhattan,brute,40,1.0,0.26486159599924053
1,0.003,14.444444444444445,2,manhattan,brute,40,2.0,0.26486159599924053
1,0.003,14.444444444444445,2,manhattan,brute,50,,0.26486159599924053
1,0.003,14.444444444444445,2,manhattan,brute,50,1.0,0.26486159599924053
1,0.003,14.444444444444445,2,manhattan,brute,50,2.0,0.26486159599924053
1,0.0,14.444444444444445,3,euclidean,auto,10,,-1.0
1,0.0,14.444444444444445,3,euclidean,auto,10,1.0,-1.0
1,0.0,14.444444444444445,3,euclidean,auto,10,2.0,-1.0
1,0.0,14.444444444444445,3,euclidean,auto,20,,-1.0
1,0.0,14.444444444444445,3,euclidean,auto,20,1.0,-1.0
1,0.0,14.444444444444445,3,euclidean,auto,20,2.0,-1.0
1,0.0,14.444444444444445,3,euclidean,auto,30,,-1.0
1,0.0,14.444444444444445,3,euclidean,auto,30,1.0,-1.0
1,0.0,14.444444444444445,3,euclidean,auto,30,2.0,-1.0
1,0.0,14.444444444444445,3,euclidean,auto,40,,-1.0
1,0.0,14.444444444444445,3,euclidean,auto,40,1.0,-1.0
1,0.0,14.444444444444445,3,euclidean,auto,40,2.0,-1.0
1,0.0,14.444444444444445,3,euclidean,auto,50,,-1.0
1,0.0,14.444444444444445,3,euclidean,auto,50,1.0,-1.0
1,0.0,14.444444444444445,3,euclidean,auto,50,2.0,-1.0
1,0.0,14.444444444444445,3,euclidean,ball_tree,10,,-1.0
1,0.0,14.444444444444445,3,euclidean,ball_tree,10,1.0,-1.0
1,0.0,14.444444444444445,3,euclidean,ball_tree,10,2.0,-1.0
1,0.0,14.444444444444445,3,euclidean,ball_tree,20,,-1.0
1,0.0,14.444444444444445,3,euclidean,ball_tree,20,1.0,-1.0
1,0.0,14.444444444444445,3,euclidean,ball_tree,20,2.0,-1.0
1,0.0,14.444444444444445,3,euclidean,ball_tree,30,,-1.0
1,0.0,14.444444444444445,3,euclidean,ball_tree,30,1.0,-1.0
1,0.0,14.444444444444445,3,euclidean,ball_tree,30,2.0,-1.0
1,0.0,14.444444444444445,3,euclidean,ball_tree,40,,-1.0
1,0.0,14.444444444444445,3,euclidean,ball_tree,40,1.0,-1.0
1,0.0,14.444444444444445,3,euclidean,ball_tree,40,2.0,-1.0
1,0.0,14.444444444444445,3,euclidean,ball_tree,50,,-1.0
1,0.0,14.444444444444445,3,euclidean,ball_tree,50,1.0,-1.0
1,0.0,14.444444444444445,3,euclidean,ball_tree,50,2.0,-1.0
1,0.0,14.444444444444445,3,euclidean,kd_tree,10,,-1.0
1,0.0,14.444444444444445,3,euclidean,kd_tree,10,1.0,-1.0
1,0.0,14.444444444444445,3,euclidean,kd_tree,10,2.0,-1.0
1,0.0,14.444444444444445,3,euclidean,kd_tree,20,,-1.0
1,0.0,14.444444444444445,3,euclidean,kd_tree,20,1.0,-1.0
1,0.0,14.444444444444445,3,euclidean,kd_tree,20,2.0,-1.0
1,0.0,14.444444444444445,3,euclidean,kd_tree,30,,-1.0
1,0.0,14.444444444444445,3,euclidean,kd_tree,30,1.0,-1.0
1,0.0,14.444444444444445,3,euclidean,kd_tree,30,2.0,-1.0
1,0.0,14.444444444444445,3,euclidean,kd_tree,40,,-1.0
1,0.0,14.444444444444445,3,euclidean,kd_tree,40,1.0,-1.0
1,0.0,14.444444444444445,3,euclidean,kd_tree,40,2.0,-1.0
1,0.0,14.444444444444445,3,euclidean,kd_tree,50,,-1.0
1,0.0,14.444444444444445,3,euclidean,kd_tree,50,1.0,-1.0
1,0.0,14.444444444444445,3,euclidean,kd_tree,50,2.0,-1.0
1,0.0,14.444444444444445,3,euclidean,brute,10,,-1.0
1,0.0,14.444444444444445,3,euclidean,brute,10,1.0,-1.0
1,0.0,14.444444444444445,3,euclidean,brute,10,2.0,-1.0
1,0.0,14.444444444444445,3,euclidean,brute,20,,-1.0
1,0.0,14.444444444444445,3,euclidean,brute,20,1.0,-1.0
1,0.0,14.444444444444445,3,euclidean,brute,20,2.0,-1.0
1,0.0,14.444444444444445,3,euclidean,brute,30,,-1.0
1,0.0,14.444444444444445,3,euclidean,brute,30,1.0,-1.0
1,0.0,14.444444444444445,3,euclidean,brute,30,2.0,-1.0
1,0.0,14.444444444444445,3,euclidean,brute,40,,-1.0
1,0.0,14.444444444444445,3,euclidean,brute,40,1.0,-1.0
1,0.0,14.444444444444445,3,euclidean,brute,40,2.0,-1.0
1,0.0,14.444444444444445,3,euclidean,brute,50,,-1.0
1,0.0,14.444444444444445,3,euclidean,brute,50,1.0,-1.0
1,0.0,14.444444444444445,3,euclidean,brute,50,2.0,-1.0
1,0.003,14.444444444444445,3,manhattan,auto,10,,0.26486159599924053
1,0.003,14.444444444444445,3,manhattan,auto,10,1.0,0.26486159599924053
1,0.003,14.444444444444445,3,manhattan,auto,10,2.0,0.26486159599924053
1,0.003,14.444444444444445,3,manhattan,auto,20,,0.26486159599924053
1,0.003,14.444444444444445,3,manhattan,auto,20,1.0,0.26486159599924053
1,0.003,14.444444444444445,3,manhattan,auto,20,2.0,0.26486159599924053
1,0.003,14.444444444444445,3,manhattan,auto,30,,0.26486159599924053
1,0.003,14.444444444444445,3,manhattan,auto,30,1.0,0.26486159599924053
1,0.003,14.444444444444445,3,manhattan,auto,30,2.0,0.26486159599924053
1,0.003,14.444444444444445,3,manhattan,auto,40,,0.26486159599924053
1,0.003,14.444444444444445,3,manhattan,auto,40,1.0,0.26486159599924053
1,0.003,14.444444444444445,3,manhattan,auto,40,2.0,0.26486159599924053
1,0.003,14.444444444444445,3,manhattan,auto,50,,0.26486159599924053
1,0.003,14.444444444444445,3,manhattan,auto,50,1.0,0.26486159599924053
1,0.003,14.444444444444445,3,manhattan,auto,50,2.0,0.26486159599924053
1,0.003,14.444444444444445,3,manhattan,ball_tree,10,,0.26486159599924053
1,0.003,14.444444444444445,3,manhattan,ball_tree,10,1.0,0.26486159599924053
1,0.003,14.444444444444445,3,manhattan,ball_tree,10,2.0,0.26486159599924053
1,0.003,14.444444444444445,3,manhattan,ball_tree,20,,0.26486159599924053
1,0.003,14.444444444444445,3,manhattan,ball_tree,20,1.0,0.26486159599924053
1,0.003,14.444444444444445,3,manhattan,ball_tree,20,2.0,0.26486159599924053
1,0.003,14.444444444444445,3,manhattan,ball_tree,30,,0.26486159599924053
1,0.003,14.444444444444445,3,manhattan,ball_tree,30,1.0,0.26486159599924053
1,0.003,14.444444444444445,3,manhattan,ball_tree,30,2.0,0.26486159599924053
1,0.003,14.444444444444445,3,manhattan,ball_tree,40,,0.26486159599924053
1,0.003,14.444444444444445,3,manhattan,ball_tree,40,1.0,0.26486159599924053
1,0.003,14.444444444444445,3,manhattan,ball_tree,40,2.0,0.26486159599924053
1,0.003,14.444444444444445,3,manhattan,ball_tree,50,,0.26486159599924053
1,0.003,14.444444444444445,3,manhattan,ball_tree,50,1.0,0.26486159599924053
1,0.003,14.444444444444445,3,manhattan,ball_tree,50,2.0,0.26486159599924053
1,0.003,14.444444444444445,3,manhattan,kd_tree,10,,0.26486159599924053
1,0.003,14.444444444444445,3,manhattan,kd_tree,10,1.0,0.26486159599924053
1,0.003,14.444444444444445,3,manhattan,kd_tree,10,2.0,0.26486159599924053
1,0.003,14.444444444444445,3,manhattan,kd_tree,20,,0.26486159599924053
1,0.003,14.444444444444445,3,manhattan,kd_tree,20,1.0,0.26486159599924053
1,0.003,14.444444444444445,3,manhattan,kd_tree,20,2.0,0.26486159599924053
1,0.003,14.444444444444445,3,manhattan,kd_tree,30,,0.26486159599924053
1,0.003,14.444444444444445,3,manhattan,kd_tree,30,1.0,0.26486159599924053
1,0.003,14.444444444444445,3,manhattan,kd_tree,30,2.0,0.26486159599924053
1,0.003,14.444444444444445,3,manhattan,kd_tree,40,,0.26486159599924053
1,0.003,14.444444444444445,3,manhattan,kd_tree,40,1.0,0.26486159599924053
1,0.003,14.444444444444445,3,manhattan,kd_tree,40,2.0,0.26486159599924053
1,0.003,14.444444444444445,3,manhattan,kd_tree,50,,0.26486159599924053
1,0.003,14.444444444444445,3,manhattan,kd_tree,50,1.0,0.26486159599924053
1,0.003,14.444444444444445,3,manhattan,kd_tree,50,2.0,0.26486159599924053
1,0.003,14.444444444444445,3,manhattan,brute,10,,0.26486159599924053
1,0.003,14.444444444444445,3,manhattan,brute,10,1.0,0.26486159599924053
1,0.003,14.444444444444445,3,manhattan,brute,10,2.0,0.26486159599924053
1,0.003,14.444444444444445,3,manhattan,brute,20,,0.26486159599924053
1,0.003,14.444444444444445,3,manhattan,brute,20,1.0,0.26486159599924053
1,0.003,14.444444444444445,3,manhattan,brute,20,2.0,0.26486159599924053
1,0.003,14.444444444444445,3,manhattan,brute,30,,0.26486159599924053
1,0.003,14.444444444444445,3,manhattan,brute,30,1.0,0.26486159599924053
1,0.003,14.444444444444445,3,manhattan,brute,30,2.0,0.26486159599924053
1,0.003,14.444444444444445,3,manhattan,brute,40,,0.26486159599924053
1,0.003,14.444444444444445,3,manhattan,brute,40,1.0,0.26486159599924053
1,0.003,14.444444444444445,3,manhattan,brute,40,2.0,0.26486159599924053
1,0.003,14.444444444444445,3,manhattan,brute,50,,0.26486159599924053
1,0.003,14.444444444444445,3,manhattan,brute,50,1.0,0.26486159599924053
1,0.003,14.444444444444445,3,manhattan,brute,50,2.0,0.26486159599924053
1,0.0,14.444444444444445,4,euclidean,auto,10,,-1.0
1,0.0,14.444444444444445,4,euclidean,auto,10,1.0,-1.0
1,0.0,14.444444444444445,4,euclidean,auto,10,2.0,-1.0
1,0.0,14.444444444444445,4,euclidean,auto,20,,-1.0
1,0.0,14.444444444444445,4,euclidean,auto,20,1.0,-1.0
1,0.0,14.444444444444445,4,euclidean,auto,20,2.0,-1.0
1,0.0,14.444444444444445,4,euclidean,auto,30,,-1.0
1,0.0,14.444444444444445,4,euclidean,auto,30,1.0,-1.0
1,0.0,14.444444444444445,4,euclidean,auto,30,2.0,-1.0
1,0.0,14.444444444444445,4,euclidean,auto,40,,-1.0
1,0.0,14.444444444444445,4,euclidean,auto,40,1.0,-1.0
1,0.0,14.444444444444445,4,euclidean,auto,40,2.0,-1.0
1,0.0,14.444444444444445,4,euclidean,auto,50,,-1.0
1,0.0,14.444444444444445,4,euclidean,auto,50,1.0,-1.0
1,0.0,14.444444444444445,4,euclidean,auto,50,2.0,-1.0
1,0.0,14.444444444444445,4,euclidean,ball_tree,10,,-1.0
1,0.0,14.444444444444445,4,euclidean,ball_tree,10,1.0,-1.0
1,0.0,14.444444444444445,4,euclidean,ball_tree,10,2.0,-1.0
1,0.0,14.444444444444445,4,euclidean,ball_tree,20,,-1.0
1,0.0,14.444444444444445,4,euclidean,ball_tree,20,1.0,-1.0
1,0.0,14.444444444444445,4,euclidean,ball_tree,20,2.0,-1.0
1,0.0,14.444444444444445,4,euclidean,ball_tree,30,,-1.0
1,0.0,14.444444444444445,4,euclidean,ball_tree,30,1.0,-1.0
1,0.0,14.444444444444445,4,euclidean,ball_tree,30,2.0,-1.0
1,0.0,14.444444444444445,4,euclidean,ball_tree,40,,-1.0
1,0.0,14.444444444444445,4,euclidean,ball_tree,40,1.0,-1.0
1,0.0,14.444444444444445,4,euclidean,ball_tree,40,2.0,-1.0
1,0.0,14.444444444444445,4,euclidean,ball_tree,50,,-1.0
1,0.0,14.444444444444445,4,euclidean,ball_tree,50,1.0,-1.0
1,0.0,14.444444444444445,4,euclidean,ball_tree,50,2.0,-1.0
1,0.0,14.444444444444445,4,euclidean,kd_tree,10,,-1.0
1,0.0,14.444444444444445,4,euclidean,kd_tree,10,1.0,-1.0
1,0.0,14.444444444444445,4,euclidean,kd_tree,10,2.0,-1.0
1,0.0,14.444444444444445,4,euclidean,kd_tree,20,,-1.0
1,0.0,14.444444444444445,4,euclidean,kd_tree,20,1.0,-1.0
1,0.0,14.444444444444445,4,euclidean,kd_tree,20,2.0,-1.0
1,0.0,14.444444444444445,4,euclidean,kd_tree,30,,-1.0
1,0.0,14.444444444444445,4,euclidean,kd_tree,30,1.0,-1.0
1,0.0,14.444444444444445,4,euclidean,kd_tree,30,2.0,-1.0
1,0.0,14.444444444444445,4,euclidean,kd_tree,40,,-1.0
1,0.0,14.444444444444445,4,euclidean,kd_tree,40,1.0,-1.0
1,0.0,14.444444444444445,4,euclidean,kd_tree,40,2.0,-1.0
1,0.0,14.444444444444445,4,euclidean,kd_tree,50,,-1.0
1,0.0,14.444444444444445,4,euclidean,kd_tree,50,1.0,-1.0
1,0.0,14.444444444444445,4,euclidean,kd_tree,50,2.0,-1.0
1,0.0,14.444444444444445,4,euclidean,brute,10,,-1.0
1,0.0,14.444444444444445,4,euclidean,brute,10,1.0,-1.0
1,0.0,14.444444444444445,4,euclidean,brute,10,2.0,-1.0
1,0.0,14.444444444444445,4,euclidean,brute,20,,-1.0
1,0.0,14.444444444444445,4,euclidean,brute,20,1.0,-1.0
1,0.0,14.444444444444445,4,euclidean,brute,20,2.0,-1.0
1,0.0,14.444444444444445,4,euclidean,brute,30,,-1.0
1,0.0,14.444444444444445,4,euclidean,brute,30,1.0,-1.0
1,0.0,14.444444444444445,4,euclidean,brute,30,2.0,-1.0
1,0.0,14.444444444444445,4,euclidean,brute,40,,-1.0
1,0.0,14.444444444444445,4,euclidean,brute,40,1.0,-1.0
1,0.0,14.444444444444445,4,euclidean,brute,40,2.0,-1.0
1,0.0,14.444444444444445,4,euclidean,brute,50,,-1.0
1,0.0,14.444444444444445,4,euclidean,brute,50,1.0,-1.0
1,0.0,14.444444444444445,4,euclidean,brute,50,2.0,-1.0
1,0.003,14.444444444444445,4,manhattan,auto,10,,0.26486159599924053
1,0.003,14.444444444444445,4,manhattan,auto,10,1.0,0.26486159599924053
1,0.003,14.444444444444445,4,manhattan,auto,10,2.0,0.26486159599924053
1,0.003,14.444444444444445,4,manhattan,auto,20,,0.26486159599924053
1,0.003,14.444444444444445,4,manhattan,auto,20,1.0,0.26486159599924053
1,0.003,14.444444444444445,4,manhattan,auto,20,2.0,0.26486159599924053
1,0.003,14.444444444444445,4,manhattan,auto,30,,0.26486159599924053
1,0.003,14.444444444444445,4,manhattan,auto,30,1.0,0.26486159599924053
1,0.003,14.444444444444445,4,manhattan,auto,30,2.0,0.26486159599924053
1,0.003,14.444444444444445,4,manhattan,auto,40,,0.26486159599924053
1,0.003,14.444444444444445,4,manhattan,auto,40,1.0,0.26486159599924053
1,0.003,14.444444444444445,4,manhattan,auto,40,2.0,0.26486159599924053
1,0.003,14.444444444444445,4,manhattan,auto,50,,0.26486159599924053
1,0.003,14.444444444444445,4,manhattan,auto,50,1.0,0.26486159599924053
1,0.003,14.444444444444445,4,manhattan,auto,50,2.0,0.26486159599924053
1,0.003,14.444444444444445,4,manhattan,ball_tree,10,,0.26486159599924053
1,0.003,14.444444444444445,4,manhattan,ball_tree,10,1.0,0.26486159599924053
1,0.003,14.444444444444445,4,manhattan,ball_tree,10,2.0,0.26486159599924053
1,0.003,14.444444444444445,4,manhattan,ball_tree,20,,0.26486159599924053
1,0.003,14.444444444444445,4,manhattan,ball_tree,20,1.0,0.26486159599924053
1,0.003,14.444444444444445,4,manhattan,ball_tree,20,2.0,0.26486159599924053
1,0.003,14.444444444444445,4,manhattan,ball_tree,30,,0.26486159599924053
1,0.003,14.444444444444445,4,manhattan,ball_tree,30,1.0,0.26486159599924053
1,0.003,14.444444444444445,4,manhattan,ball_tree,30,2.0,0.26486159599924053
1,0.003,14.444444444444445,4,manhattan,ball_tree,40,,0.26486159599924053
1,0.003,14.444444444444445,4,manhattan,ball_tree,40,1.0,0.26486159599924053
1,0.003,14.444444444444445,4,manhattan,ball_tree,40,2.0,0.26486159599924053
1,0.003,14.444444444444445,4,manhattan,ball_tree,50,,0.26486159599924053
1,0.003,14.444444444444445,4,manhattan,ball_tree,50,1.0,0.26486159599924053
1,0.003,14.444444444444445,4,manhattan,ball_tree,50,2.0,0.26486159599924053
1,0.003,14.444444444444445,4,manhattan,kd_tree,10,,0.26486159599924053
1,0.003,14.444444444444445,4,manhattan,kd_tree,10,1.0,0.26486159599924053
1,0.003,14.444444444444445,4,manhattan,kd_tree,10,2.0,0.26486159599924053
1,0.003,14.444444444444445,4,manhattan,kd_tree,20,,0.26486159599924053
1,0.003,14.444444444444445,4,manhattan,kd_tree,20,1.0,0.26486159599924053
1,0.003,14.444444444444445,4,manhattan,kd_tree,20,2.0,0.26486159599924053
1,0.003,14.444444444444445,4,manhattan,kd_tree,30,,0.26486159599924053
1,0.003,14.444444444444445,4,manhattan,kd_tree,30,1.0,0.26486159599924053
1,0.003,14.444444444444445,4,manhattan,kd_tree,30,2.0,0.26486159599924053
1,0.003,14.444444444444445,4,manhattan,kd_tree,40,,0.26486159599924053
1,0.003,14.444444444444445,4,manhattan,kd_tree,40,1.0,0.26486159599924053
1,0.003,14.444444444444445,4,manhattan,kd_tree,40,2.0,0.26486159599924053
1,0.003,14.444444444444445,4,manhattan,kd_tree,50,,0.26486159599924053
1,0.003,14.444444444444445,4,manhattan,kd_tree,50,1.0,0.26486159599924053
1,0.003,14.444444444444445,4,manhattan,kd_tree,50,2.0,0.26486159599924053
1,0.003,14.444444444444445,4,manhattan,brute,10,,0.26486159599924053
1,0.003,14.444444444444445,4,manhattan,brute,10,1.0,0.26486159599924053
1,0.003,14.444444444444445,4,manhattan,brute,10,2.0,0.26486159599924053
1,0.003,14.444444444444445,4,manhattan,brute,20,,0.26486159599924053
1,0.003,14.444444444444445,4,manhattan,brute,20,1.0,0.26486159599924053
1,0.003,14.444444444444445,4,manhattan,brute,20,2.0,0.26486159599924053
1,0.003,14.444444444444445,4,manhattan,brute,30,,0.26486159599924053
1,0.003,14.444444444444445,4,manhattan,brute,30,1.0,0.26486159599924053
1,0.003,14.444444444444445,4,manhattan,brute,30,2.0,0.26486159599924053
1,0.003,14.444444444444445,4,manhattan,brute,40,,0.26486159599924053
1,0.003,14.444444444444445,4,manhattan,brute,40,1.0,0.26486159599924053
1,0.003,14.444444444444445,4,manhattan,brute,40,2.0,0.26486159599924053
1,0.003,14.444444444444445,4,manhattan,brute,50,,0.26486159599924053
1,0.003,14.444444444444445,4,manhattan,brute,50,1.0,0.26486159599924053
1,0.003,14.444444444444445,4,manhattan,brute,50,2.0,0.26486159599924053
1,0.0,14.444444444444445,5,euclidean,auto,10,,-1.0
1,0.0,14.444444444444445,5,euclidean,auto,10,1.0,-1.0
1,0.0,14.444444444444445,5,euclidean,auto,10,2.0,-1.0
1,0.0,14.444444444444445,5,euclidean,auto,20,,-1.0
1,0.0,14.444444444444445,5,euclidean,auto,20,1.0,-1.0
1,0.0,14.444444444444445,5,euclidean,auto,20,2.0,-1.0
1,0.0,14.444444444444445,5,euclidean,auto,30,,-1.0
1,0.0,14.444444444444445,5,euclidean,auto,30,1.0,-1.0
1,0.0,14.444444444444445,5,euclidean,auto,30,2.0,-1.0
1,0.0,14.444444444444445,5,euclidean,auto,40,,-1.0
1,0.0,14.444444444444445,5,euclidean,auto,40,1.0,-1.0
1,0.0,14.444444444444445,5,euclidean,auto,40,2.0,-1.0
1,0.0,14.444444444444445,5,euclidean,auto,50,,-1.0
1,0.0,14.444444444444445,5,euclidean,auto,50,1.0,-1.0
1,0.0,14.444444444444445,5,euclidean,auto,50,2.0,-1.0
1,0.0,14.444444444444445,5,euclidean,ball_tree,10,,-1.0
1,0.0,14.444444444444445,5,euclidean,ball_tree,10,1.0,-1.0
1,0.0,14.444444444444445,5,euclidean,ball_tree,10,2.0,-1.0
1,0.0,14.444444444444445,5,euclidean,ball_tree,20,,-1.0
1,0.0,14.444444444444445,5,euclidean,ball_tree,20,1.0,-1.0
1,0.0,14.444444444444445,5,euclidean,ball_tree,20,2.0,-1.0
1,0.0,14.444444444444445,5,euclidean,ball_tree,30,,-1.0
1,0.0,14.444444444444445,5,euclidean,ball_tree,30,1.0,-1.0
1,0.0,14.444444444444445,5,euclidean,ball_tree,30,2.0,-1.0
1,0.0,14.444444444444445,5,euclidean,ball_tree,40,,-1.0
1,0.0,14.444444444444445,5,euclidean,ball_tree,40,1.0,-1.0
1,0.0,14.444444444444445,5,euclidean,ball_tree,40,2.0,-1.0
1,0.0,14.444444444444445,5,euclidean,ball_tree,50,,-1.0
1,0.0,14.444444444444445,5,euclidean,ball_tree,50,1.0,-1.0
1,0.0,14.444444444444445,5,euclidean,ball_tree,50,2.0,-1.0
1,0.0,14.444444444444445,5,euclidean,kd_tree,10,,-1.0
1,0.0,14.444444444444445,5,euclidean,kd_tree,10,1.0,-1.0
1,0.0,14.444444444444445,5,euclidean,kd_tree,10,2.0,-1.0
1,0.0,14.444444444444445,5,euclidean,kd_tree,20,,-1.0
1,0.0,14.444444444444445,5,euclidean,kd_tree,20,1.0,-1.0
1,0.0,14.444444444444445,5,euclidean,kd_tree,20,2.0,-1.0
1,0.0,14.444444444444445,5,euclidean,kd_tree,30,,-1.0
1,0.0,14.444444444444445,5,euclidean,kd_tree,30,1.0,-1.0
1,0.0,14.444444444444445,5,euclidean,kd_tree,30,2.0,-1.0
1,0.0,14.444444444444445,5,euclidean,kd_tree,40,,-1.0
1,0.0,14.444444444444445,5,euclidean,kd_tree,40,1.0,-1.0
1,0.0,14.444444444444445,5,euclidean,kd_tree,40,2.0,-1.0
1,0.0,14.444444444444445,5,euclidean,kd_tree,50,,-1.0
1,0.0,14.444444444444445,5,euclidean,kd_tree,50,1.0,-1.0
1,0.0,14.444444444444445,5,euclidean,kd_tree,50,2.0,-1.0
1,0.0,14.444444444444445,5,euclidean,brute,10,,-1.0
1,0.0,14.444444444444445,5,euclidean,brute,10,1.0,-1.0
1,0.0,14.444444444444445,5,euclidean,brute,10,2.0,-1.0
1,0.0,14.444444444444445,5,euclidean,brute,20,,-1.0
1,0.0,14.444444444444445,5,euclidean,brute,20,1.0,-1.0
1,0.0,14.444444444444445,5,euclidean,brute,20,2.0,-1.0
1,0.0,14.444444444444445,5,euclidean,brute,30,,-1.0
1,0.0,14.444444444444445,5,euclidean,brute,30,1.0,-1.0
1,0.0,14.444444444444445,5,euclidean,brute,30,2.0,-1.0
1,0.0,14.444444444444445,5,euclidean,brute,40,,-1.0
1,0.0,14.444444444444445,5,euclidean,brute,40,1.0,-1.0
1,0.0,14.444444444444445,5,euclidean,brute,40,2.0,-1.0
1,0.0,14.444444444444445,5,euclidean,brute,50,,-1.0
1,0.0,14.444444444444445,5,euclidean,brute,50,1.0,-1.0
1,0.0,14.444444444444445,5,euclidean,brute,50,2.0,-1.0
1,0.003,14.444444444444445,5,manhattan,auto,10,,0.26486159599924053
1,0.003,14.444444444444445,5,manhattan,auto,10,1.0,0.26486159599924053
1,0.003,14.444444444444445,5,manhattan,auto,10,2.0,0.26486159599924053
1,0.003,14.444444444444445,5,manhattan,auto,20,,0.26486159599924053
1,0.003,14.444444444444445,5,manhattan,auto,20,1.0,0.26486159599924053
1,0.003,14.444444444444445,5,manhattan,auto,20,2.0,0.26486159599924053
1,0.003,14.444444444444445,5,manhattan,auto,30,,0.26486159599924053
1,0.003,14.444444444444445,5,manhattan,auto,30,1.0,0.26486159599924053
1,0.003,14.444444444444445,5,manhattan,auto,30,2.0,0.26486159599924053
1,0.003,14.444444444444445,5,manhattan,auto,40,,0.26486159599924053
1,0.003,14.444444444444445,5,manhattan,auto,40,1.0,0.26486159599924053
1,0.003,14.444444444444445,5,manhattan,auto,40,2.0,0.26486159599924053
1,0.003,14.444444444444445,5,manhattan,auto,50,,0.26486159599924053
1,0.003,14.444444444444445,5,manhattan,auto,50,1.0,0.26486159599924053
1,0.003,14.444444444444445,5,manhattan,auto,50,2.0,0.26486159599924053
1,0.003,14.444444444444445,5,manhattan,ball_tree,10,,0.26486159599924053
1,0.003,14.444444444444445,5,manhattan,ball_tree,10,1.0,0.26486159599924053
1,0.003,14.444444444444445,5,manhattan,ball_tree,10,2.0,0.26486159599924053
1,0.003,14.444444444444445,5,manhattan,ball_tree,20,,0.26486159599924053
1,0.003,14.444444444444445,5,manhattan,ball_tree,20,1.0,0.26486159599924053
1,0.003,14.444444444444445,5,manhattan,ball_tree,20,2.0,0.26486159599924053
1,0.003,14.444444444444445,5,manhattan,ball_tree,30,,0.26486159599924053
1,0.003,14.444444444444445,5,manhattan,ball_tree,30,1.0,0.26486159599924053
1,0.003,14.444444444444445,5,manhattan,ball_tree,30,2.0,0.26486159599924053
1,0.003,14.444444444444445,5,manhattan,ball_tree,40,,0.26486159599924053
1,0.003,14.444444444444445,5,manhattan,ball_tree,40,1.0,0.26486159599924053
1,0.003,14.444444444444445,5,manhattan,ball_tree,40,2.0,0.26486159599924053
1,0.003,14.444444444444445,5,manhattan,ball_tree,50,,0.26486159599924053
1,0.003,14.444444444444445,5,manhattan,ball_tree,50,1.0,0.26486159599924053
1,0.003,14.444444444444445,5,manhattan,ball_tree,50,2.0,0.26486159599924053
1,0.003,14.444444444444445,5,manhattan,kd_tree,10,,0.26486159599924053
1,0.003,14.444444444444445,5,manhattan,kd_tree,10,1.0,0.26486159599924053
1,0.003,14.444444444444445,5,manhattan,kd_tree,10,2.0,0.26486159599924053
1,0.003,14.444444444444445,5,manhattan,kd_tree,20,,0.26486159599924053
1,0.003,14.444444444444445,5,manhattan,kd_tree,20,1.0,0.26486159599924053
1,0.003,14.444444444444445,5,manhattan,kd_tree,20,2.0,0.26486159599924053
1,0.003,14.444444444444445,5,manhattan,kd_tree,30,,0.26486159599924053
1,0.003,14.444444444444445,5,manhattan,kd_tree,30,1.0,0.26486159599924053
1,0.003,14.444444444444445,5,manhattan,kd_tree,30,2.0,0.26486159599924053
1,0.003,14.444444444444445,5,manhattan,kd_tree,40,,0.26486159599924053
1,0.003,14.444444444444445,5,manhattan,kd_tree,40,1.0,0.26486159599924053
1,0.003,14.444444444444445,5,manhattan,kd_tree,40,2.0,0.26486159599924053
1,0.003,14.444444444444445,5,manhattan,kd_tree,50,,0.26486159599924053
1,0.003,14.444444444444445,5,manhattan,kd_tree,50,1.0,0.26486159599924053
1,0.003,14.444444444444445,5,manhattan,kd_tree,50,2.0,0.26486159599924053
1,0.003,14.444444444444445,5,manhattan,brute,10,,0.26486159599924053
1,0.003,14.444444444444445,5,manhattan,brute,10,1.0,0.26486159599924053
1,0.003,14.444444444444445,5,manhattan,brute,10,2.0,0.26486159599924053
1,0.003,14.444444444444445,5,manhattan,brute,20,,0.26486159599924053
1,0.003,14.444444444444445,5,manhattan,brute,20,1.0,0.26486159599924053
1,0.003,14.444444444444445,5,manhattan,brute,20,2.0,0.26486159599924053
1,0.003,14.444444444444445,5,manhattan,brute,30,,0.26486159599924053
1,0.003,14.444444444444445,5,manhattan,brute,30,1.0,0.26486159599924053
1,0.003,14.444444444444445,5,manhattan,brute,30,2.0,0.26486159599924053
1,0.003,14.444444444444445,5,manhattan,brute,40,,0.26486159599924053
1,0.003,14.444444444444445,5,manhattan,brute,40,1.0,0.26486159599924053
1,0.003,14.444444444444445,5,manhattan,brute,40,2.0,0.26486159599924053
1,0.003,14.444444444444445,5,manhattan,brute,50,,0.26486159599924053
1,0.003,14.444444444444445,5,manhattan,brute,50,1.0,0.26486159599924053
1,0.003,14.444444444444445,5,manhattan,brute,50,2.0,0.26486159599924053
1,0.0,14.444444444444445,6,euclidean,auto,10,,-1.0
1,0.0,14.444444444444445,6,euclidean,auto,10,1.0,-1.0
1,0.0,14.444444444444445,6,euclidean,auto,10,2.0,-1.0
1,0.0,14.444444444444445,6,euclidean,auto,20,,-1.0
1,0.0,14.444444444444445,6,euclidean,auto,20,1.0,-1.0
1,0.0,14.444444444444445,6,euclidean,auto,20,2.0,-1.0
1,0.0,14.444444444444445,6,euclidean,auto,30,,-1.0
1,0.0,14.444444444444445,6,euclidean,auto,30,1.0,-1.0
1,0.0,14.444444444444445,6,euclidean,auto,30,2.0,-1.0
1,0.0,14.444444444444445,6,euclidean,auto,40,,-1.0
1,0.0,14.444444444444445,6,euclidean,auto,40,1.0,-1.0
1,0.0,14.444444444444445,6,euclidean,auto,40,2.0,-1.0
1,0.0,14.444444444444445,6,euclidean,auto,50,,-1.0
1,0.0,14.444444444444445,6,euclidean,auto,50,1.0,-1.0
1,0.0,14.444444444444445,6,euclidean,auto,50,2.0,-1.0
1,0.0,14.444444444444445,6,euclidean,ball_tree,10,,-1.0
1,0.0,14.444444444444445,6,euclidean,ball_tree,10,1.0,-1.0
1,0.0,14.444444444444445,6,euclidean,ball_tree,10,2.0,-1.0
1,0.0,14.444444444444445,6,euclidean,ball_tree,20,,-1.0
1,0.0,14.444444444444445,6,euclidean,ball_tree,20,1.0,-1.0
1,0.0,14.444444444444445,6,euclidean,ball_tree,20,2.0,-1.0
1,0.0,14.444444444444445,6,euclidean,ball_tree,30,,-1.0
1,0.0,14.444444444444445,6,euclidean,ball_tree,30,1.0,-1.0
1,0.0,14.444444444444445,6,euclidean,ball_tree,30,2.0,-1.0
1,0.0,14.444444444444445,6,euclidean,ball_tree,40,,-1.0
1,0.0,14.444444444444445,6,euclidean,ball_tree,40,1.0,-1.0
1,0.0,14.444444444444445,6,euclidean,ball_tree,40,2.0,-1.0
1,0.0,14.444444444444445,6,euclidean,ball_tree,50,,-1.0
1,0.0,14.444444444444445,6,euclidean,ball_tree,50,1.0,-1.0
1,0.0,14.444444444444445,6,euclidean,ball_tree,50,2.0,-1.0
1,0.0,14.444444444444445,6,euclidean,kd_tree,10,,-1.0
1,0.0,14.444444444444445,6,euclidean,kd_tree,10,1.0,-1.0
1,0.0,14.444444444444445,6,euclidean,kd_tree,10,2.0,-1.0
1,0.0,14.444444444444445,6,euclidean,kd_tree,20,,-1.0
1,0.0,14.444444444444445,6,euclidean,kd_tree,20,1.0,-1.0
1,0.0,14.444444444444445,6,euclidean,kd_tree,20,2.0,-1.0
1,0.0,14.444444444444445,6,euclidean,kd_tree,30,,-1.0
1,0.0,14.444444444444445,6,euclidean,kd_tree,30,1.0,-1.0
1,0.0,14.444444444444445,6,euclidean,kd_tree,30,2.0,-1.0
1,0.0,14.444444444444445,6,euclidean,kd_tree,40,,-1.0
1,0.0,14.444444444444445,6,euclidean,kd_tree,40,1.0,-1.0
1,0.0,14.444444444444445,6,euclidean,kd_tree,40,2.0,-1.0
1,0.0,14.444444444444445,6,euclidean,kd_tree,50,,-1.0
1,0.0,14.444444444444445,6,euclidean,kd_tree,50,1.0,-1.0
1,0.0,14.444444444444445,6,euclidean,kd_tree,50,2.0,-1.0
1,0.0,14.444444444444445,6,euclidean,brute,10,,-1.0
1,0.0,14.444444444444445,6,euclidean,brute,10,1.0,-1.0
1,0.0,14.444444444444445,6,euclidean,brute,10,2.0,-1.0
1,0.0,14.444444444444445,6,euclidean,brute,20,,-1.0
1,0.0,14.444444444444445,6,euclidean,brute,20,1.0,-1.0
1,0.0,14.444444444444445,6,euclidean,brute,20,2.0,-1.0
1,0.0,14.444444444444445,6,euclidean,brute,30,,-1.0
1,0.0,14.444444444444445,6,euclidean,brute,30,1.0,-1.0
1,0.0,14.444444444444445,6,euclidean,brute,30,2.0,-1.0
1,0.0,14.444444444444445,6,euclidean,brute,40,,-1.0
1,0.0,14.444444444444445,6,euclidean,brute,40,1.0,-1.0
1,0.0,14.444444444444445,6,euclidean,brute,40,2.0,-1.0
1,0.0,14.444444444444445,6,euclidean,brute,50,,-1.0
1,0.0,14.444444444444445,6,euclidean,brute,50,1.0,-1.0
1,0.0,14.444444444444445,6,euclidean,brute,50,2.0,-1.0
1,0.003,14.444444444444445,6,manhattan,auto,10,,0.26486159599924053
1,0.003,14.444444444444445,6,manhattan,auto,10,1.0,0.26486159599924053
1,0.003,14.444444444444445,6,manhattan,auto,10,2.0,0.26486159599924053
1,0.003,14.444444444444445,6,manhattan,auto,20,,0.26486159599924053
1,0.003,14.444444444444445,6,manhattan,auto,20,1.0,0.26486159599924053
1,0.003,14.444444444444445,6,manhattan,auto,20,2.0,0.26486159599924053
1,0.003,14.444444444444445,6,manhattan,auto,30,,0.26486159599924053
1,0.003,14.444444444444445,6,manhattan,auto,30,1.0,0.26486159599924053
1,0.003,14.444444444444445,6,manhattan,auto,30,2.0,0.26486159599924053
1,0.003,14.444444444444445,6,manhattan,auto,40,,0.26486159599924053
1,0.003,14.444444444444445,6,manhattan,auto,40,1.0,0.26486159599924053
1,0.003,14.444444444444445,6,manhattan,auto,40,2.0,0.26486159599924053
1,0.003,14.444444444444445,6,manhattan,auto,50,,0.26486159599924053
1,0.003,14.444444444444445,6,manhattan,auto,50,1.0,0.26486159599924053
1,0.003,14.444444444444445,6,manhattan,auto,50,2.0,0.26486159599924053
1,0.003,14.444444444444445,6,manhattan,ball_tree,10,,0.26486159599924053
1,0.003,14.444444444444445,6,manhattan,ball_tree,10,1.0,0.26486159599924053
1,0.003,14.444444444444445,6,manhattan,ball_tree,10,2.0,0.26486159599924053
1,0.003,14.444444444444445,6,manhattan,ball_tree,20,,0.26486159599924053
1,0.003,14.444444444444445,6,manhattan,ball_tree,20,1.0,0.26486159599924053
1,0.003,14.444444444444445,6,manhattan,ball_tree,20,2.0,0.26486159599924053
1,0.003,14.444444444444445,6,manhattan,ball_tree,30,,0.26486159599924053
1,0.003,14.444444444444445,6,manhattan,ball_tree,30,1.0,0.26486159599924053
1,0.003,14.444444444444445,6,manhattan,ball_tree,30,2.0,0.26486159599924053
1,0.003,14.444444444444445,6,manhattan,ball_tree,40,,0.26486159599924053
1,0.003,14.444444444444445,6,manhattan,ball_tree,40,1.0,0.26486159599924053
1,0.003,14.444444444444445,6,manhattan,ball_tree,40,2.0,0.26486159599924053
1,0.003,14.444444444444445,6,manhattan,ball_tree,50,,0.26486159599924053
1,0.003,14.444444444444445,6,manhattan,ball_tree,50,1.0,0.26486159599924053
1,0.003,14.444444444444445,6,manhattan,ball_tree,50,2.0,0.26486159599924053
1,0.003,14.444444444444445,6,manhattan,kd_tree,10,,0.26486159599924053
1,0.003,14.444444444444445,6,manhattan,kd_tree,10,1.0,0.26486159599924053
1,0.003,14.444444444444445,6,manhattan,kd_tree,10,2.0,0.26486159599924053
1,0.003,14.444444444444445,6,manhattan,kd_tree,20,,0.26486159599924053
1,0.003,14.444444444444445,6,manhattan,kd_tree,20,1.0,0.26486159599924053
1,0.003,14.444444444444445,6,manhattan,kd_tree,20,2.0,0.26486159599924053
1,0.003,14.444444444444445,6,manhattan,kd_tree,30,,0.26486159599924053
1,0.003,14.444444444444445,6,manhattan,kd_tree,30,1.0,0.26486159599924053
1,0.003,14.444444444444445,6,manhattan,kd_tree,30,2.0,0.26486159599924053
1,0.003,14.444444444444445,6,manhattan,kd_tree,40,,0.26486159599924053
1,0.003,14.444444444444445,6,manhattan,kd_tree,40,1.0,0.26486159599924053
1,0.003,14.444444444444445,6,manhattan,kd_tree,40,2.0,0.26486159599924053
1,0.003,14.444444444444445,6,manhattan,kd_tree,50,,0.26486159599924053
1,0.003,14.444444444444445,6,manhattan,kd_tree,50,1.0,0.26486159599924053
1,0.003,14.444444444444445,6,manhattan,kd_tree,50,2.0,0.26486159599924053
1,0.003,14.444444444444445,6,manhattan,brute,10,,0.26486159599924053
1,0.003,14.444444444444445,6,manhattan,brute,10,1.0,0.26486159599924053
1,0.003,14.444444444444445,6,manhattan,brute,10,2.0,0.26486159599924053
1,0.003,14.444444444444445,6,manhattan,brute,20,,0.26486159599924053
1,0.003,14.444444444444445,6,manhattan,brute,20,1.0,0.26486159599924053
1,0.003,14.444444444444445,6,manhattan,brute,20,2.0,0.26486159599924053
1,0.003,14.444444444444445,6,manhattan,brute,30,,0.26486159599924053
1,0.003,14.444444444444445,6,manhattan,brute,30,1.0,0.26486159599924053
1,0.003,14.444444444444445,6,manhattan,brute,30,2.0,0.26486159599924053
1,0.003,14.444444444444445,6,manhattan,brute,40,,0.26486159599924053
1,0.003,14.444444444444445,6,manhattan,brute,40,1.0,0.26486159599924053
1,0.003,14.444444444444445,6,manhattan,brute,40,2.0,0.26486159599924053
1,0.003,14.444444444444445,6,manhattan,brute,50,,0.26486159599924053
1,0.003,14.444444444444445,6,manhattan,brute,50,1.0,0.26486159599924053
1,0.003,14.444444444444445,6,manhattan,brute,50,2.0,0.26486159599924053
1,0.0,14.444444444444445,7,euclidean,auto,10,,-1.0
1,0.0,14.444444444444445,7,euclidean,auto,10,1.0,-1.0
1,0.0,14.444444444444445,7,euclidean,auto,10,2.0,-1.0
1,0.0,14.444444444444445,7,euclidean,auto,20,,-1.0
1,0.0,14.444444444444445,7,euclidean,auto,20,1.0,-1.0
1,0.0,14.444444444444445,7,euclidean,auto,20,2.0,-1.0
1,0.0,14.444444444444445,7,euclidean,auto,30,,-1.0
1,0.0,14.444444444444445,7,euclidean,auto,30,1.0,-1.0
1,0.0,14.444444444444445,7,euclidean,auto,30,2.0,-1.0
1,0.0,14.444444444444445,7,euclidean,auto,40,,-1.0
1,0.0,14.444444444444445,7,euclidean,auto,40,1.0,-1.0
1,0.0,14.444444444444445,7,euclidean,auto,40,2.0,-1.0
1,0.0,14.444444444444445,7,euclidean,auto,50,,-1.0
1,0.0,14.444444444444445,7,euclidean,auto,50,1.0,-1.0
1,0.0,14.444444444444445,7,euclidean,auto,50,2.0,-1.0
1,0.0,14.444444444444445,7,euclidean,ball_tree,10,,-1.0
1,0.0,14.444444444444445,7,euclidean,ball_tree,10,1.0,-1.0
1,0.0,14.444444444444445,7,euclidean,ball_tree,10,2.0,-1.0
1,0.0,14.444444444444445,7,euclidean,ball_tree,20,,-1.0
1,0.0,14.444444444444445,7,euclidean,ball_tree,20,1.0,-1.0
1,0.0,14.444444444444445,7,euclidean,ball_tree,20,2.0,-1.0
1,0.0,14.444444444444445,7,euclidean,ball_tree,30,,-1.0
1,0.0,14.444444444444445,7,euclidean,ball_tree,30,1.0,-1.0
1,0.0,14.444444444444445,7,euclidean,ball_tree,30,2.0,-1.0
1,0.0,14.444444444444445,7,euclidean,ball_tree,40,,-1.0
1,0.0,14.444444444444445,7,euclidean,ball_tree,40,1.0,-1.0
1,0.0,14.444444444444445,7,euclidean,ball_tree,40,2.0,-1.0
1,0.0,14.444444444444445,7,euclidean,ball_tree,50,,-1.0
1,0.0,14.444444444444445,7,euclidean,ball_tree,50,1.0,-1.0
1,0.0,14.444444444444445,7,euclidean,ball_tree,50,2.0,-1.0
1,0.0,14.444444444444445,7,euclidean,kd_tree,10,,-1.0
1,0.0,14.444444444444445,7,euclidean,kd_tree,10,1.0,-1.0
1,0.0,14.444444444444445,7,euclidean,kd_tree,10,2.0,-1.0
1,0.0,14.444444444444445,7,euclidean,kd_tree,20,,-1.0
1,0.0,14.444444444444445,7,euclidean,kd_tree,20,1.0,-1.0
1,0.0,14.444444444444445,7,euclidean,kd_tree,20,2.0,-1.0
1,0.0,14.444444444444445,7,euclidean,kd_tree,30,,-1.0
1,0.0,14.444444444444445,7,euclidean,kd_tree,30,1.0,-1.0
1,0.0,14.444444444444445,7,euclidean,kd_tree,30,2.0,-1.0
1,0.0,14.444444444444445,7,euclidean,kd_tree,40,,-1.0
1,0.0,14.444444444444445,7,euclidean,kd_tree,40,1.0,-1.0
1,0.0,14.444444444444445,7,euclidean,kd_tree,40,2.0,-1.0
1,0.0,14.444444444444445,7,euclidean,kd_tree,50,,-1.0
1,0.0,14.444444444444445,7,euclidean,kd_tree,50,1.0,-1.0
1,0.0,14.444444444444445,7,euclidean,kd_tree,50,2.0,-1.0
1,0.0,14.444444444444445,7,euclidean,brute,10,,-1.0
1,0.0,14.444444444444445,7,euclidean,brute,10,1.0,-1.0
1,0.0,14.444444444444445,7,euclidean,brute,10,2.0,-1.0
1,0.0,14.444444444444445,7,euclidean,brute,20,,-1.0
1,0.0,14.444444444444445,7,euclidean,brute,20,1.0,-1.0
1,0.0,14.444444444444445,7,euclidean,brute,20,2.0,-1.0
1,0.0,14.444444444444445,7,euclidean,brute,30,,-1.0
1,0.0,14.444444444444445,7,euclidean,brute,30,1.0,-1.0
1,0.0,14.444444444444445,7,euclidean,brute,30,2.0,-1.0
1,0.0,14.444444444444445,7,euclidean,brute,40,,-1.0
1,0.0,14.444444444444445,7,euclidean,brute,40,1.0,-1.0
1,0.0,14.444444444444445,7,euclidean,brute,40,2.0,-1.0
1,0.0,14.444444444444445,7,euclidean,brute,50,,-1.0
1,0.0,14.444444444444445,7,euclidean,brute,50,1.0,-1.0
1,0.0,14.444444444444445,7,euclidean,brute,50,2.0,-1.0
1,0.004,14.444444444444445,7,manhattan,auto,10,,0.2565745683873266
1,0.004,14.444444444444445,7,manhattan,auto,10,1.0,0.2565745683873266
1,0.004,14.444444444444445,7,manhattan,auto,10,2.0,0.2565745683873266
1,0.004,14.444444444444445,7,manhattan,auto,20,,0.2565745683873266
1,0.004,14.444444444444445,7,manhattan,auto,20,1.0,0.2565745683873266
1,0.004,14.444444444444445,7,manhattan,auto,20,2.0,0.2565745683873266
1,0.004,14.444444444444445,7,manhattan,auto,30,,0.2565745683873266
1,0.004,14.444444444444445,7,manhattan,auto,30,1.0,0.2565745683873266
1,0.004,14.444444444444445,7,manhattan,auto,30,2.0,0.2565745683873266
1,0.004,14.444444444444445,7,manhattan,auto,40,,0.2565745683873266
1,0.004,14.444444444444445,7,manhattan,auto,40,1.0,0.2565745683873266
1,0.004,14.444444444444445,7,manhattan,auto,40,2.0,0.2565745683873266
1,0.004,14.444444444444445,7,manhattan,auto,50,,0.2565745683873266
1,0.004,14.444444444444445,7,manhattan,auto,50,1.0,0.2565745683873266
1,0.004,14.444444444444445,7,manhattan,auto,50,2.0,0.2565745683873266
1,0.004,14.444444444444445,7,manhattan,ball_tree,10,,0.2565745683873266
1,0.004,14.444444444444445,7,manhattan,ball_tree,10,1.0,0.2565745683873266
1,0.004,14.444444444444445,7,manhattan,ball_tree,10,2.0,0.2565745683873266
1,0.004,14.444444444444445,7,manhattan,ball_tree,20,,0.2565745683873266
1,0.004,14.444444444444445,7,manhattan,ball_tree,20,1.0,0.2565745683873266
1,0.004,14.444444444444445,7,manhattan,ball_tree,20,2.0,0.2565745683873266
1,0.004,14.444444444444445,7,manhattan,ball_tree,30,,0.2565745683873266
1,0.004,14.444444444444445,7,manhattan,ball_tree,30,1.0,0.2565745683873266
1,0.004,14.444444444444445,7,manhattan,ball_tree,30,2.0,0.2565745683873266
1,0.004,14.444444444444445,7,manhattan,ball_tree,40,,0.2565745683873266
1,0.004,14.444444444444445,7,manhattan,ball_tree,40,1.0,0.2565745683873266
1,0.004,14.444444444444445,7,manhattan,ball_tree,40,2.0,0.2565745683873266
1,0.004,14.444444444444445,7,manhattan,ball_tree,50,,0.2565745683873266
1,0.004,14.444444444444445,7,manhattan,ball_tree,50,1.0,0.2565745683873266
1,0.004,14.444444444444445,7,manhattan,ball_tree,50,2.0,0.2565745683873266
1,0.004,14.444444444444445,7,manhattan,kd_tree,10,,0.2565745683873266
1,0.004,14.444444444444445,7,manhattan,kd_tree,10,1.0,0.2565745683873266
1,0.004,14.444444444444445,7,manhattan,kd_tree,10,2.0,0.2565745683873266
1,0.004,14.444444444444445,7,manhattan,kd_tree,20,,0.2565745683873266
1,0.004,14.444444444444445,7,manhattan,kd_tree,20,1.0,0.2565745683873266
1,0.004,14.444444444444445,7,manhattan,kd_tree,20,2.0,0.2565745683873266
1,0.004,14.444444444444445,7,manhattan,kd_tree,30,,0.2565745683873266
1,0.004,14.444444444444445,7,manhattan,kd_tree,30,1.0,0.2565745683873266
1,0.004,14.444444444444445,7,manhattan,kd_tree,30,2.0,0.2565745683873266
1,0.004,14.444444444444445,7,manhattan,kd_tree,40,,0.2565745683873266
1,0.004,14.444444444444445,7,manhattan,kd_tree,40,1.0,0.2565745683873266
1,0.004,14.444444444444445,7,manhattan,kd_tree,40,2.0,0.2565745683873266
1,0.004,14.444444444444445,7,manhattan,kd_tree,50,,0.2565745683873266
1,0.004,14.444444444444445,7,manhattan,kd_tree,50,1.0,0.2565745683873266
1,0.004,14.444444444444445,7,manhattan,kd_tree,50,2.0,0.2565745683873266
1,0.004,14.444444444444445,7,manhattan,brute,10,,0.2565745683873266
1,0.004,14.444444444444445,7,manhattan,brute,10,1.0,0.2565745683873266
1,0.004,14.444444444444445,7,manhattan,brute,10,2.0,0.2565745683873266
1,0.004,14.444444444444445,7,manhattan,brute,20,,0.2565745683873266
1,0.004,14.444444444444445,7,manhattan,brute,20,1.0,0.2565745683873266
1,0.004,14.444444444444445,7,manhattan,brute,20,2.0,0.2565745683873266
1,0.004,14.444444444444445,7,manhattan,brute,30,,0.2565745683873266
1,0.004,14.444444444444445,7,manhattan,brute,30,1.0,0.2565745683873266
1,0.004,14.444444444444445,7,manhattan,brute,30,2.0,0.2565745683873266
1,0.004,14.444444444444445,7,manhattan,brute,40,,0.2565745683873266
1,0.004,14.444444444444445,7,manhattan,brute,40,1.0,0.2565745683873266
1,0.004,14.444444444444445,7,manhattan,brute,40,2.0,0.2565745683873266
1,0.004,14.444444444444445,7,manhattan,brute,50,,0.2565745683873266
1,0.004,14.444444444444445,7,manhattan,brute,50,1.0,0.2565745683873266
1,0.004,14.444444444444445,7,manhattan,brute,50,2.0,0.2565745683873266
1,0.0,14.444444444444445,8,euclidean,auto,10,,-1.0
1,0.0,14.444444444444445,8,euclidean,auto,10,1.0,-1.0
1,0.0,14.444444444444445,8,euclidean,auto,10,2.0,-1.0
1,0.0,14.444444444444445,8,euclidean,auto,20,,-1.0
1,0.0,14.444444444444445,8,euclidean,auto,20,1.0,-1.0
1,0.0,14.444444444444445,8,euclidean,auto,20,2.0,-1.0
1,0.0,14.444444444444445,8,euclidean,auto,30,,-1.0
1,0.0,14.444444444444445,8,euclidean,auto,30,1.0,-1.0
1,0.0,14.444444444444445,8,euclidean,auto,30,2.0,-1.0
1,0.0,14.444444444444445,8,euclidean,auto,40,,-1.0
1,0.0,14.444444444444445,8,euclidean,auto,40,1.0,-1.0
1,0.0,14.444444444444445,8,euclidean,auto,40,2.0,-1.0
1,0.0,14.444444444444445,8,euclidean,auto,50,,-1.0
1,0.0,14.444444444444445,8,euclidean,auto,50,1.0,-1.0
1,0.0,14.444444444444445,8,euclidean,auto,50,2.0,-1.0
1,0.0,14.444444444444445,8,euclidean,ball_tree,10,,-1.0
1,0.0,14.444444444444445,8,euclidean,ball_tree,10,1.0,-1.0
1,0.0,14.444444444444445,8,euclidean,ball_tree,10,2.0,-1.0
1,0.0,14.444444444444445,8,euclidean,ball_tree,20,,-1.0
1,0.0,14.444444444444445,8,euclidean,ball_tree,20,1.0,-1.0
1,0.0,14.444444444444445,8,euclidean,ball_tree,20,2.0,-1.0
1,0.0,14.444444444444445,8,euclidean,ball_tree,30,,-1.0
1,0.0,14.444444444444445,8,euclidean,ball_tree,30,1.0,-1.0
1,0.0,14.444444444444445,8,euclidean,ball_tree,30,2.0,-1.0
1,0.0,14.444444444444445,8,euclidean,ball_tree,40,,-1.0
1,0.0,14.444444444444445,8,euclidean,ball_tree,40,1.0,-1.0
1,0.0,14.444444444444445,8,euclidean,ball_tree,40,2.0,-1.0
1,0.0,14.444444444444445,8,euclidean,ball_tree,50,,-1.0
1,0.0,14.444444444444445,8,euclidean,ball_tree,50,1.0,-1.0
1,0.0,14.444444444444445,8,euclidean,ball_tree,50,2.0,-1.0
1,0.0,14.444444444444445,8,euclidean,kd_tree,10,,-1.0
1,0.0,14.444444444444445,8,euclidean,kd_tree,10,1.0,-1.0
1,0.0,14.444444444444445,8,euclidean,kd_tree,10,2.0,-1.0
1,0.0,14.444444444444445,8,euclidean,kd_tree,20,,-1.0
1,0.0,14.444444444444445,8,euclidean,kd_tree,20,1.0,-1.0
1,0.0,14.444444444444445,8,euclidean,kd_tree,20,2.0,-1.0
1,0.0,14.444444444444445,8,euclidean,kd_tree,30,,-1.0
1,0.0,14.444444444444445,8,euclidean,kd_tree,30,1.0,-1.0
1,0.0,14.444444444444445,8,euclidean,kd_tree,30,2.0,-1.0
1,0.0,14.444444444444445,8,euclidean,kd_tree,40,,-1.0
1,0.0,14.444444444444445,8,euclidean,kd_tree,40,1.0,-1.0
1,0.0,14.444444444444445,8,euclidean,kd_tree,40,2.0,-1.0
1,0.0,14.444444444444445,8,euclidean,kd_tree,50,,-1.0
1,0.0,14.444444444444445,8,euclidean,kd_tree,50,1.0,-1.0
1,0.0,14.444444444444445,8,euclidean,kd_tree,50,2.0,-1.0
1,0.0,14.444444444444445,8,euclidean,brute,10,,-1.0
1,0.0,14.444444444444445,8,euclidean,brute,10,1.0,-1.0
1,0.0,14.444444444444445,8,euclidean,brute,10,2.0,-1.0
1,0.0,14.444444444444445,8,euclidean,brute,20,,-1.0
1,0.0,14.444444444444445,8,euclidean,brute,20,1.0,-1.0
1,0.0,14.444444444444445,8,euclidean,brute,20,2.0,-1.0
1,0.0,14.444444444444445,8,euclidean,brute,30,,-1.0
1,0.0,14.444444444444445,8,euclidean,brute,30,1.0,-1.0
1,0.0,14.444444444444445,8,euclidean,brute,30,2.0,-1.0
1,0.0,14.444444444444445,8,euclidean,brute,40,,-1.0
1,0.0,14.444444444444445,8,euclidean,brute,40,1.0,-1.0
1,0.0,14.444444444444445,8,euclidean,brute,40,2.0,-1.0
1,0.0,14.444444444444445,8,euclidean,brute,50,,-1.0
1,0.0,14.444444444444445,8,euclidean,brute,50,1.0,-1.0
1,0.0,14.444444444444445,8,euclidean,brute,50,2.0,-1.0
1,0.004,14.444444444444445,8,manhattan,auto,10,,0.2565745683873266
1,0.004,14.444444444444445,8,manhattan,auto,10,1.0,0.2565745683873266
1,0.004,14.444444444444445,8,manhattan,auto,10,2.0,0.2565745683873266
1,0.004,14.444444444444445,8,manhattan,auto,20,,0.2565745683873266
1,0.004,14.444444444444445,8,manhattan,auto,20,1.0,0.2565745683873266
1,0.004,14.444444444444445,8,manhattan,auto,20,2.0,0.2565745683873266
1,0.004,14.444444444444445,8,manhattan,auto,30,,0.2565745683873266
1,0.004,14.444444444444445,8,manhattan,auto,30,1.0,0.2565745683873266
1,0.004,14.444444444444445,8,manhattan,auto,30,2.0,0.2565745683873266
1,0.004,14.444444444444445,8,manhattan,auto,40,,0.2565745683873266
1,0.004,14.444444444444445,8,manhattan,auto,40,1.0,0.2565745683873266
1,0.004,14.444444444444445,8,manhattan,auto,40,2.0,0.2565745683873266
1,0.004,14.444444444444445,8,manhattan,auto,50,,0.2565745683873266
1,0.004,14.444444444444445,8,manhattan,auto,50,1.0,0.2565745683873266
1,0.004,14.444444444444445,8,manhattan,auto,50,2.0,0.2565745683873266
1,0.004,14.444444444444445,8,manhattan,ball_tree,10,,0.2565745683873266
1,0.004,14.444444444444445,8,manhattan,ball_tree,10,1.0,0.2565745683873266
1,0.004,14.444444444444445,8,manhattan,ball_tree,10,2.0,0.2565745683873266
1,0.004,14.444444444444445,8,manhattan,ball_tree,20,,0.2565745683873266
1,0.004,14.444444444444445,8,manhattan,ball_tree,20,1.0,0.2565745683873266
1,0.004,14.444444444444445,8,manhattan,ball_tree,20,2.0,0.2565745683873266
1,0.004,14.444444444444445,8,manhattan,ball_tree,30,,0.2565745683873266
1,0.004,14.444444444444445,8,manhattan,ball_tree,30,1.0,0.2565745683873266
1,0.004,14.444444444444445,8,manhattan,ball_tree,30,2.0,0.2565745683873266
1,0.004,14.444444444444445,8,manhattan,ball_tree,40,,0.2565745683873266
1,0.004,14.444444444444445,8,manhattan,ball_tree,40,1.0,0.2565745683873266
1,0.004,14.444444444444445,8,manhattan,ball_tree,40,2.0,0.2565745683873266
1,0.004,14.444444444444445,8,manhattan,ball_tree,50,,0.2565745683873266
1,0.004,14.444444444444445,8,manhattan,ball_tree,50,1.0,0.2565745683873266
1,0.004,14.444444444444445,8,manhattan,ball_tree,50,2.0,0.2565745683873266
1,0.004,14.444444444444445,8,manhattan,kd_tree,10,,0.2565745683873266
1,0.004,14.444444444444445,8,manhattan,kd_tree,10,1.0,0.2565745683873266
1,0.004,14.444444444444445,8,manhattan,kd_tree,10,2.0,0.2565745683873266
1,0.004,14.444444444444445,8,manhattan,kd_tree,20,,0.2565745683873266
1,0.004,14.444444444444445,8,manhattan,kd_tree,20,1.0,0.2565745683873266
1,0.004,14.444444444444445,8,manhattan,kd_tree,20,2.0,0.2565745683873266
1,0.004,14.444444444444445,8,manhattan,kd_tree,30,,0.2565745683873266
1,0.004,14.444444444444445,8,manhattan,kd_tree,30,1.0,0.2565745683873266
1,0.004,14.444444444444445,8,manhattan,kd_tree,30,2.0,0.2565745683873266
1,0.004,14.444444444444445,8,manhattan,kd_tree,40,,0.2565745683873266
1,0.004,14.444444444444445,8,manhattan,kd_tree,40,1.0,0.2565745683873266
1,0.004,14.444444444444445,8,manhattan,kd_tree,40,2.0,0.2565745683873266
1,0.004,14.444444444444445,8,manhattan,kd_tree,50,,0.2565745683873266
1,0.004,14.444444444444445,8,manhattan,kd_tree,50,1.0,0.2565745683873266
1,0.004,14.444444444444445,8,manhattan,kd_tree,50,2.0,0.2565745683873266
1,0.004,14.444444444444445,8,manhattan,brute,10,,0.2565745683873266
1,0.004,14.444444444444445,8,manhattan,brute,10,1.0,0.2565745683873266
1,0.004,14.444444444444445,8,manhattan,brute,10,2.0,0.2565745683873266
1,0.004,14.444444444444445,8,manhattan,brute,20,,0.2565745683873266
1,0.004,14.444444444444445,8,manhattan,brute,20,1.0,0.2565745683873266
1,0.004,14.444444444444445,8,manhattan,brute,20,2.0,0.2565745683873266
1,0.004,14.444444444444445,8,manhattan,brute,30,,0.2565745683873266
1,0.004,14.444444444444445,8,manhattan,brute,30,1.0,0.2565745683873266
1,0.004,14.444444444444445,8,manhattan,brute,30,2.0,0.2565745683873266
1,0.004,14.444444444444445,8,manhattan,brute,40,,0.2565745683873266
1,0.004,14.444444444444445,8,manhattan,brute,40,1.0,0.2565745683873266
1,0.004,14.444444444444445,8,manhattan,brute,40,2.0,0.2565745683873266
1,0.004,14.444444444444445,8,manhattan,brute,50,,0.2565745683873266
1,0.004,14.444444444444445,8,manhattan,brute,50,1.0,0.2565745683873266
1,0.004,14.444444444444445,8,manhattan,brute,50,2.0,0.2565745683873266
1,0.0,14.444444444444445,9,euclidean,auto,10,,-1.0
1,0.0,14.444444444444445,9,euclidean,auto,10,1.0,-1.0
1,0.0,14.444444444444445,9,euclidean,auto,10,2.0,-1.0
1,0.0,14.444444444444445,9,euclidean,auto,20,,-1.0
1,0.0,14.444444444444445,9,euclidean,auto,20,1.0,-1.0
1,0.0,14.444444444444445,9,euclidean,auto,20,2.0,-1.0
1,0.0,14.444444444444445,9,euclidean,auto,30,,-1.0
1,0.0,14.444444444444445,9,euclidean,auto,30,1.0,-1.0
1,0.0,14.444444444444445,9,euclidean,auto,30,2.0,-1.0
1,0.0,14.444444444444445,9,euclidean,auto,40,,-1.0
1,0.0,14.444444444444445,9,euclidean,auto,40,1.0,-1.0
1,0.0,14.444444444444445,9,euclidean,auto,40,2.0,-1.0
1,0.0,14.444444444444445,9,euclidean,auto,50,,-1.0
1,0.0,14.444444444444445,9,euclidean,auto,50,1.0,-1.0
1,0.0,14.444444444444445,9,euclidean,auto,50,2.0,-1.0
1,0.0,14.444444444444445,9,euclidean,ball_tree,10,,-1.0
1,0.0,14.444444444444445,9,euclidean,ball_tree,10,1.0,-1.0
1,0.0,14.444444444444445,9,euclidean,ball_tree,10,2.0,-1.0
1,0.0,14.444444444444445,9,euclidean,ball_tree,20,,-1.0
1,0.0,14.444444444444445,9,euclidean,ball_tree,20,1.0,-1.0
1,0.0,14.444444444444445,9,euclidean,ball_tree,20,2.0,-1.0
1,0.0,14.444444444444445,9,euclidean,ball_tree,30,,-1.0
1,0.0,14.444444444444445,9,euclidean,ball_tree,30,1.0,-1.0
1,0.0,14.444444444444445,9,euclidean,ball_tree,30,2.0,-1.0
1,0.0,14.444444444444445,9,euclidean,ball_tree,40,,-1.0
1,0.0,14.444444444444445,9,euclidean,ball_tree,40,1.0,-1.0
1,0.0,14.444444444444445,9,euclidean,ball_tree,40,2.0,-1.0
1,0.0,14.444444444444445,9,euclidean,ball_tree,50,,-1.0
1,0.0,14.444444444444445,9,euclidean,ball_tree,50,1.0,-1.0
1,0.0,14.444444444444445,9,euclidean,ball_tree,50,2.0,-1.0
1,0.0,14.444444444444445,9,euclidean,kd_tree,10,,-1.0
1,0.0,14.444444444444445,9,euclidean,kd_tree,10,1.0,-1.0
1,0.0,14.444444444444445,9,euclidean,kd_tree,10,2.0,-1.0
1,0.0,14.444444444444445,9,euclidean,kd_tree,20,,-1.0
1,0.0,14.444444444444445,9,euclidean,kd_tree,20,1.0,-1.0
1,0.0,14.444444444444445,9,euclidean,kd_tree,20,2.0,-1.0
1,0.0,14.444444444444445,9,euclidean,kd_tree,30,,-1.0
1,0.0,14.444444444444445,9,euclidean,kd_tree,30,1.0,-1.0
1,0.0,14.444444444444445,9,euclidean,kd_tree,30,2.0,-1.0
1,0.0,14.444444444444445,9,euclidean,kd_tree,40,,-1.0
1,0.0,14.444444444444445,9,euclidean,kd_tree,40,1.0,-1.0
1,0.0,14.444444444444445,9,euclidean,kd_tree,40,2.0,-1.0
1,0.0,14.444444444444445,9,euclidean,kd_tree,50,,-1.0
1,0.0,14.444444444444445,9,euclidean,kd_tree,50,1.0,-1.0
1,0.0,14.444444444444445,9,euclidean,kd_tree,50,2.0,-1.0
1,0.0,14.444444444444445,9,euclidean,brute,10,,-1.0
1,0.0,14.444444444444445,9,euclidean,brute,10,1.0,-1.0
1,0.0,14.444444444444445,9,euclidean,brute,10,2.0,-1.0
1,0.0,14.444444444444445,9,euclidean,brute,20,,-1.0
1,0.0,14.444444444444445,9,euclidean,brute,20,1.0,-1.0
1,0.0,14.444444444444445,9,euclidean,brute,20,2.0,-1.0
1,0.0,14.444444444444445,9,euclidean,brute,30,,-1.0
1,0.0,14.444444444444445,9,euclidean,brute,30,1.0,-1.0
1,0.0,14.444444444444445,9,euclidean,brute,30,2.0,-1.0
1,0.0,14.444444444444445,9,euclidean,brute,40,,-1.0
1,0.0,14.444444444444445,9,euclidean,brute,40,1.0,-1.0
1,0.0,14.444444444444445,9,euclidean,brute,40,2.0,-1.0
1,0.0,14.444444444444445,9,euclidean,brute,50,,-1.0
1,0.0,14.444444444444445,9,euclidean,brute,50,1.0,-1.0
1,0.0,14.444444444444445,9,euclidean,brute,50,2.0,-1.0
1,0.004,14.444444444444445,9,manhattan,auto,10,,0.2565745683873266
1,0.004,14.444444444444445,9,manhattan,auto,10,1.0,0.2565745683873266
1,0.004,14.444444444444445,9,manhattan,auto,10,2.0,0.2565745683873266
1,0.004,14.444444444444445,9,manhattan,auto,20,,0.2565745683873266
1,0.004,14.444444444444445,9,manhattan,auto,20,1.0,0.2565745683873266
1,0.004,14.444444444444445,9,manhattan,auto,20,2.0,0.2565745683873266
1,0.004,14.444444444444445,9,manhattan,auto,30,,0.2565745683873266
1,0.004,14.444444444444445,9,manhattan,auto,30,1.0,0.2565745683873266
1,0.004,14.444444444444445,9,manhattan,auto,30,2.0,0.2565745683873266
1,0.004,14.444444444444445,9,manhattan,auto,40,,0.2565745683873266
1,0.004,14.444444444444445,9,manhattan,auto,40,1.0,0.2565745683873266
1,0.004,14.444444444444445,9,manhattan,auto,40,2.0,0.2565745683873266
1,0.004,14.444444444444445,9,manhattan,auto,50,,0.2565745683873266
1,0.004,14.444444444444445,9,manhattan,auto,50,1.0,0.2565745683873266
1,0.004,14.444444444444445,9,manhattan,auto,50,2.0,0.2565745683873266
1,0.004,14.444444444444445,9,manhattan,ball_tree,10,,0.2565745683873266
1,0.004,14.444444444444445,9,manhattan,ball_tree,10,1.0,0.2565745683873266
1,0.004,14.444444444444445,9,manhattan,ball_tree,10,2.0,0.2565745683873266
1,0.004,14.444444444444445,9,manhattan,ball_tree,20,,0.2565745683873266
1,0.004,14.444444444444445,9,manhattan,ball_tree,20,1.0,0.2565745683873266
1,0.004,14.444444444444445,9,manhattan,ball_tree,20,2.0,0.2565745683873266
1,0.004,14.444444444444445,9,manhattan,ball_tree,30,,0.2565745683873266
1,0.004,14.444444444444445,9,manhattan,ball_tree,30,1.0,0.2565745683873266
1,0.004,14.444444444444445,9,manhattan,ball_tree,30,2.0,0.2565745683873266
1,0.004,14.444444444444445,9,manhattan,ball_tree,40,,0.2565745683873266
1,0.004,14.444444444444445,9,manhattan,ball_tree,40,1.0,0.2565745683873266
1,0.004,14.444444444444445,9,manhattan,ball_tree,40,2.0,0.2565745683873266
1,0.004,14.444444444444445,9,manhattan,ball_tree,50,,0.2565745683873266
1,0.004,14.444444444444445,9,manhattan,ball_tree,50,1.0,0.2565745683873266
1,0.004,14.444444444444445,9,manhattan,ball_tree,50,2.0,0.2565745683873266
1,0.004,14.444444444444445,9,manhattan,kd_tree,10,,0.2565745683873266
1,0.004,14.444444444444445,9,manhattan,kd_tree,10,1.0,0.2565745683873266
1,0.004,14.444444444444445,9,manhattan,kd_tree,10,2.0,0.2565745683873266
1,0.004,14.444444444444445,9,manhattan,kd_tree,20,,0.2565745683873266
1,0.004,14.444444444444445,9,manhattan,kd_tree,20,1.0,0.2565745683873266
1,0.004,14.444444444444445,9,manhattan,kd_tree,20,2.0,0.2565745683873266
1,0.004,14.444444444444445,9,manhattan,kd_tree,30,,0.2565745683873266
1,0.004,14.444444444444445,9,manhattan,kd_tree,30,1.0,0.2565745683873266
1,0.004,14.444444444444445,9,manhattan,kd_tree,30,2.0,0.2565745683873266
1,0.004,14.444444444444445,9,manhattan,kd_tree,40,,0.2565745683873266
1,0.004,14.444444444444445,9,manhattan,kd_tree,40,1.0,0.2565745683873266
1,0.004,14.444444444444445,9,manhattan,kd_tree,40,2.0,0.2565745683873266
1,0.004,14.444444444444445,9,manhattan,kd_tree,50,,0.2565745683873266
1,0.004,14.444444444444445,9,manhattan,kd_tree,50,1.0,0.2565745683873266
1,0.004,14.444444444444445,9,manhattan,kd_tree,50,2.0,0.2565745683873266
1,0.004,14.444444444444445,9,manhattan,brute,10,,0.2565745683873266
1,0.004,14.444444444444445,9,manhattan,brute,10,1.0,0.2565745683873266
1,0.004,14.444444444444445,9,manhattan,brute,10,2.0,0.2565745683873266
1,0.004,14.444444444444445,9,manhattan,brute,20,,0.2565745683873266
1,0.004,14.444444444444445,9,manhattan,brute,20,1.0,0.2565745683873266
1,0.004,14.444444444444445,9,manhattan,brute,20,2.0,0.2565745683873266
1,0.004,14.444444444444445,9,manhattan,brute,30,,0.2565745683873266
1,0.004,14.444444444444445,9,manhattan,brute,30,1.0,0.2565745683873266
1,0.004,14.444444444444445,9,manhattan,brute,30,2.0,0.2565745683873266
1,0.004,14.444444444444445,9,manhattan,brute,40,,0.2565745683873266
1,0.004,14.444444444444445,9,manhattan,brute,40,1.0,0.2565745683873266
1,0.004,14.444444444444445,9,manhattan,brute,40,2.0,0.2565745683873266
1,0.004,14.444444444444445,9,manhattan,brute,50,,0.2565745683873266
1,0.004,14.444444444444445,9,manhattan,brute,50,1.0,0.2565745683873266
1,0.004,14.444444444444445,9,manhattan,brute,50,2.0,0.2565745683873266
1,0.0,15.555555555555555,2,euclidean,auto,10,,-1.0
1,0.0,15.555555555555555,2,euclidean,auto,10,1.0,-1.0
1,0.0,15.555555555555555,2,euclidean,auto,10,2.0,-1.0
1,0.0,15.555555555555555,2,euclidean,auto,20,,-1.0
1,0.0,15.555555555555555,2,euclidean,auto,20,1.0,-1.0
1,0.0,15.555555555555555,2,euclidean,auto,20,2.0,-1.0
1,0.0,15.555555555555555,2,euclidean,auto,30,,-1.0
1,0.0,15.555555555555555,2,euclidean,auto,30,1.0,-1.0
1,0.0,15.555555555555555,2,euclidean,auto,30,2.0,-1.0
1,0.0,15.555555555555555,2,euclidean,auto,40,,-1.0
1,0.0,15.555555555555555,2,euclidean,auto,40,1.0,-1.0
1,0.0,15.555555555555555,2,euclidean,auto,40,2.0,-1.0
1,0.0,15.555555555555555,2,euclidean,auto,50,,-1.0
1,0.0,15.555555555555555,2,euclidean,auto,50,1.0,-1.0
1,0.0,15.555555555555555,2,euclidean,auto,50,2.0,-1.0
1,0.0,15.555555555555555,2,euclidean,ball_tree,10,,-1.0
1,0.0,15.555555555555555,2,euclidean,ball_tree,10,1.0,-1.0
1,0.0,15.555555555555555,2,euclidean,ball_tree,10,2.0,-1.0
1,0.0,15.555555555555555,2,euclidean,ball_tree,20,,-1.0
1,0.0,15.555555555555555,2,euclidean,ball_tree,20,1.0,-1.0
1,0.0,15.555555555555555,2,euclidean,ball_tree,20,2.0,-1.0
1,0.0,15.555555555555555,2,euclidean,ball_tree,30,,-1.0
1,0.0,15.555555555555555,2,euclidean,ball_tree,30,1.0,-1.0
1,0.0,15.555555555555555,2,euclidean,ball_tree,30,2.0,-1.0
1,0.0,15.555555555555555,2,euclidean,ball_tree,40,,-1.0
1,0.0,15.555555555555555,2,euclidean,ball_tree,40,1.0,-1.0
1,0.0,15.555555555555555,2,euclidean,ball_tree,40,2.0,-1.0
1,0.0,15.555555555555555,2,euclidean,ball_tree,50,,-1.0
1,0.0,15.555555555555555,2,euclidean,ball_tree,50,1.0,-1.0
1,0.0,15.555555555555555,2,euclidean,ball_tree,50,2.0,-1.0
1,0.0,15.555555555555555,2,euclidean,kd_tree,10,,-1.0
1,0.0,15.555555555555555,2,euclidean,kd_tree,10,1.0,-1.0
1,0.0,15.555555555555555,2,euclidean,kd_tree,10,2.0,-1.0
1,0.0,15.555555555555555,2,euclidean,kd_tree,20,,-1.0
1,0.0,15.555555555555555,2,euclidean,kd_tree,20,1.0,-1.0
1,0.0,15.555555555555555,2,euclidean,kd_tree,20,2.0,-1.0
1,0.0,15.555555555555555,2,euclidean,kd_tree,30,,-1.0
1,0.0,15.555555555555555,2,euclidean,kd_tree,30,1.0,-1.0
1,0.0,15.555555555555555,2,euclidean,kd_tree,30,2.0,-1.0
1,0.0,15.555555555555555,2,euclidean,kd_tree,40,,-1.0
1,0.0,15.555555555555555,2,euclidean,kd_tree,40,1.0,-1.0
1,0.0,15.555555555555555,2,euclidean,kd_tree,40,2.0,-1.0
1,0.0,15.555555555555555,2,euclidean,kd_tree,50,,-1.0
1,0.0,15.555555555555555,2,euclidean,kd_tree,50,1.0,-1.0
1,0.0,15.555555555555555,2,euclidean,kd_tree,50,2.0,-1.0
1,0.0,15.555555555555555,2,euclidean,brute,10,,-1.0
1,0.0,15.555555555555555,2,euclidean,brute,10,1.0,-1.0
1,0.0,15.555555555555555,2,euclidean,brute,10,2.0,-1.0
1,0.0,15.555555555555555,2,euclidean,brute,20,,-1.0
1,0.0,15.555555555555555,2,euclidean,brute,20,1.0,-1.0
1,0.0,15.555555555555555,2,euclidean,brute,20,2.0,-1.0
1,0.0,15.555555555555555,2,euclidean,brute,30,,-1.0
1,0.0,15.555555555555555,2,euclidean,brute,30,1.0,-1.0
1,0.0,15.555555555555555,2,euclidean,brute,30,2.0,-1.0
1,0.0,15.555555555555555,2,euclidean,brute,40,,-1.0
1,0.0,15.555555555555555,2,euclidean,brute,40,1.0,-1.0
1,0.0,15.555555555555555,2,euclidean,brute,40,2.0,-1.0
1,0.0,15.555555555555555,2,euclidean,brute,50,,-1.0
1,0.0,15.555555555555555,2,euclidean,brute,50,1.0,-1.0
1,0.0,15.555555555555555,2,euclidean,brute,50,2.0,-1.0
1,0.0,15.555555555555555,2,manhattan,auto,10,,-1.0
1,0.0,15.555555555555555,2,manhattan,auto,10,1.0,-1.0
1,0.0,15.555555555555555,2,manhattan,auto,10,2.0,-1.0
1,0.0,15.555555555555555,2,manhattan,auto,20,,-1.0
1,0.0,15.555555555555555,2,manhattan,auto,20,1.0,-1.0
1,0.0,15.555555555555555,2,manhattan,auto,20,2.0,-1.0
1,0.0,15.555555555555555,2,manhattan,auto,30,,-1.0
1,0.0,15.555555555555555,2,manhattan,auto,30,1.0,-1.0
1,0.0,15.555555555555555,2,manhattan,auto,30,2.0,-1.0
1,0.0,15.555555555555555,2,manhattan,auto,40,,-1.0
1,0.0,15.555555555555555,2,manhattan,auto,40,1.0,-1.0
1,0.0,15.555555555555555,2,manhattan,auto,40,2.0,-1.0
1,0.0,15.555555555555555,2,manhattan,auto,50,,-1.0
1,0.0,15.555555555555555,2,manhattan,auto,50,1.0,-1.0
1,0.0,15.555555555555555,2,manhattan,auto,50,2.0,-1.0
1,0.0,15.555555555555555,2,manhattan,ball_tree,10,,-1.0
1,0.0,15.555555555555555,2,manhattan,ball_tree,10,1.0,-1.0
1,0.0,15.555555555555555,2,manhattan,ball_tree,10,2.0,-1.0
1,0.0,15.555555555555555,2,manhattan,ball_tree,20,,-1.0
1,0.0,15.555555555555555,2,manhattan,ball_tree,20,1.0,-1.0
1,0.0,15.555555555555555,2,manhattan,ball_tree,20,2.0,-1.0
1,0.0,15.555555555555555,2,manhattan,ball_tree,30,,-1.0
1,0.0,15.555555555555555,2,manhattan,ball_tree,30,1.0,-1.0
1,0.0,15.555555555555555,2,manhattan,ball_tree,30,2.0,-1.0
1,0.0,15.555555555555555,2,manhattan,ball_tree,40,,-1.0
1,0.0,15.555555555555555,2,manhattan,ball_tree,40,1.0,-1.0
1,0.0,15.555555555555555,2,manhattan,ball_tree,40,2.0,-1.0
1,0.0,15.555555555555555,2,manhattan,ball_tree,50,,-1.0
1,0.0,15.555555555555555,2,manhattan,ball_tree,50,1.0,-1.0
1,0.0,15.555555555555555,2,manhattan,ball_tree,50,2.0,-1.0
1,0.0,15.555555555555555,2,manhattan,kd_tree,10,,-1.0
1,0.0,15.555555555555555,2,manhattan,kd_tree,10,1.0,-1.0
1,0.0,15.555555555555555,2,manhattan,kd_tree,10,2.0,-1.0
1,0.0,15.555555555555555,2,manhattan,kd_tree,20,,-1.0
1,0.0,15.555555555555555,2,manhattan,kd_tree,20,1.0,-1.0
1,0.0,15.555555555555555,2,manhattan,kd_tree,20,2.0,-1.0
1,0.0,15.555555555555555,2,manhattan,kd_tree,30,,-1.0
1,0.0,15.555555555555555,2,manhattan,kd_tree,30,1.0,-1.0
1,0.0,15.555555555555555,2,manhattan,kd_tree,30,2.0,-1.0
1,0.0,15.555555555555555,2,manhattan,kd_tree,40,,-1.0
1,0.0,15.555555555555555,2,manhattan,kd_tree,40,1.0,-1.0
1,0.0,15.555555555555555,2,manhattan,kd_tree,40,2.0,-1.0
1,0.0,15.555555555555555,2,manhattan,kd_tree,50,,-1.0
1,0.0,15.555555555555555,2,manhattan,kd_tree,50,1.0,-1.0
1,0.0,15.555555555555555,2,manhattan,kd_tree,50,2.0,-1.0
1,0.0,15.555555555555555,2,manhattan,brute,10,,-1.0
1,0.0,15.555555555555555,2,manhattan,brute,10,1.0,-1.0
1,0.0,15.555555555555555,2,manhattan,brute,10,2.0,-1.0
1,0.0,15.555555555555555,2,manhattan,brute,20,,-1.0
1,0.0,15.555555555555555,2,manhattan,brute,20,1.0,-1.0
1,0.0,15.555555555555555,2,manhattan,brute,20,2.0,-1.0
1,0.0,15.555555555555555,2,manhattan,brute,30,,-1.0
1,0.0,15.555555555555555,2,manhattan,brute,30,1.0,-1.0
1,0.0,15.555555555555555,2,manhattan,brute,30,2.0,-1.0
1,0.0,15.555555555555555,2,manhattan,brute,40,,-1.0
1,0.0,15.555555555555555,2,manhattan,brute,40,1.0,-1.0
1,0.0,15.555555555555555,2,manhattan,brute,40,2.0,-1.0
1,0.0,15.555555555555555,2,manhattan,brute,50,,-1.0
1,0.0,15.555555555555555,2,manhattan,brute,50,1.0,-1.0
1,0.0,15.555555555555555,2,manhattan,brute,50,2.0,-1.0
1,0.0,15.555555555555555,3,euclidean,auto,10,,-1.0
1,0.0,15.555555555555555,3,euclidean,auto,10,1.0,-1.0
1,0.0,15.555555555555555,3,euclidean,auto,10,2.0,-1.0
1,0.0,15.555555555555555,3,euclidean,auto,20,,-1.0
1,0.0,15.555555555555555,3,euclidean,auto,20,1.0,-1.0
1,0.0,15.555555555555555,3,euclidean,auto,20,2.0,-1.0
1,0.0,15.555555555555555,3,euclidean,auto,30,,-1.0
1,0.0,15.555555555555555,3,euclidean,auto,30,1.0,-1.0
1,0.0,15.555555555555555,3,euclidean,auto,30,2.0,-1.0
1,0.0,15.555555555555555,3,euclidean,auto,40,,-1.0
1,0.0,15.555555555555555,3,euclidean,auto,40,1.0,-1.0
1,0.0,15.555555555555555,3,euclidean,auto,40,2.0,-1.0
1,0.0,15.555555555555555,3,euclidean,auto,50,,-1.0
1,0.0,15.555555555555555,3,euclidean,auto,50,1.0,-1.0
1,0.0,15.555555555555555,3,euclidean,auto,50,2.0,-1.0
1,0.0,15.555555555555555,3,euclidean,ball_tree,10,,-1.0
1,0.0,15.555555555555555,3,euclidean,ball_tree,10,1.0,-1.0
1,0.0,15.555555555555555,3,euclidean,ball_tree,10,2.0,-1.0
1,0.0,15.555555555555555,3,euclidean,ball_tree,20,,-1.0
1,0.0,15.555555555555555,3,euclidean,ball_tree,20,1.0,-1.0
1,0.0,15.555555555555555,3,euclidean,ball_tree,20,2.0,-1.0
1,0.0,15.555555555555555,3,euclidean,ball_tree,30,,-1.0
1,0.0,15.555555555555555,3,euclidean,ball_tree,30,1.0,-1.0
1,0.0,15.555555555555555,3,euclidean,ball_tree,30,2.0,-1.0
1,0.0,15.555555555555555,3,euclidean,ball_tree,40,,-1.0
1,0.0,15.555555555555555,3,euclidean,ball_tree,40,1.0,-1.0
1,0.0,15.555555555555555,3,euclidean,ball_tree,40,2.0,-1.0
1,0.0,15.555555555555555,3,euclidean,ball_tree,50,,-1.0
1,0.0,15.555555555555555,3,euclidean,ball_tree,50,1.0,-1.0
1,0.0,15.555555555555555,3,euclidean,ball_tree,50,2.0,-1.0
1,0.0,15.555555555555555,3,euclidean,kd_tree,10,,-1.0
1,0.0,15.555555555555555,3,euclidean,kd_tree,10,1.0,-1.0
1,0.0,15.555555555555555,3,euclidean,kd_tree,10,2.0,-1.0
1,0.0,15.555555555555555,3,euclidean,kd_tree,20,,-1.0
1,0.0,15.555555555555555,3,euclidean,kd_tree,20,1.0,-1.0
1,0.0,15.555555555555555,3,euclidean,kd_tree,20,2.0,-1.0
1,0.0,15.555555555555555,3,euclidean,kd_tree,30,,-1.0
1,0.0,15.555555555555555,3,euclidean,kd_tree,30,1.0,-1.0
1,0.0,15.555555555555555,3,euclidean,kd_tree,30,2.0,-1.0
1,0.0,15.555555555555555,3,euclidean,kd_tree,40,,-1.0
1,0.0,15.555555555555555,3,euclidean,kd_tree,40,1.0,-1.0
1,0.0,15.555555555555555,3,euclidean,kd_tree,40,2.0,-1.0
1,0.0,15.555555555555555,3,euclidean,kd_tree,50,,-1.0
1,0.0,15.555555555555555,3,euclidean,kd_tree,50,1.0,-1.0
1,0.0,15.555555555555555,3,euclidean,kd_tree,50,2.0,-1.0
1,0.0,15.555555555555555,3,euclidean,brute,10,,-1.0
1,0.0,15.555555555555555,3,euclidean,brute,10,1.0,-1.0
1,0.0,15.555555555555555,3,euclidean,brute,10,2.0,-1.0
1,0.0,15.555555555555555,3,euclidean,brute,20,,-1.0
1,0.0,15.555555555555555,3,euclidean,brute,20,1.0,-1.0
1,0.0,15.555555555555555,3,euclidean,brute,20,2.0,-1.0
1,0.0,15.555555555555555,3,euclidean,brute,30,,-1.0
1,0.0,15.555555555555555,3,euclidean,brute,30,1.0,-1.0
1,0.0,15.555555555555555,3,euclidean,brute,30,2.0,-1.0
1,0.0,15.555555555555555,3,euclidean,brute,40,,-1.0
1,0.0,15.555555555555555,3,euclidean,brute,40,1.0,-1.0
1,0.0,15.555555555555555,3,euclidean,brute,40,2.0,-1.0
1,0.0,15.555555555555555,3,euclidean,brute,50,,-1.0
1,0.0,15.555555555555555,3,euclidean,brute,50,1.0,-1.0
1,0.0,15.555555555555555,3,euclidean,brute,50,2.0,-1.0
1,0.0,15.555555555555555,3,manhattan,auto,10,,-1.0
1,0.0,15.555555555555555,3,manhattan,auto,10,1.0,-1.0
1,0.0,15.555555555555555,3,manhattan,auto,10,2.0,-1.0
1,0.0,15.555555555555555,3,manhattan,auto,20,,-1.0
1,0.0,15.555555555555555,3,manhattan,auto,20,1.0,-1.0
1,0.0,15.555555555555555,3,manhattan,auto,20,2.0,-1.0
1,0.0,15.555555555555555,3,manhattan,auto,30,,-1.0
1,0.0,15.555555555555555,3,manhattan,auto,30,1.0,-1.0
1,0.0,15.555555555555555,3,manhattan,auto,30,2.0,-1.0
1,0.0,15.555555555555555,3,manhattan,auto,40,,-1.0
1,0.0,15.555555555555555,3,manhattan,auto,40,1.0,-1.0
1,0.0,15.555555555555555,3,manhattan,auto,40,2.0,-1.0
1,0.0,15.555555555555555,3,manhattan,auto,50,,-1.0
1,0.0,15.555555555555555,3,manhattan,auto,50,1.0,-1.0
1,0.0,15.555555555555555,3,manhattan,auto,50,2.0,-1.0
1,0.0,15.555555555555555,3,manhattan,ball_tree,10,,-1.0
1,0.0,15.555555555555555,3,manhattan,ball_tree,10,1.0,-1.0
1,0.0,15.555555555555555,3,manhattan,ball_tree,10,2.0,-1.0
1,0.0,15.555555555555555,3,manhattan,ball_tree,20,,-1.0
1,0.0,15.555555555555555,3,manhattan,ball_tree,20,1.0,-1.0
1,0.0,15.555555555555555,3,manhattan,ball_tree,20,2.0,-1.0
1,0.0,15.555555555555555,3,manhattan,ball_tree,30,,-1.0
1,0.0,15.555555555555555,3,manhattan,ball_tree,30,1.0,-1.0
1,0.0,15.555555555555555,3,manhattan,ball_tree,30,2.0,-1.0
1,0.0,15.555555555555555,3,manhattan,ball_tree,40,,-1.0
1,0.0,15.555555555555555,3,manhattan,ball_tree,40,1.0,-1.0
1,0.0,15.555555555555555,3,manhattan,ball_tree,40,2.0,-1.0
1,0.0,15.555555555555555,3,manhattan,ball_tree,50,,-1.0
1,0.0,15.555555555555555,3,manhattan,ball_tree,50,1.0,-1.0
1,0.0,15.555555555555555,3,manhattan,ball_tree,50,2.0,-1.0
1,0.0,15.555555555555555,3,manhattan,kd_tree,10,,-1.0
1,0.0,15.555555555555555,3,manhattan,kd_tree,10,1.0,-1.0
1,0.0,15.555555555555555,3,manhattan,kd_tree,10,2.0,-1.0
1,0.0,15.555555555555555,3,manhattan,kd_tree,20,,-1.0
1,0.0,15.555555555555555,3,manhattan,kd_tree,20,1.0,-1.0
1,0.0,15.555555555555555,3,manhattan,kd_tree,20,2.0,-1.0
1,0.0,15.555555555555555,3,manhattan,kd_tree,30,,-1.0
1,0.0,15.555555555555555,3,manhattan,kd_tree,30,1.0,-1.0
1,0.0,15.555555555555555,3,manhattan,kd_tree,30,2.0,-1.0
1,0.0,15.555555555555555,3,manhattan,kd_tree,40,,-1.0
1,0.0,15.555555555555555,3,manhattan,kd_tree,40,1.0,-1.0
1,0.0,15.555555555555555,3,manhattan,kd_tree,40,2.0,-1.0
1,0.0,15.555555555555555,3,manhattan,kd_tree,50,,-1.0
1,0.0,15.555555555555555,3,manhattan,kd_tree,50,1.0,-1.0
1,0.0,15.555555555555555,3,manhattan,kd_tree,50,2.0,-1.0
1,0.0,15.555555555555555,3,manhattan,brute,10,,-1.0
1,0.0,15.555555555555555,3,manhattan,brute,10,1.0,-1.0
1,0.0,15.555555555555555,3,manhattan,brute,10,2.0,-1.0
1,0.0,15.555555555555555,3,manhattan,brute,20,,-1.0
1,0.0,15.555555555555555,3,manhattan,brute,20,1.0,-1.0
1,0.0,15.555555555555555,3,manhattan,brute,20,2.0,-1.0
1,0.0,15.555555555555555,3,manhattan,brute,30,,-1.0
1,0.0,15.555555555555555,3,manhattan,brute,30,1.0,-1.0
1,0.0,15.555555555555555,3,manhattan,brute,30,2.0,-1.0
1,0.0,15.555555555555555,3,manhattan,brute,40,,-1.0
1,0.0,15.555555555555555,3,manhattan,brute,40,1.0,-1.0
1,0.0,15.555555555555555,3,manhattan,brute,40,2.0,-1.0
1,0.0,15.555555555555555,3,manhattan,brute,50,,-1.0
1,0.0,15.555555555555555,3,manhattan,brute,50,1.0,-1.0
1,0.0,15.555555555555555,3,manhattan,brute,50,2.0,-1.0
1,0.0,15.555555555555555,4,euclidean,auto,10,,-1.0
1,0.0,15.555555555555555,4,euclidean,auto,10,1.0,-1.0
1,0.0,15.555555555555555,4,euclidean,auto,10,2.0,-1.0
1,0.0,15.555555555555555,4,euclidean,auto,20,,-1.0
1,0.0,15.555555555555555,4,euclidean,auto,20,1.0,-1.0
1,0.0,15.555555555555555,4,euclidean,auto,20,2.0,-1.0
1,0.0,15.555555555555555,4,euclidean,auto,30,,-1.0
1,0.0,15.555555555555555,4,euclidean,auto,30,1.0,-1.0
1,0.0,15.555555555555555,4,euclidean,auto,30,2.0,-1.0
1,0.0,15.555555555555555,4,euclidean,auto,40,,-1.0
1,0.0,15.555555555555555,4,euclidean,auto,40,1.0,-1.0
1,0.0,15.555555555555555,4,euclidean,auto,40,2.0,-1.0
1,0.0,15.555555555555555,4,euclidean,auto,50,,-1.0
1,0.0,15.555555555555555,4,euclidean,auto,50,1.0,-1.0
1,0.0,15.555555555555555,4,euclidean,auto,50,2.0,-1.0
1,0.0,15.555555555555555,4,euclidean,ball_tree,10,,-1.0
1,0.0,15.555555555555555,4,euclidean,ball_tree,10,1.0,-1.0
1,0.0,15.555555555555555,4,euclidean,ball_tree,10,2.0,-1.0
1,0.0,15.555555555555555,4,euclidean,ball_tree,20,,-1.0
1,0.0,15.555555555555555,4,euclidean,ball_tree,20,1.0,-1.0
1,0.0,15.555555555555555,4,euclidean,ball_tree,20,2.0,-1.0
1,0.0,15.555555555555555,4,euclidean,ball_tree,30,,-1.0
1,0.0,15.555555555555555,4,euclidean,ball_tree,30,1.0,-1.0
1,0.0,15.555555555555555,4,euclidean,ball_tree,30,2.0,-1.0
1,0.0,15.555555555555555,4,euclidean,ball_tree,40,,-1.0
1,0.0,15.555555555555555,4,euclidean,ball_tree,40,1.0,-1.0
1,0.0,15.555555555555555,4,euclidean,ball_tree,40,2.0,-1.0
1,0.0,15.555555555555555,4,euclidean,ball_tree,50,,-1.0
1,0.0,15.555555555555555,4,euclidean,ball_tree,50,1.0,-1.0
1,0.0,15.555555555555555,4,euclidean,ball_tree,50,2.0,-1.0
1,0.0,15.555555555555555,4,euclidean,kd_tree,10,,-1.0
1,0.0,15.555555555555555,4,euclidean,kd_tree,10,1.0,-1.0
1,0.0,15.555555555555555,4,euclidean,kd_tree,10,2.0,-1.0
1,0.0,15.555555555555555,4,euclidean,kd_tree,20,,-1.0
1,0.0,15.555555555555555,4,euclidean,kd_tree,20,1.0,-1.0
1,0.0,15.555555555555555,4,euclidean,kd_tree,20,2.0,-1.0
1,0.0,15.555555555555555,4,euclidean,kd_tree,30,,-1.0
1,0.0,15.555555555555555,4,euclidean,kd_tree,30,1.0,-1.0
1,0.0,15.555555555555555,4,euclidean,kd_tree,30,2.0,-1.0
1,0.0,15.555555555555555,4,euclidean,kd_tree,40,,-1.0
1,0.0,15.555555555555555,4,euclidean,kd_tree,40,1.0,-1.0
1,0.0,15.555555555555555,4,euclidean,kd_tree,40,2.0,-1.0
1,0.0,15.555555555555555,4,euclidean,kd_tree,50,,-1.0
1,0.0,15.555555555555555,4,euclidean,kd_tree,50,1.0,-1.0
1,0.0,15.555555555555555,4,euclidean,kd_tree,50,2.0,-1.0
1,0.0,15.555555555555555,4,euclidean,brute,10,,-1.0
1,0.0,15.555555555555555,4,euclidean,brute,10,1.0,-1.0
1,0.0,15.555555555555555,4,euclidean,brute,10,2.0,-1.0
1,0.0,15.555555555555555,4,euclidean,brute,20,,-1.0
1,0.0,15.555555555555555,4,euclidean,brute,20,1.0,-1.0
1,0.0,15.555555555555555,4,euclidean,brute,20,2.0,-1.0
1,0.0,15.555555555555555,4,euclidean,brute,30,,-1.0
1,0.0,15.555555555555555,4,euclidean,brute,30,1.0,-1.0
1,0.0,15.555555555555555,4,euclidean,brute,30,2.0,-1.0
1,0.0,15.555555555555555,4,euclidean,brute,40,,-1.0
1,0.0,15.555555555555555,4,euclidean,brute,40,1.0,-1.0
1,0.0,15.555555555555555,4,euclidean,brute,40,2.0,-1.0
1,0.0,15.555555555555555,4,euclidean,brute,50,,-1.0
1,0.0,15.555555555555555,4,euclidean,brute,50,1.0,-1.0
1,0.0,15.555555555555555,4,euclidean,brute,50,2.0,-1.0
1,0.0,15.555555555555555,4,manhattan,auto,10,,-1.0
1,0.0,15.555555555555555,4,manhattan,auto,10,1.0,-1.0
1,0.0,15.555555555555555,4,manhattan,auto,10,2.0,-1.0
1,0.0,15.555555555555555,4,manhattan,auto,20,,-1.0
1,0.0,15.555555555555555,4,manhattan,auto,20,1.0,-1.0
1,0.0,15.555555555555555,4,manhattan,auto,20,2.0,-1.0
1,0.0,15.555555555555555,4,manhattan,auto,30,,-1.0
1,0.0,15.555555555555555,4,manhattan,auto,30,1.0,-1.0
1,0.0,15.555555555555555,4,manhattan,auto,30,2.0,-1.0
1,0.0,15.555555555555555,4,manhattan,auto,40,,-1.0
1,0.0,15.555555555555555,4,manhattan,auto,40,1.0,-1.0
1,0.0,15.555555555555555,4,manhattan,auto,40,2.0,-1.0
1,0.0,15.555555555555555,4,manhattan,auto,50,,-1.0
1,0.0,15.555555555555555,4,manhattan,auto,50,1.0,-1.0
1,0.0,15.555555555555555,4,manhattan,auto,50,2.0,-1.0
1,0.0,15.555555555555555,4,manhattan,ball_tree,10,,-1.0
1,0.0,15.555555555555555,4,manhattan,ball_tree,10,1.0,-1.0
1,0.0,15.555555555555555,4,manhattan,ball_tree,10,2.0,-1.0
1,0.0,15.555555555555555,4,manhattan,ball_tree,20,,-1.0
1,0.0,15.555555555555555,4,manhattan,ball_tree,20,1.0,-1.0
1,0.0,15.555555555555555,4,manhattan,ball_tree,20,2.0,-1.0
1,0.0,15.555555555555555,4,manhattan,ball_tree,30,,-1.0
1,0.0,15.555555555555555,4,manhattan,ball_tree,30,1.0,-1.0
1,0.0,15.555555555555555,4,manhattan,ball_tree,30,2.0,-1.0
1,0.0,15.555555555555555,4,manhattan,ball_tree,40,,-1.0
1,0.0,15.555555555555555,4,manhattan,ball_tree,40,1.0,-1.0
1,0.0,15.555555555555555,4,manhattan,ball_tree,40,2.0,-1.0
1,0.0,15.555555555555555,4,manhattan,ball_tree,50,,-1.0
1,0.0,15.555555555555555,4,manhattan,ball_tree,50,1.0,-1.0
1,0.0,15.555555555555555,4,manhattan,ball_tree,50,2.0,-1.0
1,0.0,15.555555555555555,4,manhattan,kd_tree,10,,-1.0
1,0.0,15.555555555555555,4,manhattan,kd_tree,10,1.0,-1.0
1,0.0,15.555555555555555,4,manhattan,kd_tree,10,2.0,-1.0
1,0.0,15.555555555555555,4,manhattan,kd_tree,20,,-1.0
1,0.0,15.555555555555555,4,manhattan,kd_tree,20,1.0,-1.0
1,0.0,15.555555555555555,4,manhattan,kd_tree,20,2.0,-1.0
1,0.0,15.555555555555555,4,manhattan,kd_tree,30,,-1.0
1,0.0,15.555555555555555,4,manhattan,kd_tree,30,1.0,-1.0
1,0.0,15.555555555555555,4,manhattan,kd_tree,30,2.0,-1.0
1,0.0,15.555555555555555,4,manhattan,kd_tree,40,,-1.0
1,0.0,15.555555555555555,4,manhattan,kd_tree,40,1.0,-1.0
1,0.0,15.555555555555555,4,manhattan,kd_tree,40,2.0,-1.0
1,0.0,15.555555555555555,4,manhattan,kd_tree,50,,-1.0
1,0.0,15.555555555555555,4,manhattan,kd_tree,50,1.0,-1.0
1,0.0,15.555555555555555,4,manhattan,kd_tree,50,2.0,-1.0
1,0.0,15.555555555555555,4,manhattan,brute,10,,-1.0
1,0.0,15.555555555555555,4,manhattan,brute,10,1.0,-1.0
1,0.0,15.555555555555555,4,manhattan,brute,10,2.0,-1.0
1,0.0,15.555555555555555,4,manhattan,brute,20,,-1.0
1,0.0,15.555555555555555,4,manhattan,brute,20,1.0,-1.0
1,0.0,15.555555555555555,4,manhattan,brute,20,2.0,-1.0
1,0.0,15.555555555555555,4,manhattan,brute,30,,-1.0
1,0.0,15.555555555555555,4,manhattan,brute,30,1.0,-1.0
1,0.0,15.555555555555555,4,manhattan,brute,30,2.0,-1.0
1,0.0,15.555555555555555,4,manhattan,brute,40,,-1.0
1,0.0,15.555555555555555,4,manhattan,brute,40,1.0,-1.0
1,0.0,15.555555555555555,4,manhattan,brute,40,2.0,-1.0
1,0.0,15.555555555555555,4,manhattan,brute,50,,-1.0
1,0.0,15.555555555555555,4,manhattan,brute,50,1.0,-1.0
1,0.0,15.555555555555555,4,manhattan,brute,50,2.0,-1.0
1,0.0,15.555555555555555,5,euclidean,auto,10,,-1.0
1,0.0,15.555555555555555,5,euclidean,auto,10,1.0,-1.0
1,0.0,15.555555555555555,5,euclidean,auto,10,2.0,-1.0
1,0.0,15.555555555555555,5,euclidean,auto,20,,-1.0
1,0.0,15.555555555555555,5,euclidean,auto,20,1.0,-1.0
1,0.0,15.555555555555555,5,euclidean,auto,20,2.0,-1.0
1,0.0,15.555555555555555,5,euclidean,auto,30,,-1.0
1,0.0,15.555555555555555,5,euclidean,auto,30,1.0,-1.0
1,0.0,15.555555555555555,5,euclidean,auto,30,2.0,-1.0
1,0.0,15.555555555555555,5,euclidean,auto,40,,-1.0
1,0.0,15.555555555555555,5,euclidean,auto,40,1.0,-1.0
1,0.0,15.555555555555555,5,euclidean,auto,40,2.0,-1.0
1,0.0,15.555555555555555,5,euclidean,auto,50,,-1.0
1,0.0,15.555555555555555,5,euclidean,auto,50,1.0,-1.0
1,0.0,15.555555555555555,5,euclidean,auto,50,2.0,-1.0
1,0.0,15.555555555555555,5,euclidean,ball_tree,10,,-1.0
1,0.0,15.555555555555555,5,euclidean,ball_tree,10,1.0,-1.0
1,0.0,15.555555555555555,5,euclidean,ball_tree,10,2.0,-1.0
1,0.0,15.555555555555555,5,euclidean,ball_tree,20,,-1.0
1,0.0,15.555555555555555,5,euclidean,ball_tree,20,1.0,-1.0
1,0.0,15.555555555555555,5,euclidean,ball_tree,20,2.0,-1.0
1,0.0,15.555555555555555,5,euclidean,ball_tree,30,,-1.0
1,0.0,15.555555555555555,5,euclidean,ball_tree,30,1.0,-1.0
1,0.0,15.555555555555555,5,euclidean,ball_tree,30,2.0,-1.0
1,0.0,15.555555555555555,5,euclidean,ball_tree,40,,-1.0
1,0.0,15.555555555555555,5,euclidean,ball_tree,40,1.0,-1.0
1,0.0,15.555555555555555,5,euclidean,ball_tree,40,2.0,-1.0
1,0.0,15.555555555555555,5,euclidean,ball_tree,50,,-1.0
1,0.0,15.555555555555555,5,euclidean,ball_tree,50,1.0,-1.0
1,0.0,15.555555555555555,5,euclidean,ball_tree,50,2.0,-1.0
1,0.0,15.555555555555555,5,euclidean,kd_tree,10,,-1.0
1,0.0,15.555555555555555,5,euclidean,kd_tree,10,1.0,-1.0
1,0.0,15.555555555555555,5,euclidean,kd_tree,10,2.0,-1.0
1,0.0,15.555555555555555,5,euclidean,kd_tree,20,,-1.0
1,0.0,15.555555555555555,5,euclidean,kd_tree,20,1.0,-1.0
1,0.0,15.555555555555555,5,euclidean,kd_tree,20,2.0,-1.0
1,0.0,15.555555555555555,5,euclidean,kd_tree,30,,-1.0
1,0.0,15.555555555555555,5,euclidean,kd_tree,30,1.0,-1.0
1,0.0,15.555555555555555,5,euclidean,kd_tree,30,2.0,-1.0
1,0.0,15.555555555555555,5,euclidean,kd_tree,40,,-1.0
1,0.0,15.555555555555555,5,euclidean,kd_tree,40,1.0,-1.0
1,0.0,15.555555555555555,5,euclidean,kd_tree,40,2.0,-1.0
1,0.0,15.555555555555555,5,euclidean,kd_tree,50,,-1.0
1,0.0,15.555555555555555,5,euclidean,kd_tree,50,1.0,-1.0
1,0.0,15.555555555555555,5,euclidean,kd_tree,50,2.0,-1.0
1,0.0,15.555555555555555,5,euclidean,brute,10,,-1.0
1,0.0,15.555555555555555,5,euclidean,brute,10,1.0,-1.0
1,0.0,15.555555555555555,5,euclidean,brute,10,2.0,-1.0
1,0.0,15.555555555555555,5,euclidean,brute,20,,-1.0
1,0.0,15.555555555555555,5,euclidean,brute,20,1.0,-1.0
1,0.0,15.555555555555555,5,euclidean,brute,20,2.0,-1.0
1,0.0,15.555555555555555,5,euclidean,brute,30,,-1.0
1,0.0,15.555555555555555,5,euclidean,brute,30,1.0,-1.0
1,0.0,15.555555555555555,5,euclidean,brute,30,2.0,-1.0
1,0.0,15.555555555555555,5,euclidean,brute,40,,-1.0
1,0.0,15.555555555555555,5,euclidean,brute,40,1.0,-1.0
1,0.0,15.555555555555555,5,euclidean,brute,40,2.0,-1.0
1,0.0,15.555555555555555,5,euclidean,brute,50,,-1.0
1,0.0,15.555555555555555,5,euclidean,brute,50,1.0,-1.0
1,0.0,15.555555555555555,5,euclidean,brute,50,2.0,-1.0
1,0.0,15.555555555555555,5,manhattan,auto,10,,-1.0
1,0.0,15.555555555555555,5,manhattan,auto,10,1.0,-1.0
1,0.0,15.555555555555555,5,manhattan,auto,10,2.0,-1.0
1,0.0,15.555555555555555,5,manhattan,auto,20,,-1.0
1,0.0,15.555555555555555,5,manhattan,auto,20,1.0,-1.0
1,0.0,15.555555555555555,5,manhattan,auto,20,2.0,-1.0
1,0.0,15.555555555555555,5,manhattan,auto,30,,-1.0
1,0.0,15.555555555555555,5,manhattan,auto,30,1.0,-1.0
1,0.0,15.555555555555555,5,manhattan,auto,30,2.0,-1.0
1,0.0,15.555555555555555,5,manhattan,auto,40,,-1.0
1,0.0,15.555555555555555,5,manhattan,auto,40,1.0,-1.0
1,0.0,15.555555555555555,5,manhattan,auto,40,2.0,-1.0
1,0.0,15.555555555555555,5,manhattan,auto,50,,-1.0
1,0.0,15.555555555555555,5,manhattan,auto,50,1.0,-1.0
1,0.0,15.555555555555555,5,manhattan,auto,50,2.0,-1.0
1,0.0,15.555555555555555,5,manhattan,ball_tree,10,,-1.0
1,0.0,15.555555555555555,5,manhattan,ball_tree,10,1.0,-1.0
1,0.0,15.555555555555555,5,manhattan,ball_tree,10,2.0,-1.0
1,0.0,15.555555555555555,5,manhattan,ball_tree,20,,-1.0
1,0.0,15.555555555555555,5,manhattan,ball_tree,20,1.0,-1.0
1,0.0,15.555555555555555,5,manhattan,ball_tree,20,2.0,-1.0
1,0.0,15.555555555555555,5,manhattan,ball_tree,30,,-1.0
1,0.0,15.555555555555555,5,manhattan,ball_tree,30,1.0,-1.0
1,0.0,15.555555555555555,5,manhattan,ball_tree,30,2.0,-1.0
1,0.0,15.555555555555555,5,manhattan,ball_tree,40,,-1.0
1,0.0,15.555555555555555,5,manhattan,ball_tree,40,1.0,-1.0
1,0.0,15.555555555555555,5,manhattan,ball_tree,40,2.0,-1.0
1,0.0,15.555555555555555,5,manhattan,ball_tree,50,,-1.0
1,0.0,15.555555555555555,5,manhattan,ball_tree,50,1.0,-1.0
1,0.0,15.555555555555555,5,manhattan,ball_tree,50,2.0,-1.0
1,0.0,15.555555555555555,5,manhattan,kd_tree,10,,-1.0
1,0.0,15.555555555555555,5,manhattan,kd_tree,10,1.0,-1.0
1,0.0,15.555555555555555,5,manhattan,kd_tree,10,2.0,-1.0
1,0.0,15.555555555555555,5,manhattan,kd_tree,20,,-1.0
1,0.0,15.555555555555555,5,manhattan,kd_tree,20,1.0,-1.0
1,0.0,15.555555555555555,5,manhattan,kd_tree,20,2.0,-1.0
1,0.0,15.555555555555555,5,manhattan,kd_tree,30,,-1.0
1,0.0,15.555555555555555,5,manhattan,kd_tree,30,1.0,-1.0
1,0.0,15.555555555555555,5,manhattan,kd_tree,30,2.0,-1.0
1,0.0,15.555555555555555,5,manhattan,kd_tree,40,,-1.0
1,0.0,15.555555555555555,5,manhattan,kd_tree,40,1.0,-1.0
1,0.0,15.555555555555555,5,manhattan,kd_tree,40,2.0,-1.0
1,0.0,15.555555555555555,5,manhattan,kd_tree,50,,-1.0
1,0.0,15.555555555555555,5,manhattan,kd_tree,50,1.0,-1.0
1,0.0,15.555555555555555,5,manhattan,kd_tree,50,2.0,-1.0
1,0.0,15.555555555555555,5,manhattan,brute,10,,-1.0
1,0.0,15.555555555555555,5,manhattan,brute,10,1.0,-1.0
1,0.0,15.555555555555555,5,manhattan,brute,10,2.0,-1.0
1,0.0,15.555555555555555,5,manhattan,brute,20,,-1.0
1,0.0,15.555555555555555,5,manhattan,brute,20,1.0,-1.0
1,0.0,15.555555555555555,5,manhattan,brute,20,2.0,-1.0
1,0.0,15.555555555555555,5,manhattan,brute,30,,-1.0
1,0.0,15.555555555555555,5,manhattan,brute,30,1.0,-1.0
1,0.0,15.555555555555555,5,manhattan,brute,30,2.0,-1.0
1,0.0,15.555555555555555,5,manhattan,brute,40,,-1.0
1,0.0,15.555555555555555,5,manhattan,brute,40,1.0,-1.0
1,0.0,15.555555555555555,5,manhattan,brute,40,2.0,-1.0
1,0.0,15.555555555555555,5,manhattan,brute,50,,-1.0
1,0.0,15.555555555555555,5,manhattan,brute,50,1.0,-1.0
1,0.0,15.555555555555555,5,manhattan,brute,50,2.0,-1.0
1,0.0,15.555555555555555,6,euclidean,auto,10,,-1.0
1,0.0,15.555555555555555,6,euclidean,auto,10,1.0,-1.0
1,0.0,15.555555555555555,6,euclidean,auto,10,2.0,-1.0
1,0.0,15.555555555555555,6,euclidean,auto,20,,-1.0
1,0.0,15.555555555555555,6,euclidean,auto,20,1.0,-1.0
1,0.0,15.555555555555555,6,euclidean,auto,20,2.0,-1.0
1,0.0,15.555555555555555,6,euclidean,auto,30,,-1.0
1,0.0,15.555555555555555,6,euclidean,auto,30,1.0,-1.0
1,0.0,15.555555555555555,6,euclidean,auto,30,2.0,-1.0
1,0.0,15.555555555555555,6,euclidean,auto,40,,-1.0
1,0.0,15.555555555555555,6,euclidean,auto,40,1.0,-1.0
1,0.0,15.555555555555555,6,euclidean,auto,40,2.0,-1.0
1,0.0,15.555555555555555,6,euclidean,auto,50,,-1.0
1,0.0,15.555555555555555,6,euclidean,auto,50,1.0,-1.0
1,0.0,15.555555555555555,6,euclidean,auto,50,2.0,-1.0
1,0.0,15.555555555555555,6,euclidean,ball_tree,10,,-1.0
1,0.0,15.555555555555555,6,euclidean,ball_tree,10,1.0,-1.0
1,0.0,15.555555555555555,6,euclidean,ball_tree,10,2.0,-1.0
1,0.0,15.555555555555555,6,euclidean,ball_tree,20,,-1.0
1,0.0,15.555555555555555,6,euclidean,ball_tree,20,1.0,-1.0
1,0.0,15.555555555555555,6,euclidean,ball_tree,20,2.0,-1.0
1,0.0,15.555555555555555,6,euclidean,ball_tree,30,,-1.0
1,0.0,15.555555555555555,6,euclidean,ball_tree,30,1.0,-1.0
1,0.0,15.555555555555555,6,euclidean,ball_tree,30,2.0,-1.0
1,0.0,15.555555555555555,6,euclidean,ball_tree,40,,-1.0
1,0.0,15.555555555555555,6,euclidean,ball_tree,40,1.0,-1.0
1,0.0,15.555555555555555,6,euclidean,ball_tree,40,2.0,-1.0
1,0.0,15.555555555555555,6,euclidean,ball_tree,50,,-1.0
1,0.0,15.555555555555555,6,euclidean,ball_tree,50,1.0,-1.0
1,0.0,15.555555555555555,6,euclidean,ball_tree,50,2.0,-1.0
1,0.0,15.555555555555555,6,euclidean,kd_tree,10,,-1.0
1,0.0,15.555555555555555,6,euclidean,kd_tree,10,1.0,-1.0
1,0.0,15.555555555555555,6,euclidean,kd_tree,10,2.0,-1.0
1,0.0,15.555555555555555,6,euclidean,kd_tree,20,,-1.0
1,0.0,15.555555555555555,6,euclidean,kd_tree,20,1.0,-1.0
1,0.0,15.555555555555555,6,euclidean,kd_tree,20,2.0,-1.0
1,0.0,15.555555555555555,6,euclidean,kd_tree,30,,-1.0
1,0.0,15.555555555555555,6,euclidean,kd_tree,30,1.0,-1.0
1,0.0,15.555555555555555,6,euclidean,kd_tree,30,2.0,-1.0
1,0.0,15.555555555555555,6,euclidean,kd_tree,40,,-1.0
1,0.0,15.555555555555555,6,euclidean,kd_tree,40,1.0,-1.0
1,0.0,15.555555555555555,6,euclidean,kd_tree,40,2.0,-1.0
1,0.0,15.555555555555555,6,euclidean,kd_tree,50,,-1.0
1,0.0,15.555555555555555,6,euclidean,kd_tree,50,1.0,-1.0
1,0.0,15.555555555555555,6,euclidean,kd_tree,50,2.0,-1.0
1,0.0,15.555555555555555,6,euclidean,brute,10,,-1.0
1,0.0,15.555555555555555,6,euclidean,brute,10,1.0,-1.0
1,0.0,15.555555555555555,6,euclidean,brute,10,2.0,-1.0
1,0.0,15.555555555555555,6,euclidean,brute,20,,-1.0
1,0.0,15.555555555555555,6,euclidean,brute,20,1.0,-1.0
1,0.0,15.555555555555555,6,euclidean,brute,20,2.0,-1.0
1,0.0,15.555555555555555,6,euclidean,brute,30,,-1.0
1,0.0,15.555555555555555,6,euclidean,brute,30,1.0,-1.0
1,0.0,15.555555555555555,6,euclidean,brute,30,2.0,-1.0
1,0.0,15.555555555555555,6,euclidean,brute,40,,-1.0
1,0.0,15.555555555555555,6,euclidean,brute,40,1.0,-1.0
1,0.0,15.555555555555555,6,euclidean,brute,40,2.0,-1.0
1,0.0,15.555555555555555,6,euclidean,brute,50,,-1.0
1,0.0,15.555555555555555,6,euclidean,brute,50,1.0,-1.0
1,0.0,15.555555555555555,6,euclidean,brute,50,2.0,-1.0
1,0.0,15.555555555555555,6,manhattan,auto,10,,-1.0
1,0.0,15.555555555555555,6,manhattan,auto,10,1.0,-1.0
1,0.0,15.555555555555555,6,manhattan,auto,10,2.0,-1.0
1,0.0,15.555555555555555,6,manhattan,auto,20,,-1.0
1,0.0,15.555555555555555,6,manhattan,auto,20,1.0,-1.0
1,0.0,15.555555555555555,6,manhattan,auto,20,2.0,-1.0
1,0.0,15.555555555555555,6,manhattan,auto,30,,-1.0
1,0.0,15.555555555555555,6,manhattan,auto,30,1.0,-1.0
1,0.0,15.555555555555555,6,manhattan,auto,30,2.0,-1.0
1,0.0,15.555555555555555,6,manhattan,auto,40,,-1.0
1,0.0,15.555555555555555,6,manhattan,auto,40,1.0,-1.0
1,0.0,15.555555555555555,6,manhattan,auto,40,2.0,-1.0
1,0.0,15.555555555555555,6,manhattan,auto,50,,-1.0
1,0.0,15.555555555555555,6,manhattan,auto,50,1.0,-1.0
1,0.0,15.555555555555555,6,manhattan,auto,50,2.0,-1.0
1,0.0,15.555555555555555,6,manhattan,ball_tree,10,,-1.0
1,0.0,15.555555555555555,6,manhattan,ball_tree,10,1.0,-1.0
1,0.0,15.555555555555555,6,manhattan,ball_tree,10,2.0,-1.0
1,0.0,15.555555555555555,6,manhattan,ball_tree,20,,-1.0
1,0.0,15.555555555555555,6,manhattan,ball_tree,20,1.0,-1.0
1,0.0,15.555555555555555,6,manhattan,ball_tree,20,2.0,-1.0
1,0.0,15.555555555555555,6,manhattan,ball_tree,30,,-1.0
1,0.0,15.555555555555555,6,manhattan,ball_tree,30,1.0,-1.0
1,0.0,15.555555555555555,6,manhattan,ball_tree,30,2.0,-1.0
1,0.0,15.555555555555555,6,manhattan,ball_tree,40,,-1.0
1,0.0,15.555555555555555,6,manhattan,ball_tree,40,1.0,-1.0
1,0.0,15.555555555555555,6,manhattan,ball_tree,40,2.0,-1.0
1,0.0,15.555555555555555,6,manhattan,ball_tree,50,,-1.0
1,0.0,15.555555555555555,6,manhattan,ball_tree,50,1.0,-1.0
1,0.0,15.555555555555555,6,manhattan,ball_tree,50,2.0,-1.0
1,0.0,15.555555555555555,6,manhattan,kd_tree,10,,-1.0
1,0.0,15.555555555555555,6,manhattan,kd_tree,10,1.0,-1.0
1,0.0,15.555555555555555,6,manhattan,kd_tree,10,2.0,-1.0
1,0.0,15.555555555555555,6,manhattan,kd_tree,20,,-1.0
1,0.0,15.555555555555555,6,manhattan,kd_tree,20,1.0,-1.0
1,0.0,15.555555555555555,6,manhattan,kd_tree,20,2.0,-1.0
1,0.0,15.555555555555555,6,manhattan,kd_tree,30,,-1.0
1,0.0,15.555555555555555,6,manhattan,kd_tree,30,1.0,-1.0
1,0.0,15.555555555555555,6,manhattan,kd_tree,30,2.0,-1.0
1,0.0,15.555555555555555,6,manhattan,kd_tree,40,,-1.0
1,0.0,15.555555555555555,6,manhattan,kd_tree,40,1.0,-1.0
1,0.0,15.555555555555555,6,manhattan,kd_tree,40,2.0,-1.0
1,0.0,15.555555555555555,6,manhattan,kd_tree,50,,-1.0
1,0.0,15.555555555555555,6,manhattan,kd_tree,50,1.0,-1.0
1,0.0,15.555555555555555,6,manhattan,kd_tree,50,2.0,-1.0
1,0.0,15.555555555555555,6,manhattan,brute,10,,-1.0
1,0.0,15.555555555555555,6,manhattan,brute,10,1.0,-1.0
1,0.0,15.555555555555555,6,manhattan,brute,10,2.0,-1.0
1,0.0,15.555555555555555,6,manhattan,brute,20,,-1.0
1,0.0,15.555555555555555,6,manhattan,brute,20,1.0,-1.0
1,0.0,15.555555555555555,6,manhattan,brute,20,2.0,-1.0
1,0.0,15.555555555555555,6,manhattan,brute,30,,-1.0
1,0.0,15.555555555555555,6,manhattan,brute,30,1.0,-1.0
1,0.0,15.555555555555555,6,manhattan,brute,30,2.0,-1.0
1,0.0,15.555555555555555,6,manhattan,brute,40,,-1.0
1,0.0,15.555555555555555,6,manhattan,brute,40,1.0,-1.0
1,0.0,15.555555555555555,6,manhattan,brute,40,2.0,-1.0
1,0.0,15.555555555555555,6,manhattan,brute,50,,-1.0
1,0.0,15.555555555555555,6,manhattan,brute,50,1.0,-1.0
1,0.0,15.555555555555555,6,manhattan,brute,50,2.0,-1.0
1,0.0,15.555555555555555,7,euclidean,auto,10,,-1.0
1,0.0,15.555555555555555,7,euclidean,auto,10,1.0,-1.0
1,0.0,15.555555555555555,7,euclidean,auto,10,2.0,-1.0
1,0.0,15.555555555555555,7,euclidean,auto,20,,-1.0
1,0.0,15.555555555555555,7,euclidean,auto,20,1.0,-1.0
1,0.0,15.555555555555555,7,euclidean,auto,20,2.0,-1.0
1,0.0,15.555555555555555,7,euclidean,auto,30,,-1.0
1,0.0,15.555555555555555,7,euclidean,auto,30,1.0,-1.0
1,0.0,15.555555555555555,7,euclidean,auto,30,2.0,-1.0
1,0.0,15.555555555555555,7,euclidean,auto,40,,-1.0
1,0.0,15.555555555555555,7,euclidean,auto,40,1.0,-1.0
1,0.0,15.555555555555555,7,euclidean,auto,40,2.0,-1.0
1,0.0,15.555555555555555,7,euclidean,auto,50,,-1.0
1,0.0,15.555555555555555,7,euclidean,auto,50,1.0,-1.0
1,0.0,15.555555555555555,7,euclidean,auto,50,2.0,-1.0
1,0.0,15.555555555555555,7,euclidean,ball_tree,10,,-1.0
1,0.0,15.555555555555555,7,euclidean,ball_tree,10,1.0,-1.0
1,0.0,15.555555555555555,7,euclidean,ball_tree,10,2.0,-1.0
1,0.0,15.555555555555555,7,euclidean,ball_tree,20,,-1.0
1,0.0,15.555555555555555,7,euclidean,ball_tree,20,1.0,-1.0
1,0.0,15.555555555555555,7,euclidean,ball_tree,20,2.0,-1.0
1,0.0,15.555555555555555,7,euclidean,ball_tree,30,,-1.0
1,0.0,15.555555555555555,7,euclidean,ball_tree,30,1.0,-1.0
1,0.0,15.555555555555555,7,euclidean,ball_tree,30,2.0,-1.0
1,0.0,15.555555555555555,7,euclidean,ball_tree,40,,-1.0
1,0.0,15.555555555555555,7,euclidean,ball_tree,40,1.0,-1.0
1,0.0,15.555555555555555,7,euclidean,ball_tree,40,2.0,-1.0
1,0.0,15.555555555555555,7,euclidean,ball_tree,50,,-1.0
1,0.0,15.555555555555555,7,euclidean,ball_tree,50,1.0,-1.0
1,0.0,15.555555555555555,7,euclidean,ball_tree,50,2.0,-1.0
1,0.0,15.555555555555555,7,euclidean,kd_tree,10,,-1.0
1,0.0,15.555555555555555,7,euclidean,kd_tree,10,1.0,-1.0
1,0.0,15.555555555555555,7,euclidean,kd_tree,10,2.0,-1.0
1,0.0,15.555555555555555,7,euclidean,kd_tree,20,,-1.0
1,0.0,15.555555555555555,7,euclidean,kd_tree,20,1.0,-1.0
1,0.0,15.555555555555555,7,euclidean,kd_tree,20,2.0,-1.0
1,0.0,15.555555555555555,7,euclidean,kd_tree,30,,-1.0
1,0.0,15.555555555555555,7,euclidean,kd_tree,30,1.0,-1.0
1,0.0,15.555555555555555,7,euclidean,kd_tree,30,2.0,-1.0
1,0.0,15.555555555555555,7,euclidean,kd_tree,40,,-1.0
1,0.0,15.555555555555555,7,euclidean,kd_tree,40,1.0,-1.0
1,0.0,15.555555555555555,7,euclidean,kd_tree,40,2.0,-1.0
1,0.0,15.555555555555555,7,euclidean,kd_tree,50,,-1.0
1,0.0,15.555555555555555,7,euclidean,kd_tree,50,1.0,-1.0
1,0.0,15.555555555555555,7,euclidean,kd_tree,50,2.0,-1.0
1,0.0,15.555555555555555,7,euclidean,brute,10,,-1.0
1,0.0,15.555555555555555,7,euclidean,brute,10,1.0,-1.0
1,0.0,15.555555555555555,7,euclidean,brute,10,2.0,-1.0
1,0.0,15.555555555555555,7,euclidean,brute,20,,-1.0
1,0.0,15.555555555555555,7,euclidean,brute,20,1.0,-1.0
1,0.0,15.555555555555555,7,euclidean,brute,20,2.0,-1.0
1,0.0,15.555555555555555,7,euclidean,brute,30,,-1.0
1,0.0,15.555555555555555,7,euclidean,brute,30,1.0,-1.0
1,0.0,15.555555555555555,7,euclidean,brute,30,2.0,-1.0
1,0.0,15.555555555555555,7,euclidean,brute,40,,-1.0
1,0.0,15.555555555555555,7,euclidean,brute,40,1.0,-1.0
1,0.0,15.555555555555555,7,euclidean,brute,40,2.0,-1.0
1,0.0,15.555555555555555,7,euclidean,brute,50,,-1.0
1,0.0,15.555555555555555,7,euclidean,brute,50,1.0,-1.0
1,0.0,15.555555555555555,7,euclidean,brute,50,2.0,-1.0
1,0.0,15.555555555555555,7,manhattan,auto,10,,-1.0
1,0.0,15.555555555555555,7,manhattan,auto,10,1.0,-1.0
1,0.0,15.555555555555555,7,manhattan,auto,10,2.0,-1.0
1,0.0,15.555555555555555,7,manhattan,auto,20,,-1.0
1,0.0,15.555555555555555,7,manhattan,auto,20,1.0,-1.0
1,0.0,15.555555555555555,7,manhattan,auto,20,2.0,-1.0
1,0.0,15.555555555555555,7,manhattan,auto,30,,-1.0
1,0.0,15.555555555555555,7,manhattan,auto,30,1.0,-1.0
1,0.0,15.555555555555555,7,manhattan,auto,30,2.0,-1.0
1,0.0,15.555555555555555,7,manhattan,auto,40,,-1.0
1,0.0,15.555555555555555,7,manhattan,auto,40,1.0,-1.0
1,0.0,15.555555555555555,7,manhattan,auto,40,2.0,-1.0
1,0.0,15.555555555555555,7,manhattan,auto,50,,-1.0
1,0.0,15.555555555555555,7,manhattan,auto,50,1.0,-1.0
1,0.0,15.555555555555555,7,manhattan,auto,50,2.0,-1.0
1,0.0,15.555555555555555,7,manhattan,ball_tree,10,,-1.0
1,0.0,15.555555555555555,7,manhattan,ball_tree,10,1.0,-1.0
1,0.0,15.555555555555555,7,manhattan,ball_tree,10,2.0,-1.0
1,0.0,15.555555555555555,7,manhattan,ball_tree,20,,-1.0
1,0.0,15.555555555555555,7,manhattan,ball_tree,20,1.0,-1.0
1,0.0,15.555555555555555,7,manhattan,ball_tree,20,2.0,-1.0
1,0.0,15.555555555555555,7,manhattan,ball_tree,30,,-1.0
1,0.0,15.555555555555555,7,manhattan,ball_tree,30,1.0,-1.0
1,0.0,15.555555555555555,7,manhattan,ball_tree,30,2.0,-1.0
1,0.0,15.555555555555555,7,manhattan,ball_tree,40,,-1.0
1,0.0,15.555555555555555,7,manhattan,ball_tree,40,1.0,-1.0
1,0.0,15.555555555555555,7,manhattan,ball_tree,40,2.0,-1.0
1,0.0,15.555555555555555,7,manhattan,ball_tree,50,,-1.0
1,0.0,15.555555555555555,7,manhattan,ball_tree,50,1.0,-1.0
1,0.0,15.555555555555555,7,manhattan,ball_tree,50,2.0,-1.0
1,0.0,15.555555555555555,7,manhattan,kd_tree,10,,-1.0
1,0.0,15.555555555555555,7,manhattan,kd_tree,10,1.0,-1.0
1,0.0,15.555555555555555,7,manhattan,kd_tree,10,2.0,-1.0
1,0.0,15.555555555555555,7,manhattan,kd_tree,20,,-1.0
1,0.0,15.555555555555555,7,manhattan,kd_tree,20,1.0,-1.0
1,0.0,15.555555555555555,7,manhattan,kd_tree,20,2.0,-1.0
1,0.0,15.555555555555555,7,manhattan,kd_tree,30,,-1.0
1,0.0,15.555555555555555,7,manhattan,kd_tree,30,1.0,-1.0
1,0.0,15.555555555555555,7,manhattan,kd_tree,30,2.0,-1.0
1,0.0,15.555555555555555,7,manhattan,kd_tree,40,,-1.0
1,0.0,15.555555555555555,7,manhattan,kd_tree,40,1.0,-1.0
1,0.0,15.555555555555555,7,manhattan,kd_tree,40,2.0,-1.0
1,0.0,15.555555555555555,7,manhattan,kd_tree,50,,-1.0
1,0.0,15.555555555555555,7,manhattan,kd_tree,50,1.0,-1.0
1,0.0,15.555555555555555,7,manhattan,kd_tree,50,2.0,-1.0
1,0.0,15.555555555555555,7,manhattan,brute,10,,-1.0
1,0.0,15.555555555555555,7,manhattan,brute,10,1.0,-1.0
1,0.0,15.555555555555555,7,manhattan,brute,10,2.0,-1.0
1,0.0,15.555555555555555,7,manhattan,brute,20,,-1.0
1,0.0,15.555555555555555,7,manhattan,brute,20,1.0,-1.0
1,0.0,15.555555555555555,7,manhattan,brute,20,2.0,-1.0
1,0.0,15.555555555555555,7,manhattan,brute,30,,-1.0
1,0.0,15.555555555555555,7,manhattan,brute,30,1.0,-1.0
1,0.0,15.555555555555555,7,manhattan,brute,30,2.0,-1.0
1,0.0,15.555555555555555,7,manhattan,brute,40,,-1.0
1,0.0,15.555555555555555,7,manhattan,brute,40,1.0,-1.0
1,0.0,15.555555555555555,7,manhattan,brute,40,2.0,-1.0
1,0.0,15.555555555555555,7,manhattan,brute,50,,-1.0
1,0.0,15.555555555555555,7,manhattan,brute,50,1.0,-1.0
1,0.0,15.555555555555555,7,manhattan,brute,50,2.0,-1.0
1,0.0,15.555555555555555,8,euclidean,auto,10,,-1.0
1,0.0,15.555555555555555,8,euclidean,auto,10,1.0,-1.0
1,0.0,15.555555555555555,8,euclidean,auto,10,2.0,-1.0
1,0.0,15.555555555555555,8,euclidean,auto,20,,-1.0
1,0.0,15.555555555555555,8,euclidean,auto,20,1.0,-1.0
1,0.0,15.555555555555555,8,euclidean,auto,20,2.0,-1.0
1,0.0,15.555555555555555,8,euclidean,auto,30,,-1.0
1,0.0,15.555555555555555,8,euclidean,auto,30,1.0,-1.0
1,0.0,15.555555555555555,8,euclidean,auto,30,2.0,-1.0
1,0.0,15.555555555555555,8,euclidean,auto,40,,-1.0
1,0.0,15.555555555555555,8,euclidean,auto,40,1.0,-1.0
1,0.0,15.555555555555555,8,euclidean,auto,40,2.0,-1.0
1,0.0,15.555555555555555,8,euclidean,auto,50,,-1.0
1,0.0,15.555555555555555,8,euclidean,auto,50,1.0,-1.0
1,0.0,15.555555555555555,8,euclidean,auto,50,2.0,-1.0
1,0.0,15.555555555555555,8,euclidean,ball_tree,10,,-1.0
1,0.0,15.555555555555555,8,euclidean,ball_tree,10,1.0,-1.0
1,0.0,15.555555555555555,8,euclidean,ball_tree,10,2.0,-1.0
1,0.0,15.555555555555555,8,euclidean,ball_tree,20,,-1.0
1,0.0,15.555555555555555,8,euclidean,ball_tree,20,1.0,-1.0
1,0.0,15.555555555555555,8,euclidean,ball_tree,20,2.0,-1.0
1,0.0,15.555555555555555,8,euclidean,ball_tree,30,,-1.0
1,0.0,15.555555555555555,8,euclidean,ball_tree,30,1.0,-1.0
1,0.0,15.555555555555555,8,euclidean,ball_tree,30,2.0,-1.0
1,0.0,15.555555555555555,8,euclidean,ball_tree,40,,-1.0
1,0.0,15.555555555555555,8,euclidean,ball_tree,40,1.0,-1.0
1,0.0,15.555555555555555,8,euclidean,ball_tree,40,2.0,-1.0
1,0.0,15.555555555555555,8,euclidean,ball_tree,50,,-1.0
1,0.0,15.555555555555555,8,euclidean,ball_tree,50,1.0,-1.0
1,0.0,15.555555555555555,8,euclidean,ball_tree,50,2.0,-1.0
1,0.0,15.555555555555555,8,euclidean,kd_tree,10,,-1.0
1,0.0,15.555555555555555,8,euclidean,kd_tree,10,1.0,-1.0
1,0.0,15.555555555555555,8,euclidean,kd_tree,10,2.0,-1.0
1,0.0,15.555555555555555,8,euclidean,kd_tree,20,,-1.0
1,0.0,15.555555555555555,8,euclidean,kd_tree,20,1.0,-1.0
1,0.0,15.555555555555555,8,euclidean,kd_tree,20,2.0,-1.0
1,0.0,15.555555555555555,8,euclidean,kd_tree,30,,-1.0
1,0.0,15.555555555555555,8,euclidean,kd_tree,30,1.0,-1.0
1,0.0,15.555555555555555,8,euclidean,kd_tree,30,2.0,-1.0
1,0.0,15.555555555555555,8,euclidean,kd_tree,40,,-1.0
1,0.0,15.555555555555555,8,euclidean,kd_tree,40,1.0,-1.0
1,0.0,15.555555555555555,8,euclidean,kd_tree,40,2.0,-1.0
1,0.0,15.555555555555555,8,euclidean,kd_tree,50,,-1.0
1,0.0,15.555555555555555,8,euclidean,kd_tree,50,1.0,-1.0
1,0.0,15.555555555555555,8,euclidean,kd_tree,50,2.0,-1.0
1,0.0,15.555555555555555,8,euclidean,brute,10,,-1.0
1,0.0,15.555555555555555,8,euclidean,brute,10,1.0,-1.0
1,0.0,15.555555555555555,8,euclidean,brute,10,2.0,-1.0
1,0.0,15.555555555555555,8,euclidean,brute,20,,-1.0
1,0.0,15.555555555555555,8,euclidean,brute,20,1.0,-1.0
1,0.0,15.555555555555555,8,euclidean,brute,20,2.0,-1.0
1,0.0,15.555555555555555,8,euclidean,brute,30,,-1.0
1,0.0,15.555555555555555,8,euclidean,brute,30,1.0,-1.0
1,0.0,15.555555555555555,8,euclidean,brute,30,2.0,-1.0
1,0.0,15.555555555555555,8,euclidean,brute,40,,-1.0
1,0.0,15.555555555555555,8,euclidean,brute,40,1.0,-1.0
1,0.0,15.555555555555555,8,euclidean,brute,40,2.0,-1.0
1,0.0,15.555555555555555,8,euclidean,brute,50,,-1.0
1,0.0,15.555555555555555,8,euclidean,brute,50,1.0,-1.0
1,0.0,15.555555555555555,8,euclidean,brute,50,2.0,-1.0
1,0.0,15.555555555555555,8,manhattan,auto,10,,-1.0
1,0.0,15.555555555555555,8,manhattan,auto,10,1.0,-1.0
1,0.0,15.555555555555555,8,manhattan,auto,10,2.0,-1.0
1,0.0,15.555555555555555,8,manhattan,auto,20,,-1.0
1,0.0,15.555555555555555,8,manhattan,auto,20,1.0,-1.0
1,0.0,15.555555555555555,8,manhattan,auto,20,2.0,-1.0
1,0.0,15.555555555555555,8,manhattan,auto,30,,-1.0
1,0.0,15.555555555555555,8,manhattan,auto,30,1.0,-1.0
1,0.0,15.555555555555555,8,manhattan,auto,30,2.0,-1.0
1,0.0,15.555555555555555,8,manhattan,auto,40,,-1.0
1,0.0,15.555555555555555,8,manhattan,auto,40,1.0,-1.0
1,0.0,15.555555555555555,8,manhattan,auto,40,2.0,-1.0
1,0.0,15.555555555555555,8,manhattan,auto,50,,-1.0
1,0.0,15.555555555555555,8,manhattan,auto,50,1.0,-1.0
1,0.0,15.555555555555555,8,manhattan,auto,50,2.0,-1.0
1,0.0,15.555555555555555,8,manhattan,ball_tree,10,,-1.0
1,0.0,15.555555555555555,8,manhattan,ball_tree,10,1.0,-1.0
1,0.0,15.555555555555555,8,manhattan,ball_tree,10,2.0,-1.0
1,0.0,15.555555555555555,8,manhattan,ball_tree,20,,-1.0
1,0.0,15.555555555555555,8,manhattan,ball_tree,20,1.0,-1.0
1,0.0,15.555555555555555,8,manhattan,ball_tree,20,2.0,-1.0
1,0.0,15.555555555555555,8,manhattan,ball_tree,30,,-1.0
1,0.0,15.555555555555555,8,manhattan,ball_tree,30,1.0,-1.0
1,0.0,15.555555555555555,8,manhattan,ball_tree,30,2.0,-1.0
1,0.0,15.555555555555555,8,manhattan,ball_tree,40,,-1.0
1,0.0,15.555555555555555,8,manhattan,ball_tree,40,1.0,-1.0
1,0.0,15.555555555555555,8,manhattan,ball_tree,40,2.0,-1.0
1,0.0,15.555555555555555,8,manhattan,ball_tree,50,,-1.0
1,0.0,15.555555555555555,8,manhattan,ball_tree,50,1.0,-1.0
1,0.0,15.555555555555555,8,manhattan,ball_tree,50,2.0,-1.0
1,0.0,15.555555555555555,8,manhattan,kd_tree,10,,-1.0
1,0.0,15.555555555555555,8,manhattan,kd_tree,10,1.0,-1.0
1,0.0,15.555555555555555,8,manhattan,kd_tree,10,2.0,-1.0
1,0.0,15.555555555555555,8,manhattan,kd_tree,20,,-1.0
1,0.0,15.555555555555555,8,manhattan,kd_tree,20,1.0,-1.0
1,0.0,15.555555555555555,8,manhattan,kd_tree,20,2.0,-1.0
1,0.0,15.555555555555555,8,manhattan,kd_tree,30,,-1.0
1,0.0,15.555555555555555,8,manhattan,kd_tree,30,1.0,-1.0
1,0.0,15.555555555555555,8,manhattan,kd_tree,30,2.0,-1.0
1,0.0,15.555555555555555,8,manhattan,kd_tree,40,,-1.0
1,0.0,15.555555555555555,8,manhattan,kd_tree,40,1.0,-1.0
1,0.0,15.555555555555555,8,manhattan,kd_tree,40,2.0,-1.0
1,0.0,15.555555555555555,8,manhattan,kd_tree,50,,-1.0
1,0.0,15.555555555555555,8,manhattan,kd_tree,50,1.0,-1.0
1,0.0,15.555555555555555,8,manhattan,kd_tree,50,2.0,-1.0
1,0.0,15.555555555555555,8,manhattan,brute,10,,-1.0
1,0.0,15.555555555555555,8,manhattan,brute,10,1.0,-1.0
1,0.0,15.555555555555555,8,manhattan,brute,10,2.0,-1.0
1,0.0,15.555555555555555,8,manhattan,brute,20,,-1.0
1,0.0,15.555555555555555,8,manhattan,brute,20,1.0,-1.0
1,0.0,15.555555555555555,8,manhattan,brute,20,2.0,-1.0
1,0.0,15.555555555555555,8,manhattan,brute,30,,-1.0
1,0.0,15.555555555555555,8,manhattan,brute,30,1.0,-1.0
1,0.0,15.555555555555555,8,manhattan,brute,30,2.0,-1.0
1,0.0,15.555555555555555,8,manhattan,brute,40,,-1.0
1,0.0,15.555555555555555,8,manhattan,brute,40,1.0,-1.0
1,0.0,15.555555555555555,8,manhattan,brute,40,2.0,-1.0
1,0.0,15.555555555555555,8,manhattan,brute,50,,-1.0
1,0.0,15.555555555555555,8,manhattan,brute,50,1.0,-1.0
1,0.0,15.555555555555555,8,manhattan,brute,50,2.0,-1.0
1,0.0,15.555555555555555,9,euclidean,auto,10,,-1.0
1,0.0,15.555555555555555,9,euclidean,auto,10,1.0,-1.0
1,0.0,15.555555555555555,9,euclidean,auto,10,2.0,-1.0
1,0.0,15.555555555555555,9,euclidean,auto,20,,-1.0
1,0.0,15.555555555555555,9,euclidean,auto,20,1.0,-1.0
1,0.0,15.555555555555555,9,euclidean,auto,20,2.0,-1.0
1,0.0,15.555555555555555,9,euclidean,auto,30,,-1.0
1,0.0,15.555555555555555,9,euclidean,auto,30,1.0,-1.0
1,0.0,15.555555555555555,9,euclidean,auto,30,2.0,-1.0
1,0.0,15.555555555555555,9,euclidean,auto,40,,-1.0
1,0.0,15.555555555555555,9,euclidean,auto,40,1.0,-1.0
1,0.0,15.555555555555555,9,euclidean,auto,40,2.0,-1.0
1,0.0,15.555555555555555,9,euclidean,auto,50,,-1.0
1,0.0,15.555555555555555,9,euclidean,auto,50,1.0,-1.0
1,0.0,15.555555555555555,9,euclidean,auto,50,2.0,-1.0
1,0.0,15.555555555555555,9,euclidean,ball_tree,10,,-1.0
1,0.0,15.555555555555555,9,euclidean,ball_tree,10,1.0,-1.0
1,0.0,15.555555555555555,9,euclidean,ball_tree,10,2.0,-1.0
1,0.0,15.555555555555555,9,euclidean,ball_tree,20,,-1.0
1,0.0,15.555555555555555,9,euclidean,ball_tree,20,1.0,-1.0
1,0.0,15.555555555555555,9,euclidean,ball_tree,20,2.0,-1.0
1,0.0,15.555555555555555,9,euclidean,ball_tree,30,,-1.0
1,0.0,15.555555555555555,9,euclidean,ball_tree,30,1.0,-1.0
1,0.0,15.555555555555555,9,euclidean,ball_tree,30,2.0,-1.0
1,0.0,15.555555555555555,9,euclidean,ball_tree,40,,-1.0
1,0.0,15.555555555555555,9,euclidean,ball_tree,40,1.0,-1.0
1,0.0,15.555555555555555,9,euclidean,ball_tree,40,2.0,-1.0
1,0.0,15.555555555555555,9,euclidean,ball_tree,50,,-1.0
1,0.0,15.555555555555555,9,euclidean,ball_tree,50,1.0,-1.0
1,0.0,15.555555555555555,9,euclidean,ball_tree,50,2.0,-1.0
1,0.0,15.555555555555555,9,euclidean,kd_tree,10,,-1.0
1,0.0,15.555555555555555,9,euclidean,kd_tree,10,1.0,-1.0
1,0.0,15.555555555555555,9,euclidean,kd_tree,10,2.0,-1.0
1,0.0,15.555555555555555,9,euclidean,kd_tree,20,,-1.0
1,0.0,15.555555555555555,9,euclidean,kd_tree,20,1.0,-1.0
1,0.0,15.555555555555555,9,euclidean,kd_tree,20,2.0,-1.0
1,0.0,15.555555555555555,9,euclidean,kd_tree,30,,-1.0
1,0.0,15.555555555555555,9,euclidean,kd_tree,30,1.0,-1.0
1,0.0,15.555555555555555,9,euclidean,kd_tree,30,2.0,-1.0
1,0.0,15.555555555555555,9,euclidean,kd_tree,40,,-1.0
1,0.0,15.555555555555555,9,euclidean,kd_tree,40,1.0,-1.0
1,0.0,15.555555555555555,9,euclidean,kd_tree,40,2.0,-1.0
1,0.0,15.555555555555555,9,euclidean,kd_tree,50,,-1.0
1,0.0,15.555555555555555,9,euclidean,kd_tree,50,1.0,-1.0
1,0.0,15.555555555555555,9,euclidean,kd_tree,50,2.0,-1.0
1,0.0,15.555555555555555,9,euclidean,brute,10,,-1.0
1,0.0,15.555555555555555,9,euclidean,brute,10,1.0,-1.0
1,0.0,15.555555555555555,9,euclidean,brute,10,2.0,-1.0
1,0.0,15.555555555555555,9,euclidean,brute,20,,-1.0
1,0.0,15.555555555555555,9,euclidean,brute,20,1.0,-1.0
1,0.0,15.555555555555555,9,euclidean,brute,20,2.0,-1.0
1,0.0,15.555555555555555,9,euclidean,brute,30,,-1.0
1,0.0,15.555555555555555,9,euclidean,brute,30,1.0,-1.0
1,0.0,15.555555555555555,9,euclidean,brute,30,2.0,-1.0
1,0.0,15.555555555555555,9,euclidean,brute,40,,-1.0
1,0.0,15.555555555555555,9,euclidean,brute,40,1.0,-1.0
1,0.0,15.555555555555555,9,euclidean,brute,40,2.0,-1.0
1,0.0,15.555555555555555,9,euclidean,brute,50,,-1.0
1,0.0,15.555555555555555,9,euclidean,brute,50,1.0,-1.0
1,0.0,15.555555555555555,9,euclidean,brute,50,2.0,-1.0
1,0.0,15.555555555555555,9,manhattan,auto,10,,-1.0
1,0.0,15.555555555555555,9,manhattan,auto,10,1.0,-1.0
1,0.0,15.555555555555555,9,manhattan,auto,10,2.0,-1.0
1,0.0,15.555555555555555,9,manhattan,auto,20,,-1.0
1,0.0,15.555555555555555,9,manhattan,auto,20,1.0,-1.0
1,0.0,15.555555555555555,9,manhattan,auto,20,2.0,-1.0
1,0.0,15.555555555555555,9,manhattan,auto,30,,-1.0
1,0.0,15.555555555555555,9,manhattan,auto,30,1.0,-1.0
1,0.0,15.555555555555555,9,manhattan,auto,30,2.0,-1.0
1,0.0,15.555555555555555,9,manhattan,auto,40,,-1.0
1,0.0,15.555555555555555,9,manhattan,auto,40,1.0,-1.0
1,0.0,15.555555555555555,9,manhattan,auto,40,2.0,-1.0
1,0.0,15.555555555555555,9,manhattan,auto,50,,-1.0
1,0.0,15.555555555555555,9,manhattan,auto,50,1.0,-1.0
1,0.0,15.555555555555555,9,manhattan,auto,50,2.0,-1.0
1,0.0,15.555555555555555,9,manhattan,ball_tree,10,,-1.0
1,0.0,15.555555555555555,9,manhattan,ball_tree,10,1.0,-1.0
1,0.0,15.555555555555555,9,manhattan,ball_tree,10,2.0,-1.0
1,0.0,15.555555555555555,9,manhattan,ball_tree,20,,-1.0
1,0.0,15.555555555555555,9,manhattan,ball_tree,20,1.0,-1.0
1,0.0,15.555555555555555,9,manhattan,ball_tree,20,2.0,-1.0
1,0.0,15.555555555555555,9,manhattan,ball_tree,30,,-1.0
1,0.0,15.555555555555555,9,manhattan,ball_tree,30,1.0,-1.0
1,0.0,15.555555555555555,9,manhattan,ball_tree,30,2.0,-1.0
1,0.0,15.555555555555555,9,manhattan,ball_tree,40,,-1.0
1,0.0,15.555555555555555,9,manhattan,ball_tree,40,1.0,-1.0
1,0.0,15.555555555555555,9,manhattan,ball_tree,40,2.0,-1.0
1,0.0,15.555555555555555,9,manhattan,ball_tree,50,,-1.0
1,0.0,15.555555555555555,9,manhattan,ball_tree,50,1.0,-1.0
1,0.0,15.555555555555555,9,manhattan,ball_tree,50,2.0,-1.0
1,0.0,15.555555555555555,9,manhattan,kd_tree,10,,-1.0
1,0.0,15.555555555555555,9,manhattan,kd_tree,10,1.0,-1.0
1,0.0,15.555555555555555,9,manhattan,kd_tree,10,2.0,-1.0
1,0.0,15.555555555555555,9,manhattan,kd_tree,20,,-1.0
1,0.0,15.555555555555555,9,manhattan,kd_tree,20,1.0,-1.0
1,0.0,15.555555555555555,9,manhattan,kd_tree,20,2.0,-1.0
1,0.0,15.555555555555555,9,manhattan,kd_tree,30,,-1.0
1,0.0,15.555555555555555,9,manhattan,kd_tree,30,1.0,-1.0
1,0.0,15.555555555555555,9,manhattan,kd_tree,30,2.0,-1.0
1,0.0,15.555555555555555,9,manhattan,kd_tree,40,,-1.0
1,0.0,15.555555555555555,9,manhattan,kd_tree,40,1.0,-1.0
1,0.0,15.555555555555555,9,manhattan,kd_tree,40,2.0,-1.0
1,0.0,15.555555555555555,9,manhattan,kd_tree,50,,-1.0
1,0.0,15.555555555555555,9,manhattan,kd_tree,50,1.0,-1.0
1,0.0,15.555555555555555,9,manhattan,kd_tree,50,2.0,-1.0
1,0.0,15.555555555555555,9,manhattan,brute,10,,-1.0
1,0.0,15.555555555555555,9,manhattan,brute,10,1.0,-1.0
1,0.0,15.555555555555555,9,manhattan,brute,10,2.0,-1.0
1,0.0,15.555555555555555,9,manhattan,brute,20,,-1.0
1,0.0,15.555555555555555,9,manhattan,brute,20,1.0,-1.0
1,0.0,15.555555555555555,9,manhattan,brute,20,2.0,-1.0
1,0.0,15.555555555555555,9,manhattan,brute,30,,-1.0
1,0.0,15.555555555555555,9,manhattan,brute,30,1.0,-1.0
1,0.0,15.555555555555555,9,manhattan,brute,30,2.0,-1.0
1,0.0,15.555555555555555,9,manhattan,brute,40,,-1.0
1,0.0,15.555555555555555,9,manhattan,brute,40,1.0,-1.0
1,0.0,15.555555555555555,9,manhattan,brute,40,2.0,-1.0
1,0.0,15.555555555555555,9,manhattan,brute,50,,-1.0
1,0.0,15.555555555555555,9,manhattan,brute,50,1.0,-1.0
1,0.0,15.555555555555555,9,manhattan,brute,50,2.0,-1.0
1,0.0,16.666666666666668,2,euclidean,auto,10,,-1.0
1,0.0,16.666666666666668,2,euclidean,auto,10,1.0,-1.0
1,0.0,16.666666666666668,2,euclidean,auto,10,2.0,-1.0
1,0.0,16.666666666666668,2,euclidean,auto,20,,-1.0
1,0.0,16.666666666666668,2,euclidean,auto,20,1.0,-1.0
1,0.0,16.666666666666668,2,euclidean,auto,20,2.0,-1.0
1,0.0,16.666666666666668,2,euclidean,auto,30,,-1.0
1,0.0,16.666666666666668,2,euclidean,auto,30,1.0,-1.0
1,0.0,16.666666666666668,2,euclidean,auto,30,2.0,-1.0
1,0.0,16.666666666666668,2,euclidean,auto,40,,-1.0
1,0.0,16.666666666666668,2,euclidean,auto,40,1.0,-1.0
1,0.0,16.666666666666668,2,euclidean,auto,40,2.0,-1.0
1,0.0,16.666666666666668,2,euclidean,auto,50,,-1.0
1,0.0,16.666666666666668,2,euclidean,auto,50,1.0,-1.0
1,0.0,16.666666666666668,2,euclidean,auto,50,2.0,-1.0
1,0.0,16.666666666666668,2,euclidean,ball_tree,10,,-1.0
1,0.0,16.666666666666668,2,euclidean,ball_tree,10,1.0,-1.0
1,0.0,16.666666666666668,2,euclidean,ball_tree,10,2.0,-1.0
1,0.0,16.666666666666668,2,euclidean,ball_tree,20,,-1.0
1,0.0,16.666666666666668,2,euclidean,ball_tree,20,1.0,-1.0
1,0.0,16.666666666666668,2,euclidean,ball_tree,20,2.0,-1.0
1,0.0,16.666666666666668,2,euclidean,ball_tree,30,,-1.0
1,0.0,16.666666666666668,2,euclidean,ball_tree,30,1.0,-1.0
1,0.0,16.666666666666668,2,euclidean,ball_tree,30,2.0,-1.0
1,0.0,16.666666666666668,2,euclidean,ball_tree,40,,-1.0
1,0.0,16.666666666666668,2,euclidean,ball_tree,40,1.0,-1.0
1,0.0,16.666666666666668,2,euclidean,ball_tree,40,2.0,-1.0
1,0.0,16.666666666666668,2,euclidean,ball_tree,50,,-1.0
1,0.0,16.666666666666668,2,euclidean,ball_tree,50,1.0,-1.0
1,0.0,16.666666666666668,2,euclidean,ball_tree,50,2.0,-1.0
1,0.0,16.666666666666668,2,euclidean,kd_tree,10,,-1.0
1,0.0,16.666666666666668,2,euclidean,kd_tree,10,1.0,-1.0
1,0.0,16.666666666666668,2,euclidean,kd_tree,10,2.0,-1.0
1,0.0,16.666666666666668,2,euclidean,kd_tree,20,,-1.0
1,0.0,16.666666666666668,2,euclidean,kd_tree,20,1.0,-1.0
1,0.0,16.666666666666668,2,euclidean,kd_tree,20,2.0,-1.0
1,0.0,16.666666666666668,2,euclidean,kd_tree,30,,-1.0
1,0.0,16.666666666666668,2,euclidean,kd_tree,30,1.0,-1.0
1,0.0,16.666666666666668,2,euclidean,kd_tree,30,2.0,-1.0
1,0.0,16.666666666666668,2,euclidean,kd_tree,40,,-1.0
1,0.0,16.666666666666668,2,euclidean,kd_tree,40,1.0,-1.0
1,0.0,16.666666666666668,2,euclidean,kd_tree,40,2.0,-1.0
1,0.0,16.666666666666668,2,euclidean,kd_tree,50,,-1.0
1,0.0,16.666666666666668,2,euclidean,kd_tree,50,1.0,-1.0
1,0.0,16.666666666666668,2,euclidean,kd_tree,50,2.0,-1.0
1,0.0,16.666666666666668,2,euclidean,brute,10,,-1.0
1,0.0,16.666666666666668,2,euclidean,brute,10,1.0,-1.0
1,0.0,16.666666666666668,2,euclidean,brute,10,2.0,-1.0
1,0.0,16.666666666666668,2,euclidean,brute,20,,-1.0
1,0.0,16.666666666666668,2,euclidean,brute,20,1.0,-1.0
1,0.0,16.666666666666668,2,euclidean,brute,20,2.0,-1.0
1,0.0,16.666666666666668,2,euclidean,brute,30,,-1.0
1,0.0,16.666666666666668,2,euclidean,brute,30,1.0,-1.0
1,0.0,16.666666666666668,2,euclidean,brute,30,2.0,-1.0
1,0.0,16.666666666666668,2,euclidean,brute,40,,-1.0
1,0.0,16.666666666666668,2,euclidean,brute,40,1.0,-1.0
1,0.0,16.666666666666668,2,euclidean,brute,40,2.0,-1.0
1,0.0,16.666666666666668,2,euclidean,brute,50,,-1.0
1,0.0,16.666666666666668,2,euclidean,brute,50,1.0,-1.0
1,0.0,16.666666666666668,2,euclidean,brute,50,2.0,-1.0
1,0.0,16.666666666666668,2,manhattan,auto,10,,-1.0
1,0.0,16.666666666666668,2,manhattan,auto,10,1.0,-1.0
1,0.0,16.666666666666668,2,manhattan,auto,10,2.0,-1.0
1,0.0,16.666666666666668,2,manhattan,auto,20,,-1.0
1,0.0,16.666666666666668,2,manhattan,auto,20,1.0,-1.0
1,0.0,16.666666666666668,2,manhattan,auto,20,2.0,-1.0
1,0.0,16.666666666666668,2,manhattan,auto,30,,-1.0
1,0.0,16.666666666666668,2,manhattan,auto,30,1.0,-1.0
1,0.0,16.666666666666668,2,manhattan,auto,30,2.0,-1.0
1,0.0,16.666666666666668,2,manhattan,auto,40,,-1.0
1,0.0,16.666666666666668,2,manhattan,auto,40,1.0,-1.0
1,0.0,16.666666666666668,2,manhattan,auto,40,2.0,-1.0
1,0.0,16.666666666666668,2,manhattan,auto,50,,-1.0
1,0.0,16.666666666666668,2,manhattan,auto,50,1.0,-1.0
1,0.0,16.666666666666668,2,manhattan,auto,50,2.0,-1.0
1,0.0,16.666666666666668,2,manhattan,ball_tree,10,,-1.0
1,0.0,16.666666666666668,2,manhattan,ball_tree,10,1.0,-1.0
1,0.0,16.666666666666668,2,manhattan,ball_tree,10,2.0,-1.0
1,0.0,16.666666666666668,2,manhattan,ball_tree,20,,-1.0
1,0.0,16.666666666666668,2,manhattan,ball_tree,20,1.0,-1.0
1,0.0,16.666666666666668,2,manhattan,ball_tree,20,2.0,-1.0
1,0.0,16.666666666666668,2,manhattan,ball_tree,30,,-1.0
1,0.0,16.666666666666668,2,manhattan,ball_tree,30,1.0,-1.0
1,0.0,16.666666666666668,2,manhattan,ball_tree,30,2.0,-1.0
1,0.0,16.666666666666668,2,manhattan,ball_tree,40,,-1.0
1,0.0,16.666666666666668,2,manhattan,ball_tree,40,1.0,-1.0
1,0.0,16.666666666666668,2,manhattan,ball_tree,40,2.0,-1.0
1,0.0,16.666666666666668,2,manhattan,ball_tree,50,,-1.0
1,0.0,16.666666666666668,2,manhattan,ball_tree,50,1.0,-1.0
1,0.0,16.666666666666668,2,manhattan,ball_tree,50,2.0,-1.0
1,0.0,16.666666666666668,2,manhattan,kd_tree,10,,-1.0
1,0.0,16.666666666666668,2,manhattan,kd_tree,10,1.0,-1.0
1,0.0,16.666666666666668,2,manhattan,kd_tree,10,2.0,-1.0
1,0.0,16.666666666666668,2,manhattan,kd_tree,20,,-1.0
1,0.0,16.666666666666668,2,manhattan,kd_tree,20,1.0,-1.0
1,0.0,16.666666666666668,2,manhattan,kd_tree,20,2.0,-1.0
1,0.0,16.666666666666668,2,manhattan,kd_tree,30,,-1.0
1,0.0,16.666666666666668,2,manhattan,kd_tree,30,1.0,-1.0
1,0.0,16.666666666666668,2,manhattan,kd_tree,30,2.0,-1.0
1,0.0,16.666666666666668,2,manhattan,kd_tree,40,,-1.0
1,0.0,16.666666666666668,2,manhattan,kd_tree,40,1.0,-1.0
1,0.0,16.666666666666668,2,manhattan,kd_tree,40,2.0,-1.0
1,0.0,16.666666666666668,2,manhattan,kd_tree,50,,-1.0
1,0.0,16.666666666666668,2,manhattan,kd_tree,50,1.0,-1.0
1,0.0,16.666666666666668,2,manhattan,kd_tree,50,2.0,-1.0
1,0.0,16.666666666666668,2,manhattan,brute,10,,-1.0
1,0.0,16.666666666666668,2,manhattan,brute,10,1.0,-1.0
1,0.0,16.666666666666668,2,manhattan,brute,10,2.0,-1.0
1,0.0,16.666666666666668,2,manhattan,brute,20,,-1.0
1,0.0,16.666666666666668,2,manhattan,brute,20,1.0,-1.0
1,0.0,16.666666666666668,2,manhattan,brute,20,2.0,-1.0
1,0.0,16.666666666666668,2,manhattan,brute,30,,-1.0
1,0.0,16.666666666666668,2,manhattan,brute,30,1.0,-1.0
1,0.0,16.666666666666668,2,manhattan,brute,30,2.0,-1.0
1,0.0,16.666666666666668,2,manhattan,brute,40,,-1.0
1,0.0,16.666666666666668,2,manhattan,brute,40,1.0,-1.0
1,0.0,16.666666666666668,2,manhattan,brute,40,2.0,-1.0
1,0.0,16.666666666666668,2,manhattan,brute,50,,-1.0
1,0.0,16.666666666666668,2,manhattan,brute,50,1.0,-1.0
1,0.0,16.666666666666668,2,manhattan,brute,50,2.0,-1.0
1,0.0,16.666666666666668,3,euclidean,auto,10,,-1.0
1,0.0,16.666666666666668,3,euclidean,auto,10,1.0,-1.0
1,0.0,16.666666666666668,3,euclidean,auto,10,2.0,-1.0
1,0.0,16.666666666666668,3,euclidean,auto,20,,-1.0
1,0.0,16.666666666666668,3,euclidean,auto,20,1.0,-1.0
1,0.0,16.666666666666668,3,euclidean,auto,20,2.0,-1.0
1,0.0,16.666666666666668,3,euclidean,auto,30,,-1.0
1,0.0,16.666666666666668,3,euclidean,auto,30,1.0,-1.0
1,0.0,16.666666666666668,3,euclidean,auto,30,2.0,-1.0
1,0.0,16.666666666666668,3,euclidean,auto,40,,-1.0
1,0.0,16.666666666666668,3,euclidean,auto,40,1.0,-1.0
1,0.0,16.666666666666668,3,euclidean,auto,40,2.0,-1.0
1,0.0,16.666666666666668,3,euclidean,auto,50,,-1.0
1,0.0,16.666666666666668,3,euclidean,auto,50,1.0,-1.0
1,0.0,16.666666666666668,3,euclidean,auto,50,2.0,-1.0
1,0.0,16.666666666666668,3,euclidean,ball_tree,10,,-1.0
1,0.0,16.666666666666668,3,euclidean,ball_tree,10,1.0,-1.0
1,0.0,16.666666666666668,3,euclidean,ball_tree,10,2.0,-1.0
1,0.0,16.666666666666668,3,euclidean,ball_tree,20,,-1.0
1,0.0,16.666666666666668,3,euclidean,ball_tree,20,1.0,-1.0
1,0.0,16.666666666666668,3,euclidean,ball_tree,20,2.0,-1.0
1,0.0,16.666666666666668,3,euclidean,ball_tree,30,,-1.0
1,0.0,16.666666666666668,3,euclidean,ball_tree,30,1.0,-1.0
1,0.0,16.666666666666668,3,euclidean,ball_tree,30,2.0,-1.0
1,0.0,16.666666666666668,3,euclidean,ball_tree,40,,-1.0
1,0.0,16.666666666666668,3,euclidean,ball_tree,40,1.0,-1.0
1,0.0,16.666666666666668,3,euclidean,ball_tree,40,2.0,-1.0
1,0.0,16.666666666666668,3,euclidean,ball_tree,50,,-1.0
1,0.0,16.666666666666668,3,euclidean,ball_tree,50,1.0,-1.0
1,0.0,16.666666666666668,3,euclidean,ball_tree,50,2.0,-1.0
1,0.0,16.666666666666668,3,euclidean,kd_tree,10,,-1.0
1,0.0,16.666666666666668,3,euclidean,kd_tree,10,1.0,-1.0
1,0.0,16.666666666666668,3,euclidean,kd_tree,10,2.0,-1.0
1,0.0,16.666666666666668,3,euclidean,kd_tree,20,,-1.0
1,0.0,16.666666666666668,3,euclidean,kd_tree,20,1.0,-1.0
1,0.0,16.666666666666668,3,euclidean,kd_tree,20,2.0,-1.0
1,0.0,16.666666666666668,3,euclidean,kd_tree,30,,-1.0
1,0.0,16.666666666666668,3,euclidean,kd_tree,30,1.0,-1.0
1,0.0,16.666666666666668,3,euclidean,kd_tree,30,2.0,-1.0
1,0.0,16.666666666666668,3,euclidean,kd_tree,40,,-1.0
1,0.0,16.666666666666668,3,euclidean,kd_tree,40,1.0,-1.0
1,0.0,16.666666666666668,3,euclidean,kd_tree,40,2.0,-1.0
1,0.0,16.666666666666668,3,euclidean,kd_tree,50,,-1.0
1,0.0,16.666666666666668,3,euclidean,kd_tree,50,1.0,-1.0
1,0.0,16.666666666666668,3,euclidean,kd_tree,50,2.0,-1.0
1,0.0,16.666666666666668,3,euclidean,brute,10,,-1.0
1,0.0,16.666666666666668,3,euclidean,brute,10,1.0,-1.0
1,0.0,16.666666666666668,3,euclidean,brute,10,2.0,-1.0
1,0.0,16.666666666666668,3,euclidean,brute,20,,-1.0
1,0.0,16.666666666666668,3,euclidean,brute,20,1.0,-1.0
1,0.0,16.666666666666668,3,euclidean,brute,20,2.0,-1.0
1,0.0,16.666666666666668,3,euclidean,brute,30,,-1.0
1,0.0,16.666666666666668,3,euclidean,brute,30,1.0,-1.0
1,0.0,16.666666666666668,3,euclidean,brute,30,2.0,-1.0
1,0.0,16.666666666666668,3,euclidean,brute,40,,-1.0
1,0.0,16.666666666666668,3,euclidean,brute,40,1.0,-1.0
1,0.0,16.666666666666668,3,euclidean,brute,40,2.0,-1.0
1,0.0,16.666666666666668,3,euclidean,brute,50,,-1.0
1,0.0,16.666666666666668,3,euclidean,brute,50,1.0,-1.0
1,0.0,16.666666666666668,3,euclidean,brute,50,2.0,-1.0
1,0.0,16.666666666666668,3,manhattan,auto,10,,-1.0
1,0.0,16.666666666666668,3,manhattan,auto,10,1.0,-1.0
1,0.0,16.666666666666668,3,manhattan,auto,10,2.0,-1.0
1,0.0,16.666666666666668,3,manhattan,auto,20,,-1.0
1,0.0,16.666666666666668,3,manhattan,auto,20,1.0,-1.0
1,0.0,16.666666666666668,3,manhattan,auto,20,2.0,-1.0
1,0.0,16.666666666666668,3,manhattan,auto,30,,-1.0
1,0.0,16.666666666666668,3,manhattan,auto,30,1.0,-1.0
1,0.0,16.666666666666668,3,manhattan,auto,30,2.0,-1.0
1,0.0,16.666666666666668,3,manhattan,auto,40,,-1.0
1,0.0,16.666666666666668,3,manhattan,auto,40,1.0,-1.0
1,0.0,16.666666666666668,3,manhattan,auto,40,2.0,-1.0
1,0.0,16.666666666666668,3,manhattan,auto,50,,-1.0
1,0.0,16.666666666666668,3,manhattan,auto,50,1.0,-1.0
1,0.0,16.666666666666668,3,manhattan,auto,50,2.0,-1.0
1,0.0,16.666666666666668,3,manhattan,ball_tree,10,,-1.0
1,0.0,16.666666666666668,3,manhattan,ball_tree,10,1.0,-1.0
1,0.0,16.666666666666668,3,manhattan,ball_tree,10,2.0,-1.0
1,0.0,16.666666666666668,3,manhattan,ball_tree,20,,-1.0
1,0.0,16.666666666666668,3,manhattan,ball_tree,20,1.0,-1.0
1,0.0,16.666666666666668,3,manhattan,ball_tree,20,2.0,-1.0
1,0.0,16.666666666666668,3,manhattan,ball_tree,30,,-1.0
1,0.0,16.666666666666668,3,manhattan,ball_tree,30,1.0,-1.0
1,0.0,16.666666666666668,3,manhattan,ball_tree,30,2.0,-1.0
1,0.0,16.666666666666668,3,manhattan,ball_tree,40,,-1.0
1,0.0,16.666666666666668,3,manhattan,ball_tree,40,1.0,-1.0
1,0.0,16.666666666666668,3,manhattan,ball_tree,40,2.0,-1.0
1,0.0,16.666666666666668,3,manhattan,ball_tree,50,,-1.0
1,0.0,16.666666666666668,3,manhattan,ball_tree,50,1.0,-1.0
1,0.0,16.666666666666668,3,manhattan,ball_tree,50,2.0,-1.0
1,0.0,16.666666666666668,3,manhattan,kd_tree,10,,-1.0
1,0.0,16.666666666666668,3,manhattan,kd_tree,10,1.0,-1.0
1,0.0,16.666666666666668,3,manhattan,kd_tree,10,2.0,-1.0
1,0.0,16.666666666666668,3,manhattan,kd_tree,20,,-1.0
1,0.0,16.666666666666668,3,manhattan,kd_tree,20,1.0,-1.0
1,0.0,16.666666666666668,3,manhattan,kd_tree,20,2.0,-1.0
1,0.0,16.666666666666668,3,manhattan,kd_tree,30,,-1.0
1,0.0,16.666666666666668,3,manhattan,kd_tree,30,1.0,-1.0
1,0.0,16.666666666666668,3,manhattan,kd_tree,30,2.0,-1.0
1,0.0,16.666666666666668,3,manhattan,kd_tree,40,,-1.0
1,0.0,16.666666666666668,3,manhattan,kd_tree,40,1.0,-1.0
1,0.0,16.666666666666668,3,manhattan,kd_tree,40,2.0,-1.0
1,0.0,16.666666666666668,3,manhattan,kd_tree,50,,-1.0
1,0.0,16.666666666666668,3,manhattan,kd_tree,50,1.0,-1.0
1,0.0,16.666666666666668,3,manhattan,kd_tree,50,2.0,-1.0
1,0.0,16.666666666666668,3,manhattan,brute,10,,-1.0
1,0.0,16.666666666666668,3,manhattan,brute,10,1.0,-1.0
1,0.0,16.666666666666668,3,manhattan,brute,10,2.0,-1.0
1,0.0,16.666666666666668,3,manhattan,brute,20,,-1.0
1,0.0,16.666666666666668,3,manhattan,brute,20,1.0,-1.0
1,0.0,16.666666666666668,3,manhattan,brute,20,2.0,-1.0
1,0.0,16.666666666666668,3,manhattan,brute,30,,-1.0
1,0.0,16.666666666666668,3,manhattan,brute,30,1.0,-1.0
1,0.0,16.666666666666668,3,manhattan,brute,30,2.0,-1.0
1,0.0,16.666666666666668,3,manhattan,brute,40,,-1.0
1,0.0,16.666666666666668,3,manhattan,brute,40,1.0,-1.0
1,0.0,16.666666666666668,3,manhattan,brute,40,2.0,-1.0
1,0.0,16.666666666666668,3,manhattan,brute,50,,-1.0
1,0.0,16.666666666666668,3,manhattan,brute,50,1.0,-1.0
1,0.0,16.666666666666668,3,manhattan,brute,50,2.0,-1.0
1,0.0,16.666666666666668,4,euclidean,auto,10,,-1.0
1,0.0,16.666666666666668,4,euclidean,auto,10,1.0,-1.0
1,0.0,16.666666666666668,4,euclidean,auto,10,2.0,-1.0
1,0.0,16.666666666666668,4,euclidean,auto,20,,-1.0
1,0.0,16.666666666666668,4,euclidean,auto,20,1.0,-1.0
1,0.0,16.666666666666668,4,euclidean,auto,20,2.0,-1.0
1,0.0,16.666666666666668,4,euclidean,auto,30,,-1.0
1,0.0,16.666666666666668,4,euclidean,auto,30,1.0,-1.0
1,0.0,16.666666666666668,4,euclidean,auto,30,2.0,-1.0
1,0.0,16.666666666666668,4,euclidean,auto,40,,-1.0
1,0.0,16.666666666666668,4,euclidean,auto,40,1.0,-1.0
1,0.0,16.666666666666668,4,euclidean,auto,40,2.0,-1.0
1,0.0,16.666666666666668,4,euclidean,auto,50,,-1.0
1,0.0,16.666666666666668,4,euclidean,auto,50,1.0,-1.0
1,0.0,16.666666666666668,4,euclidean,auto,50,2.0,-1.0
1,0.0,16.666666666666668,4,euclidean,ball_tree,10,,-1.0
1,0.0,16.666666666666668,4,euclidean,ball_tree,10,1.0,-1.0
1,0.0,16.666666666666668,4,euclidean,ball_tree,10,2.0,-1.0
1,0.0,16.666666666666668,4,euclidean,ball_tree,20,,-1.0
1,0.0,16.666666666666668,4,euclidean,ball_tree,20,1.0,-1.0
1,0.0,16.666666666666668,4,euclidean,ball_tree,20,2.0,-1.0
1,0.0,16.666666666666668,4,euclidean,ball_tree,30,,-1.0
1,0.0,16.666666666666668,4,euclidean,ball_tree,30,1.0,-1.0
1,0.0,16.666666666666668,4,euclidean,ball_tree,30,2.0,-1.0
1,0.0,16.666666666666668,4,euclidean,ball_tree,40,,-1.0
1,0.0,16.666666666666668,4,euclidean,ball_tree,40,1.0,-1.0
1,0.0,16.666666666666668,4,euclidean,ball_tree,40,2.0,-1.0
1,0.0,16.666666666666668,4,euclidean,ball_tree,50,,-1.0
1,0.0,16.666666666666668,4,euclidean,ball_tree,50,1.0,-1.0
1,0.0,16.666666666666668,4,euclidean,ball_tree,50,2.0,-1.0
1,0.0,16.666666666666668,4,euclidean,kd_tree,10,,-1.0
1,0.0,16.666666666666668,4,euclidean,kd_tree,10,1.0,-1.0
1,0.0,16.666666666666668,4,euclidean,kd_tree,10,2.0,-1.0
1,0.0,16.666666666666668,4,euclidean,kd_tree,20,,-1.0
1,0.0,16.666666666666668,4,euclidean,kd_tree,20,1.0,-1.0
1,0.0,16.666666666666668,4,euclidean,kd_tree,20,2.0,-1.0
1,0.0,16.666666666666668,4,euclidean,kd_tree,30,,-1.0
1,0.0,16.666666666666668,4,euclidean,kd_tree,30,1.0,-1.0
1,0.0,16.666666666666668,4,euclidean,kd_tree,30,2.0,-1.0
1,0.0,16.666666666666668,4,euclidean,kd_tree,40,,-1.0
1,0.0,16.666666666666668,4,euclidean,kd_tree,40,1.0,-1.0
1,0.0,16.666666666666668,4,euclidean,kd_tree,40,2.0,-1.0
1,0.0,16.666666666666668,4,euclidean,kd_tree,50,,-1.0
1,0.0,16.666666666666668,4,euclidean,kd_tree,50,1.0,-1.0
1,0.0,16.666666666666668,4,euclidean,kd_tree,50,2.0,-1.0
1,0.0,16.666666666666668,4,euclidean,brute,10,,-1.0
1,0.0,16.666666666666668,4,euclidean,brute,10,1.0,-1.0
1,0.0,16.666666666666668,4,euclidean,brute,10,2.0,-1.0
1,0.0,16.666666666666668,4,euclidean,brute,20,,-1.0
1,0.0,16.666666666666668,4,euclidean,brute,20,1.0,-1.0
1,0.0,16.666666666666668,4,euclidean,brute,20,2.0,-1.0
1,0.0,16.666666666666668,4,euclidean,brute,30,,-1.0
1,0.0,16.666666666666668,4,euclidean,brute,30,1.0,-1.0
1,0.0,16.666666666666668,4,euclidean,brute,30,2.0,-1.0
1,0.0,16.666666666666668,4,euclidean,brute,40,,-1.0
1,0.0,16.666666666666668,4,euclidean,brute,40,1.0,-1.0
1,0.0,16.666666666666668,4,euclidean,brute,40,2.0,-1.0
1,0.0,16.666666666666668,4,euclidean,brute,50,,-1.0
1,0.0,16.666666666666668,4,euclidean,brute,50,1.0,-1.0
1,0.0,16.666666666666668,4,euclidean,brute,50,2.0,-1.0
1,0.0,16.666666666666668,4,manhattan,auto,10,,-1.0
1,0.0,16.666666666666668,4,manhattan,auto,10,1.0,-1.0
1,0.0,16.666666666666668,4,manhattan,auto,10,2.0,-1.0
1,0.0,16.666666666666668,4,manhattan,auto,20,,-1.0
1,0.0,16.666666666666668,4,manhattan,auto,20,1.0,-1.0
1,0.0,16.666666666666668,4,manhattan,auto,20,2.0,-1.0
1,0.0,16.666666666666668,4,manhattan,auto,30,,-1.0
1,0.0,16.666666666666668,4,manhattan,auto,30,1.0,-1.0
1,0.0,16.666666666666668,4,manhattan,auto,30,2.0,-1.0
1,0.0,16.666666666666668,4,manhattan,auto,40,,-1.0
1,0.0,16.666666666666668,4,manhattan,auto,40,1.0,-1.0
1,0.0,16.666666666666668,4,manhattan,auto,40,2.0,-1.0
1,0.0,16.666666666666668,4,manhattan,auto,50,,-1.0
1,0.0,16.666666666666668,4,manhattan,auto,50,1.0,-1.0
1,0.0,16.666666666666668,4,manhattan,auto,50,2.0,-1.0
1,0.0,16.666666666666668,4,manhattan,ball_tree,10,,-1.0
1,0.0,16.666666666666668,4,manhattan,ball_tree,10,1.0,-1.0
1,0.0,16.666666666666668,4,manhattan,ball_tree,10,2.0,-1.0
1,0.0,16.666666666666668,4,manhattan,ball_tree,20,,-1.0
1,0.0,16.666666666666668,4,manhattan,ball_tree,20,1.0,-1.0
1,0.0,16.666666666666668,4,manhattan,ball_tree,20,2.0,-1.0
1,0.0,16.666666666666668,4,manhattan,ball_tree,30,,-1.0
1,0.0,16.666666666666668,4,manhattan,ball_tree,30,1.0,-1.0
1,0.0,16.666666666666668,4,manhattan,ball_tree,30,2.0,-1.0
1,0.0,16.666666666666668,4,manhattan,ball_tree,40,,-1.0
1,0.0,16.666666666666668,4,manhattan,ball_tree,40,1.0,-1.0
1,0.0,16.666666666666668,4,manhattan,ball_tree,40,2.0,-1.0
1,0.0,16.666666666666668,4,manhattan,ball_tree,50,,-1.0
1,0.0,16.666666666666668,4,manhattan,ball_tree,50,1.0,-1.0
1,0.0,16.666666666666668,4,manhattan,ball_tree,50,2.0,-1.0
1,0.0,16.666666666666668,4,manhattan,kd_tree,10,,-1.0
1,0.0,16.666666666666668,4,manhattan,kd_tree,10,1.0,-1.0
1,0.0,16.666666666666668,4,manhattan,kd_tree,10,2.0,-1.0
1,0.0,16.666666666666668,4,manhattan,kd_tree,20,,-1.0
1,0.0,16.666666666666668,4,manhattan,kd_tree,20,1.0,-1.0
1,0.0,16.666666666666668,4,manhattan,kd_tree,20,2.0,-1.0
1,0.0,16.666666666666668,4,manhattan,kd_tree,30,,-1.0
1,0.0,16.666666666666668,4,manhattan,kd_tree,30,1.0,-1.0
1,0.0,16.666666666666668,4,manhattan,kd_tree,30,2.0,-1.0
1,0.0,16.666666666666668,4,manhattan,kd_tree,40,,-1.0
1,0.0,16.666666666666668,4,manhattan,kd_tree,40,1.0,-1.0
1,0.0,16.666666666666668,4,manhattan,kd_tree,40,2.0,-1.0
1,0.0,16.666666666666668,4,manhattan,kd_tree,50,,-1.0
1,0.0,16.666666666666668,4,manhattan,kd_tree,50,1.0,-1.0
1,0.0,16.666666666666668,4,manhattan,kd_tree,50,2.0,-1.0
1,0.0,16.666666666666668,4,manhattan,brute,10,,-1.0
1,0.0,16.666666666666668,4,manhattan,brute,10,1.0,-1.0
1,0.0,16.666666666666668,4,manhattan,brute,10,2.0,-1.0
1,0.0,16.666666666666668,4,manhattan,brute,20,,-1.0
1,0.0,16.666666666666668,4,manhattan,brute,20,1.0,-1.0
1,0.0,16.666666666666668,4,manhattan,brute,20,2.0,-1.0
1,0.0,16.666666666666668,4,manhattan,brute,30,,-1.0
1,0.0,16.666666666666668,4,manhattan,brute,30,1.0,-1.0
1,0.0,16.666666666666668,4,manhattan,brute,30,2.0,-1.0
1,0.0,16.666666666666668,4,manhattan,brute,40,,-1.0
1,0.0,16.666666666666668,4,manhattan,brute,40,1.0,-1.0
1,0.0,16.666666666666668,4,manhattan,brute,40,2.0,-1.0
1,0.0,16.666666666666668,4,manhattan,brute,50,,-1.0
1,0.0,16.666666666666668,4,manhattan,brute,50,1.0,-1.0
1,0.0,16.666666666666668,4,manhattan,brute,50,2.0,-1.0
1,0.0,16.666666666666668,5,euclidean,auto,10,,-1.0
1,0.0,16.666666666666668,5,euclidean,auto,10,1.0,-1.0
1,0.0,16.666666666666668,5,euclidean,auto,10,2.0,-1.0
1,0.0,16.666666666666668,5,euclidean,auto,20,,-1.0
1,0.0,16.666666666666668,5,euclidean,auto,20,1.0,-1.0
1,0.0,16.666666666666668,5,euclidean,auto,20,2.0,-1.0
1,0.0,16.666666666666668,5,euclidean,auto,30,,-1.0
1,0.0,16.666666666666668,5,euclidean,auto,30,1.0,-1.0
1,0.0,16.666666666666668,5,euclidean,auto,30,2.0,-1.0
1,0.0,16.666666666666668,5,euclidean,auto,40,,-1.0
1,0.0,16.666666666666668,5,euclidean,auto,40,1.0,-1.0
1,0.0,16.666666666666668,5,euclidean,auto,40,2.0,-1.0
1,0.0,16.666666666666668,5,euclidean,auto,50,,-1.0
1,0.0,16.666666666666668,5,euclidean,auto,50,1.0,-1.0
1,0.0,16.666666666666668,5,euclidean,auto,50,2.0,-1.0
1,0.0,16.666666666666668,5,euclidean,ball_tree,10,,-1.0
1,0.0,16.666666666666668,5,euclidean,ball_tree,10,1.0,-1.0
1,0.0,16.666666666666668,5,euclidean,ball_tree,10,2.0,-1.0
1,0.0,16.666666666666668,5,euclidean,ball_tree,20,,-1.0
1,0.0,16.666666666666668,5,euclidean,ball_tree,20,1.0,-1.0
1,0.0,16.666666666666668,5,euclidean,ball_tree,20,2.0,-1.0
1,0.0,16.666666666666668,5,euclidean,ball_tree,30,,-1.0
1,0.0,16.666666666666668,5,euclidean,ball_tree,30,1.0,-1.0
1,0.0,16.666666666666668,5,euclidean,ball_tree,30,2.0,-1.0
1,0.0,16.666666666666668,5,euclidean,ball_tree,40,,-1.0
1,0.0,16.666666666666668,5,euclidean,ball_tree,40,1.0,-1.0
1,0.0,16.666666666666668,5,euclidean,ball_tree,40,2.0,-1.0
1,0.0,16.666666666666668,5,euclidean,ball_tree,50,,-1.0
1,0.0,16.666666666666668,5,euclidean,ball_tree,50,1.0,-1.0
1,0.0,16.666666666666668,5,euclidean,ball_tree,50,2.0,-1.0
1,0.0,16.666666666666668,5,euclidean,kd_tree,10,,-1.0
1,0.0,16.666666666666668,5,euclidean,kd_tree,10,1.0,-1.0
1,0.0,16.666666666666668,5,euclidean,kd_tree,10,2.0,-1.0
1,0.0,16.666666666666668,5,euclidean,kd_tree,20,,-1.0
1,0.0,16.666666666666668,5,euclidean,kd_tree,20,1.0,-1.0
1,0.0,16.666666666666668,5,euclidean,kd_tree,20,2.0,-1.0
1,0.0,16.666666666666668,5,euclidean,kd_tree,30,,-1.0
1,0.0,16.666666666666668,5,euclidean,kd_tree,30,1.0,-1.0
1,0.0,16.666666666666668,5,euclidean,kd_tree,30,2.0,-1.0
1,0.0,16.666666666666668,5,euclidean,kd_tree,40,,-1.0
1,0.0,16.666666666666668,5,euclidean,kd_tree,40,1.0,-1.0
1,0.0,16.666666666666668,5,euclidean,kd_tree,40,2.0,-1.0
1,0.0,16.666666666666668,5,euclidean,kd_tree,50,,-1.0
1,0.0,16.666666666666668,5,euclidean,kd_tree,50,1.0,-1.0
1,0.0,16.666666666666668,5,euclidean,kd_tree,50,2.0,-1.0
1,0.0,16.666666666666668,5,euclidean,brute,10,,-1.0
1,0.0,16.666666666666668,5,euclidean,brute,10,1.0,-1.0
1,0.0,16.666666666666668,5,euclidean,brute,10,2.0,-1.0
1,0.0,16.666666666666668,5,euclidean,brute,20,,-1.0
1,0.0,16.666666666666668,5,euclidean,brute,20,1.0,-1.0
1,0.0,16.666666666666668,5,euclidean,brute,20,2.0,-1.0
1,0.0,16.666666666666668,5,euclidean,brute,30,,-1.0
1,0.0,16.666666666666668,5,euclidean,brute,30,1.0,-1.0
1,0.0,16.666666666666668,5,euclidean,brute,30,2.0,-1.0
1,0.0,16.666666666666668,5,euclidean,brute,40,,-1.0
1,0.0,16.666666666666668,5,euclidean,brute,40,1.0,-1.0
1,0.0,16.666666666666668,5,euclidean,brute,40,2.0,-1.0
1,0.0,16.666666666666668,5,euclidean,brute,50,,-1.0
1,0.0,16.666666666666668,5,euclidean,brute,50,1.0,-1.0
1,0.0,16.666666666666668,5,euclidean,brute,50,2.0,-1.0
1,0.0,16.666666666666668,5,manhattan,auto,10,,-1.0
1,0.0,16.666666666666668,5,manhattan,auto,10,1.0,-1.0
1,0.0,16.666666666666668,5,manhattan,auto,10,2.0,-1.0
1,0.0,16.666666666666668,5,manhattan,auto,20,,-1.0
1,0.0,16.666666666666668,5,manhattan,auto,20,1.0,-1.0
1,0.0,16.666666666666668,5,manhattan,auto,20,2.0,-1.0
1,0.0,16.666666666666668,5,manhattan,auto,30,,-1.0
1,0.0,16.666666666666668,5,manhattan,auto,30,1.0,-1.0
1,0.0,16.666666666666668,5,manhattan,auto,30,2.0,-1.0
1,0.0,16.666666666666668,5,manhattan,auto,40,,-1.0
1,0.0,16.666666666666668,5,manhattan,auto,40,1.0,-1.0
1,0.0,16.666666666666668,5,manhattan,auto,40,2.0,-1.0
1,0.0,16.666666666666668,5,manhattan,auto,50,,-1.0
1,0.0,16.666666666666668,5,manhattan,auto,50,1.0,-1.0
1,0.0,16.666666666666668,5,manhattan,auto,50,2.0,-1.0
1,0.0,16.666666666666668,5,manhattan,ball_tree,10,,-1.0
1,0.0,16.666666666666668,5,manhattan,ball_tree,10,1.0,-1.0
1,0.0,16.666666666666668,5,manhattan,ball_tree,10,2.0,-1.0
1,0.0,16.666666666666668,5,manhattan,ball_tree,20,,-1.0
1,0.0,16.666666666666668,5,manhattan,ball_tree,20,1.0,-1.0
1,0.0,16.666666666666668,5,manhattan,ball_tree,20,2.0,-1.0
1,0.0,16.666666666666668,5,manhattan,ball_tree,30,,-1.0
1,0.0,16.666666666666668,5,manhattan,ball_tree,30,1.0,-1.0
1,0.0,16.666666666666668,5,manhattan,ball_tree,30,2.0,-1.0
1,0.0,16.666666666666668,5,manhattan,ball_tree,40,,-1.0
1,0.0,16.666666666666668,5,manhattan,ball_tree,40,1.0,-1.0
1,0.0,16.666666666666668,5,manhattan,ball_tree,40,2.0,-1.0
1,0.0,16.666666666666668,5,manhattan,ball_tree,50,,-1.0
1,0.0,16.666666666666668,5,manhattan,ball_tree,50,1.0,-1.0
1,0.0,16.666666666666668,5,manhattan,ball_tree,50,2.0,-1.0
1,0.0,16.666666666666668,5,manhattan,kd_tree,10,,-1.0
1,0.0,16.666666666666668,5,manhattan,kd_tree,10,1.0,-1.0
1,0.0,16.666666666666668,5,manhattan,kd_tree,10,2.0,-1.0
1,0.0,16.666666666666668,5,manhattan,kd_tree,20,,-1.0
1,0.0,16.666666666666668,5,manhattan,kd_tree,20,1.0,-1.0
1,0.0,16.666666666666668,5,manhattan,kd_tree,20,2.0,-1.0
1,0.0,16.666666666666668,5,manhattan,kd_tree,30,,-1.0
1,0.0,16.666666666666668,5,manhattan,kd_tree,30,1.0,-1.0
1,0.0,16.666666666666668,5,manhattan,kd_tree,30,2.0,-1.0
1,0.0,16.666666666666668,5,manhattan,kd_tree,40,,-1.0
1,0.0,16.666666666666668,5,manhattan,kd_tree,40,1.0,-1.0
1,0.0,16.666666666666668,5,manhattan,kd_tree,40,2.0,-1.0
1,0.0,16.666666666666668,5,manhattan,kd_tree,50,,-1.0
1,0.0,16.666666666666668,5,manhattan,kd_tree,50,1.0,-1.0
1,0.0,16.666666666666668,5,manhattan,kd_tree,50,2.0,-1.0
1,0.0,16.666666666666668,5,manhattan,brute,10,,-1.0
1,0.0,16.666666666666668,5,manhattan,brute,10,1.0,-1.0
1,0.0,16.666666666666668,5,manhattan,brute,10,2.0,-1.0
1,0.0,16.666666666666668,5,manhattan,brute,20,,-1.0
1,0.0,16.666666666666668,5,manhattan,brute,20,1.0,-1.0
1,0.0,16.666666666666668,5,manhattan,brute,20,2.0,-1.0
1,0.0,16.666666666666668,5,manhattan,brute,30,,-1.0
1,0.0,16.666666666666668,5,manhattan,brute,30,1.0,-1.0
1,0.0,16.666666666666668,5,manhattan,brute,30,2.0,-1.0
1,0.0,16.666666666666668,5,manhattan,brute,40,,-1.0
1,0.0,16.666666666666668,5,manhattan,brute,40,1.0,-1.0
1,0.0,16.666666666666668,5,manhattan,brute,40,2.0,-1.0
1,0.0,16.666666666666668,5,manhattan,brute,50,,-1.0
1,0.0,16.666666666666668,5,manhattan,brute,50,1.0,-1.0
1,0.0,16.666666666666668,5,manhattan,brute,50,2.0,-1.0
1,0.0,16.666666666666668,6,euclidean,auto,10,,-1.0
1,0.0,16.666666666666668,6,euclidean,auto,10,1.0,-1.0
1,0.0,16.666666666666668,6,euclidean,auto,10,2.0,-1.0
1,0.0,16.666666666666668,6,euclidean,auto,20,,-1.0
1,0.0,16.666666666666668,6,euclidean,auto,20,1.0,-1.0
1,0.0,16.666666666666668,6,euclidean,auto,20,2.0,-1.0
1,0.0,16.666666666666668,6,euclidean,auto,30,,-1.0
1,0.0,16.666666666666668,6,euclidean,auto,30,1.0,-1.0
1,0.0,16.666666666666668,6,euclidean,auto,30,2.0,-1.0
1,0.0,16.666666666666668,6,euclidean,auto,40,,-1.0
1,0.0,16.666666666666668,6,euclidean,auto,40,1.0,-1.0
1,0.0,16.666666666666668,6,euclidean,auto,40,2.0,-1.0
1,0.0,16.666666666666668,6,euclidean,auto,50,,-1.0
1,0.0,16.666666666666668,6,euclidean,auto,50,1.0,-1.0
1,0.0,16.666666666666668,6,euclidean,auto,50,2.0,-1.0
1,0.0,16.666666666666668,6,euclidean,ball_tree,10,,-1.0
1,0.0,16.666666666666668,6,euclidean,ball_tree,10,1.0,-1.0
1,0.0,16.666666666666668,6,euclidean,ball_tree,10,2.0,-1.0
1,0.0,16.666666666666668,6,euclidean,ball_tree,20,,-1.0
1,0.0,16.666666666666668,6,euclidean,ball_tree,20,1.0,-1.0
1,0.0,16.666666666666668,6,euclidean,ball_tree,20,2.0,-1.0
1,0.0,16.666666666666668,6,euclidean,ball_tree,30,,-1.0
1,0.0,16.666666666666668,6,euclidean,ball_tree,30,1.0,-1.0
1,0.0,16.666666666666668,6,euclidean,ball_tree,30,2.0,-1.0
1,0.0,16.666666666666668,6,euclidean,ball_tree,40,,-1.0
1,0.0,16.666666666666668,6,euclidean,ball_tree,40,1.0,-1.0
1,0.0,16.666666666666668,6,euclidean,ball_tree,40,2.0,-1.0
1,0.0,16.666666666666668,6,euclidean,ball_tree,50,,-1.0
1,0.0,16.666666666666668,6,euclidean,ball_tree,50,1.0,-1.0
1,0.0,16.666666666666668,6,euclidean,ball_tree,50,2.0,-1.0
1,0.0,16.666666666666668,6,euclidean,kd_tree,10,,-1.0
1,0.0,16.666666666666668,6,euclidean,kd_tree,10,1.0,-1.0
1,0.0,16.666666666666668,6,euclidean,kd_tree,10,2.0,-1.0
1,0.0,16.666666666666668,6,euclidean,kd_tree,20,,-1.0
1,0.0,16.666666666666668,6,euclidean,kd_tree,20,1.0,-1.0
1,0.0,16.666666666666668,6,euclidean,kd_tree,20,2.0,-1.0
1,0.0,16.666666666666668,6,euclidean,kd_tree,30,,-1.0
1,0.0,16.666666666666668,6,euclidean,kd_tree,30,1.0,-1.0
1,0.0,16.666666666666668,6,euclidean,kd_tree,30,2.0,-1.0
1,0.0,16.666666666666668,6,euclidean,kd_tree,40,,-1.0
1,0.0,16.666666666666668,6,euclidean,kd_tree,40,1.0,-1.0
1,0.0,16.666666666666668,6,euclidean,kd_tree,40,2.0,-1.0
1,0.0,16.666666666666668,6,euclidean,kd_tree,50,,-1.0
1,0.0,16.666666666666668,6,euclidean,kd_tree,50,1.0,-1.0
1,0.0,16.666666666666668,6,euclidean,kd_tree,50,2.0,-1.0
1,0.0,16.666666666666668,6,euclidean,brute,10,,-1.0
1,0.0,16.666666666666668,6,euclidean,brute,10,1.0,-1.0
1,0.0,16.666666666666668,6,euclidean,brute,10,2.0,-1.0
1,0.0,16.666666666666668,6,euclidean,brute,20,,-1.0
1,0.0,16.666666666666668,6,euclidean,brute,20,1.0,-1.0
1,0.0,16.666666666666668,6,euclidean,brute,20,2.0,-1.0
1,0.0,16.666666666666668,6,euclidean,brute,30,,-1.0
1,0.0,16.666666666666668,6,euclidean,brute,30,1.0,-1.0
1,0.0,16.666666666666668,6,euclidean,brute,30,2.0,-1.0
1,0.0,16.666666666666668,6,euclidean,brute,40,,-1.0
1,0.0,16.666666666666668,6,euclidean,brute,40,1.0,-1.0
1,0.0,16.666666666666668,6,euclidean,brute,40,2.0,-1.0
1,0.0,16.666666666666668,6,euclidean,brute,50,,-1.0
1,0.0,16.666666666666668,6,euclidean,brute,50,1.0,-1.0
1,0.0,16.666666666666668,6,euclidean,brute,50,2.0,-1.0
1,0.0,16.666666666666668,6,manhattan,auto,10,,-1.0
1,0.0,16.666666666666668,6,manhattan,auto,10,1.0,-1.0
1,0.0,16.666666666666668,6,manhattan,auto,10,2.0,-1.0
1,0.0,16.666666666666668,6,manhattan,auto,20,,-1.0
1,0.0,16.666666666666668,6,manhattan,auto,20,1.0,-1.0
1,0.0,16.666666666666668,6,manhattan,auto,20,2.0,-1.0
1,0.0,16.666666666666668,6,manhattan,auto,30,,-1.0
1,0.0,16.666666666666668,6,manhattan,auto,30,1.0,-1.0
1,0.0,16.666666666666668,6,manhattan,auto,30,2.0,-1.0
1,0.0,16.666666666666668,6,manhattan,auto,40,,-1.0
1,0.0,16.666666666666668,6,manhattan,auto,40,1.0,-1.0
1,0.0,16.666666666666668,6,manhattan,auto,40,2.0,-1.0
1,0.0,16.666666666666668,6,manhattan,auto,50,,-1.0
1,0.0,16.666666666666668,6,manhattan,auto,50,1.0,-1.0
1,0.0,16.666666666666668,6,manhattan,auto,50,2.0,-1.0
1,0.0,16.666666666666668,6,manhattan,ball_tree,10,,-1.0
1,0.0,16.666666666666668,6,manhattan,ball_tree,10,1.0,-1.0
1,0.0,16.666666666666668,6,manhattan,ball_tree,10,2.0,-1.0
1,0.0,16.666666666666668,6,manhattan,ball_tree,20,,-1.0
1,0.0,16.666666666666668,6,manhattan,ball_tree,20,1.0,-1.0
1,0.0,16.666666666666668,6,manhattan,ball_tree,20,2.0,-1.0
1,0.0,16.666666666666668,6,manhattan,ball_tree,30,,-1.0
1,0.0,16.666666666666668,6,manhattan,ball_tree,30,1.0,-1.0
1,0.0,16.666666666666668,6,manhattan,ball_tree,30,2.0,-1.0
1,0.0,16.666666666666668,6,manhattan,ball_tree,40,,-1.0
1,0.0,16.666666666666668,6,manhattan,ball_tree,40,1.0,-1.0
1,0.0,16.666666666666668,6,manhattan,ball_tree,40,2.0,-1.0
1,0.0,16.666666666666668,6,manhattan,ball_tree,50,,-1.0
1,0.0,16.666666666666668,6,manhattan,ball_tree,50,1.0,-1.0
1,0.0,16.666666666666668,6,manhattan,ball_tree,50,2.0,-1.0
1,0.0,16.666666666666668,6,manhattan,kd_tree,10,,-1.0
1,0.0,16.666666666666668,6,manhattan,kd_tree,10,1.0,-1.0
1,0.0,16.666666666666668,6,manhattan,kd_tree,10,2.0,-1.0
1,0.0,16.666666666666668,6,manhattan,kd_tree,20,,-1.0
1,0.0,16.666666666666668,6,manhattan,kd_tree,20,1.0,-1.0
1,0.0,16.666666666666668,6,manhattan,kd_tree,20,2.0,-1.0
1,0.0,16.666666666666668,6,manhattan,kd_tree,30,,-1.0
1,0.0,16.666666666666668,6,manhattan,kd_tree,30,1.0,-1.0
1,0.0,16.666666666666668,6,manhattan,kd_tree,30,2.0,-1.0
1,0.0,16.666666666666668,6,manhattan,kd_tree,40,,-1.0
1,0.0,16.666666666666668,6,manhattan,kd_tree,40,1.0,-1.0
1,0.0,16.666666666666668,6,manhattan,kd_tree,40,2.0,-1.0
1,0.0,16.666666666666668,6,manhattan,kd_tree,50,,-1.0
1,0.0,16.666666666666668,6,manhattan,kd_tree,50,1.0,-1.0
1,0.0,16.666666666666668,6,manhattan,kd_tree,50,2.0,-1.0
1,0.0,16.666666666666668,6,manhattan,brute,10,,-1.0
1,0.0,16.666666666666668,6,manhattan,brute,10,1.0,-1.0
1,0.0,16.666666666666668,6,manhattan,brute,10,2.0,-1.0
1,0.0,16.666666666666668,6,manhattan,brute,20,,-1.0
1,0.0,16.666666666666668,6,manhattan,brute,20,1.0,-1.0
1,0.0,16.666666666666668,6,manhattan,brute,20,2.0,-1.0
1,0.0,16.666666666666668,6,manhattan,brute,30,,-1.0
1,0.0,16.666666666666668,6,manhattan,brute,30,1.0,-1.0
1,0.0,16.666666666666668,6,manhattan,brute,30,2.0,-1.0
1,0.0,16.666666666666668,6,manhattan,brute,40,,-1.0
1,0.0,16.666666666666668,6,manhattan,brute,40,1.0,-1.0
1,0.0,16.666666666666668,6,manhattan,brute,40,2.0,-1.0
1,0.0,16.666666666666668,6,manhattan,brute,50,,-1.0
1,0.0,16.666666666666668,6,manhattan,brute,50,1.0,-1.0
1,0.0,16.666666666666668,6,manhattan,brute,50,2.0,-1.0
1,0.0,16.666666666666668,7,euclidean,auto,10,,-1.0
1,0.0,16.666666666666668,7,euclidean,auto,10,1.0,-1.0
1,0.0,16.666666666666668,7,euclidean,auto,10,2.0,-1.0
1,0.0,16.666666666666668,7,euclidean,auto,20,,-1.0
1,0.0,16.666666666666668,7,euclidean,auto,20,1.0,-1.0
1,0.0,16.666666666666668,7,euclidean,auto,20,2.0,-1.0
1,0.0,16.666666666666668,7,euclidean,auto,30,,-1.0
1,0.0,16.666666666666668,7,euclidean,auto,30,1.0,-1.0
1,0.0,16.666666666666668,7,euclidean,auto,30,2.0,-1.0
1,0.0,16.666666666666668,7,euclidean,auto,40,,-1.0
1,0.0,16.666666666666668,7,euclidean,auto,40,1.0,-1.0
1,0.0,16.666666666666668,7,euclidean,auto,40,2.0,-1.0
1,0.0,16.666666666666668,7,euclidean,auto,50,,-1.0
1,0.0,16.666666666666668,7,euclidean,auto,50,1.0,-1.0
1,0.0,16.666666666666668,7,euclidean,auto,50,2.0,-1.0
1,0.0,16.666666666666668,7,euclidean,ball_tree,10,,-1.0
1,0.0,16.666666666666668,7,euclidean,ball_tree,10,1.0,-1.0
1,0.0,16.666666666666668,7,euclidean,ball_tree,10,2.0,-1.0
1,0.0,16.666666666666668,7,euclidean,ball_tree,20,,-1.0
1,0.0,16.666666666666668,7,euclidean,ball_tree,20,1.0,-1.0
1,0.0,16.666666666666668,7,euclidean,ball_tree,20,2.0,-1.0
1,0.0,16.666666666666668,7,euclidean,ball_tree,30,,-1.0
1,0.0,16.666666666666668,7,euclidean,ball_tree,30,1.0,-1.0
1,0.0,16.666666666666668,7,euclidean,ball_tree,30,2.0,-1.0
1,0.0,16.666666666666668,7,euclidean,ball_tree,40,,-1.0
1,0.0,16.666666666666668,7,euclidean,ball_tree,40,1.0,-1.0
1,0.0,16.666666666666668,7,euclidean,ball_tree,40,2.0,-1.0
1,0.0,16.666666666666668,7,euclidean,ball_tree,50,,-1.0
1,0.0,16.666666666666668,7,euclidean,ball_tree,50,1.0,-1.0
1,0.0,16.666666666666668,7,euclidean,ball_tree,50,2.0,-1.0
1,0.0,16.666666666666668,7,euclidean,kd_tree,10,,-1.0
1,0.0,16.666666666666668,7,euclidean,kd_tree,10,1.0,-1.0
1,0.0,16.666666666666668,7,euclidean,kd_tree,10,2.0,-1.0
1,0.0,16.666666666666668,7,euclidean,kd_tree,20,,-1.0
1,0.0,16.666666666666668,7,euclidean,kd_tree,20,1.0,-1.0
1,0.0,16.666666666666668,7,euclidean,kd_tree,20,2.0,-1.0
1,0.0,16.666666666666668,7,euclidean,kd_tree,30,,-1.0
1,0.0,16.666666666666668,7,euclidean,kd_tree,30,1.0,-1.0
1,0.0,16.666666666666668,7,euclidean,kd_tree,30,2.0,-1.0
1,0.0,16.666666666666668,7,euclidean,kd_tree,40,,-1.0
1,0.0,16.666666666666668,7,euclidean,kd_tree,40,1.0,-1.0
1,0.0,16.666666666666668,7,euclidean,kd_tree,40,2.0,-1.0
1,0.0,16.666666666666668,7,euclidean,kd_tree,50,,-1.0
1,0.0,16.666666666666668,7,euclidean,kd_tree,50,1.0,-1.0
1,0.0,16.666666666666668,7,euclidean,kd_tree,50,2.0,-1.0
1,0.0,16.666666666666668,7,euclidean,brute,10,,-1.0
1,0.0,16.666666666666668,7,euclidean,brute,10,1.0,-1.0
1,0.0,16.666666666666668,7,euclidean,brute,10,2.0,-1.0
1,0.0,16.666666666666668,7,euclidean,brute,20,,-1.0
1,0.0,16.666666666666668,7,euclidean,brute,20,1.0,-1.0
1,0.0,16.666666666666668,7,euclidean,brute,20,2.0,-1.0
1,0.0,16.666666666666668,7,euclidean,brute,30,,-1.0
1,0.0,16.666666666666668,7,euclidean,brute,30,1.0,-1.0
1,0.0,16.666666666666668,7,euclidean,brute,30,2.0,-1.0
1,0.0,16.666666666666668,7,euclidean,brute,40,,-1.0
1,0.0,16.666666666666668,7,euclidean,brute,40,1.0,-1.0
1,0.0,16.666666666666668,7,euclidean,brute,40,2.0,-1.0
1,0.0,16.666666666666668,7,euclidean,brute,50,,-1.0
1,0.0,16.666666666666668,7,euclidean,brute,50,1.0,-1.0
1,0.0,16.666666666666668,7,euclidean,brute,50,2.0,-1.0
1,0.0,16.666666666666668,7,manhattan,auto,10,,-1.0
1,0.0,16.666666666666668,7,manhattan,auto,10,1.0,-1.0
1,0.0,16.666666666666668,7,manhattan,auto,10,2.0,-1.0
1,0.0,16.666666666666668,7,manhattan,auto,20,,-1.0
1,0.0,16.666666666666668,7,manhattan,auto,20,1.0,-1.0
1,0.0,16.666666666666668,7,manhattan,auto,20,2.0,-1.0
1,0.0,16.666666666666668,7,manhattan,auto,30,,-1.0
1,0.0,16.666666666666668,7,manhattan,auto,30,1.0,-1.0
1,0.0,16.666666666666668,7,manhattan,auto,30,2.0,-1.0
1,0.0,16.666666666666668,7,manhattan,auto,40,,-1.0
1,0.0,16.666666666666668,7,manhattan,auto,40,1.0,-1.0
1,0.0,16.666666666666668,7,manhattan,auto,40,2.0,-1.0
1,0.0,16.666666666666668,7,manhattan,auto,50,,-1.0
1,0.0,16.666666666666668,7,manhattan,auto,50,1.0,-1.0
1,0.0,16.666666666666668,7,manhattan,auto,50,2.0,-1.0
1,0.0,16.666666666666668,7,manhattan,ball_tree,10,,-1.0
1,0.0,16.666666666666668,7,manhattan,ball_tree,10,1.0,-1.0
1,0.0,16.666666666666668,7,manhattan,ball_tree,10,2.0,-1.0
1,0.0,16.666666666666668,7,manhattan,ball_tree,20,,-1.0
1,0.0,16.666666666666668,7,manhattan,ball_tree,20,1.0,-1.0
1,0.0,16.666666666666668,7,manhattan,ball_tree,20,2.0,-1.0
1,0.0,16.666666666666668,7,manhattan,ball_tree,30,,-1.0
1,0.0,16.666666666666668,7,manhattan,ball_tree,30,1.0,-1.0
1,0.0,16.666666666666668,7,manhattan,ball_tree,30,2.0,-1.0
1,0.0,16.666666666666668,7,manhattan,ball_tree,40,,-1.0
1,0.0,16.666666666666668,7,manhattan,ball_tree,40,1.0,-1.0
1,0.0,16.666666666666668,7,manhattan,ball_tree,40,2.0,-1.0
1,0.0,16.666666666666668,7,manhattan,ball_tree,50,,-1.0
1,0.0,16.666666666666668,7,manhattan,ball_tree,50,1.0,-1.0
1,0.0,16.666666666666668,7,manhattan,ball_tree,50,2.0,-1.0
1,0.0,16.666666666666668,7,manhattan,kd_tree,10,,-1.0
1,0.0,16.666666666666668,7,manhattan,kd_tree,10,1.0,-1.0
1,0.0,16.666666666666668,7,manhattan,kd_tree,10,2.0,-1.0
1,0.0,16.666666666666668,7,manhattan,kd_tree,20,,-1.0
1,0.0,16.666666666666668,7,manhattan,kd_tree,20,1.0,-1.0
1,0.0,16.666666666666668,7,manhattan,kd_tree,20,2.0,-1.0
1,0.0,16.666666666666668,7,manhattan,kd_tree,30,,-1.0
1,0.0,16.666666666666668,7,manhattan,kd_tree,30,1.0,-1.0
1,0.0,16.666666666666668,7,manhattan,kd_tree,30,2.0,-1.0
1,0.0,16.666666666666668,7,manhattan,kd_tree,40,,-1.0
1,0.0,16.666666666666668,7,manhattan,kd_tree,40,1.0,-1.0
1,0.0,16.666666666666668,7,manhattan,kd_tree,40,2.0,-1.0
1,0.0,16.666666666666668,7,manhattan,kd_tree,50,,-1.0
1,0.0,16.666666666666668,7,manhattan,kd_tree,50,1.0,-1.0
1,0.0,16.666666666666668,7,manhattan,kd_tree,50,2.0,-1.0
1,0.0,16.666666666666668,7,manhattan,brute,10,,-1.0
1,0.0,16.666666666666668,7,manhattan,brute,10,1.0,-1.0
1,0.0,16.666666666666668,7,manhattan,brute,10,2.0,-1.0
1,0.0,16.666666666666668,7,manhattan,brute,20,,-1.0
1,0.0,16.666666666666668,7,manhattan,brute,20,1.0,-1.0
1,0.0,16.666666666666668,7,manhattan,brute,20,2.0,-1.0
1,0.0,16.666666666666668,7,manhattan,brute,30,,-1.0
1,0.0,16.666666666666668,7,manhattan,brute,30,1.0,-1.0
1,0.0,16.666666666666668,7,manhattan,brute,30,2.0,-1.0
1,0.0,16.666666666666668,7,manhattan,brute,40,,-1.0
1,0.0,16.666666666666668,7,manhattan,brute,40,1.0,-1.0
1,0.0,16.666666666666668,7,manhattan,brute,40,2.0,-1.0
1,0.0,16.666666666666668,7,manhattan,brute,50,,-1.0
1,0.0,16.666666666666668,7,manhattan,brute,50,1.0,-1.0
1,0.0,16.666666666666668,7,manhattan,brute,50,2.0,-1.0
1,0.0,16.666666666666668,8,euclidean,auto,10,,-1.0
1,0.0,16.666666666666668,8,euclidean,auto,10,1.0,-1.0
1,0.0,16.666666666666668,8,euclidean,auto,10,2.0,-1.0
1,0.0,16.666666666666668,8,euclidean,auto,20,,-1.0
1,0.0,16.666666666666668,8,euclidean,auto,20,1.0,-1.0
1,0.0,16.666666666666668,8,euclidean,auto,20,2.0,-1.0
1,0.0,16.666666666666668,8,euclidean,auto,30,,-1.0
1,0.0,16.666666666666668,8,euclidean,auto,30,1.0,-1.0
1,0.0,16.666666666666668,8,euclidean,auto,30,2.0,-1.0
1,0.0,16.666666666666668,8,euclidean,auto,40,,-1.0
1,0.0,16.666666666666668,8,euclidean,auto,40,1.0,-1.0
1,0.0,16.666666666666668,8,euclidean,auto,40,2.0,-1.0
1,0.0,16.666666666666668,8,euclidean,auto,50,,-1.0
1,0.0,16.666666666666668,8,euclidean,auto,50,1.0,-1.0
1,0.0,16.666666666666668,8,euclidean,auto,50,2.0,-1.0
1,0.0,16.666666666666668,8,euclidean,ball_tree,10,,-1.0
1,0.0,16.666666666666668,8,euclidean,ball_tree,10,1.0,-1.0
1,0.0,16.666666666666668,8,euclidean,ball_tree,10,2.0,-1.0
1,0.0,16.666666666666668,8,euclidean,ball_tree,20,,-1.0
1,0.0,16.666666666666668,8,euclidean,ball_tree,20,1.0,-1.0
1,0.0,16.666666666666668,8,euclidean,ball_tree,20,2.0,-1.0
1,0.0,16.666666666666668,8,euclidean,ball_tree,30,,-1.0
1,0.0,16.666666666666668,8,euclidean,ball_tree,30,1.0,-1.0
1,0.0,16.666666666666668,8,euclidean,ball_tree,30,2.0,-1.0
1,0.0,16.666666666666668,8,euclidean,ball_tree,40,,-1.0
1,0.0,16.666666666666668,8,euclidean,ball_tree,40,1.0,-1.0
1,0.0,16.666666666666668,8,euclidean,ball_tree,40,2.0,-1.0
1,0.0,16.666666666666668,8,euclidean,ball_tree,50,,-1.0
1,0.0,16.666666666666668,8,euclidean,ball_tree,50,1.0,-1.0
1,0.0,16.666666666666668,8,euclidean,ball_tree,50,2.0,-1.0
1,0.0,16.666666666666668,8,euclidean,kd_tree,10,,-1.0
1,0.0,16.666666666666668,8,euclidean,kd_tree,10,1.0,-1.0
1,0.0,16.666666666666668,8,euclidean,kd_tree,10,2.0,-1.0
1,0.0,16.666666666666668,8,euclidean,kd_tree,20,,-1.0
1,0.0,16.666666666666668,8,euclidean,kd_tree,20,1.0,-1.0
1,0.0,16.666666666666668,8,euclidean,kd_tree,20,2.0,-1.0
1,0.0,16.666666666666668,8,euclidean,kd_tree,30,,-1.0
1,0.0,16.666666666666668,8,euclidean,kd_tree,30,1.0,-1.0
1,0.0,16.666666666666668,8,euclidean,kd_tree,30,2.0,-1.0
1,0.0,16.666666666666668,8,euclidean,kd_tree,40,,-1.0
1,0.0,16.666666666666668,8,euclidean,kd_tree,40,1.0,-1.0
1,0.0,16.666666666666668,8,euclidean,kd_tree,40,2.0,-1.0
1,0.0,16.666666666666668,8,euclidean,kd_tree,50,,-1.0
1,0.0,16.666666666666668,8,euclidean,kd_tree,50,1.0,-1.0
1,0.0,16.666666666666668,8,euclidean,kd_tree,50,2.0,-1.0
1,0.0,16.666666666666668,8,euclidean,brute,10,,-1.0
1,0.0,16.666666666666668,8,euclidean,brute,10,1.0,-1.0
1,0.0,16.666666666666668,8,euclidean,brute,10,2.0,-1.0
1,0.0,16.666666666666668,8,euclidean,brute,20,,-1.0
1,0.0,16.666666666666668,8,euclidean,brute,20,1.0,-1.0
1,0.0,16.666666666666668,8,euclidean,brute,20,2.0,-1.0
1,0.0,16.666666666666668,8,euclidean,brute,30,,-1.0
1,0.0,16.666666666666668,8,euclidean,brute,30,1.0,-1.0
1,0.0,16.666666666666668,8,euclidean,brute,30,2.0,-1.0
1,0.0,16.666666666666668,8,euclidean,brute,40,,-1.0
1,0.0,16.666666666666668,8,euclidean,brute,40,1.0,-1.0
1,0.0,16.666666666666668,8,euclidean,brute,40,2.0,-1.0
1,0.0,16.666666666666668,8,euclidean,brute,50,,-1.0
1,0.0,16.666666666666668,8,euclidean,brute,50,1.0,-1.0
1,0.0,16.666666666666668,8,euclidean,brute,50,2.0,-1.0
1,0.0,16.666666666666668,8,manhattan,auto,10,,-1.0
1,0.0,16.666666666666668,8,manhattan,auto,10,1.0,-1.0
1,0.0,16.666666666666668,8,manhattan,auto,10,2.0,-1.0
1,0.0,16.666666666666668,8,manhattan,auto,20,,-1.0
1,0.0,16.666666666666668,8,manhattan,auto,20,1.0,-1.0
1,0.0,16.666666666666668,8,manhattan,auto,20,2.0,-1.0
1,0.0,16.666666666666668,8,manhattan,auto,30,,-1.0
1,0.0,16.666666666666668,8,manhattan,auto,30,1.0,-1.0
1,0.0,16.666666666666668,8,manhattan,auto,30,2.0,-1.0
1,0.0,16.666666666666668,8,manhattan,auto,40,,-1.0
1,0.0,16.666666666666668,8,manhattan,auto,40,1.0,-1.0
1,0.0,16.666666666666668,8,manhattan,auto,40,2.0,-1.0
1,0.0,16.666666666666668,8,manhattan,auto,50,,-1.0
1,0.0,16.666666666666668,8,manhattan,auto,50,1.0,-1.0
1,0.0,16.666666666666668,8,manhattan,auto,50,2.0,-1.0
1,0.0,16.666666666666668,8,manhattan,ball_tree,10,,-1.0
1,0.0,16.666666666666668,8,manhattan,ball_tree,10,1.0,-1.0
1,0.0,16.666666666666668,8,manhattan,ball_tree,10,2.0,-1.0
1,0.0,16.666666666666668,8,manhattan,ball_tree,20,,-1.0
1,0.0,16.666666666666668,8,manhattan,ball_tree,20,1.0,-1.0
1,0.0,16.666666666666668,8,manhattan,ball_tree,20,2.0,-1.0
1,0.0,16.666666666666668,8,manhattan,ball_tree,30,,-1.0
1,0.0,16.666666666666668,8,manhattan,ball_tree,30,1.0,-1.0
1,0.0,16.666666666666668,8,manhattan,ball_tree,30,2.0,-1.0
1,0.0,16.666666666666668,8,manhattan,ball_tree,40,,-1.0
1,0.0,16.666666666666668,8,manhattan,ball_tree,40,1.0,-1.0
1,0.0,16.666666666666668,8,manhattan,ball_tree,40,2.0,-1.0
1,0.0,16.666666666666668,8,manhattan,ball_tree,50,,-1.0
1,0.0,16.666666666666668,8,manhattan,ball_tree,50,1.0,-1.0
1,0.0,16.666666666666668,8,manhattan,ball_tree,50,2.0,-1.0
1,0.0,16.666666666666668,8,manhattan,kd_tree,10,,-1.0
1,0.0,16.666666666666668,8,manhattan,kd_tree,10,1.0,-1.0
1,0.0,16.666666666666668,8,manhattan,kd_tree,10,2.0,-1.0
1,0.0,16.666666666666668,8,manhattan,kd_tree,20,,-1.0
1,0.0,16.666666666666668,8,manhattan,kd_tree,20,1.0,-1.0
1,0.0,16.666666666666668,8,manhattan,kd_tree,20,2.0,-1.0
1,0.0,16.666666666666668,8,manhattan,kd_tree,30,,-1.0
1,0.0,16.666666666666668,8,manhattan,kd_tree,30,1.0,-1.0
1,0.0,16.666666666666668,8,manhattan,kd_tree,30,2.0,-1.0
1,0.0,16.666666666666668,8,manhattan,kd_tree,40,,-1.0
1,0.0,16.666666666666668,8,manhattan,kd_tree,40,1.0,-1.0
1,0.0,16.666666666666668,8,manhattan,kd_tree,40,2.0,-1.0
1,0.0,16.666666666666668,8,manhattan,kd_tree,50,,-1.0
1,0.0,16.666666666666668,8,manhattan,kd_tree,50,1.0,-1.0
1,0.0,16.666666666666668,8,manhattan,kd_tree,50,2.0,-1.0
1,0.0,16.666666666666668,8,manhattan,brute,10,,-1.0
1,0.0,16.666666666666668,8,manhattan,brute,10,1.0,-1.0
1,0.0,16.666666666666668,8,manhattan,brute,10,2.0,-1.0
1,0.0,16.666666666666668,8,manhattan,brute,20,,-1.0
1,0.0,16.666666666666668,8,manhattan,brute,20,1.0,-1.0
1,0.0,16.666666666666668,8,manhattan,brute,20,2.0,-1.0
1,0.0,16.666666666666668,8,manhattan,brute,30,,-1.0
1,0.0,16.666666666666668,8,manhattan,brute,30,1.0,-1.0
1,0.0,16.666666666666668,8,manhattan,brute,30,2.0,-1.0
1,0.0,16.666666666666668,8,manhattan,brute,40,,-1.0
1,0.0,16.666666666666668,8,manhattan,brute,40,1.0,-1.0
1,0.0,16.666666666666668,8,manhattan,brute,40,2.0,-1.0
1,0.0,16.666666666666668,8,manhattan,brute,50,,-1.0
1,0.0,16.666666666666668,8,manhattan,brute,50,1.0,-1.0
1,0.0,16.666666666666668,8,manhattan,brute,50,2.0,-1.0
1,0.0,16.666666666666668,9,euclidean,auto,10,,-1.0
1,0.0,16.666666666666668,9,euclidean,auto,10,1.0,-1.0
1,0.0,16.666666666666668,9,euclidean,auto,10,2.0,-1.0
1,0.0,16.666666666666668,9,euclidean,auto,20,,-1.0
1,0.0,16.666666666666668,9,euclidean,auto,20,1.0,-1.0
1,0.0,16.666666666666668,9,euclidean,auto,20,2.0,-1.0
1,0.0,16.666666666666668,9,euclidean,auto,30,,-1.0
1,0.0,16.666666666666668,9,euclidean,auto,30,1.0,-1.0
1,0.0,16.666666666666668,9,euclidean,auto,30,2.0,-1.0
1,0.0,16.666666666666668,9,euclidean,auto,40,,-1.0
1,0.0,16.666666666666668,9,euclidean,auto,40,1.0,-1.0
1,0.0,16.666666666666668,9,euclidean,auto,40,2.0,-1.0
1,0.0,16.666666666666668,9,euclidean,auto,50,,-1.0
1,0.0,16.666666666666668,9,euclidean,auto,50,1.0,-1.0
1,0.0,16.666666666666668,9,euclidean,auto,50,2.0,-1.0
1,0.0,16.666666666666668,9,euclidean,ball_tree,10,,-1.0
1,0.0,16.666666666666668,9,euclidean,ball_tree,10,1.0,-1.0
1,0.0,16.666666666666668,9,euclidean,ball_tree,10,2.0,-1.0
1,0.0,16.666666666666668,9,euclidean,ball_tree,20,,-1.0
1,0.0,16.666666666666668,9,euclidean,ball_tree,20,1.0,-1.0
1,0.0,16.666666666666668,9,euclidean,ball_tree,20,2.0,-1.0
1,0.0,16.666666666666668,9,euclidean,ball_tree,30,,-1.0
1,0.0,16.666666666666668,9,euclidean,ball_tree,30,1.0,-1.0
1,0.0,16.666666666666668,9,euclidean,ball_tree,30,2.0,-1.0
1,0.0,16.666666666666668,9,euclidean,ball_tree,40,,-1.0
1,0.0,16.666666666666668,9,euclidean,ball_tree,40,1.0,-1.0
1,0.0,16.666666666666668,9,euclidean,ball_tree,40,2.0,-1.0
1,0.0,16.666666666666668,9,euclidean,ball_tree,50,,-1.0
1,0.0,16.666666666666668,9,euclidean,ball_tree,50,1.0,-1.0
1,0.0,16.666666666666668,9,euclidean,ball_tree,50,2.0,-1.0
1,0.0,16.666666666666668,9,euclidean,kd_tree,10,,-1.0
1,0.0,16.666666666666668,9,euclidean,kd_tree,10,1.0,-1.0
1,0.0,16.666666666666668,9,euclidean,kd_tree,10,2.0,-1.0
1,0.0,16.666666666666668,9,euclidean,kd_tree,20,,-1.0
1,0.0,16.666666666666668,9,euclidean,kd_tree,20,1.0,-1.0
1,0.0,16.666666666666668,9,euclidean,kd_tree,20,2.0,-1.0
1,0.0,16.666666666666668,9,euclidean,kd_tree,30,,-1.0
1,0.0,16.666666666666668,9,euclidean,kd_tree,30,1.0,-1.0
1,0.0,16.666666666666668,9,euclidean,kd_tree,30,2.0,-1.0
1,0.0,16.666666666666668,9,euclidean,kd_tree,40,,-1.0
1,0.0,16.666666666666668,9,euclidean,kd_tree,40,1.0,-1.0
1,0.0,16.666666666666668,9,euclidean,kd_tree,40,2.0,-1.0
1,0.0,16.666666666666668,9,euclidean,kd_tree,50,,-1.0
1,0.0,16.666666666666668,9,euclidean,kd_tree,50,1.0,-1.0
1,0.0,16.666666666666668,9,euclidean,kd_tree,50,2.0,-1.0
1,0.0,16.666666666666668,9,euclidean,brute,10,,-1.0
1,0.0,16.666666666666668,9,euclidean,brute,10,1.0,-1.0
1,0.0,16.666666666666668,9,euclidean,brute,10,2.0,-1.0
1,0.0,16.666666666666668,9,euclidean,brute,20,,-1.0
1,0.0,16.666666666666668,9,euclidean,brute,20,1.0,-1.0
1,0.0,16.666666666666668,9,euclidean,brute,20,2.0,-1.0
1,0.0,16.666666666666668,9,euclidean,brute,30,,-1.0
1,0.0,16.666666666666668,9,euclidean,brute,30,1.0,-1.0
1,0.0,16.666666666666668,9,euclidean,brute,30,2.0,-1.0
1,0.0,16.666666666666668,9,euclidean,brute,40,,-1.0
1,0.0,16.666666666666668,9,euclidean,brute,40,1.0,-1.0
1,0.0,16.666666666666668,9,euclidean,brute,40,2.0,-1.0
1,0.0,16.666666666666668,9,euclidean,brute,50,,-1.0
1,0.0,16.666666666666668,9,euclidean,brute,50,1.0,-1.0
1,0.0,16.666666666666668,9,euclidean,brute,50,2.0,-1.0
1,0.0,16.666666666666668,9,manhattan,auto,10,,-1.0
1,0.0,16.666666666666668,9,manhattan,auto,10,1.0,-1.0
1,0.0,16.666666666666668,9,manhattan,auto,10,2.0,-1.0
1,0.0,16.666666666666668,9,manhattan,auto,20,,-1.0
1,0.0,16.666666666666668,9,manhattan,auto,20,1.0,-1.0
1,0.0,16.666666666666668,9,manhattan,auto,20,2.0,-1.0
1,0.0,16.666666666666668,9,manhattan,auto,30,,-1.0
1,0.0,16.666666666666668,9,manhattan,auto,30,1.0,-1.0
1,0.0,16.666666666666668,9,manhattan,auto,30,2.0,-1.0
1,0.0,16.666666666666668,9,manhattan,auto,40,,-1.0
1,0.0,16.666666666666668,9,manhattan,auto,40,1.0,-1.0
1,0.0,16.666666666666668,9,manhattan,auto,40,2.0,-1.0
1,0.0,16.666666666666668,9,manhattan,auto,50,,-1.0
1,0.0,16.666666666666668,9,manhattan,auto,50,1.0,-1.0
1,0.0,16.666666666666668,9,manhattan,auto,50,2.0,-1.0
1,0.0,16.666666666666668,9,manhattan,ball_tree,10,,-1.0
1,0.0,16.666666666666668,9,manhattan,ball_tree,10,1.0,-1.0
1,0.0,16.666666666666668,9,manhattan,ball_tree,10,2.0,-1.0
1,0.0,16.666666666666668,9,manhattan,ball_tree,20,,-1.0
1,0.0,16.666666666666668,9,manhattan,ball_tree,20,1.0,-1.0
1,0.0,16.666666666666668,9,manhattan,ball_tree,20,2.0,-1.0
1,0.0,16.666666666666668,9,manhattan,ball_tree,30,,-1.0
1,0.0,16.666666666666668,9,manhattan,ball_tree,30,1.0,-1.0
1,0.0,16.666666666666668,9,manhattan,ball_tree,30,2.0,-1.0
1,0.0,16.666666666666668,9,manhattan,ball_tree,40,,-1.0
1,0.0,16.666666666666668,9,manhattan,ball_tree,40,1.0,-1.0
1,0.0,16.666666666666668,9,manhattan,ball_tree,40,2.0,-1.0
1,0.0,16.666666666666668,9,manhattan,ball_tree,50,,-1.0
1,0.0,16.666666666666668,9,manhattan,ball_tree,50,1.0,-1.0
1,0.0,16.666666666666668,9,manhattan,ball_tree,50,2.0,-1.0
1,0.0,16.666666666666668,9,manhattan,kd_tree,10,,-1.0
1,0.0,16.666666666666668,9,manhattan,kd_tree,10,1.0,-1.0
1,0.0,16.666666666666668,9,manhattan,kd_tree,10,2.0,-1.0
1,0.0,16.666666666666668,9,manhattan,kd_tree,20,,-1.0
1,0.0,16.666666666666668,9,manhattan,kd_tree,20,1.0,-1.0
1,0.0,16.666666666666668,9,manhattan,kd_tree,20,2.0,-1.0
1,0.0,16.666666666666668,9,manhattan,kd_tree,30,,-1.0
1,0.0,16.666666666666668,9,manhattan,kd_tree,30,1.0,-1.0
1,0.0,16.666666666666668,9,manhattan,kd_tree,30,2.0,-1.0
1,0.0,16.666666666666668,9,manhattan,kd_tree,40,,-1.0
1,0.0,16.666666666666668,9,manhattan,kd_tree,40,1.0,-1.0
1,0.0,16.666666666666668,9,manhattan,kd_tree,40,2.0,-1.0
1,0.0,16.666666666666668,9,manhattan,kd_tree,50,,-1.0
1,0.0,16.666666666666668,9,manhattan,kd_tree,50,1.0,-1.0
1,0.0,16.666666666666668,9,manhattan,kd_tree,50,2.0,-1.0
1,0.0,16.666666666666668,9,manhattan,brute,10,,-1.0
1,0.0,16.666666666666668,9,manhattan,brute,10,1.0,-1.0
1,0.0,16.666666666666668,9,manhattan,brute,10,2.0,-1.0
1,0.0,16.666666666666668,9,manhattan,brute,20,,-1.0
1,0.0,16.666666666666668,9,manhattan,brute,20,1.0,-1.0
1,0.0,16.666666666666668,9,manhattan,brute,20,2.0,-1.0
1,0.0,16.666666666666668,9,manhattan,brute,30,,-1.0
1,0.0,16.666666666666668,9,manhattan,brute,30,1.0,-1.0
1,0.0,16.666666666666668,9,manhattan,brute,30,2.0,-1.0
1,0.0,16.666666666666668,9,manhattan,brute,40,,-1.0
1,0.0,16.666666666666668,9,manhattan,brute,40,1.0,-1.0
1,0.0,16.666666666666668,9,manhattan,brute,40,2.0,-1.0
1,0.0,16.666666666666668,9,manhattan,brute,50,,-1.0
1,0.0,16.666666666666668,9,manhattan,brute,50,1.0,-1.0
1,0.0,16.666666666666668,9,manhattan,brute,50,2.0,-1.0
1,0.0,17.77777777777778,2,euclidean,auto,10,,-1.0
1,0.0,17.77777777777778,2,euclidean,auto,10,1.0,-1.0
1,0.0,17.77777777777778,2,euclidean,auto,10,2.0,-1.0
1,0.0,17.77777777777778,2,euclidean,auto,20,,-1.0
1,0.0,17.77777777777778,2,euclidean,auto,20,1.0,-1.0
1,0.0,17.77777777777778,2,euclidean,auto,20,2.0,-1.0
1,0.0,17.77777777777778,2,euclidean,auto,30,,-1.0
1,0.0,17.77777777777778,2,euclidean,auto,30,1.0,-1.0
1,0.0,17.77777777777778,2,euclidean,auto,30,2.0,-1.0
1,0.0,17.77777777777778,2,euclidean,auto,40,,-1.0
1,0.0,17.77777777777778,2,euclidean,auto,40,1.0,-1.0
1,0.0,17.77777777777778,2,euclidean,auto,40,2.0,-1.0
1,0.0,17.77777777777778,2,euclidean,auto,50,,-1.0
1,0.0,17.77777777777778,2,euclidean,auto,50,1.0,-1.0
1,0.0,17.77777777777778,2,euclidean,auto,50,2.0,-1.0
1,0.0,17.77777777777778,2,euclidean,ball_tree,10,,-1.0
1,0.0,17.77777777777778,2,euclidean,ball_tree,10,1.0,-1.0
1,0.0,17.77777777777778,2,euclidean,ball_tree,10,2.0,-1.0
1,0.0,17.77777777777778,2,euclidean,ball_tree,20,,-1.0
1,0.0,17.77777777777778,2,euclidean,ball_tree,20,1.0,-1.0
1,0.0,17.77777777777778,2,euclidean,ball_tree,20,2.0,-1.0
1,0.0,17.77777777777778,2,euclidean,ball_tree,30,,-1.0
1,0.0,17.77777777777778,2,euclidean,ball_tree,30,1.0,-1.0
1,0.0,17.77777777777778,2,euclidean,ball_tree,30,2.0,-1.0
1,0.0,17.77777777777778,2,euclidean,ball_tree,40,,-1.0
1,0.0,17.77777777777778,2,euclidean,ball_tree,40,1.0,-1.0
1,0.0,17.77777777777778,2,euclidean,ball_tree,40,2.0,-1.0
1,0.0,17.77777777777778,2,euclidean,ball_tree,50,,-1.0
1,0.0,17.77777777777778,2,euclidean,ball_tree,50,1.0,-1.0
1,0.0,17.77777777777778,2,euclidean,ball_tree,50,2.0,-1.0
1,0.0,17.77777777777778,2,euclidean,kd_tree,10,,-1.0
1,0.0,17.77777777777778,2,euclidean,kd_tree,10,1.0,-1.0
1,0.0,17.77777777777778,2,euclidean,kd_tree,10,2.0,-1.0
1,0.0,17.77777777777778,2,euclidean,kd_tree,20,,-1.0
1,0.0,17.77777777777778,2,euclidean,kd_tree,20,1.0,-1.0
1,0.0,17.77777777777778,2,euclidean,kd_tree,20,2.0,-1.0
1,0.0,17.77777777777778,2,euclidean,kd_tree,30,,-1.0
1,0.0,17.77777777777778,2,euclidean,kd_tree,30,1.0,-1.0
1,0.0,17.77777777777778,2,euclidean,kd_tree,30,2.0,-1.0
1,0.0,17.77777777777778,2,euclidean,kd_tree,40,,-1.0
1,0.0,17.77777777777778,2,euclidean,kd_tree,40,1.0,-1.0
1,0.0,17.77777777777778,2,euclidean,kd_tree,40,2.0,-1.0
1,0.0,17.77777777777778,2,euclidean,kd_tree,50,,-1.0
1,0.0,17.77777777777778,2,euclidean,kd_tree,50,1.0,-1.0
1,0.0,17.77777777777778,2,euclidean,kd_tree,50,2.0,-1.0
1,0.0,17.77777777777778,2,euclidean,brute,10,,-1.0
1,0.0,17.77777777777778,2,euclidean,brute,10,1.0,-1.0
1,0.0,17.77777777777778,2,euclidean,brute,10,2.0,-1.0
1,0.0,17.77777777777778,2,euclidean,brute,20,,-1.0
1,0.0,17.77777777777778,2,euclidean,brute,20,1.0,-1.0
1,0.0,17.77777777777778,2,euclidean,brute,20,2.0,-1.0
1,0.0,17.77777777777778,2,euclidean,brute,30,,-1.0
1,0.0,17.77777777777778,2,euclidean,brute,30,1.0,-1.0
1,0.0,17.77777777777778,2,euclidean,brute,30,2.0,-1.0
1,0.0,17.77777777777778,2,euclidean,brute,40,,-1.0
1,0.0,17.77777777777778,2,euclidean,brute,40,1.0,-1.0
1,0.0,17.77777777777778,2,euclidean,brute,40,2.0,-1.0
1,0.0,17.77777777777778,2,euclidean,brute,50,,-1.0
1,0.0,17.77777777777778,2,euclidean,brute,50,1.0,-1.0
1,0.0,17.77777777777778,2,euclidean,brute,50,2.0,-1.0
1,0.0,17.77777777777778,2,manhattan,auto,10,,-1.0
1,0.0,17.77777777777778,2,manhattan,auto,10,1.0,-1.0
1,0.0,17.77777777777778,2,manhattan,auto,10,2.0,-1.0
1,0.0,17.77777777777778,2,manhattan,auto,20,,-1.0
1,0.0,17.77777777777778,2,manhattan,auto,20,1.0,-1.0
1,0.0,17.77777777777778,2,manhattan,auto,20,2.0,-1.0
1,0.0,17.77777777777778,2,manhattan,auto,30,,-1.0
1,0.0,17.77777777777778,2,manhattan,auto,30,1.0,-1.0
1,0.0,17.77777777777778,2,manhattan,auto,30,2.0,-1.0
1,0.0,17.77777777777778,2,manhattan,auto,40,,-1.0
1,0.0,17.77777777777778,2,manhattan,auto,40,1.0,-1.0
1,0.0,17.77777777777778,2,manhattan,auto,40,2.0,-1.0
1,0.0,17.77777777777778,2,manhattan,auto,50,,-1.0
1,0.0,17.77777777777778,2,manhattan,auto,50,1.0,-1.0
1,0.0,17.77777777777778,2,manhattan,auto,50,2.0,-1.0
1,0.0,17.77777777777778,2,manhattan,ball_tree,10,,-1.0
1,0.0,17.77777777777778,2,manhattan,ball_tree,10,1.0,-1.0
1,0.0,17.77777777777778,2,manhattan,ball_tree,10,2.0,-1.0
1,0.0,17.77777777777778,2,manhattan,ball_tree,20,,-1.0
1,0.0,17.77777777777778,2,manhattan,ball_tree,20,1.0,-1.0
1,0.0,17.77777777777778,2,manhattan,ball_tree,20,2.0,-1.0
1,0.0,17.77777777777778,2,manhattan,ball_tree,30,,-1.0
1,0.0,17.77777777777778,2,manhattan,ball_tree,30,1.0,-1.0
1,0.0,17.77777777777778,2,manhattan,ball_tree,30,2.0,-1.0
1,0.0,17.77777777777778,2,manhattan,ball_tree,40,,-1.0
1,0.0,17.77777777777778,2,manhattan,ball_tree,40,1.0,-1.0
1,0.0,17.77777777777778,2,manhattan,ball_tree,40,2.0,-1.0
1,0.0,17.77777777777778,2,manhattan,ball_tree,50,,-1.0
1,0.0,17.77777777777778,2,manhattan,ball_tree,50,1.0,-1.0
1,0.0,17.77777777777778,2,manhattan,ball_tree,50,2.0,-1.0
1,0.0,17.77777777777778,2,manhattan,kd_tree,10,,-1.0
1,0.0,17.77777777777778,2,manhattan,kd_tree,10,1.0,-1.0
1,0.0,17.77777777777778,2,manhattan,kd_tree,10,2.0,-1.0
1,0.0,17.77777777777778,2,manhattan,kd_tree,20,,-1.0
1,0.0,17.77777777777778,2,manhattan,kd_tree,20,1.0,-1.0
1,0.0,17.77777777777778,2,manhattan,kd_tree,20,2.0,-1.0
1,0.0,17.77777777777778,2,manhattan,kd_tree,30,,-1.0
1,0.0,17.77777777777778,2,manhattan,kd_tree,30,1.0,-1.0
1,0.0,17.77777777777778,2,manhattan,kd_tree,30,2.0,-1.0
1,0.0,17.77777777777778,2,manhattan,kd_tree,40,,-1.0
1,0.0,17.77777777777778,2,manhattan,kd_tree,40,1.0,-1.0
1,0.0,17.77777777777778,2,manhattan,kd_tree,40,2.0,-1.0
1,0.0,17.77777777777778,2,manhattan,kd_tree,50,,-1.0
1,0.0,17.77777777777778,2,manhattan,kd_tree,50,1.0,-1.0
1,0.0,17.77777777777778,2,manhattan,kd_tree,50,2.0,-1.0
1,0.0,17.77777777777778,2,manhattan,brute,10,,-1.0
1,0.0,17.77777777777778,2,manhattan,brute,10,1.0,-1.0
1,0.0,17.77777777777778,2,manhattan,brute,10,2.0,-1.0
1,0.0,17.77777777777778,2,manhattan,brute,20,,-1.0
1,0.0,17.77777777777778,2,manhattan,brute,20,1.0,-1.0
1,0.0,17.77777777777778,2,manhattan,brute,20,2.0,-1.0
1,0.0,17.77777777777778,2,manhattan,brute,30,,-1.0
1,0.0,17.77777777777778,2,manhattan,brute,30,1.0,-1.0
1,0.0,17.77777777777778,2,manhattan,brute,30,2.0,-1.0
1,0.0,17.77777777777778,2,manhattan,brute,40,,-1.0
1,0.0,17.77777777777778,2,manhattan,brute,40,1.0,-1.0
1,0.0,17.77777777777778,2,manhattan,brute,40,2.0,-1.0
1,0.0,17.77777777777778,2,manhattan,brute,50,,-1.0
1,0.0,17.77777777777778,2,manhattan,brute,50,1.0,-1.0
1,0.0,17.77777777777778,2,manhattan,brute,50,2.0,-1.0
1,0.0,17.77777777777778,3,euclidean,auto,10,,-1.0
1,0.0,17.77777777777778,3,euclidean,auto,10,1.0,-1.0
1,0.0,17.77777777777778,3,euclidean,auto,10,2.0,-1.0
1,0.0,17.77777777777778,3,euclidean,auto,20,,-1.0
1,0.0,17.77777777777778,3,euclidean,auto,20,1.0,-1.0
1,0.0,17.77777777777778,3,euclidean,auto,20,2.0,-1.0
1,0.0,17.77777777777778,3,euclidean,auto,30,,-1.0
1,0.0,17.77777777777778,3,euclidean,auto,30,1.0,-1.0
1,0.0,17.77777777777778,3,euclidean,auto,30,2.0,-1.0
1,0.0,17.77777777777778,3,euclidean,auto,40,,-1.0
1,0.0,17.77777777777778,3,euclidean,auto,40,1.0,-1.0
1,0.0,17.77777777777778,3,euclidean,auto,40,2.0,-1.0
1,0.0,17.77777777777778,3,euclidean,auto,50,,-1.0
1,0.0,17.77777777777778,3,euclidean,auto,50,1.0,-1.0
1,0.0,17.77777777777778,3,euclidean,auto,50,2.0,-1.0
1,0.0,17.77777777777778,3,euclidean,ball_tree,10,,-1.0
1,0.0,17.77777777777778,3,euclidean,ball_tree,10,1.0,-1.0
1,0.0,17.77777777777778,3,euclidean,ball_tree,10,2.0,-1.0
1,0.0,17.77777777777778,3,euclidean,ball_tree,20,,-1.0
1,0.0,17.77777777777778,3,euclidean,ball_tree,20,1.0,-1.0
1,0.0,17.77777777777778,3,euclidean,ball_tree,20,2.0,-1.0
1,0.0,17.77777777777778,3,euclidean,ball_tree,30,,-1.0
1,0.0,17.77777777777778,3,euclidean,ball_tree,30,1.0,-1.0
1,0.0,17.77777777777778,3,euclidean,ball_tree,30,2.0,-1.0
1,0.0,17.77777777777778,3,euclidean,ball_tree,40,,-1.0
1,0.0,17.77777777777778,3,euclidean,ball_tree,40,1.0,-1.0
1,0.0,17.77777777777778,3,euclidean,ball_tree,40,2.0,-1.0
1,0.0,17.77777777777778,3,euclidean,ball_tree,50,,-1.0
1,0.0,17.77777777777778,3,euclidean,ball_tree,50,1.0,-1.0
1,0.0,17.77777777777778,3,euclidean,ball_tree,50,2.0,-1.0
1,0.0,17.77777777777778,3,euclidean,kd_tree,10,,-1.0
1,0.0,17.77777777777778,3,euclidean,kd_tree,10,1.0,-1.0
1,0.0,17.77777777777778,3,euclidean,kd_tree,10,2.0,-1.0
1,0.0,17.77777777777778,3,euclidean,kd_tree,20,,-1.0
1,0.0,17.77777777777778,3,euclidean,kd_tree,20,1.0,-1.0
1,0.0,17.77777777777778,3,euclidean,kd_tree,20,2.0,-1.0
1,0.0,17.77777777777778,3,euclidean,kd_tree,30,,-1.0
1,0.0,17.77777777777778,3,euclidean,kd_tree,30,1.0,-1.0
1,0.0,17.77777777777778,3,euclidean,kd_tree,30,2.0,-1.0
1,0.0,17.77777777777778,3,euclidean,kd_tree,40,,-1.0
1,0.0,17.77777777777778,3,euclidean,kd_tree,40,1.0,-1.0
1,0.0,17.77777777777778,3,euclidean,kd_tree,40,2.0,-1.0
1,0.0,17.77777777777778,3,euclidean,kd_tree,50,,-1.0
1,0.0,17.77777777777778,3,euclidean,kd_tree,50,1.0,-1.0
1,0.0,17.77777777777778,3,euclidean,kd_tree,50,2.0,-1.0
1,0.0,17.77777777777778,3,euclidean,brute,10,,-1.0
1,0.0,17.77777777777778,3,euclidean,brute,10,1.0,-1.0
1,0.0,17.77777777777778,3,euclidean,brute,10,2.0,-1.0
1,0.0,17.77777777777778,3,euclidean,brute,20,,-1.0
1,0.0,17.77777777777778,3,euclidean,brute,20,1.0,-1.0
1,0.0,17.77777777777778,3,euclidean,brute,20,2.0,-1.0
1,0.0,17.77777777777778,3,euclidean,brute,30,,-1.0
1,0.0,17.77777777777778,3,euclidean,brute,30,1.0,-1.0
1,0.0,17.77777777777778,3,euclidean,brute,30,2.0,-1.0
1,0.0,17.77777777777778,3,euclidean,brute,40,,-1.0
1,0.0,17.77777777777778,3,euclidean,brute,40,1.0,-1.0
1,0.0,17.77777777777778,3,euclidean,brute,40,2.0,-1.0
1,0.0,17.77777777777778,3,euclidean,brute,50,,-1.0
1,0.0,17.77777777777778,3,euclidean,brute,50,1.0,-1.0
1,0.0,17.77777777777778,3,euclidean,brute,50,2.0,-1.0
1,0.0,17.77777777777778,3,manhattan,auto,10,,-1.0
1,0.0,17.77777777777778,3,manhattan,auto,10,1.0,-1.0
1,0.0,17.77777777777778,3,manhattan,auto,10,2.0,-1.0
1,0.0,17.77777777777778,3,manhattan,auto,20,,-1.0
1,0.0,17.77777777777778,3,manhattan,auto,20,1.0,-1.0
1,0.0,17.77777777777778,3,manhattan,auto,20,2.0,-1.0
1,0.0,17.77777777777778,3,manhattan,auto,30,,-1.0
1,0.0,17.77777777777778,3,manhattan,auto,30,1.0,-1.0
1,0.0,17.77777777777778,3,manhattan,auto,30,2.0,-1.0
1,0.0,17.77777777777778,3,manhattan,auto,40,,-1.0
1,0.0,17.77777777777778,3,manhattan,auto,40,1.0,-1.0
1,0.0,17.77777777777778,3,manhattan,auto,40,2.0,-1.0
1,0.0,17.77777777777778,3,manhattan,auto,50,,-1.0
1,0.0,17.77777777777778,3,manhattan,auto,50,1.0,-1.0
1,0.0,17.77777777777778,3,manhattan,auto,50,2.0,-1.0
1,0.0,17.77777777777778,3,manhattan,ball_tree,10,,-1.0
1,0.0,17.77777777777778,3,manhattan,ball_tree,10,1.0,-1.0
1,0.0,17.77777777777778,3,manhattan,ball_tree,10,2.0,-1.0
1,0.0,17.77777777777778,3,manhattan,ball_tree,20,,-1.0
1,0.0,17.77777777777778,3,manhattan,ball_tree,20,1.0,-1.0
1,0.0,17.77777777777778,3,manhattan,ball_tree,20,2.0,-1.0
1,0.0,17.77777777777778,3,manhattan,ball_tree,30,,-1.0
1,0.0,17.77777777777778,3,manhattan,ball_tree,30,1.0,-1.0
1,0.0,17.77777777777778,3,manhattan,ball_tree,30,2.0,-1.0
1,0.0,17.77777777777778,3,manhattan,ball_tree,40,,-1.0
1,0.0,17.77777777777778,3,manhattan,ball_tree,40,1.0,-1.0
1,0.0,17.77777777777778,3,manhattan,ball_tree,40,2.0,-1.0
1,0.0,17.77777777777778,3,manhattan,ball_tree,50,,-1.0
1,0.0,17.77777777777778,3,manhattan,ball_tree,50,1.0,-1.0
1,0.0,17.77777777777778,3,manhattan,ball_tree,50,2.0,-1.0
1,0.0,17.77777777777778,3,manhattan,kd_tree,10,,-1.0
1,0.0,17.77777777777778,3,manhattan,kd_tree,10,1.0,-1.0
1,0.0,17.77777777777778,3,manhattan,kd_tree,10,2.0,-1.0
1,0.0,17.77777777777778,3,manhattan,kd_tree,20,,-1.0
1,0.0,17.77777777777778,3,manhattan,kd_tree,20,1.0,-1.0
1,0.0,17.77777777777778,3,manhattan,kd_tree,20,2.0,-1.0
1,0.0,17.77777777777778,3,manhattan,kd_tree,30,,-1.0
1,0.0,17.77777777777778,3,manhattan,kd_tree,30,1.0,-1.0
1,0.0,17.77777777777778,3,manhattan,kd_tree,30,2.0,-1.0
1,0.0,17.77777777777778,3,manhattan,kd_tree,40,,-1.0
1,0.0,17.77777777777778,3,manhattan,kd_tree,40,1.0,-1.0
1,0.0,17.77777777777778,3,manhattan,kd_tree,40,2.0,-1.0
1,0.0,17.77777777777778,3,manhattan,kd_tree,50,,-1.0
1,0.0,17.77777777777778,3,manhattan,kd_tree,50,1.0,-1.0
1,0.0,17.77777777777778,3,manhattan,kd_tree,50,2.0,-1.0
1,0.0,17.77777777777778,3,manhattan,brute,10,,-1.0
1,0.0,17.77777777777778,3,manhattan,brute,10,1.0,-1.0
1,0.0,17.77777777777778,3,manhattan,brute,10,2.0,-1.0
1,0.0,17.77777777777778,3,manhattan,brute,20,,-1.0
1,0.0,17.77777777777778,3,manhattan,brute,20,1.0,-1.0
1,0.0,17.77777777777778,3,manhattan,brute,20,2.0,-1.0
1,0.0,17.77777777777778,3,manhattan,brute,30,,-1.0
1,0.0,17.77777777777778,3,manhattan,brute,30,1.0,-1.0
1,0.0,17.77777777777778,3,manhattan,brute,30,2.0,-1.0
1,0.0,17.77777777777778,3,manhattan,brute,40,,-1.0
1,0.0,17.77777777777778,3,manhattan,brute,40,1.0,-1.0
1,0.0,17.77777777777778,3,manhattan,brute,40,2.0,-1.0
1,0.0,17.77777777777778,3,manhattan,brute,50,,-1.0
1,0.0,17.77777777777778,3,manhattan,brute,50,1.0,-1.0
1,0.0,17.77777777777778,3,manhattan,brute,50,2.0,-1.0
1,0.0,17.77777777777778,4,euclidean,auto,10,,-1.0
1,0.0,17.77777777777778,4,euclidean,auto,10,1.0,-1.0
1,0.0,17.77777777777778,4,euclidean,auto,10,2.0,-1.0
1,0.0,17.77777777777778,4,euclidean,auto,20,,-1.0
1,0.0,17.77777777777778,4,euclidean,auto,20,1.0,-1.0
1,0.0,17.77777777777778,4,euclidean,auto,20,2.0,-1.0
1,0.0,17.77777777777778,4,euclidean,auto,30,,-1.0
1,0.0,17.77777777777778,4,euclidean,auto,30,1.0,-1.0
1,0.0,17.77777777777778,4,euclidean,auto,30,2.0,-1.0
1,0.0,17.77777777777778,4,euclidean,auto,40,,-1.0
1,0.0,17.77777777777778,4,euclidean,auto,40,1.0,-1.0
1,0.0,17.77777777777778,4,euclidean,auto,40,2.0,-1.0
1,0.0,17.77777777777778,4,euclidean,auto,50,,-1.0
1,0.0,17.77777777777778,4,euclidean,auto,50,1.0,-1.0
1,0.0,17.77777777777778,4,euclidean,auto,50,2.0,-1.0
1,0.0,17.77777777777778,4,euclidean,ball_tree,10,,-1.0
1,0.0,17.77777777777778,4,euclidean,ball_tree,10,1.0,-1.0
1,0.0,17.77777777777778,4,euclidean,ball_tree,10,2.0,-1.0
1,0.0,17.77777777777778,4,euclidean,ball_tree,20,,-1.0
1,0.0,17.77777777777778,4,euclidean,ball_tree,20,1.0,-1.0
1,0.0,17.77777777777778,4,euclidean,ball_tree,20,2.0,-1.0
1,0.0,17.77777777777778,4,euclidean,ball_tree,30,,-1.0
1,0.0,17.77777777777778,4,euclidean,ball_tree,30,1.0,-1.0
1,0.0,17.77777777777778,4,euclidean,ball_tree,30,2.0,-1.0
1,0.0,17.77777777777778,4,euclidean,ball_tree,40,,-1.0
1,0.0,17.77777777777778,4,euclidean,ball_tree,40,1.0,-1.0
1,0.0,17.77777777777778,4,euclidean,ball_tree,40,2.0,-1.0
1,0.0,17.77777777777778,4,euclidean,ball_tree,50,,-1.0
1,0.0,17.77777777777778,4,euclidean,ball_tree,50,1.0,-1.0
1,0.0,17.77777777777778,4,euclidean,ball_tree,50,2.0,-1.0
1,0.0,17.77777777777778,4,euclidean,kd_tree,10,,-1.0
1,0.0,17.77777777777778,4,euclidean,kd_tree,10,1.0,-1.0
1,0.0,17.77777777777778,4,euclidean,kd_tree,10,2.0,-1.0
1,0.0,17.77777777777778,4,euclidean,kd_tree,20,,-1.0
1,0.0,17.77777777777778,4,euclidean,kd_tree,20,1.0,-1.0
1,0.0,17.77777777777778,4,euclidean,kd_tree,20,2.0,-1.0
1,0.0,17.77777777777778,4,euclidean,kd_tree,30,,-1.0
1,0.0,17.77777777777778,4,euclidean,kd_tree,30,1.0,-1.0
1,0.0,17.77777777777778,4,euclidean,kd_tree,30,2.0,-1.0
1,0.0,17.77777777777778,4,euclidean,kd_tree,40,,-1.0
1,0.0,17.77777777777778,4,euclidean,kd_tree,40,1.0,-1.0
1,0.0,17.77777777777778,4,euclidean,kd_tree,40,2.0,-1.0
1,0.0,17.77777777777778,4,euclidean,kd_tree,50,,-1.0
1,0.0,17.77777777777778,4,euclidean,kd_tree,50,1.0,-1.0
1,0.0,17.77777777777778,4,euclidean,kd_tree,50,2.0,-1.0
1,0.0,17.77777777777778,4,euclidean,brute,10,,-1.0
1,0.0,17.77777777777778,4,euclidean,brute,10,1.0,-1.0
1,0.0,17.77777777777778,4,euclidean,brute,10,2.0,-1.0
1,0.0,17.77777777777778,4,euclidean,brute,20,,-1.0
1,0.0,17.77777777777778,4,euclidean,brute,20,1.0,-1.0
1,0.0,17.77777777777778,4,euclidean,brute,20,2.0,-1.0
1,0.0,17.77777777777778,4,euclidean,brute,30,,-1.0
1,0.0,17.77777777777778,4,euclidean,brute,30,1.0,-1.0
1,0.0,17.77777777777778,4,euclidean,brute,30,2.0,-1.0
1,0.0,17.77777777777778,4,euclidean,brute,40,,-1.0
1,0.0,17.77777777777778,4,euclidean,brute,40,1.0,-1.0
1,0.0,17.77777777777778,4,euclidean,brute,40,2.0,-1.0
1,0.0,17.77777777777778,4,euclidean,brute,50,,-1.0
1,0.0,17.77777777777778,4,euclidean,brute,50,1.0,-1.0
1,0.0,17.77777777777778,4,euclidean,brute,50,2.0,-1.0
1,0.0,17.77777777777778,4,manhattan,auto,10,,-1.0
1,0.0,17.77777777777778,4,manhattan,auto,10,1.0,-1.0
1,0.0,17.77777777777778,4,manhattan,auto,10,2.0,-1.0
1,0.0,17.77777777777778,4,manhattan,auto,20,,-1.0
1,0.0,17.77777777777778,4,manhattan,auto,20,1.0,-1.0
1,0.0,17.77777777777778,4,manhattan,auto,20,2.0,-1.0
1,0.0,17.77777777777778,4,manhattan,auto,30,,-1.0
1,0.0,17.77777777777778,4,manhattan,auto,30,1.0,-1.0
1,0.0,17.77777777777778,4,manhattan,auto,30,2.0,-1.0
1,0.0,17.77777777777778,4,manhattan,auto,40,,-1.0
1,0.0,17.77777777777778,4,manhattan,auto,40,1.0,-1.0
1,0.0,17.77777777777778,4,manhattan,auto,40,2.0,-1.0
1,0.0,17.77777777777778,4,manhattan,auto,50,,-1.0
1,0.0,17.77777777777778,4,manhattan,auto,50,1.0,-1.0
1,0.0,17.77777777777778,4,manhattan,auto,50,2.0,-1.0
1,0.0,17.77777777777778,4,manhattan,ball_tree,10,,-1.0
1,0.0,17.77777777777778,4,manhattan,ball_tree,10,1.0,-1.0
1,0.0,17.77777777777778,4,manhattan,ball_tree,10,2.0,-1.0
1,0.0,17.77777777777778,4,manhattan,ball_tree,20,,-1.0
1,0.0,17.77777777777778,4,manhattan,ball_tree,20,1.0,-1.0
1,0.0,17.77777777777778,4,manhattan,ball_tree,20,2.0,-1.0
1,0.0,17.77777777777778,4,manhattan,ball_tree,30,,-1.0
1,0.0,17.77777777777778,4,manhattan,ball_tree,30,1.0,-1.0
1,0.0,17.77777777777778,4,manhattan,ball_tree,30,2.0,-1.0
1,0.0,17.77777777777778,4,manhattan,ball_tree,40,,-1.0
1,0.0,17.77777777777778,4,manhattan,ball_tree,40,1.0,-1.0
1,0.0,17.77777777777778,4,manhattan,ball_tree,40,2.0,-1.0
1,0.0,17.77777777777778,4,manhattan,ball_tree,50,,-1.0
1,0.0,17.77777777777778,4,manhattan,ball_tree,50,1.0,-1.0
1,0.0,17.77777777777778,4,manhattan,ball_tree,50,2.0,-1.0
1,0.0,17.77777777777778,4,manhattan,kd_tree,10,,-1.0
1,0.0,17.77777777777778,4,manhattan,kd_tree,10,1.0,-1.0
1,0.0,17.77777777777778,4,manhattan,kd_tree,10,2.0,-1.0
1,0.0,17.77777777777778,4,manhattan,kd_tree,20,,-1.0
1,0.0,17.77777777777778,4,manhattan,kd_tree,20,1.0,-1.0
1,0.0,17.77777777777778,4,manhattan,kd_tree,20,2.0,-1.0
1,0.0,17.77777777777778,4,manhattan,kd_tree,30,,-1.0
1,0.0,17.77777777777778,4,manhattan,kd_tree,30,1.0,-1.0
1,0.0,17.77777777777778,4,manhattan,kd_tree,30,2.0,-1.0
1,0.0,17.77777777777778,4,manhattan,kd_tree,40,,-1.0
1,0.0,17.77777777777778,4,manhattan,kd_tree,40,1.0,-1.0
1,0.0,17.77777777777778,4,manhattan,kd_tree,40,2.0,-1.0
1,0.0,17.77777777777778,4,manhattan,kd_tree,50,,-1.0
1,0.0,17.77777777777778,4,manhattan,kd_tree,50,1.0,-1.0
1,0.0,17.77777777777778,4,manhattan,kd_tree,50,2.0,-1.0
1,0.0,17.77777777777778,4,manhattan,brute,10,,-1.0
1,0.0,17.77777777777778,4,manhattan,brute,10,1.0,-1.0
1,0.0,17.77777777777778,4,manhattan,brute,10,2.0,-1.0
1,0.0,17.77777777777778,4,manhattan,brute,20,,-1.0
1,0.0,17.77777777777778,4,manhattan,brute,20,1.0,-1.0
1,0.0,17.77777777777778,4,manhattan,brute,20,2.0,-1.0
1,0.0,17.77777777777778,4,manhattan,brute,30,,-1.0
1,0.0,17.77777777777778,4,manhattan,brute,30,1.0,-1.0
1,0.0,17.77777777777778,4,manhattan,brute,30,2.0,-1.0
1,0.0,17.77777777777778,4,manhattan,brute,40,,-1.0
1,0.0,17.77777777777778,4,manhattan,brute,40,1.0,-1.0
1,0.0,17.77777777777778,4,manhattan,brute,40,2.0,-1.0
1,0.0,17.77777777777778,4,manhattan,brute,50,,-1.0
1,0.0,17.77777777777778,4,manhattan,brute,50,1.0,-1.0
1,0.0,17.77777777777778,4,manhattan,brute,50,2.0,-1.0
1,0.0,17.77777777777778,5,euclidean,auto,10,,-1.0
1,0.0,17.77777777777778,5,euclidean,auto,10,1.0,-1.0
1,0.0,17.77777777777778,5,euclidean,auto,10,2.0,-1.0
1,0.0,17.77777777777778,5,euclidean,auto,20,,-1.0
1,0.0,17.77777777777778,5,euclidean,auto,20,1.0,-1.0
1,0.0,17.77777777777778,5,euclidean,auto,20,2.0,-1.0
1,0.0,17.77777777777778,5,euclidean,auto,30,,-1.0
1,0.0,17.77777777777778,5,euclidean,auto,30,1.0,-1.0
1,0.0,17.77777777777778,5,euclidean,auto,30,2.0,-1.0
1,0.0,17.77777777777778,5,euclidean,auto,40,,-1.0
1,0.0,17.77777777777778,5,euclidean,auto,40,1.0,-1.0
1,0.0,17.77777777777778,5,euclidean,auto,40,2.0,-1.0
1,0.0,17.77777777777778,5,euclidean,auto,50,,-1.0
1,0.0,17.77777777777778,5,euclidean,auto,50,1.0,-1.0
1,0.0,17.77777777777778,5,euclidean,auto,50,2.0,-1.0
1,0.0,17.77777777777778,5,euclidean,ball_tree,10,,-1.0
1,0.0,17.77777777777778,5,euclidean,ball_tree,10,1.0,-1.0
1,0.0,17.77777777777778,5,euclidean,ball_tree,10,2.0,-1.0
1,0.0,17.77777777777778,5,euclidean,ball_tree,20,,-1.0
1,0.0,17.77777777777778,5,euclidean,ball_tree,20,1.0,-1.0
1,0.0,17.77777777777778,5,euclidean,ball_tree,20,2.0,-1.0
1,0.0,17.77777777777778,5,euclidean,ball_tree,30,,-1.0
1,0.0,17.77777777777778,5,euclidean,ball_tree,30,1.0,-1.0
1,0.0,17.77777777777778,5,euclidean,ball_tree,30,2.0,-1.0
1,0.0,17.77777777777778,5,euclidean,ball_tree,40,,-1.0
1,0.0,17.77777777777778,5,euclidean,ball_tree,40,1.0,-1.0
1,0.0,17.77777777777778,5,euclidean,ball_tree,40,2.0,-1.0
1,0.0,17.77777777777778,5,euclidean,ball_tree,50,,-1.0
1,0.0,17.77777777777778,5,euclidean,ball_tree,50,1.0,-1.0
1,0.0,17.77777777777778,5,euclidean,ball_tree,50,2.0,-1.0
1,0.0,17.77777777777778,5,euclidean,kd_tree,10,,-1.0
1,0.0,17.77777777777778,5,euclidean,kd_tree,10,1.0,-1.0
1,0.0,17.77777777777778,5,euclidean,kd_tree,10,2.0,-1.0
1,0.0,17.77777777777778,5,euclidean,kd_tree,20,,-1.0
1,0.0,17.77777777777778,5,euclidean,kd_tree,20,1.0,-1.0
1,0.0,17.77777777777778,5,euclidean,kd_tree,20,2.0,-1.0
1,0.0,17.77777777777778,5,euclidean,kd_tree,30,,-1.0
1,0.0,17.77777777777778,5,euclidean,kd_tree,30,1.0,-1.0
1,0.0,17.77777777777778,5,euclidean,kd_tree,30,2.0,-1.0
1,0.0,17.77777777777778,5,euclidean,kd_tree,40,,-1.0
1,0.0,17.77777777777778,5,euclidean,kd_tree,40,1.0,-1.0
1,0.0,17.77777777777778,5,euclidean,kd_tree,40,2.0,-1.0
1,0.0,17.77777777777778,5,euclidean,kd_tree,50,,-1.0
1,0.0,17.77777777777778,5,euclidean,kd_tree,50,1.0,-1.0
1,0.0,17.77777777777778,5,euclidean,kd_tree,50,2.0,-1.0
1,0.0,17.77777777777778,5,euclidean,brute,10,,-1.0
1,0.0,17.77777777777778,5,euclidean,brute,10,1.0,-1.0
1,0.0,17.77777777777778,5,euclidean,brute,10,2.0,-1.0
1,0.0,17.77777777777778,5,euclidean,brute,20,,-1.0
1,0.0,17.77777777777778,5,euclidean,brute,20,1.0,-1.0
1,0.0,17.77777777777778,5,euclidean,brute,20,2.0,-1.0
1,0.0,17.77777777777778,5,euclidean,brute,30,,-1.0
1,0.0,17.77777777777778,5,euclidean,brute,30,1.0,-1.0
1,0.0,17.77777777777778,5,euclidean,brute,30,2.0,-1.0
1,0.0,17.77777777777778,5,euclidean,brute,40,,-1.0
1,0.0,17.77777777777778,5,euclidean,brute,40,1.0,-1.0
1,0.0,17.77777777777778,5,euclidean,brute,40,2.0,-1.0
1,0.0,17.77777777777778,5,euclidean,brute,50,,-1.0
1,0.0,17.77777777777778,5,euclidean,brute,50,1.0,-1.0
1,0.0,17.77777777777778,5,euclidean,brute,50,2.0,-1.0
1,0.0,17.77777777777778,5,manhattan,auto,10,,-1.0
1,0.0,17.77777777777778,5,manhattan,auto,10,1.0,-1.0
1,0.0,17.77777777777778,5,manhattan,auto,10,2.0,-1.0
1,0.0,17.77777777777778,5,manhattan,auto,20,,-1.0
1,0.0,17.77777777777778,5,manhattan,auto,20,1.0,-1.0
1,0.0,17.77777777777778,5,manhattan,auto,20,2.0,-1.0
1,0.0,17.77777777777778,5,manhattan,auto,30,,-1.0
1,0.0,17.77777777777778,5,manhattan,auto,30,1.0,-1.0
1,0.0,17.77777777777778,5,manhattan,auto,30,2.0,-1.0
1,0.0,17.77777777777778,5,manhattan,auto,40,,-1.0
1,0.0,17.77777777777778,5,manhattan,auto,40,1.0,-1.0
1,0.0,17.77777777777778,5,manhattan,auto,40,2.0,-1.0
1,0.0,17.77777777777778,5,manhattan,auto,50,,-1.0
1,0.0,17.77777777777778,5,manhattan,auto,50,1.0,-1.0
1,0.0,17.77777777777778,5,manhattan,auto,50,2.0,-1.0
1,0.0,17.77777777777778,5,manhattan,ball_tree,10,,-1.0
1,0.0,17.77777777777778,5,manhattan,ball_tree,10,1.0,-1.0
1,0.0,17.77777777777778,5,manhattan,ball_tree,10,2.0,-1.0
1,0.0,17.77777777777778,5,manhattan,ball_tree,20,,-1.0
1,0.0,17.77777777777778,5,manhattan,ball_tree,20,1.0,-1.0
1,0.0,17.77777777777778,5,manhattan,ball_tree,20,2.0,-1.0
1,0.0,17.77777777777778,5,manhattan,ball_tree,30,,-1.0
1,0.0,17.77777777777778,5,manhattan,ball_tree,30,1.0,-1.0
1,0.0,17.77777777777778,5,manhattan,ball_tree,30,2.0,-1.0
1,0.0,17.77777777777778,5,manhattan,ball_tree,40,,-1.0
1,0.0,17.77777777777778,5,manhattan,ball_tree,40,1.0,-1.0
1,0.0,17.77777777777778,5,manhattan,ball_tree,40,2.0,-1.0
1,0.0,17.77777777777778,5,manhattan,ball_tree,50,,-1.0
1,0.0,17.77777777777778,5,manhattan,ball_tree,50,1.0,-1.0
1,0.0,17.77777777777778,5,manhattan,ball_tree,50,2.0,-1.0
1,0.0,17.77777777777778,5,manhattan,kd_tree,10,,-1.0
1,0.0,17.77777777777778,5,manhattan,kd_tree,10,1.0,-1.0
1,0.0,17.77777777777778,5,manhattan,kd_tree,10,2.0,-1.0
1,0.0,17.77777777777778,5,manhattan,kd_tree,20,,-1.0
1,0.0,17.77777777777778,5,manhattan,kd_tree,20,1.0,-1.0
1,0.0,17.77777777777778,5,manhattan,kd_tree,20,2.0,-1.0
1,0.0,17.77777777777778,5,manhattan,kd_tree,30,,-1.0
1,0.0,17.77777777777778,5,manhattan,kd_tree,30,1.0,-1.0
1,0.0,17.77777777777778,5,manhattan,kd_tree,30,2.0,-1.0
1,0.0,17.77777777777778,5,manhattan,kd_tree,40,,-1.0
1,0.0,17.77777777777778,5,manhattan,kd_tree,40,1.0,-1.0
1,0.0,17.77777777777778,5,manhattan,kd_tree,40,2.0,-1.0
1,0.0,17.77777777777778,5,manhattan,kd_tree,50,,-1.0
1,0.0,17.77777777777778,5,manhattan,kd_tree,50,1.0,-1.0
1,0.0,17.77777777777778,5,manhattan,kd_tree,50,2.0,-1.0
1,0.0,17.77777777777778,5,manhattan,brute,10,,-1.0
1,0.0,17.77777777777778,5,manhattan,brute,10,1.0,-1.0
1,0.0,17.77777777777778,5,manhattan,brute,10,2.0,-1.0
1,0.0,17.77777777777778,5,manhattan,brute,20,,-1.0
1,0.0,17.77777777777778,5,manhattan,brute,20,1.0,-1.0
1,0.0,17.77777777777778,5,manhattan,brute,20,2.0,-1.0
1,0.0,17.77777777777778,5,manhattan,brute,30,,-1.0
1,0.0,17.77777777777778,5,manhattan,brute,30,1.0,-1.0
1,0.0,17.77777777777778,5,manhattan,brute,30,2.0,-1.0
1,0.0,17.77777777777778,5,manhattan,brute,40,,-1.0
1,0.0,17.77777777777778,5,manhattan,brute,40,1.0,-1.0
1,0.0,17.77777777777778,5,manhattan,brute,40,2.0,-1.0
1,0.0,17.77777777777778,5,manhattan,brute,50,,-1.0
1,0.0,17.77777777777778,5,manhattan,brute,50,1.0,-1.0
1,0.0,17.77777777777778,5,manhattan,brute,50,2.0,-1.0
1,0.0,17.77777777777778,6,euclidean,auto,10,,-1.0
1,0.0,17.77777777777778,6,euclidean,auto,10,1.0,-1.0
1,0.0,17.77777777777778,6,euclidean,auto,10,2.0,-1.0
1,0.0,17.77777777777778,6,euclidean,auto,20,,-1.0
1,0.0,17.77777777777778,6,euclidean,auto,20,1.0,-1.0
1,0.0,17.77777777777778,6,euclidean,auto,20,2.0,-1.0
1,0.0,17.77777777777778,6,euclidean,auto,30,,-1.0
1,0.0,17.77777777777778,6,euclidean,auto,30,1.0,-1.0
1,0.0,17.77777777777778,6,euclidean,auto,30,2.0,-1.0
1,0.0,17.77777777777778,6,euclidean,auto,40,,-1.0
1,0.0,17.77777777777778,6,euclidean,auto,40,1.0,-1.0
1,0.0,17.77777777777778,6,euclidean,auto,40,2.0,-1.0
1,0.0,17.77777777777778,6,euclidean,auto,50,,-1.0
1,0.0,17.77777777777778,6,euclidean,auto,50,1.0,-1.0
1,0.0,17.77777777777778,6,euclidean,auto,50,2.0,-1.0
1,0.0,17.77777777777778,6,euclidean,ball_tree,10,,-1.0
1,0.0,17.77777777777778,6,euclidean,ball_tree,10,1.0,-1.0
1,0.0,17.77777777777778,6,euclidean,ball_tree,10,2.0,-1.0
1,0.0,17.77777777777778,6,euclidean,ball_tree,20,,-1.0
1,0.0,17.77777777777778,6,euclidean,ball_tree,20,1.0,-1.0
1,0.0,17.77777777777778,6,euclidean,ball_tree,20,2.0,-1.0
1,0.0,17.77777777777778,6,euclidean,ball_tree,30,,-1.0
1,0.0,17.77777777777778,6,euclidean,ball_tree,30,1.0,-1.0
1,0.0,17.77777777777778,6,euclidean,ball_tree,30,2.0,-1.0
1,0.0,17.77777777777778,6,euclidean,ball_tree,40,,-1.0
1,0.0,17.77777777777778,6,euclidean,ball_tree,40,1.0,-1.0
1,0.0,17.77777777777778,6,euclidean,ball_tree,40,2.0,-1.0
1,0.0,17.77777777777778,6,euclidean,ball_tree,50,,-1.0
1,0.0,17.77777777777778,6,euclidean,ball_tree,50,1.0,-1.0
1,0.0,17.77777777777778,6,euclidean,ball_tree,50,2.0,-1.0
1,0.0,17.77777777777778,6,euclidean,kd_tree,10,,-1.0
1,0.0,17.77777777777778,6,euclidean,kd_tree,10,1.0,-1.0
1,0.0,17.77777777777778,6,euclidean,kd_tree,10,2.0,-1.0
1,0.0,17.77777777777778,6,euclidean,kd_tree,20,,-1.0
1,0.0,17.77777777777778,6,euclidean,kd_tree,20,1.0,-1.0
1,0.0,17.77777777777778,6,euclidean,kd_tree,20,2.0,-1.0
1,0.0,17.77777777777778,6,euclidean,kd_tree,30,,-1.0
1,0.0,17.77777777777778,6,euclidean,kd_tree,30,1.0,-1.0
1,0.0,17.77777777777778,6,euclidean,kd_tree,30,2.0,-1.0
1,0.0,17.77777777777778,6,euclidean,kd_tree,40,,-1.0
1,0.0,17.77777777777778,6,euclidean,kd_tree,40,1.0,-1.0
1,0.0,17.77777777777778,6,euclidean,kd_tree,40,2.0,-1.0
1,0.0,17.77777777777778,6,euclidean,kd_tree,50,,-1.0
1,0.0,17.77777777777778,6,euclidean,kd_tree,50,1.0,-1.0
1,0.0,17.77777777777778,6,euclidean,kd_tree,50,2.0,-1.0
1,0.0,17.77777777777778,6,euclidean,brute,10,,-1.0
1,0.0,17.77777777777778,6,euclidean,brute,10,1.0,-1.0
1,0.0,17.77777777777778,6,euclidean,brute,10,2.0,-1.0
1,0.0,17.77777777777778,6,euclidean,brute,20,,-1.0
1,0.0,17.77777777777778,6,euclidean,brute,20,1.0,-1.0
1,0.0,17.77777777777778,6,euclidean,brute,20,2.0,-1.0
1,0.0,17.77777777777778,6,euclidean,brute,30,,-1.0
1,0.0,17.77777777777778,6,euclidean,brute,30,1.0,-1.0
1,0.0,17.77777777777778,6,euclidean,brute,30,2.0,-1.0
1,0.0,17.77777777777778,6,euclidean,brute,40,,-1.0
1,0.0,17.77777777777778,6,euclidean,brute,40,1.0,-1.0
1,0.0,17.77777777777778,6,euclidean,brute,40,2.0,-1.0
1,0.0,17.77777777777778,6,euclidean,brute,50,,-1.0
1,0.0,17.77777777777778,6,euclidean,brute,50,1.0,-1.0
1,0.0,17.77777777777778,6,euclidean,brute,50,2.0,-1.0
1,0.0,17.77777777777778,6,manhattan,auto,10,,-1.0
1,0.0,17.77777777777778,6,manhattan,auto,10,1.0,-1.0
1,0.0,17.77777777777778,6,manhattan,auto,10,2.0,-1.0
1,0.0,17.77777777777778,6,manhattan,auto,20,,-1.0
1,0.0,17.77777777777778,6,manhattan,auto,20,1.0,-1.0
1,0.0,17.77777777777778,6,manhattan,auto,20,2.0,-1.0
1,0.0,17.77777777777778,6,manhattan,auto,30,,-1.0
1,0.0,17.77777777777778,6,manhattan,auto,30,1.0,-1.0
1,0.0,17.77777777777778,6,manhattan,auto,30,2.0,-1.0
1,0.0,17.77777777777778,6,manhattan,auto,40,,-1.0
1,0.0,17.77777777777778,6,manhattan,auto,40,1.0,-1.0
1,0.0,17.77777777777778,6,manhattan,auto,40,2.0,-1.0
1,0.0,17.77777777777778,6,manhattan,auto,50,,-1.0
1,0.0,17.77777777777778,6,manhattan,auto,50,1.0,-1.0
1,0.0,17.77777777777778,6,manhattan,auto,50,2.0,-1.0
1,0.0,17.77777777777778,6,manhattan,ball_tree,10,,-1.0
1,0.0,17.77777777777778,6,manhattan,ball_tree,10,1.0,-1.0
1,0.0,17.77777777777778,6,manhattan,ball_tree,10,2.0,-1.0
1,0.0,17.77777777777778,6,manhattan,ball_tree,20,,-1.0
1,0.0,17.77777777777778,6,manhattan,ball_tree,20,1.0,-1.0
1,0.0,17.77777777777778,6,manhattan,ball_tree,20,2.0,-1.0
1,0.0,17.77777777777778,6,manhattan,ball_tree,30,,-1.0
1,0.0,17.77777777777778,6,manhattan,ball_tree,30,1.0,-1.0
1,0.0,17.77777777777778,6,manhattan,ball_tree,30,2.0,-1.0
1,0.0,17.77777777777778,6,manhattan,ball_tree,40,,-1.0
1,0.0,17.77777777777778,6,manhattan,ball_tree,40,1.0,-1.0
1,0.0,17.77777777777778,6,manhattan,ball_tree,40,2.0,-1.0
1,0.0,17.77777777777778,6,manhattan,ball_tree,50,,-1.0
1,0.0,17.77777777777778,6,manhattan,ball_tree,50,1.0,-1.0
1,0.0,17.77777777777778,6,manhattan,ball_tree,50,2.0,-1.0
1,0.0,17.77777777777778,6,manhattan,kd_tree,10,,-1.0
1,0.0,17.77777777777778,6,manhattan,kd_tree,10,1.0,-1.0
1,0.0,17.77777777777778,6,manhattan,kd_tree,10,2.0,-1.0
1,0.0,17.77777777777778,6,manhattan,kd_tree,20,,-1.0
1,0.0,17.77777777777778,6,manhattan,kd_tree,20,1.0,-1.0
1,0.0,17.77777777777778,6,manhattan,kd_tree,20,2.0,-1.0
1,0.0,17.77777777777778,6,manhattan,kd_tree,30,,-1.0
1,0.0,17.77777777777778,6,manhattan,kd_tree,30,1.0,-1.0
1,0.0,17.77777777777778,6,manhattan,kd_tree,30,2.0,-1.0
1,0.0,17.77777777777778,6,manhattan,kd_tree,40,,-1.0
1,0.0,17.77777777777778,6,manhattan,kd_tree,40,1.0,-1.0
1,0.0,17.77777777777778,6,manhattan,kd_tree,40,2.0,-1.0
1,0.0,17.77777777777778,6,manhattan,kd_tree,50,,-1.0
1,0.0,17.77777777777778,6,manhattan,kd_tree,50,1.0,-1.0
1,0.0,17.77777777777778,6,manhattan,kd_tree,50,2.0,-1.0
1,0.0,17.77777777777778,6,manhattan,brute,10,,-1.0
1,0.0,17.77777777777778,6,manhattan,brute,10,1.0,-1.0
1,0.0,17.77777777777778,6,manhattan,brute,10,2.0,-1.0
1,0.0,17.77777777777778,6,manhattan,brute,20,,-1.0
1,0.0,17.77777777777778,6,manhattan,brute,20,1.0,-1.0
1,0.0,17.77777777777778,6,manhattan,brute,20,2.0,-1.0
1,0.0,17.77777777777778,6,manhattan,brute,30,,-1.0
1,0.0,17.77777777777778,6,manhattan,brute,30,1.0,-1.0
1,0.0,17.77777777777778,6,manhattan,brute,30,2.0,-1.0
1,0.0,17.77777777777778,6,manhattan,brute,40,,-1.0
1,0.0,17.77777777777778,6,manhattan,brute,40,1.0,-1.0
1,0.0,17.77777777777778,6,manhattan,brute,40,2.0,-1.0
1,0.0,17.77777777777778,6,manhattan,brute,50,,-1.0
1,0.0,17.77777777777778,6,manhattan,brute,50,1.0,-1.0
1,0.0,17.77777777777778,6,manhattan,brute,50,2.0,-1.0
1,0.0,17.77777777777778,7,euclidean,auto,10,,-1.0
1,0.0,17.77777777777778,7,euclidean,auto,10,1.0,-1.0
1,0.0,17.77777777777778,7,euclidean,auto,10,2.0,-1.0
1,0.0,17.77777777777778,7,euclidean,auto,20,,-1.0
1,0.0,17.77777777777778,7,euclidean,auto,20,1.0,-1.0
1,0.0,17.77777777777778,7,euclidean,auto,20,2.0,-1.0
1,0.0,17.77777777777778,7,euclidean,auto,30,,-1.0
1,0.0,17.77777777777778,7,euclidean,auto,30,1.0,-1.0
1,0.0,17.77777777777778,7,euclidean,auto,30,2.0,-1.0
1,0.0,17.77777777777778,7,euclidean,auto,40,,-1.0
1,0.0,17.77777777777778,7,euclidean,auto,40,1.0,-1.0
1,0.0,17.77777777777778,7,euclidean,auto,40,2.0,-1.0
1,0.0,17.77777777777778,7,euclidean,auto,50,,-1.0
1,0.0,17.77777777777778,7,euclidean,auto,50,1.0,-1.0
1,0.0,17.77777777777778,7,euclidean,auto,50,2.0,-1.0
1,0.0,17.77777777777778,7,euclidean,ball_tree,10,,-1.0
1,0.0,17.77777777777778,7,euclidean,ball_tree,10,1.0,-1.0
1,0.0,17.77777777777778,7,euclidean,ball_tree,10,2.0,-1.0
1,0.0,17.77777777777778,7,euclidean,ball_tree,20,,-1.0
1,0.0,17.77777777777778,7,euclidean,ball_tree,20,1.0,-1.0
1,0.0,17.77777777777778,7,euclidean,ball_tree,20,2.0,-1.0
1,0.0,17.77777777777778,7,euclidean,ball_tree,30,,-1.0
1,0.0,17.77777777777778,7,euclidean,ball_tree,30,1.0,-1.0
1,0.0,17.77777777777778,7,euclidean,ball_tree,30,2.0,-1.0
1,0.0,17.77777777777778,7,euclidean,ball_tree,40,,-1.0
1,0.0,17.77777777777778,7,euclidean,ball_tree,40,1.0,-1.0
1,0.0,17.77777777777778,7,euclidean,ball_tree,40,2.0,-1.0
1,0.0,17.77777777777778,7,euclidean,ball_tree,50,,-1.0
1,0.0,17.77777777777778,7,euclidean,ball_tree,50,1.0,-1.0
1,0.0,17.77777777777778,7,euclidean,ball_tree,50,2.0,-1.0
1,0.0,17.77777777777778,7,euclidean,kd_tree,10,,-1.0
1,0.0,17.77777777777778,7,euclidean,kd_tree,10,1.0,-1.0
1,0.0,17.77777777777778,7,euclidean,kd_tree,10,2.0,-1.0
1,0.0,17.77777777777778,7,euclidean,kd_tree,20,,-1.0
1,0.0,17.77777777777778,7,euclidean,kd_tree,20,1.0,-1.0
1,0.0,17.77777777777778,7,euclidean,kd_tree,20,2.0,-1.0
1,0.0,17.77777777777778,7,euclidean,kd_tree,30,,-1.0
1,0.0,17.77777777777778,7,euclidean,kd_tree,30,1.0,-1.0
1,0.0,17.77777777777778,7,euclidean,kd_tree,30,2.0,-1.0
1,0.0,17.77777777777778,7,euclidean,kd_tree,40,,-1.0
1,0.0,17.77777777777778,7,euclidean,kd_tree,40,1.0,-1.0
1,0.0,17.77777777777778,7,euclidean,kd_tree,40,2.0,-1.0
1,0.0,17.77777777777778,7,euclidean,kd_tree,50,,-1.0
1,0.0,17.77777777777778,7,euclidean,kd_tree,50,1.0,-1.0
1,0.0,17.77777777777778,7,euclidean,kd_tree,50,2.0,-1.0
1,0.0,17.77777777777778,7,euclidean,brute,10,,-1.0
1,0.0,17.77777777777778,7,euclidean,brute,10,1.0,-1.0
1,0.0,17.77777777777778,7,euclidean,brute,10,2.0,-1.0
1,0.0,17.77777777777778,7,euclidean,brute,20,,-1.0
1,0.0,17.77777777777778,7,euclidean,brute,20,1.0,-1.0
1,0.0,17.77777777777778,7,euclidean,brute,20,2.0,-1.0
1,0.0,17.77777777777778,7,euclidean,brute,30,,-1.0
1,0.0,17.77777777777778,7,euclidean,brute,30,1.0,-1.0
1,0.0,17.77777777777778,7,euclidean,brute,30,2.0,-1.0
1,0.0,17.77777777777778,7,euclidean,brute,40,,-1.0
1,0.0,17.77777777777778,7,euclidean,brute,40,1.0,-1.0
1,0.0,17.77777777777778,7,euclidean,brute,40,2.0,-1.0
1,0.0,17.77777777777778,7,euclidean,brute,50,,-1.0
1,0.0,17.77777777777778,7,euclidean,brute,50,1.0,-1.0
1,0.0,17.77777777777778,7,euclidean,brute,50,2.0,-1.0
1,0.0,17.77777777777778,7,manhattan,auto,10,,-1.0
1,0.0,17.77777777777778,7,manhattan,auto,10,1.0,-1.0
1,0.0,17.77777777777778,7,manhattan,auto,10,2.0,-1.0
1,0.0,17.77777777777778,7,manhattan,auto,20,,-1.0
1,0.0,17.77777777777778,7,manhattan,auto,20,1.0,-1.0
1,0.0,17.77777777777778,7,manhattan,auto,20,2.0,-1.0
1,0.0,17.77777777777778,7,manhattan,auto,30,,-1.0
1,0.0,17.77777777777778,7,manhattan,auto,30,1.0,-1.0
1,0.0,17.77777777777778,7,manhattan,auto,30,2.0,-1.0
1,0.0,17.77777777777778,7,manhattan,auto,40,,-1.0
1,0.0,17.77777777777778,7,manhattan,auto,40,1.0,-1.0
1,0.0,17.77777777777778,7,manhattan,auto,40,2.0,-1.0
1,0.0,17.77777777777778,7,manhattan,auto,50,,-1.0
1,0.0,17.77777777777778,7,manhattan,auto,50,1.0,-1.0
1,0.0,17.77777777777778,7,manhattan,auto,50,2.0,-1.0
1,0.0,17.77777777777778,7,manhattan,ball_tree,10,,-1.0
1,0.0,17.77777777777778,7,manhattan,ball_tree,10,1.0,-1.0
1,0.0,17.77777777777778,7,manhattan,ball_tree,10,2.0,-1.0
1,0.0,17.77777777777778,7,manhattan,ball_tree,20,,-1.0
1,0.0,17.77777777777778,7,manhattan,ball_tree,20,1.0,-1.0
1,0.0,17.77777777777778,7,manhattan,ball_tree,20,2.0,-1.0
1,0.0,17.77777777777778,7,manhattan,ball_tree,30,,-1.0
1,0.0,17.77777777777778,7,manhattan,ball_tree,30,1.0,-1.0
1,0.0,17.77777777777778,7,manhattan,ball_tree,30,2.0,-1.0
1,0.0,17.77777777777778,7,manhattan,ball_tree,40,,-1.0
1,0.0,17.77777777777778,7,manhattan,ball_tree,40,1.0,-1.0
1,0.0,17.77777777777778,7,manhattan,ball_tree,40,2.0,-1.0
1,0.0,17.77777777777778,7,manhattan,ball_tree,50,,-1.0
1,0.0,17.77777777777778,7,manhattan,ball_tree,50,1.0,-1.0
1,0.0,17.77777777777778,7,manhattan,ball_tree,50,2.0,-1.0
1,0.0,17.77777777777778,7,manhattan,kd_tree,10,,-1.0
1,0.0,17.77777777777778,7,manhattan,kd_tree,10,1.0,-1.0
1,0.0,17.77777777777778,7,manhattan,kd_tree,10,2.0,-1.0
1,0.0,17.77777777777778,7,manhattan,kd_tree,20,,-1.0
1,0.0,17.77777777777778,7,manhattan,kd_tree,20,1.0,-1.0
1,0.0,17.77777777777778,7,manhattan,kd_tree,20,2.0,-1.0
1,0.0,17.77777777777778,7,manhattan,kd_tree,30,,-1.0
1,0.0,17.77777777777778,7,manhattan,kd_tree,30,1.0,-1.0
1,0.0,17.77777777777778,7,manhattan,kd_tree,30,2.0,-1.0
1,0.0,17.77777777777778,7,manhattan,kd_tree,40,,-1.0
1,0.0,17.77777777777778,7,manhattan,kd_tree,40,1.0,-1.0
1,0.0,17.77777777777778,7,manhattan,kd_tree,40,2.0,-1.0
1,0.0,17.77777777777778,7,manhattan,kd_tree,50,,-1.0
1,0.0,17.77777777777778,7,manhattan,kd_tree,50,1.0,-1.0
1,0.0,17.77777777777778,7,manhattan,kd_tree,50,2.0,-1.0
1,0.0,17.77777777777778,7,manhattan,brute,10,,-1.0
1,0.0,17.77777777777778,7,manhattan,brute,10,1.0,-1.0
1,0.0,17.77777777777778,7,manhattan,brute,10,2.0,-1.0
1,0.0,17.77777777777778,7,manhattan,brute,20,,-1.0
1,0.0,17.77777777777778,7,manhattan,brute,20,1.0,-1.0
1,0.0,17.77777777777778,7,manhattan,brute,20,2.0,-1.0
1,0.0,17.77777777777778,7,manhattan,brute,30,,-1.0
1,0.0,17.77777777777778,7,manhattan,brute,30,1.0,-1.0
1,0.0,17.77777777777778,7,manhattan,brute,30,2.0,-1.0
1,0.0,17.77777777777778,7,manhattan,brute,40,,-1.0
1,0.0,17.77777777777778,7,manhattan,brute,40,1.0,-1.0
1,0.0,17.77777777777778,7,manhattan,brute,40,2.0,-1.0
1,0.0,17.77777777777778,7,manhattan,brute,50,,-1.0
1,0.0,17.77777777777778,7,manhattan,brute,50,1.0,-1.0
1,0.0,17.77777777777778,7,manhattan,brute,50,2.0,-1.0
1,0.0,17.77777777777778,8,euclidean,auto,10,,-1.0
1,0.0,17.77777777777778,8,euclidean,auto,10,1.0,-1.0
1,0.0,17.77777777777778,8,euclidean,auto,10,2.0,-1.0
1,0.0,17.77777777777778,8,euclidean,auto,20,,-1.0
1,0.0,17.77777777777778,8,euclidean,auto,20,1.0,-1.0
1,0.0,17.77777777777778,8,euclidean,auto,20,2.0,-1.0
1,0.0,17.77777777777778,8,euclidean,auto,30,,-1.0
1,0.0,17.77777777777778,8,euclidean,auto,30,1.0,-1.0
1,0.0,17.77777777777778,8,euclidean,auto,30,2.0,-1.0
1,0.0,17.77777777777778,8,euclidean,auto,40,,-1.0
1,0.0,17.77777777777778,8,euclidean,auto,40,1.0,-1.0
1,0.0,17.77777777777778,8,euclidean,auto,40,2.0,-1.0
1,0.0,17.77777777777778,8,euclidean,auto,50,,-1.0
1,0.0,17.77777777777778,8,euclidean,auto,50,1.0,-1.0
1,0.0,17.77777777777778,8,euclidean,auto,50,2.0,-1.0
1,0.0,17.77777777777778,8,euclidean,ball_tree,10,,-1.0
1,0.0,17.77777777777778,8,euclidean,ball_tree,10,1.0,-1.0
1,0.0,17.77777777777778,8,euclidean,ball_tree,10,2.0,-1.0
1,0.0,17.77777777777778,8,euclidean,ball_tree,20,,-1.0
1,0.0,17.77777777777778,8,euclidean,ball_tree,20,1.0,-1.0
1,0.0,17.77777777777778,8,euclidean,ball_tree,20,2.0,-1.0
1,0.0,17.77777777777778,8,euclidean,ball_tree,30,,-1.0
1,0.0,17.77777777777778,8,euclidean,ball_tree,30,1.0,-1.0
1,0.0,17.77777777777778,8,euclidean,ball_tree,30,2.0,-1.0
1,0.0,17.77777777777778,8,euclidean,ball_tree,40,,-1.0
1,0.0,17.77777777777778,8,euclidean,ball_tree,40,1.0,-1.0
1,0.0,17.77777777777778,8,euclidean,ball_tree,40,2.0,-1.0
1,0.0,17.77777777777778,8,euclidean,ball_tree,50,,-1.0
1,0.0,17.77777777777778,8,euclidean,ball_tree,50,1.0,-1.0
1,0.0,17.77777777777778,8,euclidean,ball_tree,50,2.0,-1.0
1,0.0,17.77777777777778,8,euclidean,kd_tree,10,,-1.0
1,0.0,17.77777777777778,8,euclidean,kd_tree,10,1.0,-1.0
1,0.0,17.77777777777778,8,euclidean,kd_tree,10,2.0,-1.0
1,0.0,17.77777777777778,8,euclidean,kd_tree,20,,-1.0
1,0.0,17.77777777777778,8,euclidean,kd_tree,20,1.0,-1.0
1,0.0,17.77777777777778,8,euclidean,kd_tree,20,2.0,-1.0
1,0.0,17.77777777777778,8,euclidean,kd_tree,30,,-1.0
1,0.0,17.77777777777778,8,euclidean,kd_tree,30,1.0,-1.0
1,0.0,17.77777777777778,8,euclidean,kd_tree,30,2.0,-1.0
1,0.0,17.77777777777778,8,euclidean,kd_tree,40,,-1.0
1,0.0,17.77777777777778,8,euclidean,kd_tree,40,1.0,-1.0
1,0.0,17.77777777777778,8,euclidean,kd_tree,40,2.0,-1.0
1,0.0,17.77777777777778,8,euclidean,kd_tree,50,,-1.0
1,0.0,17.77777777777778,8,euclidean,kd_tree,50,1.0,-1.0
1,0.0,17.77777777777778,8,euclidean,kd_tree,50,2.0,-1.0
1,0.0,17.77777777777778,8,euclidean,brute,10,,-1.0
1,0.0,17.77777777777778,8,euclidean,brute,10,1.0,-1.0
1,0.0,17.77777777777778,8,euclidean,brute,10,2.0,-1.0
1,0.0,17.77777777777778,8,euclidean,brute,20,,-1.0
1,0.0,17.77777777777778,8,euclidean,brute,20,1.0,-1.0
1,0.0,17.77777777777778,8,euclidean,brute,20,2.0,-1.0
1,0.0,17.77777777777778,8,euclidean,brute,30,,-1.0
1,0.0,17.77777777777778,8,euclidean,brute,30,1.0,-1.0
1,0.0,17.77777777777778,8,euclidean,brute,30,2.0,-1.0
1,0.0,17.77777777777778,8,euclidean,brute,40,,-1.0
1,0.0,17.77777777777778,8,euclidean,brute,40,1.0,-1.0
1,0.0,17.77777777777778,8,euclidean,brute,40,2.0,-1.0
1,0.0,17.77777777777778,8,euclidean,brute,50,,-1.0
1,0.0,17.77777777777778,8,euclidean,brute,50,1.0,-1.0
1,0.0,17.77777777777778,8,euclidean,brute,50,2.0,-1.0
1,0.0,17.77777777777778,8,manhattan,auto,10,,-1.0
1,0.0,17.77777777777778,8,manhattan,auto,10,1.0,-1.0
1,0.0,17.77777777777778,8,manhattan,auto,10,2.0,-1.0
1,0.0,17.77777777777778,8,manhattan,auto,20,,-1.0
1,0.0,17.77777777777778,8,manhattan,auto,20,1.0,-1.0
1,0.0,17.77777777777778,8,manhattan,auto,20,2.0,-1.0
1,0.0,17.77777777777778,8,manhattan,auto,30,,-1.0
1,0.0,17.77777777777778,8,manhattan,auto,30,1.0,-1.0
1,0.0,17.77777777777778,8,manhattan,auto,30,2.0,-1.0
1,0.0,17.77777777777778,8,manhattan,auto,40,,-1.0
1,0.0,17.77777777777778,8,manhattan,auto,40,1.0,-1.0
1,0.0,17.77777777777778,8,manhattan,auto,40,2.0,-1.0
1,0.0,17.77777777777778,8,manhattan,auto,50,,-1.0
1,0.0,17.77777777777778,8,manhattan,auto,50,1.0,-1.0
1,0.0,17.77777777777778,8,manhattan,auto,50,2.0,-1.0
1,0.0,17.77777777777778,8,manhattan,ball_tree,10,,-1.0
1,0.0,17.77777777777778,8,manhattan,ball_tree,10,1.0,-1.0
1,0.0,17.77777777777778,8,manhattan,ball_tree,10,2.0,-1.0
1,0.0,17.77777777777778,8,manhattan,ball_tree,20,,-1.0
1,0.0,17.77777777777778,8,manhattan,ball_tree,20,1.0,-1.0
1,0.0,17.77777777777778,8,manhattan,ball_tree,20,2.0,-1.0
1,0.0,17.77777777777778,8,manhattan,ball_tree,30,,-1.0
1,0.0,17.77777777777778,8,manhattan,ball_tree,30,1.0,-1.0
1,0.0,17.77777777777778,8,manhattan,ball_tree,30,2.0,-1.0
1,0.0,17.77777777777778,8,manhattan,ball_tree,40,,-1.0
1,0.0,17.77777777777778,8,manhattan,ball_tree,40,1.0,-1.0
1,0.0,17.77777777777778,8,manhattan,ball_tree,40,2.0,-1.0
1,0.0,17.77777777777778,8,manhattan,ball_tree,50,,-1.0
1,0.0,17.77777777777778,8,manhattan,ball_tree,50,1.0,-1.0
1,0.0,17.77777777777778,8,manhattan,ball_tree,50,2.0,-1.0
1,0.0,17.77777777777778,8,manhattan,kd_tree,10,,-1.0
1,0.0,17.77777777777778,8,manhattan,kd_tree,10,1.0,-1.0
1,0.0,17.77777777777778,8,manhattan,kd_tree,10,2.0,-1.0
1,0.0,17.77777777777778,8,manhattan,kd_tree,20,,-1.0
1,0.0,17.77777777777778,8,manhattan,kd_tree,20,1.0,-1.0
1,0.0,17.77777777777778,8,manhattan,kd_tree,20,2.0,-1.0
1,0.0,17.77777777777778,8,manhattan,kd_tree,30,,-1.0
1,0.0,17.77777777777778,8,manhattan,kd_tree,30,1.0,-1.0
1,0.0,17.77777777777778,8,manhattan,kd_tree,30,2.0,-1.0
1,0.0,17.77777777777778,8,manhattan,kd_tree,40,,-1.0
1,0.0,17.77777777777778,8,manhattan,kd_tree,40,1.0,-1.0
1,0.0,17.77777777777778,8,manhattan,kd_tree,40,2.0,-1.0
1,0.0,17.77777777777778,8,manhattan,kd_tree,50,,-1.0
1,0.0,17.77777777777778,8,manhattan,kd_tree,50,1.0,-1.0
1,0.0,17.77777777777778,8,manhattan,kd_tree,50,2.0,-1.0
1,0.0,17.77777777777778,8,manhattan,brute,10,,-1.0
1,0.0,17.77777777777778,8,manhattan,brute,10,1.0,-1.0
1,0.0,17.77777777777778,8,manhattan,brute,10,2.0,-1.0
1,0.0,17.77777777777778,8,manhattan,brute,20,,-1.0
1,0.0,17.77777777777778,8,manhattan,brute,20,1.0,-1.0
1,0.0,17.77777777777778,8,manhattan,brute,20,2.0,-1.0
1,0.0,17.77777777777778,8,manhattan,brute,30,,-1.0
1,0.0,17.77777777777778,8,manhattan,brute,30,1.0,-1.0
1,0.0,17.77777777777778,8,manhattan,brute,30,2.0,-1.0
1,0.0,17.77777777777778,8,manhattan,brute,40,,-1.0
1,0.0,17.77777777777778,8,manhattan,brute,40,1.0,-1.0
1,0.0,17.77777777777778,8,manhattan,brute,40,2.0,-1.0
1,0.0,17.77777777777778,8,manhattan,brute,50,,-1.0
1,0.0,17.77777777777778,8,manhattan,brute,50,1.0,-1.0
1,0.0,17.77777777777778,8,manhattan,brute,50,2.0,-1.0
1,0.0,17.77777777777778,9,euclidean,auto,10,,-1.0
1,0.0,17.77777777777778,9,euclidean,auto,10,1.0,-1.0
1,0.0,17.77777777777778,9,euclidean,auto,10,2.0,-1.0
1,0.0,17.77777777777778,9,euclidean,auto,20,,-1.0
1,0.0,17.77777777777778,9,euclidean,auto,20,1.0,-1.0
1,0.0,17.77777777777778,9,euclidean,auto,20,2.0,-1.0
1,0.0,17.77777777777778,9,euclidean,auto,30,,-1.0
1,0.0,17.77777777777778,9,euclidean,auto,30,1.0,-1.0
1,0.0,17.77777777777778,9,euclidean,auto,30,2.0,-1.0
1,0.0,17.77777777777778,9,euclidean,auto,40,,-1.0
1,0.0,17.77777777777778,9,euclidean,auto,40,1.0,-1.0
1,0.0,17.77777777777778,9,euclidean,auto,40,2.0,-1.0
1,0.0,17.77777777777778,9,euclidean,auto,50,,-1.0
1,0.0,17.77777777777778,9,euclidean,auto,50,1.0,-1.0
1,0.0,17.77777777777778,9,euclidean,auto,50,2.0,-1.0
1,0.0,17.77777777777778,9,euclidean,ball_tree,10,,-1.0
1,0.0,17.77777777777778,9,euclidean,ball_tree,10,1.0,-1.0
1,0.0,17.77777777777778,9,euclidean,ball_tree,10,2.0,-1.0
1,0.0,17.77777777777778,9,euclidean,ball_tree,20,,-1.0
1,0.0,17.77777777777778,9,euclidean,ball_tree,20,1.0,-1.0
1,0.0,17.77777777777778,9,euclidean,ball_tree,20,2.0,-1.0
1,0.0,17.77777777777778,9,euclidean,ball_tree,30,,-1.0
1,0.0,17.77777777777778,9,euclidean,ball_tree,30,1.0,-1.0
1,0.0,17.77777777777778,9,euclidean,ball_tree,30,2.0,-1.0
1,0.0,17.77777777777778,9,euclidean,ball_tree,40,,-1.0
1,0.0,17.77777777777778,9,euclidean,ball_tree,40,1.0,-1.0
1,0.0,17.77777777777778,9,euclidean,ball_tree,40,2.0,-1.0
1,0.0,17.77777777777778,9,euclidean,ball_tree,50,,-1.0
1,0.0,17.77777777777778,9,euclidean,ball_tree,50,1.0,-1.0
1,0.0,17.77777777777778,9,euclidean,ball_tree,50,2.0,-1.0
1,0.0,17.77777777777778,9,euclidean,kd_tree,10,,-1.0
1,0.0,17.77777777777778,9,euclidean,kd_tree,10,1.0,-1.0
1,0.0,17.77777777777778,9,euclidean,kd_tree,10,2.0,-1.0
1,0.0,17.77777777777778,9,euclidean,kd_tree,20,,-1.0
1,0.0,17.77777777777778,9,euclidean,kd_tree,20,1.0,-1.0
1,0.0,17.77777777777778,9,euclidean,kd_tree,20,2.0,-1.0
1,0.0,17.77777777777778,9,euclidean,kd_tree,30,,-1.0
1,0.0,17.77777777777778,9,euclidean,kd_tree,30,1.0,-1.0
1,0.0,17.77777777777778,9,euclidean,kd_tree,30,2.0,-1.0
1,0.0,17.77777777777778,9,euclidean,kd_tree,40,,-1.0
1,0.0,17.77777777777778,9,euclidean,kd_tree,40,1.0,-1.0
1,0.0,17.77777777777778,9,euclidean,kd_tree,40,2.0,-1.0
1,0.0,17.77777777777778,9,euclidean,kd_tree,50,,-1.0
1,0.0,17.77777777777778,9,euclidean,kd_tree,50,1.0,-1.0
1,0.0,17.77777777777778,9,euclidean,kd_tree,50,2.0,-1.0
1,0.0,17.77777777777778,9,euclidean,brute,10,,-1.0
1,0.0,17.77777777777778,9,euclidean,brute,10,1.0,-1.0
1,0.0,17.77777777777778,9,euclidean,brute,10,2.0,-1.0
1,0.0,17.77777777777778,9,euclidean,brute,20,,-1.0
1,0.0,17.77777777777778,9,euclidean,brute,20,1.0,-1.0
1,0.0,17.77777777777778,9,euclidean,brute,20,2.0,-1.0
1,0.0,17.77777777777778,9,euclidean,brute,30,,-1.0
1,0.0,17.77777777777778,9,euclidean,brute,30,1.0,-1.0
1,0.0,17.77777777777778,9,euclidean,brute,30,2.0,-1.0
1,0.0,17.77777777777778,9,euclidean,brute,40,,-1.0
1,0.0,17.77777777777778,9,euclidean,brute,40,1.0,-1.0
1,0.0,17.77777777777778,9,euclidean,brute,40,2.0,-1.0
1,0.0,17.77777777777778,9,euclidean,brute,50,,-1.0
1,0.0,17.77777777777778,9,euclidean,brute,50,1.0,-1.0
1,0.0,17.77777777777778,9,euclidean,brute,50,2.0,-1.0
1,0.0,17.77777777777778,9,manhattan,auto,10,,-1.0
1,0.0,17.77777777777778,9,manhattan,auto,10,1.0,-1.0
1,0.0,17.77777777777778,9,manhattan,auto,10,2.0,-1.0
1,0.0,17.77777777777778,9,manhattan,auto,20,,-1.0
1,0.0,17.77777777777778,9,manhattan,auto,20,1.0,-1.0
1,0.0,17.77777777777778,9,manhattan,auto,20,2.0,-1.0
1,0.0,17.77777777777778,9,manhattan,auto,30,,-1.0
1,0.0,17.77777777777778,9,manhattan,auto,30,1.0,-1.0
1,0.0,17.77777777777778,9,manhattan,auto,30,2.0,-1.0
1,0.0,17.77777777777778,9,manhattan,auto,40,,-1.0
1,0.0,17.77777777777778,9,manhattan,auto,40,1.0,-1.0
1,0.0,17.77777777777778,9,manhattan,auto,40,2.0,-1.0
1,0.0,17.77777777777778,9,manhattan,auto,50,,-1.0
1,0.0,17.77777777777778,9,manhattan,auto,50,1.0,-1.0
1,0.0,17.77777777777778,9,manhattan,auto,50,2.0,-1.0
1,0.0,17.77777777777778,9,manhattan,ball_tree,10,,-1.0
1,0.0,17.77777777777778,9,manhattan,ball_tree,10,1.0,-1.0
1,0.0,17.77777777777778,9,manhattan,ball_tree,10,2.0,-1.0
1,0.0,17.77777777777778,9,manhattan,ball_tree,20,,-1.0
1,0.0,17.77777777777778,9,manhattan,ball_tree,20,1.0,-1.0
1,0.0,17.77777777777778,9,manhattan,ball_tree,20,2.0,-1.0
1,0.0,17.77777777777778,9,manhattan,ball_tree,30,,-1.0
1,0.0,17.77777777777778,9,manhattan,ball_tree,30,1.0,-1.0
1,0.0,17.77777777777778,9,manhattan,ball_tree,30,2.0,-1.0
1,0.0,17.77777777777778,9,manhattan,ball_tree,40,,-1.0
1,0.0,17.77777777777778,9,manhattan,ball_tree,40,1.0,-1.0
1,0.0,17.77777777777778,9,manhattan,ball_tree,40,2.0,-1.0
1,0.0,17.77777777777778,9,manhattan,ball_tree,50,,-1.0
1,0.0,17.77777777777778,9,manhattan,ball_tree,50,1.0,-1.0
1,0.0,17.77777777777778,9,manhattan,ball_tree,50,2.0,-1.0
1,0.0,17.77777777777778,9,manhattan,kd_tree,10,,-1.0
1,0.0,17.77777777777778,9,manhattan,kd_tree,10,1.0,-1.0
1,0.0,17.77777777777778,9,manhattan,kd_tree,10,2.0,-1.0
1,0.0,17.77777777777778,9,manhattan,kd_tree,20,,-1.0
1,0.0,17.77777777777778,9,manhattan,kd_tree,20,1.0,-1.0
1,0.0,17.77777777777778,9,manhattan,kd_tree,20,2.0,-1.0
1,0.0,17.77777777777778,9,manhattan,kd_tree,30,,-1.0
1,0.0,17.77777777777778,9,manhattan,kd_tree,30,1.0,-1.0
1,0.0,17.77777777777778,9,manhattan,kd_tree,30,2.0,-1.0
1,0.0,17.77777777777778,9,manhattan,kd_tree,40,,-1.0
1,0.0,17.77777777777778,9,manhattan,kd_tree,40,1.0,-1.0
1,0.0,17.77777777777778,9,manhattan,kd_tree,40,2.0,-1.0
1,0.0,17.77777777777778,9,manhattan,kd_tree,50,,-1.0
1,0.0,17.77777777777778,9,manhattan,kd_tree,50,1.0,-1.0
1,0.0,17.77777777777778,9,manhattan,kd_tree,50,2.0,-1.0
1,0.0,17.77777777777778,9,manhattan,brute,10,,-1.0
1,0.0,17.77777777777778,9,manhattan,brute,10,1.0,-1.0
1,0.0,17.77777777777778,9,manhattan,brute,10,2.0,-1.0
1,0.0,17.77777777777778,9,manhattan,brute,20,,-1.0
1,0.0,17.77777777777778,9,manhattan,brute,20,1.0,-1.0
1,0.0,17.77777777777778,9,manhattan,brute,20,2.0,-1.0
1,0.0,17.77777777777778,9,manhattan,brute,30,,-1.0
1,0.0,17.77777777777778,9,manhattan,brute,30,1.0,-1.0
1,0.0,17.77777777777778,9,manhattan,brute,30,2.0,-1.0
1,0.0,17.77777777777778,9,manhattan,brute,40,,-1.0
1,0.0,17.77777777777778,9,manhattan,brute,40,1.0,-1.0
1,0.0,17.77777777777778,9,manhattan,brute,40,2.0,-1.0
1,0.0,17.77777777777778,9,manhattan,brute,50,,-1.0
1,0.0,17.77777777777778,9,manhattan,brute,50,1.0,-1.0
1,0.0,17.77777777777778,9,manhattan,brute,50,2.0,-1.0
1,0.0,18.88888888888889,2,euclidean,auto,10,,-1.0
1,0.0,18.88888888888889,2,euclidean,auto,10,1.0,-1.0
1,0.0,18.88888888888889,2,euclidean,auto,10,2.0,-1.0
1,0.0,18.88888888888889,2,euclidean,auto,20,,-1.0
1,0.0,18.88888888888889,2,euclidean,auto,20,1.0,-1.0
1,0.0,18.88888888888889,2,euclidean,auto,20,2.0,-1.0
1,0.0,18.88888888888889,2,euclidean,auto,30,,-1.0
1,0.0,18.88888888888889,2,euclidean,auto,30,1.0,-1.0
1,0.0,18.88888888888889,2,euclidean,auto,30,2.0,-1.0
1,0.0,18.88888888888889,2,euclidean,auto,40,,-1.0
1,0.0,18.88888888888889,2,euclidean,auto,40,1.0,-1.0
1,0.0,18.88888888888889,2,euclidean,auto,40,2.0,-1.0
1,0.0,18.88888888888889,2,euclidean,auto,50,,-1.0
1,0.0,18.88888888888889,2,euclidean,auto,50,1.0,-1.0
1,0.0,18.88888888888889,2,euclidean,auto,50,2.0,-1.0
1,0.0,18.88888888888889,2,euclidean,ball_tree,10,,-1.0
1,0.0,18.88888888888889,2,euclidean,ball_tree,10,1.0,-1.0
1,0.0,18.88888888888889,2,euclidean,ball_tree,10,2.0,-1.0
1,0.0,18.88888888888889,2,euclidean,ball_tree,20,,-1.0
1,0.0,18.88888888888889,2,euclidean,ball_tree,20,1.0,-1.0
1,0.0,18.88888888888889,2,euclidean,ball_tree,20,2.0,-1.0
1,0.0,18.88888888888889,2,euclidean,ball_tree,30,,-1.0
1,0.0,18.88888888888889,2,euclidean,ball_tree,30,1.0,-1.0
1,0.0,18.88888888888889,2,euclidean,ball_tree,30,2.0,-1.0
1,0.0,18.88888888888889,2,euclidean,ball_tree,40,,-1.0
1,0.0,18.88888888888889,2,euclidean,ball_tree,40,1.0,-1.0
1,0.0,18.88888888888889,2,euclidean,ball_tree,40,2.0,-1.0
1,0.0,18.88888888888889,2,euclidean,ball_tree,50,,-1.0
1,0.0,18.88888888888889,2,euclidean,ball_tree,50,1.0,-1.0
1,0.0,18.88888888888889,2,euclidean,ball_tree,50,2.0,-1.0
1,0.0,18.88888888888889,2,euclidean,kd_tree,10,,-1.0
1,0.0,18.88888888888889,2,euclidean,kd_tree,10,1.0,-1.0
1,0.0,18.88888888888889,2,euclidean,kd_tree,10,2.0,-1.0
1,0.0,18.88888888888889,2,euclidean,kd_tree,20,,-1.0
1,0.0,18.88888888888889,2,euclidean,kd_tree,20,1.0,-1.0
1,0.0,18.88888888888889,2,euclidean,kd_tree,20,2.0,-1.0
1,0.0,18.88888888888889,2,euclidean,kd_tree,30,,-1.0
1,0.0,18.88888888888889,2,euclidean,kd_tree,30,1.0,-1.0
1,0.0,18.88888888888889,2,euclidean,kd_tree,30,2.0,-1.0
1,0.0,18.88888888888889,2,euclidean,kd_tree,40,,-1.0
1,0.0,18.88888888888889,2,euclidean,kd_tree,40,1.0,-1.0
1,0.0,18.88888888888889,2,euclidean,kd_tree,40,2.0,-1.0
1,0.0,18.88888888888889,2,euclidean,kd_tree,50,,-1.0
1,0.0,18.88888888888889,2,euclidean,kd_tree,50,1.0,-1.0
1,0.0,18.88888888888889,2,euclidean,kd_tree,50,2.0,-1.0
1,0.0,18.88888888888889,2,euclidean,brute,10,,-1.0
1,0.0,18.88888888888889,2,euclidean,brute,10,1.0,-1.0
1,0.0,18.88888888888889,2,euclidean,brute,10,2.0,-1.0
1,0.0,18.88888888888889,2,euclidean,brute,20,,-1.0
1,0.0,18.88888888888889,2,euclidean,brute,20,1.0,-1.0
1,0.0,18.88888888888889,2,euclidean,brute,20,2.0,-1.0
1,0.0,18.88888888888889,2,euclidean,brute,30,,-1.0
1,0.0,18.88888888888889,2,euclidean,brute,30,1.0,-1.0
1,0.0,18.88888888888889,2,euclidean,brute,30,2.0,-1.0
1,0.0,18.88888888888889,2,euclidean,brute,40,,-1.0
1,0.0,18.88888888888889,2,euclidean,brute,40,1.0,-1.0
1,0.0,18.88888888888889,2,euclidean,brute,40,2.0,-1.0
1,0.0,18.88888888888889,2,euclidean,brute,50,,-1.0
1,0.0,18.88888888888889,2,euclidean,brute,50,1.0,-1.0
1,0.0,18.88888888888889,2,euclidean,brute,50,2.0,-1.0
1,0.0,18.88888888888889,2,manhattan,auto,10,,-1.0
1,0.0,18.88888888888889,2,manhattan,auto,10,1.0,-1.0
1,0.0,18.88888888888889,2,manhattan,auto,10,2.0,-1.0
1,0.0,18.88888888888889,2,manhattan,auto,20,,-1.0
1,0.0,18.88888888888889,2,manhattan,auto,20,1.0,-1.0
1,0.0,18.88888888888889,2,manhattan,auto,20,2.0,-1.0
1,0.0,18.88888888888889,2,manhattan,auto,30,,-1.0
1,0.0,18.88888888888889,2,manhattan,auto,30,1.0,-1.0
1,0.0,18.88888888888889,2,manhattan,auto,30,2.0,-1.0
1,0.0,18.88888888888889,2,manhattan,auto,40,,-1.0
1,0.0,18.88888888888889,2,manhattan,auto,40,1.0,-1.0
1,0.0,18.88888888888889,2,manhattan,auto,40,2.0,-1.0
1,0.0,18.88888888888889,2,manhattan,auto,50,,-1.0
1,0.0,18.88888888888889,2,manhattan,auto,50,1.0,-1.0
1,0.0,18.88888888888889,2,manhattan,auto,50,2.0,-1.0
1,0.0,18.88888888888889,2,manhattan,ball_tree,10,,-1.0
1,0.0,18.88888888888889,2,manhattan,ball_tree,10,1.0,-1.0
1,0.0,18.88888888888889,2,manhattan,ball_tree,10,2.0,-1.0
1,0.0,18.88888888888889,2,manhattan,ball_tree,20,,-1.0
1,0.0,18.88888888888889,2,manhattan,ball_tree,20,1.0,-1.0
1,0.0,18.88888888888889,2,manhattan,ball_tree,20,2.0,-1.0
1,0.0,18.88888888888889,2,manhattan,ball_tree,30,,-1.0
1,0.0,18.88888888888889,2,manhattan,ball_tree,30,1.0,-1.0
1,0.0,18.88888888888889,2,manhattan,ball_tree,30,2.0,-1.0
1,0.0,18.88888888888889,2,manhattan,ball_tree,40,,-1.0
1,0.0,18.88888888888889,2,manhattan,ball_tree,40,1.0,-1.0
1,0.0,18.88888888888889,2,manhattan,ball_tree,40,2.0,-1.0
1,0.0,18.88888888888889,2,manhattan,ball_tree,50,,-1.0
1,0.0,18.88888888888889,2,manhattan,ball_tree,50,1.0,-1.0
1,0.0,18.88888888888889,2,manhattan,ball_tree,50,2.0,-1.0
1,0.0,18.88888888888889,2,manhattan,kd_tree,10,,-1.0
1,0.0,18.88888888888889,2,manhattan,kd_tree,10,1.0,-1.0
1,0.0,18.88888888888889,2,manhattan,kd_tree,10,2.0,-1.0
1,0.0,18.88888888888889,2,manhattan,kd_tree,20,,-1.0
1,0.0,18.88888888888889,2,manhattan,kd_tree,20,1.0,-1.0
1,0.0,18.88888888888889,2,manhattan,kd_tree,20,2.0,-1.0
1,0.0,18.88888888888889,2,manhattan,kd_tree,30,,-1.0
1,0.0,18.88888888888889,2,manhattan,kd_tree,30,1.0,-1.0
1,0.0,18.88888888888889,2,manhattan,kd_tree,30,2.0,-1.0
1,0.0,18.88888888888889,2,manhattan,kd_tree,40,,-1.0
1,0.0,18.88888888888889,2,manhattan,kd_tree,40,1.0,-1.0
1,0.0,18.88888888888889,2,manhattan,kd_tree,40,2.0,-1.0
1,0.0,18.88888888888889,2,manhattan,kd_tree,50,,-1.0
1,0.0,18.88888888888889,2,manhattan,kd_tree,50,1.0,-1.0
1,0.0,18.88888888888889,2,manhattan,kd_tree,50,2.0,-1.0
1,0.0,18.88888888888889,2,manhattan,brute,10,,-1.0
1,0.0,18.88888888888889,2,manhattan,brute,10,1.0,-1.0
1,0.0,18.88888888888889,2,manhattan,brute,10,2.0,-1.0
1,0.0,18.88888888888889,2,manhattan,brute,20,,-1.0
1,0.0,18.88888888888889,2,manhattan,brute,20,1.0,-1.0
1,0.0,18.88888888888889,2,manhattan,brute,20,2.0,-1.0
1,0.0,18.88888888888889,2,manhattan,brute,30,,-1.0
1,0.0,18.88888888888889,2,manhattan,brute,30,1.0,-1.0
1,0.0,18.88888888888889,2,manhattan,brute,30,2.0,-1.0
1,0.0,18.88888888888889,2,manhattan,brute,40,,-1.0
1,0.0,18.88888888888889,2,manhattan,brute,40,1.0,-1.0
1,0.0,18.88888888888889,2,manhattan,brute,40,2.0,-1.0
1,0.0,18.88888888888889,2,manhattan,brute,50,,-1.0
1,0.0,18.88888888888889,2,manhattan,brute,50,1.0,-1.0
1,0.0,18.88888888888889,2,manhattan,brute,50,2.0,-1.0
1,0.0,18.88888888888889,3,euclidean,auto,10,,-1.0
1,0.0,18.88888888888889,3,euclidean,auto,10,1.0,-1.0
1,0.0,18.88888888888889,3,euclidean,auto,10,2.0,-1.0
1,0.0,18.88888888888889,3,euclidean,auto,20,,-1.0
1,0.0,18.88888888888889,3,euclidean,auto,20,1.0,-1.0
1,0.0,18.88888888888889,3,euclidean,auto,20,2.0,-1.0
1,0.0,18.88888888888889,3,euclidean,auto,30,,-1.0
1,0.0,18.88888888888889,3,euclidean,auto,30,1.0,-1.0
1,0.0,18.88888888888889,3,euclidean,auto,30,2.0,-1.0
1,0.0,18.88888888888889,3,euclidean,auto,40,,-1.0
1,0.0,18.88888888888889,3,euclidean,auto,40,1.0,-1.0
1,0.0,18.88888888888889,3,euclidean,auto,40,2.0,-1.0
1,0.0,18.88888888888889,3,euclidean,auto,50,,-1.0
1,0.0,18.88888888888889,3,euclidean,auto,50,1.0,-1.0
1,0.0,18.88888888888889,3,euclidean,auto,50,2.0,-1.0
1,0.0,18.88888888888889,3,euclidean,ball_tree,10,,-1.0
1,0.0,18.88888888888889,3,euclidean,ball_tree,10,1.0,-1.0
1,0.0,18.88888888888889,3,euclidean,ball_tree,10,2.0,-1.0
1,0.0,18.88888888888889,3,euclidean,ball_tree,20,,-1.0
1,0.0,18.88888888888889,3,euclidean,ball_tree,20,1.0,-1.0
1,0.0,18.88888888888889,3,euclidean,ball_tree,20,2.0,-1.0
1,0.0,18.88888888888889,3,euclidean,ball_tree,30,,-1.0
1,0.0,18.88888888888889,3,euclidean,ball_tree,30,1.0,-1.0
1,0.0,18.88888888888889,3,euclidean,ball_tree,30,2.0,-1.0
1,0.0,18.88888888888889,3,euclidean,ball_tree,40,,-1.0
1,0.0,18.88888888888889,3,euclidean,ball_tree,40,1.0,-1.0
1,0.0,18.88888888888889,3,euclidean,ball_tree,40,2.0,-1.0
1,0.0,18.88888888888889,3,euclidean,ball_tree,50,,-1.0
1,0.0,18.88888888888889,3,euclidean,ball_tree,50,1.0,-1.0
1,0.0,18.88888888888889,3,euclidean,ball_tree,50,2.0,-1.0
1,0.0,18.88888888888889,3,euclidean,kd_tree,10,,-1.0
1,0.0,18.88888888888889,3,euclidean,kd_tree,10,1.0,-1.0
1,0.0,18.88888888888889,3,euclidean,kd_tree,10,2.0,-1.0
1,0.0,18.88888888888889,3,euclidean,kd_tree,20,,-1.0
1,0.0,18.88888888888889,3,euclidean,kd_tree,20,1.0,-1.0
1,0.0,18.88888888888889,3,euclidean,kd_tree,20,2.0,-1.0
1,0.0,18.88888888888889,3,euclidean,kd_tree,30,,-1.0
1,0.0,18.88888888888889,3,euclidean,kd_tree,30,1.0,-1.0
1,0.0,18.88888888888889,3,euclidean,kd_tree,30,2.0,-1.0
1,0.0,18.88888888888889,3,euclidean,kd_tree,40,,-1.0
1,0.0,18.88888888888889,3,euclidean,kd_tree,40,1.0,-1.0
1,0.0,18.88888888888889,3,euclidean,kd_tree,40,2.0,-1.0
1,0.0,18.88888888888889,3,euclidean,kd_tree,50,,-1.0
1,0.0,18.88888888888889,3,euclidean,kd_tree,50,1.0,-1.0
1,0.0,18.88888888888889,3,euclidean,kd_tree,50,2.0,-1.0
1,0.0,18.88888888888889,3,euclidean,brute,10,,-1.0
1,0.0,18.88888888888889,3,euclidean,brute,10,1.0,-1.0
1,0.0,18.88888888888889,3,euclidean,brute,10,2.0,-1.0
1,0.0,18.88888888888889,3,euclidean,brute,20,,-1.0
1,0.0,18.88888888888889,3,euclidean,brute,20,1.0,-1.0
1,0.0,18.88888888888889,3,euclidean,brute,20,2.0,-1.0
1,0.0,18.88888888888889,3,euclidean,brute,30,,-1.0
1,0.0,18.88888888888889,3,euclidean,brute,30,1.0,-1.0
1,0.0,18.88888888888889,3,euclidean,brute,30,2.0,-1.0
1,0.0,18.88888888888889,3,euclidean,brute,40,,-1.0
1,0.0,18.88888888888889,3,euclidean,brute,40,1.0,-1.0
1,0.0,18.88888888888889,3,euclidean,brute,40,2.0,-1.0
1,0.0,18.88888888888889,3,euclidean,brute,50,,-1.0
1,0.0,18.88888888888889,3,euclidean,brute,50,1.0,-1.0
1,0.0,18.88888888888889,3,euclidean,brute,50,2.0,-1.0
1,0.0,18.88888888888889,3,manhattan,auto,10,,-1.0
1,0.0,18.88888888888889,3,manhattan,auto,10,1.0,-1.0
1,0.0,18.88888888888889,3,manhattan,auto,10,2.0,-1.0
1,0.0,18.88888888888889,3,manhattan,auto,20,,-1.0
1,0.0,18.88888888888889,3,manhattan,auto,20,1.0,-1.0
1,0.0,18.88888888888889,3,manhattan,auto,20,2.0,-1.0
1,0.0,18.88888888888889,3,manhattan,auto,30,,-1.0
1,0.0,18.88888888888889,3,manhattan,auto,30,1.0,-1.0
1,0.0,18.88888888888889,3,manhattan,auto,30,2.0,-1.0
1,0.0,18.88888888888889,3,manhattan,auto,40,,-1.0
1,0.0,18.88888888888889,3,manhattan,auto,40,1.0,-1.0
1,0.0,18.88888888888889,3,manhattan,auto,40,2.0,-1.0
1,0.0,18.88888888888889,3,manhattan,auto,50,,-1.0
1,0.0,18.88888888888889,3,manhattan,auto,50,1.0,-1.0
1,0.0,18.88888888888889,3,manhattan,auto,50,2.0,-1.0
1,0.0,18.88888888888889,3,manhattan,ball_tree,10,,-1.0
1,0.0,18.88888888888889,3,manhattan,ball_tree,10,1.0,-1.0
1,0.0,18.88888888888889,3,manhattan,ball_tree,10,2.0,-1.0
1,0.0,18.88888888888889,3,manhattan,ball_tree,20,,-1.0
1,0.0,18.88888888888889,3,manhattan,ball_tree,20,1.0,-1.0
1,0.0,18.88888888888889,3,manhattan,ball_tree,20,2.0,-1.0
1,0.0,18.88888888888889,3,manhattan,ball_tree,30,,-1.0
1,0.0,18.88888888888889,3,manhattan,ball_tree,30,1.0,-1.0
1,0.0,18.88888888888889,3,manhattan,ball_tree,30,2.0,-1.0
1,0.0,18.88888888888889,3,manhattan,ball_tree,40,,-1.0
1,0.0,18.88888888888889,3,manhattan,ball_tree,40,1.0,-1.0
1,0.0,18.88888888888889,3,manhattan,ball_tree,40,2.0,-1.0
1,0.0,18.88888888888889,3,manhattan,ball_tree,50,,-1.0
1,0.0,18.88888888888889,3,manhattan,ball_tree,50,1.0,-1.0
1,0.0,18.88888888888889,3,manhattan,ball_tree,50,2.0,-1.0
1,0.0,18.88888888888889,3,manhattan,kd_tree,10,,-1.0
1,0.0,18.88888888888889,3,manhattan,kd_tree,10,1.0,-1.0
1,0.0,18.88888888888889,3,manhattan,kd_tree,10,2.0,-1.0
1,0.0,18.88888888888889,3,manhattan,kd_tree,20,,-1.0
1,0.0,18.88888888888889,3,manhattan,kd_tree,20,1.0,-1.0
1,0.0,18.88888888888889,3,manhattan,kd_tree,20,2.0,-1.0
1,0.0,18.88888888888889,3,manhattan,kd_tree,30,,-1.0
1,0.0,18.88888888888889,3,manhattan,kd_tree,30,1.0,-1.0
1,0.0,18.88888888888889,3,manhattan,kd_tree,30,2.0,-1.0
1,0.0,18.88888888888889,3,manhattan,kd_tree,40,,-1.0
1,0.0,18.88888888888889,3,manhattan,kd_tree,40,1.0,-1.0
1,0.0,18.88888888888889,3,manhattan,kd_tree,40,2.0,-1.0
1,0.0,18.88888888888889,3,manhattan,kd_tree,50,,-1.0
1,0.0,18.88888888888889,3,manhattan,kd_tree,50,1.0,-1.0
1,0.0,18.88888888888889,3,manhattan,kd_tree,50,2.0,-1.0
1,0.0,18.88888888888889,3,manhattan,brute,10,,-1.0
1,0.0,18.88888888888889,3,manhattan,brute,10,1.0,-1.0
1,0.0,18.88888888888889,3,manhattan,brute,10,2.0,-1.0
1,0.0,18.88888888888889,3,manhattan,brute,20,,-1.0
1,0.0,18.88888888888889,3,manhattan,brute,20,1.0,-1.0
1,0.0,18.88888888888889,3,manhattan,brute,20,2.0,-1.0
1,0.0,18.88888888888889,3,manhattan,brute,30,,-1.0
1,0.0,18.88888888888889,3,manhattan,brute,30,1.0,-1.0
1,0.0,18.88888888888889,3,manhattan,brute,30,2.0,-1.0
1,0.0,18.88888888888889,3,manhattan,brute,40,,-1.0
1,0.0,18.88888888888889,3,manhattan,brute,40,1.0,-1.0
1,0.0,18.88888888888889,3,manhattan,brute,40,2.0,-1.0
1,0.0,18.88888888888889,3,manhattan,brute,50,,-1.0
1,0.0,18.88888888888889,3,manhattan,brute,50,1.0,-1.0
1,0.0,18.88888888888889,3,manhattan,brute,50,2.0,-1.0
1,0.0,18.88888888888889,4,euclidean,auto,10,,-1.0
1,0.0,18.88888888888889,4,euclidean,auto,10,1.0,-1.0
1,0.0,18.88888888888889,4,euclidean,auto,10,2.0,-1.0
1,0.0,18.88888888888889,4,euclidean,auto,20,,-1.0
1,0.0,18.88888888888889,4,euclidean,auto,20,1.0,-1.0
1,0.0,18.88888888888889,4,euclidean,auto,20,2.0,-1.0
1,0.0,18.88888888888889,4,euclidean,auto,30,,-1.0
1,0.0,18.88888888888889,4,euclidean,auto,30,1.0,-1.0
1,0.0,18.88888888888889,4,euclidean,auto,30,2.0,-1.0
1,0.0,18.88888888888889,4,euclidean,auto,40,,-1.0
1,0.0,18.88888888888889,4,euclidean,auto,40,1.0,-1.0
1,0.0,18.88888888888889,4,euclidean,auto,40,2.0,-1.0
1,0.0,18.88888888888889,4,euclidean,auto,50,,-1.0
1,0.0,18.88888888888889,4,euclidean,auto,50,1.0,-1.0
1,0.0,18.88888888888889,4,euclidean,auto,50,2.0,-1.0
1,0.0,18.88888888888889,4,euclidean,ball_tree,10,,-1.0
1,0.0,18.88888888888889,4,euclidean,ball_tree,10,1.0,-1.0
1,0.0,18.88888888888889,4,euclidean,ball_tree,10,2.0,-1.0
1,0.0,18.88888888888889,4,euclidean,ball_tree,20,,-1.0
1,0.0,18.88888888888889,4,euclidean,ball_tree,20,1.0,-1.0
1,0.0,18.88888888888889,4,euclidean,ball_tree,20,2.0,-1.0
1,0.0,18.88888888888889,4,euclidean,ball_tree,30,,-1.0
1,0.0,18.88888888888889,4,euclidean,ball_tree,30,1.0,-1.0
1,0.0,18.88888888888889,4,euclidean,ball_tree,30,2.0,-1.0
1,0.0,18.88888888888889,4,euclidean,ball_tree,40,,-1.0
1,0.0,18.88888888888889,4,euclidean,ball_tree,40,1.0,-1.0
1,0.0,18.88888888888889,4,euclidean,ball_tree,40,2.0,-1.0
1,0.0,18.88888888888889,4,euclidean,ball_tree,50,,-1.0
1,0.0,18.88888888888889,4,euclidean,ball_tree,50,1.0,-1.0
1,0.0,18.88888888888889,4,euclidean,ball_tree,50,2.0,-1.0
1,0.0,18.88888888888889,4,euclidean,kd_tree,10,,-1.0
1,0.0,18.88888888888889,4,euclidean,kd_tree,10,1.0,-1.0
1,0.0,18.88888888888889,4,euclidean,kd_tree,10,2.0,-1.0
1,0.0,18.88888888888889,4,euclidean,kd_tree,20,,-1.0
1,0.0,18.88888888888889,4,euclidean,kd_tree,20,1.0,-1.0
1,0.0,18.88888888888889,4,euclidean,kd_tree,20,2.0,-1.0
1,0.0,18.88888888888889,4,euclidean,kd_tree,30,,-1.0
1,0.0,18.88888888888889,4,euclidean,kd_tree,30,1.0,-1.0
1,0.0,18.88888888888889,4,euclidean,kd_tree,30,2.0,-1.0
1,0.0,18.88888888888889,4,euclidean,kd_tree,40,,-1.0
1,0.0,18.88888888888889,4,euclidean,kd_tree,40,1.0,-1.0
1,0.0,18.88888888888889,4,euclidean,kd_tree,40,2.0,-1.0
1,0.0,18.88888888888889,4,euclidean,kd_tree,50,,-1.0
1,0.0,18.88888888888889,4,euclidean,kd_tree,50,1.0,-1.0
1,0.0,18.88888888888889,4,euclidean,kd_tree,50,2.0,-1.0
1,0.0,18.88888888888889,4,euclidean,brute,10,,-1.0
1,0.0,18.88888888888889,4,euclidean,brute,10,1.0,-1.0
1,0.0,18.88888888888889,4,euclidean,brute,10,2.0,-1.0
1,0.0,18.88888888888889,4,euclidean,brute,20,,-1.0
1,0.0,18.88888888888889,4,euclidean,brute,20,1.0,-1.0
1,0.0,18.88888888888889,4,euclidean,brute,20,2.0,-1.0
1,0.0,18.88888888888889,4,euclidean,brute,30,,-1.0
1,0.0,18.88888888888889,4,euclidean,brute,30,1.0,-1.0
1,0.0,18.88888888888889,4,euclidean,brute,30,2.0,-1.0
1,0.0,18.88888888888889,4,euclidean,brute,40,,-1.0
1,0.0,18.88888888888889,4,euclidean,brute,40,1.0,-1.0
1,0.0,18.88888888888889,4,euclidean,brute,40,2.0,-1.0
1,0.0,18.88888888888889,4,euclidean,brute,50,,-1.0
1,0.0,18.88888888888889,4,euclidean,brute,50,1.0,-1.0
1,0.0,18.88888888888889,4,euclidean,brute,50,2.0,-1.0
1,0.0,18.88888888888889,4,manhattan,auto,10,,-1.0
1,0.0,18.88888888888889,4,manhattan,auto,10,1.0,-1.0
1,0.0,18.88888888888889,4,manhattan,auto,10,2.0,-1.0
1,0.0,18.88888888888889,4,manhattan,auto,20,,-1.0
1,0.0,18.88888888888889,4,manhattan,auto,20,1.0,-1.0
1,0.0,18.88888888888889,4,manhattan,auto,20,2.0,-1.0
1,0.0,18.88888888888889,4,manhattan,auto,30,,-1.0
1,0.0,18.88888888888889,4,manhattan,auto,30,1.0,-1.0
1,0.0,18.88888888888889,4,manhattan,auto,30,2.0,-1.0
1,0.0,18.88888888888889,4,manhattan,auto,40,,-1.0
1,0.0,18.88888888888889,4,manhattan,auto,40,1.0,-1.0
1,0.0,18.88888888888889,4,manhattan,auto,40,2.0,-1.0
1,0.0,18.88888888888889,4,manhattan,auto,50,,-1.0
1,0.0,18.88888888888889,4,manhattan,auto,50,1.0,-1.0
1,0.0,18.88888888888889,4,manhattan,auto,50,2.0,-1.0
1,0.0,18.88888888888889,4,manhattan,ball_tree,10,,-1.0
1,0.0,18.88888888888889,4,manhattan,ball_tree,10,1.0,-1.0
1,0.0,18.88888888888889,4,manhattan,ball_tree,10,2.0,-1.0
1,0.0,18.88888888888889,4,manhattan,ball_tree,20,,-1.0
1,0.0,18.88888888888889,4,manhattan,ball_tree,20,1.0,-1.0
1,0.0,18.88888888888889,4,manhattan,ball_tree,20,2.0,-1.0
1,0.0,18.88888888888889,4,manhattan,ball_tree,30,,-1.0
1,0.0,18.88888888888889,4,manhattan,ball_tree,30,1.0,-1.0
1,0.0,18.88888888888889,4,manhattan,ball_tree,30,2.0,-1.0
1,0.0,18.88888888888889,4,manhattan,ball_tree,40,,-1.0
1,0.0,18.88888888888889,4,manhattan,ball_tree,40,1.0,-1.0
1,0.0,18.88888888888889,4,manhattan,ball_tree,40,2.0,-1.0
1,0.0,18.88888888888889,4,manhattan,ball_tree,50,,-1.0
1,0.0,18.88888888888889,4,manhattan,ball_tree,50,1.0,-1.0
1,0.0,18.88888888888889,4,manhattan,ball_tree,50,2.0,-1.0
1,0.0,18.88888888888889,4,manhattan,kd_tree,10,,-1.0
1,0.0,18.88888888888889,4,manhattan,kd_tree,10,1.0,-1.0
1,0.0,18.88888888888889,4,manhattan,kd_tree,10,2.0,-1.0
1,0.0,18.88888888888889,4,manhattan,kd_tree,20,,-1.0
1,0.0,18.88888888888889,4,manhattan,kd_tree,20,1.0,-1.0
1,0.0,18.88888888888889,4,manhattan,kd_tree,20,2.0,-1.0
1,0.0,18.88888888888889,4,manhattan,kd_tree,30,,-1.0
1,0.0,18.88888888888889,4,manhattan,kd_tree,30,1.0,-1.0
1,0.0,18.88888888888889,4,manhattan,kd_tree,30,2.0,-1.0
1,0.0,18.88888888888889,4,manhattan,kd_tree,40,,-1.0
1,0.0,18.88888888888889,4,manhattan,kd_tree,40,1.0,-1.0
1,0.0,18.88888888888889,4,manhattan,kd_tree,40,2.0,-1.0
1,0.0,18.88888888888889,4,manhattan,kd_tree,50,,-1.0
1,0.0,18.88888888888889,4,manhattan,kd_tree,50,1.0,-1.0
1,0.0,18.88888888888889,4,manhattan,kd_tree,50,2.0,-1.0
1,0.0,18.88888888888889,4,manhattan,brute,10,,-1.0
1,0.0,18.88888888888889,4,manhattan,brute,10,1.0,-1.0
1,0.0,18.88888888888889,4,manhattan,brute,10,2.0,-1.0
1,0.0,18.88888888888889,4,manhattan,brute,20,,-1.0
1,0.0,18.88888888888889,4,manhattan,brute,20,1.0,-1.0
1,0.0,18.88888888888889,4,manhattan,brute,20,2.0,-1.0
1,0.0,18.88888888888889,4,manhattan,brute,30,,-1.0
1,0.0,18.88888888888889,4,manhattan,brute,30,1.0,-1.0
1,0.0,18.88888888888889,4,manhattan,brute,30,2.0,-1.0
1,0.0,18.88888888888889,4,manhattan,brute,40,,-1.0
1,0.0,18.88888888888889,4,manhattan,brute,40,1.0,-1.0
1,0.0,18.88888888888889,4,manhattan,brute,40,2.0,-1.0
1,0.0,18.88888888888889,4,manhattan,brute,50,,-1.0
1,0.0,18.88888888888889,4,manhattan,brute,50,1.0,-1.0
1,0.0,18.88888888888889,4,manhattan,brute,50,2.0,-1.0
1,0.0,18.88888888888889,5,euclidean,auto,10,,-1.0
1,0.0,18.88888888888889,5,euclidean,auto,10,1.0,-1.0
1,0.0,18.88888888888889,5,euclidean,auto,10,2.0,-1.0
1,0.0,18.88888888888889,5,euclidean,auto,20,,-1.0
1,0.0,18.88888888888889,5,euclidean,auto,20,1.0,-1.0
1,0.0,18.88888888888889,5,euclidean,auto,20,2.0,-1.0
1,0.0,18.88888888888889,5,euclidean,auto,30,,-1.0
1,0.0,18.88888888888889,5,euclidean,auto,30,1.0,-1.0
1,0.0,18.88888888888889,5,euclidean,auto,30,2.0,-1.0
1,0.0,18.88888888888889,5,euclidean,auto,40,,-1.0
1,0.0,18.88888888888889,5,euclidean,auto,40,1.0,-1.0
1,0.0,18.88888888888889,5,euclidean,auto,40,2.0,-1.0
1,0.0,18.88888888888889,5,euclidean,auto,50,,-1.0
1,0.0,18.88888888888889,5,euclidean,auto,50,1.0,-1.0
1,0.0,18.88888888888889,5,euclidean,auto,50,2.0,-1.0
1,0.0,18.88888888888889,5,euclidean,ball_tree,10,,-1.0
1,0.0,18.88888888888889,5,euclidean,ball_tree,10,1.0,-1.0
1,0.0,18.88888888888889,5,euclidean,ball_tree,10,2.0,-1.0
1,0.0,18.88888888888889,5,euclidean,ball_tree,20,,-1.0
1,0.0,18.88888888888889,5,euclidean,ball_tree,20,1.0,-1.0
1,0.0,18.88888888888889,5,euclidean,ball_tree,20,2.0,-1.0
1,0.0,18.88888888888889,5,euclidean,ball_tree,30,,-1.0
1,0.0,18.88888888888889,5,euclidean,ball_tree,30,1.0,-1.0
1,0.0,18.88888888888889,5,euclidean,ball_tree,30,2.0,-1.0
1,0.0,18.88888888888889,5,euclidean,ball_tree,40,,-1.0
1,0.0,18.88888888888889,5,euclidean,ball_tree,40,1.0,-1.0
1,0.0,18.88888888888889,5,euclidean,ball_tree,40,2.0,-1.0
1,0.0,18.88888888888889,5,euclidean,ball_tree,50,,-1.0
1,0.0,18.88888888888889,5,euclidean,ball_tree,50,1.0,-1.0
1,0.0,18.88888888888889,5,euclidean,ball_tree,50,2.0,-1.0
1,0.0,18.88888888888889,5,euclidean,kd_tree,10,,-1.0
1,0.0,18.88888888888889,5,euclidean,kd_tree,10,1.0,-1.0
1,0.0,18.88888888888889,5,euclidean,kd_tree,10,2.0,-1.0
1,0.0,18.88888888888889,5,euclidean,kd_tree,20,,-1.0
1,0.0,18.88888888888889,5,euclidean,kd_tree,20,1.0,-1.0
1,0.0,18.88888888888889,5,euclidean,kd_tree,20,2.0,-1.0
1,0.0,18.88888888888889,5,euclidean,kd_tree,30,,-1.0
1,0.0,18.88888888888889,5,euclidean,kd_tree,30,1.0,-1.0
1,0.0,18.88888888888889,5,euclidean,kd_tree,30,2.0,-1.0
1,0.0,18.88888888888889,5,euclidean,kd_tree,40,,-1.0
1,0.0,18.88888888888889,5,euclidean,kd_tree,40,1.0,-1.0
1,0.0,18.88888888888889,5,euclidean,kd_tree,40,2.0,-1.0
1,0.0,18.88888888888889,5,euclidean,kd_tree,50,,-1.0
1,0.0,18.88888888888889,5,euclidean,kd_tree,50,1.0,-1.0
1,0.0,18.88888888888889,5,euclidean,kd_tree,50,2.0,-1.0
1,0.0,18.88888888888889,5,euclidean,brute,10,,-1.0
1,0.0,18.88888888888889,5,euclidean,brute,10,1.0,-1.0
1,0.0,18.88888888888889,5,euclidean,brute,10,2.0,-1.0
1,0.0,18.88888888888889,5,euclidean,brute,20,,-1.0
1,0.0,18.88888888888889,5,euclidean,brute,20,1.0,-1.0
1,0.0,18.88888888888889,5,euclidean,brute,20,2.0,-1.0
1,0.0,18.88888888888889,5,euclidean,brute,30,,-1.0
1,0.0,18.88888888888889,5,euclidean,brute,30,1.0,-1.0
1,0.0,18.88888888888889,5,euclidean,brute,30,2.0,-1.0
1,0.0,18.88888888888889,5,euclidean,brute,40,,-1.0
1,0.0,18.88888888888889,5,euclidean,brute,40,1.0,-1.0
1,0.0,18.88888888888889,5,euclidean,brute,40,2.0,-1.0
1,0.0,18.88888888888889,5,euclidean,brute,50,,-1.0
1,0.0,18.88888888888889,5,euclidean,brute,50,1.0,-1.0
1,0.0,18.88888888888889,5,euclidean,brute,50,2.0,-1.0
1,0.0,18.88888888888889,5,manhattan,auto,10,,-1.0
1,0.0,18.88888888888889,5,manhattan,auto,10,1.0,-1.0
1,0.0,18.88888888888889,5,manhattan,auto,10,2.0,-1.0
1,0.0,18.88888888888889,5,manhattan,auto,20,,-1.0
1,0.0,18.88888888888889,5,manhattan,auto,20,1.0,-1.0
1,0.0,18.88888888888889,5,manhattan,auto,20,2.0,-1.0
1,0.0,18.88888888888889,5,manhattan,auto,30,,-1.0
1,0.0,18.88888888888889,5,manhattan,auto,30,1.0,-1.0
1,0.0,18.88888888888889,5,manhattan,auto,30,2.0,-1.0
1,0.0,18.88888888888889,5,manhattan,auto,40,,-1.0
1,0.0,18.88888888888889,5,manhattan,auto,40,1.0,-1.0
1,0.0,18.88888888888889,5,manhattan,auto,40,2.0,-1.0
1,0.0,18.88888888888889,5,manhattan,auto,50,,-1.0
1,0.0,18.88888888888889,5,manhattan,auto,50,1.0,-1.0
1,0.0,18.88888888888889,5,manhattan,auto,50,2.0,-1.0
1,0.0,18.88888888888889,5,manhattan,ball_tree,10,,-1.0
1,0.0,18.88888888888889,5,manhattan,ball_tree,10,1.0,-1.0
1,0.0,18.88888888888889,5,manhattan,ball_tree,10,2.0,-1.0
1,0.0,18.88888888888889,5,manhattan,ball_tree,20,,-1.0
1,0.0,18.88888888888889,5,manhattan,ball_tree,20,1.0,-1.0
1,0.0,18.88888888888889,5,manhattan,ball_tree,20,2.0,-1.0
1,0.0,18.88888888888889,5,manhattan,ball_tree,30,,-1.0
1,0.0,18.88888888888889,5,manhattan,ball_tree,30,1.0,-1.0
1,0.0,18.88888888888889,5,manhattan,ball_tree,30,2.0,-1.0
1,0.0,18.88888888888889,5,manhattan,ball_tree,40,,-1.0
1,0.0,18.88888888888889,5,manhattan,ball_tree,40,1.0,-1.0
1,0.0,18.88888888888889,5,manhattan,ball_tree,40,2.0,-1.0
1,0.0,18.88888888888889,5,manhattan,ball_tree,50,,-1.0
1,0.0,18.88888888888889,5,manhattan,ball_tree,50,1.0,-1.0
1,0.0,18.88888888888889,5,manhattan,ball_tree,50,2.0,-1.0
1,0.0,18.88888888888889,5,manhattan,kd_tree,10,,-1.0
1,0.0,18.88888888888889,5,manhattan,kd_tree,10,1.0,-1.0
1,0.0,18.88888888888889,5,manhattan,kd_tree,10,2.0,-1.0
1,0.0,18.88888888888889,5,manhattan,kd_tree,20,,-1.0
1,0.0,18.88888888888889,5,manhattan,kd_tree,20,1.0,-1.0
1,0.0,18.88888888888889,5,manhattan,kd_tree,20,2.0,-1.0
1,0.0,18.88888888888889,5,manhattan,kd_tree,30,,-1.0
1,0.0,18.88888888888889,5,manhattan,kd_tree,30,1.0,-1.0
1,0.0,18.88888888888889,5,manhattan,kd_tree,30,2.0,-1.0
1,0.0,18.88888888888889,5,manhattan,kd_tree,40,,-1.0
1,0.0,18.88888888888889,5,manhattan,kd_tree,40,1.0,-1.0
1,0.0,18.88888888888889,5,manhattan,kd_tree,40,2.0,-1.0
1,0.0,18.88888888888889,5,manhattan,kd_tree,50,,-1.0
1,0.0,18.88888888888889,5,manhattan,kd_tree,50,1.0,-1.0
1,0.0,18.88888888888889,5,manhattan,kd_tree,50,2.0,-1.0
1,0.0,18.88888888888889,5,manhattan,brute,10,,-1.0
1,0.0,18.88888888888889,5,manhattan,brute,10,1.0,-1.0
1,0.0,18.88888888888889,5,manhattan,brute,10,2.0,-1.0
1,0.0,18.88888888888889,5,manhattan,brute,20,,-1.0
1,0.0,18.88888888888889,5,manhattan,brute,20,1.0,-1.0
1,0.0,18.88888888888889,5,manhattan,brute,20,2.0,-1.0
1,0.0,18.88888888888889,5,manhattan,brute,30,,-1.0
1,0.0,18.88888888888889,5,manhattan,brute,30,1.0,-1.0
1,0.0,18.88888888888889,5,manhattan,brute,30,2.0,-1.0
1,0.0,18.88888888888889,5,manhattan,brute,40,,-1.0
1,0.0,18.88888888888889,5,manhattan,brute,40,1.0,-1.0
1,0.0,18.88888888888889,5,manhattan,brute,40,2.0,-1.0
1,0.0,18.88888888888889,5,manhattan,brute,50,,-1.0
1,0.0,18.88888888888889,5,manhattan,brute,50,1.0,-1.0
1,0.0,18.88888888888889,5,manhattan,brute,50,2.0,-1.0
1,0.0,18.88888888888889,6,euclidean,auto,10,,-1.0
1,0.0,18.88888888888889,6,euclidean,auto,10,1.0,-1.0
1,0.0,18.88888888888889,6,euclidean,auto,10,2.0,-1.0
1,0.0,18.88888888888889,6,euclidean,auto,20,,-1.0
1,0.0,18.88888888888889,6,euclidean,auto,20,1.0,-1.0
1,0.0,18.88888888888889,6,euclidean,auto,20,2.0,-1.0
1,0.0,18.88888888888889,6,euclidean,auto,30,,-1.0
1,0.0,18.88888888888889,6,euclidean,auto,30,1.0,-1.0
1,0.0,18.88888888888889,6,euclidean,auto,30,2.0,-1.0
1,0.0,18.88888888888889,6,euclidean,auto,40,,-1.0
1,0.0,18.88888888888889,6,euclidean,auto,40,1.0,-1.0
1,0.0,18.88888888888889,6,euclidean,auto,40,2.0,-1.0
1,0.0,18.88888888888889,6,euclidean,auto,50,,-1.0
1,0.0,18.88888888888889,6,euclidean,auto,50,1.0,-1.0
1,0.0,18.88888888888889,6,euclidean,auto,50,2.0,-1.0
1,0.0,18.88888888888889,6,euclidean,ball_tree,10,,-1.0
1,0.0,18.88888888888889,6,euclidean,ball_tree,10,1.0,-1.0
1,0.0,18.88888888888889,6,euclidean,ball_tree,10,2.0,-1.0
1,0.0,18.88888888888889,6,euclidean,ball_tree,20,,-1.0
1,0.0,18.88888888888889,6,euclidean,ball_tree,20,1.0,-1.0
1,0.0,18.88888888888889,6,euclidean,ball_tree,20,2.0,-1.0
1,0.0,18.88888888888889,6,euclidean,ball_tree,30,,-1.0
1,0.0,18.88888888888889,6,euclidean,ball_tree,30,1.0,-1.0
1,0.0,18.88888888888889,6,euclidean,ball_tree,30,2.0,-1.0
1,0.0,18.88888888888889,6,euclidean,ball_tree,40,,-1.0
1,0.0,18.88888888888889,6,euclidean,ball_tree,40,1.0,-1.0
1,0.0,18.88888888888889,6,euclidean,ball_tree,40,2.0,-1.0
1,0.0,18.88888888888889,6,euclidean,ball_tree,50,,-1.0
1,0.0,18.88888888888889,6,euclidean,ball_tree,50,1.0,-1.0
1,0.0,18.88888888888889,6,euclidean,ball_tree,50,2.0,-1.0
1,0.0,18.88888888888889,6,euclidean,kd_tree,10,,-1.0
1,0.0,18.88888888888889,6,euclidean,kd_tree,10,1.0,-1.0
1,0.0,18.88888888888889,6,euclidean,kd_tree,10,2.0,-1.0
1,0.0,18.88888888888889,6,euclidean,kd_tree,20,,-1.0
1,0.0,18.88888888888889,6,euclidean,kd_tree,20,1.0,-1.0
1,0.0,18.88888888888889,6,euclidean,kd_tree,20,2.0,-1.0
1,0.0,18.88888888888889,6,euclidean,kd_tree,30,,-1.0
1,0.0,18.88888888888889,6,euclidean,kd_tree,30,1.0,-1.0
1,0.0,18.88888888888889,6,euclidean,kd_tree,30,2.0,-1.0
1,0.0,18.88888888888889,6,euclidean,kd_tree,40,,-1.0
1,0.0,18.88888888888889,6,euclidean,kd_tree,40,1.0,-1.0
1,0.0,18.88888888888889,6,euclidean,kd_tree,40,2.0,-1.0
1,0.0,18.88888888888889,6,euclidean,kd_tree,50,,-1.0
1,0.0,18.88888888888889,6,euclidean,kd_tree,50,1.0,-1.0
1,0.0,18.88888888888889,6,euclidean,kd_tree,50,2.0,-1.0
1,0.0,18.88888888888889,6,euclidean,brute,10,,-1.0
1,0.0,18.88888888888889,6,euclidean,brute,10,1.0,-1.0
1,0.0,18.88888888888889,6,euclidean,brute,10,2.0,-1.0
1,0.0,18.88888888888889,6,euclidean,brute,20,,-1.0
1,0.0,18.88888888888889,6,euclidean,brute,20,1.0,-1.0
1,0.0,18.88888888888889,6,euclidean,brute,20,2.0,-1.0
1,0.0,18.88888888888889,6,euclidean,brute,30,,-1.0
1,0.0,18.88888888888889,6,euclidean,brute,30,1.0,-1.0
1,0.0,18.88888888888889,6,euclidean,brute,30,2.0,-1.0
1,0.0,18.88888888888889,6,euclidean,brute,40,,-1.0
1,0.0,18.88888888888889,6,euclidean,brute,40,1.0,-1.0
1,0.0,18.88888888888889,6,euclidean,brute,40,2.0,-1.0
1,0.0,18.88888888888889,6,euclidean,brute,50,,-1.0
1,0.0,18.88888888888889,6,euclidean,brute,50,1.0,-1.0
1,0.0,18.88888888888889,6,euclidean,brute,50,2.0,-1.0
1,0.0,18.88888888888889,6,manhattan,auto,10,,-1.0
1,0.0,18.88888888888889,6,manhattan,auto,10,1.0,-1.0
1,0.0,18.88888888888889,6,manhattan,auto,10,2.0,-1.0
1,0.0,18.88888888888889,6,manhattan,auto,20,,-1.0
1,0.0,18.88888888888889,6,manhattan,auto,20,1.0,-1.0
1,0.0,18.88888888888889,6,manhattan,auto,20,2.0,-1.0
1,0.0,18.88888888888889,6,manhattan,auto,30,,-1.0
1,0.0,18.88888888888889,6,manhattan,auto,30,1.0,-1.0
1,0.0,18.88888888888889,6,manhattan,auto,30,2.0,-1.0
1,0.0,18.88888888888889,6,manhattan,auto,40,,-1.0
1,0.0,18.88888888888889,6,manhattan,auto,40,1.0,-1.0
1,0.0,18.88888888888889,6,manhattan,auto,40,2.0,-1.0
1,0.0,18.88888888888889,6,manhattan,auto,50,,-1.0
1,0.0,18.88888888888889,6,manhattan,auto,50,1.0,-1.0
1,0.0,18.88888888888889,6,manhattan,auto,50,2.0,-1.0
1,0.0,18.88888888888889,6,manhattan,ball_tree,10,,-1.0
1,0.0,18.88888888888889,6,manhattan,ball_tree,10,1.0,-1.0
1,0.0,18.88888888888889,6,manhattan,ball_tree,10,2.0,-1.0
1,0.0,18.88888888888889,6,manhattan,ball_tree,20,,-1.0
1,0.0,18.88888888888889,6,manhattan,ball_tree,20,1.0,-1.0
1,0.0,18.88888888888889,6,manhattan,ball_tree,20,2.0,-1.0
1,0.0,18.88888888888889,6,manhattan,ball_tree,30,,-1.0
1,0.0,18.88888888888889,6,manhattan,ball_tree,30,1.0,-1.0
1,0.0,18.88888888888889,6,manhattan,ball_tree,30,2.0,-1.0
1,0.0,18.88888888888889,6,manhattan,ball_tree,40,,-1.0
1,0.0,18.88888888888889,6,manhattan,ball_tree,40,1.0,-1.0
1,0.0,18.88888888888889,6,manhattan,ball_tree,40,2.0,-1.0
1,0.0,18.88888888888889,6,manhattan,ball_tree,50,,-1.0
1,0.0,18.88888888888889,6,manhattan,ball_tree,50,1.0,-1.0
1,0.0,18.88888888888889,6,manhattan,ball_tree,50,2.0,-1.0
1,0.0,18.88888888888889,6,manhattan,kd_tree,10,,-1.0
1,0.0,18.88888888888889,6,manhattan,kd_tree,10,1.0,-1.0
1,0.0,18.88888888888889,6,manhattan,kd_tree,10,2.0,-1.0
1,0.0,18.88888888888889,6,manhattan,kd_tree,20,,-1.0
1,0.0,18.88888888888889,6,manhattan,kd_tree,20,1.0,-1.0
1,0.0,18.88888888888889,6,manhattan,kd_tree,20,2.0,-1.0
1,0.0,18.88888888888889,6,manhattan,kd_tree,30,,-1.0
1,0.0,18.88888888888889,6,manhattan,kd_tree,30,1.0,-1.0
1,0.0,18.88888888888889,6,manhattan,kd_tree,30,2.0,-1.0
1,0.0,18.88888888888889,6,manhattan,kd_tree,40,,-1.0
1,0.0,18.88888888888889,6,manhattan,kd_tree,40,1.0,-1.0
1,0.0,18.88888888888889,6,manhattan,kd_tree,40,2.0,-1.0
1,0.0,18.88888888888889,6,manhattan,kd_tree,50,,-1.0
1,0.0,18.88888888888889,6,manhattan,kd_tree,50,1.0,-1.0
1,0.0,18.88888888888889,6,manhattan,kd_tree,50,2.0,-1.0
1,0.0,18.88888888888889,6,manhattan,brute,10,,-1.0
1,0.0,18.88888888888889,6,manhattan,brute,10,1.0,-1.0
1,0.0,18.88888888888889,6,manhattan,brute,10,2.0,-1.0
1,0.0,18.88888888888889,6,manhattan,brute,20,,-1.0
1,0.0,18.88888888888889,6,manhattan,brute,20,1.0,-1.0
1,0.0,18.88888888888889,6,manhattan,brute,20,2.0,-1.0
1,0.0,18.88888888888889,6,manhattan,brute,30,,-1.0
1,0.0,18.88888888888889,6,manhattan,brute,30,1.0,-1.0
1,0.0,18.88888888888889,6,manhattan,brute,30,2.0,-1.0
1,0.0,18.88888888888889,6,manhattan,brute,40,,-1.0
1,0.0,18.88888888888889,6,manhattan,brute,40,1.0,-1.0
1,0.0,18.88888888888889,6,manhattan,brute,40,2.0,-1.0
1,0.0,18.88888888888889,6,manhattan,brute,50,,-1.0
1,0.0,18.88888888888889,6,manhattan,brute,50,1.0,-1.0
1,0.0,18.88888888888889,6,manhattan,brute,50,2.0,-1.0
1,0.0,18.88888888888889,7,euclidean,auto,10,,-1.0
1,0.0,18.88888888888889,7,euclidean,auto,10,1.0,-1.0
1,0.0,18.88888888888889,7,euclidean,auto,10,2.0,-1.0
1,0.0,18.88888888888889,7,euclidean,auto,20,,-1.0
1,0.0,18.88888888888889,7,euclidean,auto,20,1.0,-1.0
1,0.0,18.88888888888889,7,euclidean,auto,20,2.0,-1.0
1,0.0,18.88888888888889,7,euclidean,auto,30,,-1.0
1,0.0,18.88888888888889,7,euclidean,auto,30,1.0,-1.0
1,0.0,18.88888888888889,7,euclidean,auto,30,2.0,-1.0
1,0.0,18.88888888888889,7,euclidean,auto,40,,-1.0
1,0.0,18.88888888888889,7,euclidean,auto,40,1.0,-1.0
1,0.0,18.88888888888889,7,euclidean,auto,40,2.0,-1.0
1,0.0,18.88888888888889,7,euclidean,auto,50,,-1.0
1,0.0,18.88888888888889,7,euclidean,auto,50,1.0,-1.0
1,0.0,18.88888888888889,7,euclidean,auto,50,2.0,-1.0
1,0.0,18.88888888888889,7,euclidean,ball_tree,10,,-1.0
1,0.0,18.88888888888889,7,euclidean,ball_tree,10,1.0,-1.0
1,0.0,18.88888888888889,7,euclidean,ball_tree,10,2.0,-1.0
1,0.0,18.88888888888889,7,euclidean,ball_tree,20,,-1.0
1,0.0,18.88888888888889,7,euclidean,ball_tree,20,1.0,-1.0
1,0.0,18.88888888888889,7,euclidean,ball_tree,20,2.0,-1.0
1,0.0,18.88888888888889,7,euclidean,ball_tree,30,,-1.0
1,0.0,18.88888888888889,7,euclidean,ball_tree,30,1.0,-1.0
1,0.0,18.88888888888889,7,euclidean,ball_tree,30,2.0,-1.0
1,0.0,18.88888888888889,7,euclidean,ball_tree,40,,-1.0
1,0.0,18.88888888888889,7,euclidean,ball_tree,40,1.0,-1.0
1,0.0,18.88888888888889,7,euclidean,ball_tree,40,2.0,-1.0
1,0.0,18.88888888888889,7,euclidean,ball_tree,50,,-1.0
1,0.0,18.88888888888889,7,euclidean,ball_tree,50,1.0,-1.0
1,0.0,18.88888888888889,7,euclidean,ball_tree,50,2.0,-1.0
1,0.0,18.88888888888889,7,euclidean,kd_tree,10,,-1.0
1,0.0,18.88888888888889,7,euclidean,kd_tree,10,1.0,-1.0
1,0.0,18.88888888888889,7,euclidean,kd_tree,10,2.0,-1.0
1,0.0,18.88888888888889,7,euclidean,kd_tree,20,,-1.0
1,0.0,18.88888888888889,7,euclidean,kd_tree,20,1.0,-1.0
1,0.0,18.88888888888889,7,euclidean,kd_tree,20,2.0,-1.0
1,0.0,18.88888888888889,7,euclidean,kd_tree,30,,-1.0
1,0.0,18.88888888888889,7,euclidean,kd_tree,30,1.0,-1.0
1,0.0,18.88888888888889,7,euclidean,kd_tree,30,2.0,-1.0
1,0.0,18.88888888888889,7,euclidean,kd_tree,40,,-1.0
1,0.0,18.88888888888889,7,euclidean,kd_tree,40,1.0,-1.0
1,0.0,18.88888888888889,7,euclidean,kd_tree,40,2.0,-1.0
1,0.0,18.88888888888889,7,euclidean,kd_tree,50,,-1.0
1,0.0,18.88888888888889,7,euclidean,kd_tree,50,1.0,-1.0
1,0.0,18.88888888888889,7,euclidean,kd_tree,50,2.0,-1.0
1,0.0,18.88888888888889,7,euclidean,brute,10,,-1.0
1,0.0,18.88888888888889,7,euclidean,brute,10,1.0,-1.0
1,0.0,18.88888888888889,7,euclidean,brute,10,2.0,-1.0
1,0.0,18.88888888888889,7,euclidean,brute,20,,-1.0
1,0.0,18.88888888888889,7,euclidean,brute,20,1.0,-1.0
1,0.0,18.88888888888889,7,euclidean,brute,20,2.0,-1.0
1,0.0,18.88888888888889,7,euclidean,brute,30,,-1.0
1,0.0,18.88888888888889,7,euclidean,brute,30,1.0,-1.0
1,0.0,18.88888888888889,7,euclidean,brute,30,2.0,-1.0
1,0.0,18.88888888888889,7,euclidean,brute,40,,-1.0
1,0.0,18.88888888888889,7,euclidean,brute,40,1.0,-1.0
1,0.0,18.88888888888889,7,euclidean,brute,40,2.0,-1.0
1,0.0,18.88888888888889,7,euclidean,brute,50,,-1.0
1,0.0,18.88888888888889,7,euclidean,brute,50,1.0,-1.0
1,0.0,18.88888888888889,7,euclidean,brute,50,2.0,-1.0
1,0.0,18.88888888888889,7,manhattan,auto,10,,-1.0
1,0.0,18.88888888888889,7,manhattan,auto,10,1.0,-1.0
1,0.0,18.88888888888889,7,manhattan,auto,10,2.0,-1.0
1,0.0,18.88888888888889,7,manhattan,auto,20,,-1.0
1,0.0,18.88888888888889,7,manhattan,auto,20,1.0,-1.0
1,0.0,18.88888888888889,7,manhattan,auto,20,2.0,-1.0
1,0.0,18.88888888888889,7,manhattan,auto,30,,-1.0
1,0.0,18.88888888888889,7,manhattan,auto,30,1.0,-1.0
1,0.0,18.88888888888889,7,manhattan,auto,30,2.0,-1.0
1,0.0,18.88888888888889,7,manhattan,auto,40,,-1.0
1,0.0,18.88888888888889,7,manhattan,auto,40,1.0,-1.0
1,0.0,18.88888888888889,7,manhattan,auto,40,2.0,-1.0
1,0.0,18.88888888888889,7,manhattan,auto,50,,-1.0
1,0.0,18.88888888888889,7,manhattan,auto,50,1.0,-1.0
1,0.0,18.88888888888889,7,manhattan,auto,50,2.0,-1.0
1,0.0,18.88888888888889,7,manhattan,ball_tree,10,,-1.0
1,0.0,18.88888888888889,7,manhattan,ball_tree,10,1.0,-1.0
1,0.0,18.88888888888889,7,manhattan,ball_tree,10,2.0,-1.0
1,0.0,18.88888888888889,7,manhattan,ball_tree,20,,-1.0
1,0.0,18.88888888888889,7,manhattan,ball_tree,20,1.0,-1.0
1,0.0,18.88888888888889,7,manhattan,ball_tree,20,2.0,-1.0
1,0.0,18.88888888888889,7,manhattan,ball_tree,30,,-1.0
1,0.0,18.88888888888889,7,manhattan,ball_tree,30,1.0,-1.0
1,0.0,18.88888888888889,7,manhattan,ball_tree,30,2.0,-1.0
1,0.0,18.88888888888889,7,manhattan,ball_tree,40,,-1.0
1,0.0,18.88888888888889,7,manhattan,ball_tree,40,1.0,-1.0
1,0.0,18.88888888888889,7,manhattan,ball_tree,40,2.0,-1.0
1,0.0,18.88888888888889,7,manhattan,ball_tree,50,,-1.0
1,0.0,18.88888888888889,7,manhattan,ball_tree,50,1.0,-1.0
1,0.0,18.88888888888889,7,manhattan,ball_tree,50,2.0,-1.0
1,0.0,18.88888888888889,7,manhattan,kd_tree,10,,-1.0
1,0.0,18.88888888888889,7,manhattan,kd_tree,10,1.0,-1.0
1,0.0,18.88888888888889,7,manhattan,kd_tree,10,2.0,-1.0
1,0.0,18.88888888888889,7,manhattan,kd_tree,20,,-1.0
1,0.0,18.88888888888889,7,manhattan,kd_tree,20,1.0,-1.0
1,0.0,18.88888888888889,7,manhattan,kd_tree,20,2.0,-1.0
1,0.0,18.88888888888889,7,manhattan,kd_tree,30,,-1.0
1,0.0,18.88888888888889,7,manhattan,kd_tree,30,1.0,-1.0
1,0.0,18.88888888888889,7,manhattan,kd_tree,30,2.0,-1.0
1,0.0,18.88888888888889,7,manhattan,kd_tree,40,,-1.0
1,0.0,18.88888888888889,7,manhattan,kd_tree,40,1.0,-1.0
1,0.0,18.88888888888889,7,manhattan,kd_tree,40,2.0,-1.0
1,0.0,18.88888888888889,7,manhattan,kd_tree,50,,-1.0
1,0.0,18.88888888888889,7,manhattan,kd_tree,50,1.0,-1.0
1,0.0,18.88888888888889,7,manhattan,kd_tree,50,2.0,-1.0
1,0.0,18.88888888888889,7,manhattan,brute,10,,-1.0
1,0.0,18.88888888888889,7,manhattan,brute,10,1.0,-1.0
1,0.0,18.88888888888889,7,manhattan,brute,10,2.0,-1.0
1,0.0,18.88888888888889,7,manhattan,brute,20,,-1.0
1,0.0,18.88888888888889,7,manhattan,brute,20,1.0,-1.0
1,0.0,18.88888888888889,7,manhattan,brute,20,2.0,-1.0
1,0.0,18.88888888888889,7,manhattan,brute,30,,-1.0
1,0.0,18.88888888888889,7,manhattan,brute,30,1.0,-1.0
1,0.0,18.88888888888889,7,manhattan,brute,30,2.0,-1.0
1,0.0,18.88888888888889,7,manhattan,brute,40,,-1.0
1,0.0,18.88888888888889,7,manhattan,brute,40,1.0,-1.0
1,0.0,18.88888888888889,7,manhattan,brute,40,2.0,-1.0
1,0.0,18.88888888888889,7,manhattan,brute,50,,-1.0
1,0.0,18.88888888888889,7,manhattan,brute,50,1.0,-1.0
1,0.0,18.88888888888889,7,manhattan,brute,50,2.0,-1.0
1,0.0,18.88888888888889,8,euclidean,auto,10,,-1.0
1,0.0,18.88888888888889,8,euclidean,auto,10,1.0,-1.0
1,0.0,18.88888888888889,8,euclidean,auto,10,2.0,-1.0
1,0.0,18.88888888888889,8,euclidean,auto,20,,-1.0
1,0.0,18.88888888888889,8,euclidean,auto,20,1.0,-1.0
1,0.0,18.88888888888889,8,euclidean,auto,20,2.0,-1.0
1,0.0,18.88888888888889,8,euclidean,auto,30,,-1.0
1,0.0,18.88888888888889,8,euclidean,auto,30,1.0,-1.0
1,0.0,18.88888888888889,8,euclidean,auto,30,2.0,-1.0
1,0.0,18.88888888888889,8,euclidean,auto,40,,-1.0
1,0.0,18.88888888888889,8,euclidean,auto,40,1.0,-1.0
1,0.0,18.88888888888889,8,euclidean,auto,40,2.0,-1.0
1,0.0,18.88888888888889,8,euclidean,auto,50,,-1.0
1,0.0,18.88888888888889,8,euclidean,auto,50,1.0,-1.0
1,0.0,18.88888888888889,8,euclidean,auto,50,2.0,-1.0
1,0.0,18.88888888888889,8,euclidean,ball_tree,10,,-1.0
1,0.0,18.88888888888889,8,euclidean,ball_tree,10,1.0,-1.0
1,0.0,18.88888888888889,8,euclidean,ball_tree,10,2.0,-1.0
1,0.0,18.88888888888889,8,euclidean,ball_tree,20,,-1.0
1,0.0,18.88888888888889,8,euclidean,ball_tree,20,1.0,-1.0
1,0.0,18.88888888888889,8,euclidean,ball_tree,20,2.0,-1.0
1,0.0,18.88888888888889,8,euclidean,ball_tree,30,,-1.0
1,0.0,18.88888888888889,8,euclidean,ball_tree,30,1.0,-1.0
1,0.0,18.88888888888889,8,euclidean,ball_tree,30,2.0,-1.0
1,0.0,18.88888888888889,8,euclidean,ball_tree,40,,-1.0
1,0.0,18.88888888888889,8,euclidean,ball_tree,40,1.0,-1.0
1,0.0,18.88888888888889,8,euclidean,ball_tree,40,2.0,-1.0
1,0.0,18.88888888888889,8,euclidean,ball_tree,50,,-1.0
1,0.0,18.88888888888889,8,euclidean,ball_tree,50,1.0,-1.0
1,0.0,18.88888888888889,8,euclidean,ball_tree,50,2.0,-1.0
1,0.0,18.88888888888889,8,euclidean,kd_tree,10,,-1.0
1,0.0,18.88888888888889,8,euclidean,kd_tree,10,1.0,-1.0
1,0.0,18.88888888888889,8,euclidean,kd_tree,10,2.0,-1.0
1,0.0,18.88888888888889,8,euclidean,kd_tree,20,,-1.0
1,0.0,18.88888888888889,8,euclidean,kd_tree,20,1.0,-1.0
1,0.0,18.88888888888889,8,euclidean,kd_tree,20,2.0,-1.0
1,0.0,18.88888888888889,8,euclidean,kd_tree,30,,-1.0
1,0.0,18.88888888888889,8,euclidean,kd_tree,30,1.0,-1.0
1,0.0,18.88888888888889,8,euclidean,kd_tree,30,2.0,-1.0
1,0.0,18.88888888888889,8,euclidean,kd_tree,40,,-1.0
1,0.0,18.88888888888889,8,euclidean,kd_tree,40,1.0,-1.0
1,0.0,18.88888888888889,8,euclidean,kd_tree,40,2.0,-1.0
1,0.0,18.88888888888889,8,euclidean,kd_tree,50,,-1.0
1,0.0,18.88888888888889,8,euclidean,kd_tree,50,1.0,-1.0
1,0.0,18.88888888888889,8,euclidean,kd_tree,50,2.0,-1.0
1,0.0,18.88888888888889,8,euclidean,brute,10,,-1.0
1,0.0,18.88888888888889,8,euclidean,brute,10,1.0,-1.0
1,0.0,18.88888888888889,8,euclidean,brute,10,2.0,-1.0
1,0.0,18.88888888888889,8,euclidean,brute,20,,-1.0
1,0.0,18.88888888888889,8,euclidean,brute,20,1.0,-1.0
1,0.0,18.88888888888889,8,euclidean,brute,20,2.0,-1.0
1,0.0,18.88888888888889,8,euclidean,brute,30,,-1.0
1,0.0,18.88888888888889,8,euclidean,brute,30,1.0,-1.0
1,0.0,18.88888888888889,8,euclidean,brute,30,2.0,-1.0
1,0.0,18.88888888888889,8,euclidean,brute,40,,-1.0
1,0.0,18.88888888888889,8,euclidean,brute,40,1.0,-1.0
1,0.0,18.88888888888889,8,euclidean,brute,40,2.0,-1.0
1,0.0,18.88888888888889,8,euclidean,brute,50,,-1.0
1,0.0,18.88888888888889,8,euclidean,brute,50,1.0,-1.0
1,0.0,18.88888888888889,8,euclidean,brute,50,2.0,-1.0
1,0.0,18.88888888888889,8,manhattan,auto,10,,-1.0
1,0.0,18.88888888888889,8,manhattan,auto,10,1.0,-1.0
1,0.0,18.88888888888889,8,manhattan,auto,10,2.0,-1.0
1,0.0,18.88888888888889,8,manhattan,auto,20,,-1.0
1,0.0,18.88888888888889,8,manhattan,auto,20,1.0,-1.0
1,0.0,18.88888888888889,8,manhattan,auto,20,2.0,-1.0
1,0.0,18.88888888888889,8,manhattan,auto,30,,-1.0
1,0.0,18.88888888888889,8,manhattan,auto,30,1.0,-1.0
1,0.0,18.88888888888889,8,manhattan,auto,30,2.0,-1.0
1,0.0,18.88888888888889,8,manhattan,auto,40,,-1.0
1,0.0,18.88888888888889,8,manhattan,auto,40,1.0,-1.0
1,0.0,18.88888888888889,8,manhattan,auto,40,2.0,-1.0
1,0.0,18.88888888888889,8,manhattan,auto,50,,-1.0
1,0.0,18.88888888888889,8,manhattan,auto,50,1.0,-1.0
1,0.0,18.88888888888889,8,manhattan,auto,50,2.0,-1.0
1,0.0,18.88888888888889,8,manhattan,ball_tree,10,,-1.0
1,0.0,18.88888888888889,8,manhattan,ball_tree,10,1.0,-1.0
1,0.0,18.88888888888889,8,manhattan,ball_tree,10,2.0,-1.0
1,0.0,18.88888888888889,8,manhattan,ball_tree,20,,-1.0
1,0.0,18.88888888888889,8,manhattan,ball_tree,20,1.0,-1.0
1,0.0,18.88888888888889,8,manhattan,ball_tree,20,2.0,-1.0
1,0.0,18.88888888888889,8,manhattan,ball_tree,30,,-1.0
1,0.0,18.88888888888889,8,manhattan,ball_tree,30,1.0,-1.0
1,0.0,18.88888888888889,8,manhattan,ball_tree,30,2.0,-1.0
1,0.0,18.88888888888889,8,manhattan,ball_tree,40,,-1.0
1,0.0,18.88888888888889,8,manhattan,ball_tree,40,1.0,-1.0
1,0.0,18.88888888888889,8,manhattan,ball_tree,40,2.0,-1.0
1,0.0,18.88888888888889,8,manhattan,ball_tree,50,,-1.0
1,0.0,18.88888888888889,8,manhattan,ball_tree,50,1.0,-1.0
1,0.0,18.88888888888889,8,manhattan,ball_tree,50,2.0,-1.0
1,0.0,18.88888888888889,8,manhattan,kd_tree,10,,-1.0
1,0.0,18.88888888888889,8,manhattan,kd_tree,10,1.0,-1.0
1,0.0,18.88888888888889,8,manhattan,kd_tree,10,2.0,-1.0
1,0.0,18.88888888888889,8,manhattan,kd_tree,20,,-1.0
1,0.0,18.88888888888889,8,manhattan,kd_tree,20,1.0,-1.0
1,0.0,18.88888888888889,8,manhattan,kd_tree,20,2.0,-1.0
1,0.0,18.88888888888889,8,manhattan,kd_tree,30,,-1.0
1,0.0,18.88888888888889,8,manhattan,kd_tree,30,1.0,-1.0
1,0.0,18.88888888888889,8,manhattan,kd_tree,30,2.0,-1.0
1,0.0,18.88888888888889,8,manhattan,kd_tree,40,,-1.0
1,0.0,18.88888888888889,8,manhattan,kd_tree,40,1.0,-1.0
1,0.0,18.88888888888889,8,manhattan,kd_tree,40,2.0,-1.0
1,0.0,18.88888888888889,8,manhattan,kd_tree,50,,-1.0
1,0.0,18.88888888888889,8,manhattan,kd_tree,50,1.0,-1.0
1,0.0,18.88888888888889,8,manhattan,kd_tree,50,2.0,-1.0
1,0.0,18.88888888888889,8,manhattan,brute,10,,-1.0
1,0.0,18.88888888888889,8,manhattan,brute,10,1.0,-1.0
1,0.0,18.88888888888889,8,manhattan,brute,10,2.0,-1.0
1,0.0,18.88888888888889,8,manhattan,brute,20,,-1.0
1,0.0,18.88888888888889,8,manhattan,brute,20,1.0,-1.0
1,0.0,18.88888888888889,8,manhattan,brute,20,2.0,-1.0
1,0.0,18.88888888888889,8,manhattan,brute,30,,-1.0
1,0.0,18.88888888888889,8,manhattan,brute,30,1.0,-1.0
1,0.0,18.88888888888889,8,manhattan,brute,30,2.0,-1.0
1,0.0,18.88888888888889,8,manhattan,brute,40,,-1.0
1,0.0,18.88888888888889,8,manhattan,brute,40,1.0,-1.0
1,0.0,18.88888888888889,8,manhattan,brute,40,2.0,-1.0
1,0.0,18.88888888888889,8,manhattan,brute,50,,-1.0
1,0.0,18.88888888888889,8,manhattan,brute,50,1.0,-1.0
1,0.0,18.88888888888889,8,manhattan,brute,50,2.0,-1.0
1,0.0,18.88888888888889,9,euclidean,auto,10,,-1.0
1,0.0,18.88888888888889,9,euclidean,auto,10,1.0,-1.0
1,0.0,18.88888888888889,9,euclidean,auto,10,2.0,-1.0
1,0.0,18.88888888888889,9,euclidean,auto,20,,-1.0
1,0.0,18.88888888888889,9,euclidean,auto,20,1.0,-1.0
1,0.0,18.88888888888889,9,euclidean,auto,20,2.0,-1.0
1,0.0,18.88888888888889,9,euclidean,auto,30,,-1.0
1,0.0,18.88888888888889,9,euclidean,auto,30,1.0,-1.0
1,0.0,18.88888888888889,9,euclidean,auto,30,2.0,-1.0
1,0.0,18.88888888888889,9,euclidean,auto,40,,-1.0
1,0.0,18.88888888888889,9,euclidean,auto,40,1.0,-1.0
1,0.0,18.88888888888889,9,euclidean,auto,40,2.0,-1.0
1,0.0,18.88888888888889,9,euclidean,auto,50,,-1.0
1,0.0,18.88888888888889,9,euclidean,auto,50,1.0,-1.0
1,0.0,18.88888888888889,9,euclidean,auto,50,2.0,-1.0
1,0.0,18.88888888888889,9,euclidean,ball_tree,10,,-1.0
1,0.0,18.88888888888889,9,euclidean,ball_tree,10,1.0,-1.0
1,0.0,18.88888888888889,9,euclidean,ball_tree,10,2.0,-1.0
1,0.0,18.88888888888889,9,euclidean,ball_tree,20,,-1.0
1,0.0,18.88888888888889,9,euclidean,ball_tree,20,1.0,-1.0
1,0.0,18.88888888888889,9,euclidean,ball_tree,20,2.0,-1.0
1,0.0,18.88888888888889,9,euclidean,ball_tree,30,,-1.0
1,0.0,18.88888888888889,9,euclidean,ball_tree,30,1.0,-1.0
1,0.0,18.88888888888889,9,euclidean,ball_tree,30,2.0,-1.0
1,0.0,18.88888888888889,9,euclidean,ball_tree,40,,-1.0
1,0.0,18.88888888888889,9,euclidean,ball_tree,40,1.0,-1.0
1,0.0,18.88888888888889,9,euclidean,ball_tree,40,2.0,-1.0
1,0.0,18.88888888888889,9,euclidean,ball_tree,50,,-1.0
1,0.0,18.88888888888889,9,euclidean,ball_tree,50,1.0,-1.0
1,0.0,18.88888888888889,9,euclidean,ball_tree,50,2.0,-1.0
1,0.0,18.88888888888889,9,euclidean,kd_tree,10,,-1.0
1,0.0,18.88888888888889,9,euclidean,kd_tree,10,1.0,-1.0
1,0.0,18.88888888888889,9,euclidean,kd_tree,10,2.0,-1.0
1,0.0,18.88888888888889,9,euclidean,kd_tree,20,,-1.0
1,0.0,18.88888888888889,9,euclidean,kd_tree,20,1.0,-1.0
1,0.0,18.88888888888889,9,euclidean,kd_tree,20,2.0,-1.0
1,0.0,18.88888888888889,9,euclidean,kd_tree,30,,-1.0
1,0.0,18.88888888888889,9,euclidean,kd_tree,30,1.0,-1.0
1,0.0,18.88888888888889,9,euclidean,kd_tree,30,2.0,-1.0
1,0.0,18.88888888888889,9,euclidean,kd_tree,40,,-1.0
1,0.0,18.88888888888889,9,euclidean,kd_tree,40,1.0,-1.0
1,0.0,18.88888888888889,9,euclidean,kd_tree,40,2.0,-1.0
1,0.0,18.88888888888889,9,euclidean,kd_tree,50,,-1.0
1,0.0,18.88888888888889,9,euclidean,kd_tree,50,1.0,-1.0
1,0.0,18.88888888888889,9,euclidean,kd_tree,50,2.0,-1.0
1,0.0,18.88888888888889,9,euclidean,brute,10,,-1.0
1,0.0,18.88888888888889,9,euclidean,brute,10,1.0,-1.0
1,0.0,18.88888888888889,9,euclidean,brute,10,2.0,-1.0
1,0.0,18.88888888888889,9,euclidean,brute,20,,-1.0
1,0.0,18.88888888888889,9,euclidean,brute,20,1.0,-1.0
1,0.0,18.88888888888889,9,euclidean,brute,20,2.0,-1.0
1,0.0,18.88888888888889,9,euclidean,brute,30,,-1.0
1,0.0,18.88888888888889,9,euclidean,brute,30,1.0,-1.0
1,0.0,18.88888888888889,9,euclidean,brute,30,2.0,-1.0
1,0.0,18.88888888888889,9,euclidean,brute,40,,-1.0
1,0.0,18.88888888888889,9,euclidean,brute,40,1.0,-1.0
1,0.0,18.88888888888889,9,euclidean,brute,40,2.0,-1.0
1,0.0,18.88888888888889,9,euclidean,brute,50,,-1.0
1,0.0,18.88888888888889,9,euclidean,brute,50,1.0,-1.0
1,0.0,18.88888888888889,9,euclidean,brute,50,2.0,-1.0
1,0.0,18.88888888888889,9,manhattan,auto,10,,-1.0
1,0.0,18.88888888888889,9,manhattan,auto,10,1.0,-1.0
1,0.0,18.88888888888889,9,manhattan,auto,10,2.0,-1.0
1,0.0,18.88888888888889,9,manhattan,auto,20,,-1.0
1,0.0,18.88888888888889,9,manhattan,auto,20,1.0,-1.0
1,0.0,18.88888888888889,9,manhattan,auto,20,2.0,-1.0
1,0.0,18.88888888888889,9,manhattan,auto,30,,-1.0
1,0.0,18.88888888888889,9,manhattan,auto,30,1.0,-1.0
1,0.0,18.88888888888889,9,manhattan,auto,30,2.0,-1.0
1,0.0,18.88888888888889,9,manhattan,auto,40,,-1.0
1,0.0,18.88888888888889,9,manhattan,auto,40,1.0,-1.0
1,0.0,18.88888888888889,9,manhattan,auto,40,2.0,-1.0
1,0.0,18.88888888888889,9,manhattan,auto,50,,-1.0
1,0.0,18.88888888888889,9,manhattan,auto,50,1.0,-1.0
1,0.0,18.88888888888889,9,manhattan,auto,50,2.0,-1.0
1,0.0,18.88888888888889,9,manhattan,ball_tree,10,,-1.0
1,0.0,18.88888888888889,9,manhattan,ball_tree,10,1.0,-1.0
1,0.0,18.88888888888889,9,manhattan,ball_tree,10,2.0,-1.0
1,0.0,18.88888888888889,9,manhattan,ball_tree,20,,-1.0
1,0.0,18.88888888888889,9,manhattan,ball_tree,20,1.0,-1.0
1,0.0,18.88888888888889,9,manhattan,ball_tree,20,2.0,-1.0
1,0.0,18.88888888888889,9,manhattan,ball_tree,30,,-1.0
1,0.0,18.88888888888889,9,manhattan,ball_tree,30,1.0,-1.0
1,0.0,18.88888888888889,9,manhattan,ball_tree,30,2.0,-1.0
1,0.0,18.88888888888889,9,manhattan,ball_tree,40,,-1.0
1,0.0,18.88888888888889,9,manhattan,ball_tree,40,1.0,-1.0
1,0.0,18.88888888888889,9,manhattan,ball_tree,40,2.0,-1.0
1,0.0,18.88888888888889,9,manhattan,ball_tree,50,,-1.0
1,0.0,18.88888888888889,9,manhattan,ball_tree,50,1.0,-1.0
1,0.0,18.88888888888889,9,manhattan,ball_tree,50,2.0,-1.0
1,0.0,18.88888888888889,9,manhattan,kd_tree,10,,-1.0
1,0.0,18.88888888888889,9,manhattan,kd_tree,10,1.0,-1.0
1,0.0,18.88888888888889,9,manhattan,kd_tree,10,2.0,-1.0
1,0.0,18.88888888888889,9,manhattan,kd_tree,20,,-1.0
1,0.0,18.88888888888889,9,manhattan,kd_tree,20,1.0,-1.0
1,0.0,18.88888888888889,9,manhattan,kd_tree,20,2.0,-1.0
1,0.0,18.88888888888889,9,manhattan,kd_tree,30,,-1.0
1,0.0,18.88888888888889,9,manhattan,kd_tree,30,1.0,-1.0
1,0.0,18.88888888888889,9,manhattan,kd_tree,30,2.0,-1.0
1,0.0,18.88888888888889,9,manhattan,kd_tree,40,,-1.0
1,0.0,18.88888888888889,9,manhattan,kd_tree,40,1.0,-1.0
1,0.0,18.88888888888889,9,manhattan,kd_tree,40,2.0,-1.0
1,0.0,18.88888888888889,9,manhattan,kd_tree,50,,-1.0
1,0.0,18.88888888888889,9,manhattan,kd_tree,50,1.0,-1.0
1,0.0,18.88888888888889,9,manhattan,kd_tree,50,2.0,-1.0
1,0.0,18.88888888888889,9,manhattan,brute,10,,-1.0
1,0.0,18.88888888888889,9,manhattan,brute,10,1.0,-1.0
1,0.0,18.88888888888889,9,manhattan,brute,10,2.0,-1.0
1,0.0,18.88888888888889,9,manhattan,brute,20,,-1.0
1,0.0,18.88888888888889,9,manhattan,brute,20,1.0,-1.0
1,0.0,18.88888888888889,9,manhattan,brute,20,2.0,-1.0
1,0.0,18.88888888888889,9,manhattan,brute,30,,-1.0
1,0.0,18.88888888888889,9,manhattan,brute,30,1.0,-1.0
1,0.0,18.88888888888889,9,manhattan,brute,30,2.0,-1.0
1,0.0,18.88888888888889,9,manhattan,brute,40,,-1.0
1,0.0,18.88888888888889,9,manhattan,brute,40,1.0,-1.0
1,0.0,18.88888888888889,9,manhattan,brute,40,2.0,-1.0
1,0.0,18.88888888888889,9,manhattan,brute,50,,-1.0
1,0.0,18.88888888888889,9,manhattan,brute,50,1.0,-1.0
1,0.0,18.88888888888889,9,manhattan,brute,50,2.0,-1.0
1,0.0,20.0,2,euclidean,auto,10,,-1.0
1,0.0,20.0,2,euclidean,auto,10,1.0,-1.0
1,0.0,20.0,2,euclidean,auto,10,2.0,-1.0
1,0.0,20.0,2,euclidean,auto,20,,-1.0
1,0.0,20.0,2,euclidean,auto,20,1.0,-1.0
1,0.0,20.0,2,euclidean,auto,20,2.0,-1.0
1,0.0,20.0,2,euclidean,auto,30,,-1.0
1,0.0,20.0,2,euclidean,auto,30,1.0,-1.0
1,0.0,20.0,2,euclidean,auto,30,2.0,-1.0
1,0.0,20.0,2,euclidean,auto,40,,-1.0
1,0.0,20.0,2,euclidean,auto,40,1.0,-1.0
1,0.0,20.0,2,euclidean,auto,40,2.0,-1.0
1,0.0,20.0,2,euclidean,auto,50,,-1.0
1,0.0,20.0,2,euclidean,auto,50,1.0,-1.0
1,0.0,20.0,2,euclidean,auto,50,2.0,-1.0
1,0.0,20.0,2,euclidean,ball_tree,10,,-1.0
1,0.0,20.0,2,euclidean,ball_tree,10,1.0,-1.0
1,0.0,20.0,2,euclidean,ball_tree,10,2.0,-1.0
1,0.0,20.0,2,euclidean,ball_tree,20,,-1.0
1,0.0,20.0,2,euclidean,ball_tree,20,1.0,-1.0
1,0.0,20.0,2,euclidean,ball_tree,20,2.0,-1.0
1,0.0,20.0,2,euclidean,ball_tree,30,,-1.0
1,0.0,20.0,2,euclidean,ball_tree,30,1.0,-1.0
1,0.0,20.0,2,euclidean,ball_tree,30,2.0,-1.0
1,0.0,20.0,2,euclidean,ball_tree,40,,-1.0
1,0.0,20.0,2,euclidean,ball_tree,40,1.0,-1.0
1,0.0,20.0,2,euclidean,ball_tree,40,2.0,-1.0
1,0.0,20.0,2,euclidean,ball_tree,50,,-1.0
1,0.0,20.0,2,euclidean,ball_tree,50,1.0,-1.0
1,0.0,20.0,2,euclidean,ball_tree,50,2.0,-1.0
1,0.0,20.0,2,euclidean,kd_tree,10,,-1.0
1,0.0,20.0,2,euclidean,kd_tree,10,1.0,-1.0
1,0.0,20.0,2,euclidean,kd_tree,10,2.0,-1.0
1,0.0,20.0,2,euclidean,kd_tree,20,,-1.0
1,0.0,20.0,2,euclidean,kd_tree,20,1.0,-1.0
1,0.0,20.0,2,euclidean,kd_tree,20,2.0,-1.0
1,0.0,20.0,2,euclidean,kd_tree,30,,-1.0
1,0.0,20.0,2,euclidean,kd_tree,30,1.0,-1.0
1,0.0,20.0,2,euclidean,kd_tree,30,2.0,-1.0
1,0.0,20.0,2,euclidean,kd_tree,40,,-1.0
1,0.0,20.0,2,euclidean,kd_tree,40,1.0,-1.0
1,0.0,20.0,2,euclidean,kd_tree,40,2.0,-1.0
1,0.0,20.0,2,euclidean,kd_tree,50,,-1.0
1,0.0,20.0,2,euclidean,kd_tree,50,1.0,-1.0
1,0.0,20.0,2,euclidean,kd_tree,50,2.0,-1.0
1,0.0,20.0,2,euclidean,brute,10,,-1.0
1,0.0,20.0,2,euclidean,brute,10,1.0,-1.0
1,0.0,20.0,2,euclidean,brute,10,2.0,-1.0
1,0.0,20.0,2,euclidean,brute,20,,-1.0
1,0.0,20.0,2,euclidean,brute,20,1.0,-1.0
1,0.0,20.0,2,euclidean,brute,20,2.0,-1.0
1,0.0,20.0,2,euclidean,brute,30,,-1.0
1,0.0,20.0,2,euclidean,brute,30,1.0,-1.0
1,0.0,20.0,2,euclidean,brute,30,2.0,-1.0
1,0.0,20.0,2,euclidean,brute,40,,-1.0
1,0.0,20.0,2,euclidean,brute,40,1.0,-1.0
1,0.0,20.0,2,euclidean,brute,40,2.0,-1.0
1,0.0,20.0,2,euclidean,brute,50,,-1.0
1,0.0,20.0,2,euclidean,brute,50,1.0,-1.0
1,0.0,20.0,2,euclidean,brute,50,2.0,-1.0
1,0.0,20.0,2,manhattan,auto,10,,-1.0
1,0.0,20.0,2,manhattan,auto,10,1.0,-1.0
1,0.0,20.0,2,manhattan,auto,10,2.0,-1.0
1,0.0,20.0,2,manhattan,auto,20,,-1.0
1,0.0,20.0,2,manhattan,auto,20,1.0,-1.0
1,0.0,20.0,2,manhattan,auto,20,2.0,-1.0
1,0.0,20.0,2,manhattan,auto,30,,-1.0
1,0.0,20.0,2,manhattan,auto,30,1.0,-1.0
1,0.0,20.0,2,manhattan,auto,30,2.0,-1.0
1,0.0,20.0,2,manhattan,auto,40,,-1.0
1,0.0,20.0,2,manhattan,auto,40,1.0,-1.0
1,0.0,20.0,2,manhattan,auto,40,2.0,-1.0
1,0.0,20.0,2,manhattan,auto,50,,-1.0
1,0.0,20.0,2,manhattan,auto,50,1.0,-1.0
1,0.0,20.0,2,manhattan,auto,50,2.0,-1.0
1,0.0,20.0,2,manhattan,ball_tree,10,,-1.0
1,0.0,20.0,2,manhattan,ball_tree,10,1.0,-1.0
1,0.0,20.0,2,manhattan,ball_tree,10,2.0,-1.0
1,0.0,20.0,2,manhattan,ball_tree,20,,-1.0
1,0.0,20.0,2,manhattan,ball_tree,20,1.0,-1.0
1,0.0,20.0,2,manhattan,ball_tree,20,2.0,-1.0
1,0.0,20.0,2,manhattan,ball_tree,30,,-1.0
1,0.0,20.0,2,manhattan,ball_tree,30,1.0,-1.0
1,0.0,20.0,2,manhattan,ball_tree,30,2.0,-1.0
1,0.0,20.0,2,manhattan,ball_tree,40,,-1.0
1,0.0,20.0,2,manhattan,ball_tree,40,1.0,-1.0
1,0.0,20.0,2,manhattan,ball_tree,40,2.0,-1.0
1,0.0,20.0,2,manhattan,ball_tree,50,,-1.0
1,0.0,20.0,2,manhattan,ball_tree,50,1.0,-1.0
1,0.0,20.0,2,manhattan,ball_tree,50,2.0,-1.0
1,0.0,20.0,2,manhattan,kd_tree,10,,-1.0
1,0.0,20.0,2,manhattan,kd_tree,10,1.0,-1.0
1,0.0,20.0,2,manhattan,kd_tree,10,2.0,-1.0
1,0.0,20.0,2,manhattan,kd_tree,20,,-1.0
1,0.0,20.0,2,manhattan,kd_tree,20,1.0,-1.0
1,0.0,20.0,2,manhattan,kd_tree,20,2.0,-1.0
1,0.0,20.0,2,manhattan,kd_tree,30,,-1.0
1,0.0,20.0,2,manhattan,kd_tree,30,1.0,-1.0
1,0.0,20.0,2,manhattan,kd_tree,30,2.0,-1.0
1,0.0,20.0,2,manhattan,kd_tree,40,,-1.0
1,0.0,20.0,2,manhattan,kd_tree,40,1.0,-1.0
1,0.0,20.0,2,manhattan,kd_tree,40,2.0,-1.0
1,0.0,20.0,2,manhattan,kd_tree,50,,-1.0
1,0.0,20.0,2,manhattan,kd_tree,50,1.0,-1.0
1,0.0,20.0,2,manhattan,kd_tree,50,2.0,-1.0
1,0.0,20.0,2,manhattan,brute,10,,-1.0
1,0.0,20.0,2,manhattan,brute,10,1.0,-1.0
1,0.0,20.0,2,manhattan,brute,10,2.0,-1.0
1,0.0,20.0,2,manhattan,brute,20,,-1.0
1,0.0,20.0,2,manhattan,brute,20,1.0,-1.0
1,0.0,20.0,2,manhattan,brute,20,2.0,-1.0
1,0.0,20.0,2,manhattan,brute,30,,-1.0
1,0.0,20.0,2,manhattan,brute,30,1.0,-1.0
1,0.0,20.0,2,manhattan,brute,30,2.0,-1.0
1,0.0,20.0,2,manhattan,brute,40,,-1.0
1,0.0,20.0,2,manhattan,brute,40,1.0,-1.0
1,0.0,20.0,2,manhattan,brute,40,2.0,-1.0
1,0.0,20.0,2,manhattan,brute,50,,-1.0
1,0.0,20.0,2,manhattan,brute,50,1.0,-1.0
1,0.0,20.0,2,manhattan,brute,50,2.0,-1.0
1,0.0,20.0,3,euclidean,auto,10,,-1.0
1,0.0,20.0,3,euclidean,auto,10,1.0,-1.0
1,0.0,20.0,3,euclidean,auto,10,2.0,-1.0
1,0.0,20.0,3,euclidean,auto,20,,-1.0
1,0.0,20.0,3,euclidean,auto,20,1.0,-1.0
1,0.0,20.0,3,euclidean,auto,20,2.0,-1.0
1,0.0,20.0,3,euclidean,auto,30,,-1.0
1,0.0,20.0,3,euclidean,auto,30,1.0,-1.0
1,0.0,20.0,3,euclidean,auto,30,2.0,-1.0
1,0.0,20.0,3,euclidean,auto,40,,-1.0
1,0.0,20.0,3,euclidean,auto,40,1.0,-1.0
1,0.0,20.0,3,euclidean,auto,40,2.0,-1.0
1,0.0,20.0,3,euclidean,auto,50,,-1.0
1,0.0,20.0,3,euclidean,auto,50,1.0,-1.0
1,0.0,20.0,3,euclidean,auto,50,2.0,-1.0
1,0.0,20.0,3,euclidean,ball_tree,10,,-1.0
1,0.0,20.0,3,euclidean,ball_tree,10,1.0,-1.0
1,0.0,20.0,3,euclidean,ball_tree,10,2.0,-1.0
1,0.0,20.0,3,euclidean,ball_tree,20,,-1.0
1,0.0,20.0,3,euclidean,ball_tree,20,1.0,-1.0
1,0.0,20.0,3,euclidean,ball_tree,20,2.0,-1.0
1,0.0,20.0,3,euclidean,ball_tree,30,,-1.0
1,0.0,20.0,3,euclidean,ball_tree,30,1.0,-1.0
1,0.0,20.0,3,euclidean,ball_tree,30,2.0,-1.0
1,0.0,20.0,3,euclidean,ball_tree,40,,-1.0
1,0.0,20.0,3,euclidean,ball_tree,40,1.0,-1.0
1,0.0,20.0,3,euclidean,ball_tree,40,2.0,-1.0
1,0.0,20.0,3,euclidean,ball_tree,50,,-1.0
1,0.0,20.0,3,euclidean,ball_tree,50,1.0,-1.0
1,0.0,20.0,3,euclidean,ball_tree,50,2.0,-1.0
1,0.0,20.0,3,euclidean,kd_tree,10,,-1.0
1,0.0,20.0,3,euclidean,kd_tree,10,1.0,-1.0
1,0.0,20.0,3,euclidean,kd_tree,10,2.0,-1.0
1,0.0,20.0,3,euclidean,kd_tree,20,,-1.0
1,0.0,20.0,3,euclidean,kd_tree,20,1.0,-1.0
1,0.0,20.0,3,euclidean,kd_tree,20,2.0,-1.0
1,0.0,20.0,3,euclidean,kd_tree,30,,-1.0
1,0.0,20.0,3,euclidean,kd_tree,30,1.0,-1.0
1,0.0,20.0,3,euclidean,kd_tree,30,2.0,-1.0
1,0.0,20.0,3,euclidean,kd_tree,40,,-1.0
1,0.0,20.0,3,euclidean,kd_tree,40,1.0,-1.0
1,0.0,20.0,3,euclidean,kd_tree,40,2.0,-1.0
1,0.0,20.0,3,euclidean,kd_tree,50,,-1.0
1,0.0,20.0,3,euclidean,kd_tree,50,1.0,-1.0
1,0.0,20.0,3,euclidean,kd_tree,50,2.0,-1.0
1,0.0,20.0,3,euclidean,brute,10,,-1.0
1,0.0,20.0,3,euclidean,brute,10,1.0,-1.0
1,0.0,20.0,3,euclidean,brute,10,2.0,-1.0
1,0.0,20.0,3,euclidean,brute,20,,-1.0
1,0.0,20.0,3,euclidean,brute,20,1.0,-1.0
1,0.0,20.0,3,euclidean,brute,20,2.0,-1.0
1,0.0,20.0,3,euclidean,brute,30,,-1.0
1,0.0,20.0,3,euclidean,brute,30,1.0,-1.0
1,0.0,20.0,3,euclidean,brute,30,2.0,-1.0
1,0.0,20.0,3,euclidean,brute,40,,-1.0
1,0.0,20.0,3,euclidean,brute,40,1.0,-1.0
1,0.0,20.0,3,euclidean,brute,40,2.0,-1.0
1,0.0,20.0,3,euclidean,brute,50,,-1.0
1,0.0,20.0,3,euclidean,brute,50,1.0,-1.0
1,0.0,20.0,3,euclidean,brute,50,2.0,-1.0
1,0.0,20.0,3,manhattan,auto,10,,-1.0
1,0.0,20.0,3,manhattan,auto,10,1.0,-1.0
1,0.0,20.0,3,manhattan,auto,10,2.0,-1.0
1,0.0,20.0,3,manhattan,auto,20,,-1.0
1,0.0,20.0,3,manhattan,auto,20,1.0,-1.0
1,0.0,20.0,3,manhattan,auto,20,2.0,-1.0
1,0.0,20.0,3,manhattan,auto,30,,-1.0
1,0.0,20.0,3,manhattan,auto,30,1.0,-1.0
1,0.0,20.0,3,manhattan,auto,30,2.0,-1.0
1,0.0,20.0,3,manhattan,auto,40,,-1.0
1,0.0,20.0,3,manhattan,auto,40,1.0,-1.0
1,0.0,20.0,3,manhattan,auto,40,2.0,-1.0
1,0.0,20.0,3,manhattan,auto,50,,-1.0
1,0.0,20.0,3,manhattan,auto,50,1.0,-1.0
1,0.0,20.0,3,manhattan,auto,50,2.0,-1.0
1,0.0,20.0,3,manhattan,ball_tree,10,,-1.0
1,0.0,20.0,3,manhattan,ball_tree,10,1.0,-1.0
1,0.0,20.0,3,manhattan,ball_tree,10,2.0,-1.0
1,0.0,20.0,3,manhattan,ball_tree,20,,-1.0
1,0.0,20.0,3,manhattan,ball_tree,20,1.0,-1.0
1,0.0,20.0,3,manhattan,ball_tree,20,2.0,-1.0
1,0.0,20.0,3,manhattan,ball_tree,30,,-1.0
1,0.0,20.0,3,manhattan,ball_tree,30,1.0,-1.0
1,0.0,20.0,3,manhattan,ball_tree,30,2.0,-1.0
1,0.0,20.0,3,manhattan,ball_tree,40,,-1.0
1,0.0,20.0,3,manhattan,ball_tree,40,1.0,-1.0
1,0.0,20.0,3,manhattan,ball_tree,40,2.0,-1.0
1,0.0,20.0,3,manhattan,ball_tree,50,,-1.0
1,0.0,20.0,3,manhattan,ball_tree,50,1.0,-1.0
1,0.0,20.0,3,manhattan,ball_tree,50,2.0,-1.0
1,0.0,20.0,3,manhattan,kd_tree,10,,-1.0
1,0.0,20.0,3,manhattan,kd_tree,10,1.0,-1.0
1,0.0,20.0,3,manhattan,kd_tree,10,2.0,-1.0
1,0.0,20.0,3,manhattan,kd_tree,20,,-1.0
1,0.0,20.0,3,manhattan,kd_tree,20,1.0,-1.0
1,0.0,20.0,3,manhattan,kd_tree,20,2.0,-1.0
1,0.0,20.0,3,manhattan,kd_tree,30,,-1.0
1,0.0,20.0,3,manhattan,kd_tree,30,1.0,-1.0
1,0.0,20.0,3,manhattan,kd_tree,30,2.0,-1.0
1,0.0,20.0,3,manhattan,kd_tree,40,,-1.0
1,0.0,20.0,3,manhattan,kd_tree,40,1.0,-1.0
1,0.0,20.0,3,manhattan,kd_tree,40,2.0,-1.0
1,0.0,20.0,3,manhattan,kd_tree,50,,-1.0
1,0.0,20.0,3,manhattan,kd_tree,50,1.0,-1.0
1,0.0,20.0,3,manhattan,kd_tree,50,2.0,-1.0
1,0.0,20.0,3,manhattan,brute,10,,-1.0
1,0.0,20.0,3,manhattan,brute,10,1.0,-1.0
1,0.0,20.0,3,manhattan,brute,10,2.0,-1.0
1,0.0,20.0,3,manhattan,brute,20,,-1.0
1,0.0,20.0,3,manhattan,brute,20,1.0,-1.0
1,0.0,20.0,3,manhattan,brute,20,2.0,-1.0
1,0.0,20.0,3,manhattan,brute,30,,-1.0
1,0.0,20.0,3,manhattan,brute,30,1.0,-1.0
1,0.0,20.0,3,manhattan,brute,30,2.0,-1.0
1,0.0,20.0,3,manhattan,brute,40,,-1.0
1,0.0,20.0,3,manhattan,brute,40,1.0,-1.0
1,0.0,20.0,3,manhattan,brute,40,2.0,-1.0
1,0.0,20.0,3,manhattan,brute,50,,-1.0
1,0.0,20.0,3,manhattan,brute,50,1.0,-1.0
1,0.0,20.0,3,manhattan,brute,50,2.0,-1.0
1,0.0,20.0,4,euclidean,auto,10,,-1.0
1,0.0,20.0,4,euclidean,auto,10,1.0,-1.0
1,0.0,20.0,4,euclidean,auto,10,2.0,-1.0
1,0.0,20.0,4,euclidean,auto,20,,-1.0
1,0.0,20.0,4,euclidean,auto,20,1.0,-1.0
1,0.0,20.0,4,euclidean,auto,20,2.0,-1.0
1,0.0,20.0,4,euclidean,auto,30,,-1.0
1,0.0,20.0,4,euclidean,auto,30,1.0,-1.0
1,0.0,20.0,4,euclidean,auto,30,2.0,-1.0
1,0.0,20.0,4,euclidean,auto,40,,-1.0
1,0.0,20.0,4,euclidean,auto,40,1.0,-1.0
1,0.0,20.0,4,euclidean,auto,40,2.0,-1.0
1,0.0,20.0,4,euclidean,auto,50,,-1.0
1,0.0,20.0,4,euclidean,auto,50,1.0,-1.0
1,0.0,20.0,4,euclidean,auto,50,2.0,-1.0
1,0.0,20.0,4,euclidean,ball_tree,10,,-1.0
1,0.0,20.0,4,euclidean,ball_tree,10,1.0,-1.0
1,0.0,20.0,4,euclidean,ball_tree,10,2.0,-1.0
1,0.0,20.0,4,euclidean,ball_tree,20,,-1.0
1,0.0,20.0,4,euclidean,ball_tree,20,1.0,-1.0
1,0.0,20.0,4,euclidean,ball_tree,20,2.0,-1.0
1,0.0,20.0,4,euclidean,ball_tree,30,,-1.0
1,0.0,20.0,4,euclidean,ball_tree,30,1.0,-1.0
1,0.0,20.0,4,euclidean,ball_tree,30,2.0,-1.0
1,0.0,20.0,4,euclidean,ball_tree,40,,-1.0
1,0.0,20.0,4,euclidean,ball_tree,40,1.0,-1.0
1,0.0,20.0,4,euclidean,ball_tree,40,2.0,-1.0
1,0.0,20.0,4,euclidean,ball_tree,50,,-1.0
1,0.0,20.0,4,euclidean,ball_tree,50,1.0,-1.0
1,0.0,20.0,4,euclidean,ball_tree,50,2.0,-1.0
1,0.0,20.0,4,euclidean,kd_tree,10,,-1.0
1,0.0,20.0,4,euclidean,kd_tree,10,1.0,-1.0
1,0.0,20.0,4,euclidean,kd_tree,10,2.0,-1.0
1,0.0,20.0,4,euclidean,kd_tree,20,,-1.0
1,0.0,20.0,4,euclidean,kd_tree,20,1.0,-1.0
1,0.0,20.0,4,euclidean,kd_tree,20,2.0,-1.0
1,0.0,20.0,4,euclidean,kd_tree,30,,-1.0
1,0.0,20.0,4,euclidean,kd_tree,30,1.0,-1.0
1,0.0,20.0,4,euclidean,kd_tree,30,2.0,-1.0
1,0.0,20.0,4,euclidean,kd_tree,40,,-1.0
1,0.0,20.0,4,euclidean,kd_tree,40,1.0,-1.0
1,0.0,20.0,4,euclidean,kd_tree,40,2.0,-1.0
1,0.0,20.0,4,euclidean,kd_tree,50,,-1.0
1,0.0,20.0,4,euclidean,kd_tree,50,1.0,-1.0
1,0.0,20.0,4,euclidean,kd_tree,50,2.0,-1.0
1,0.0,20.0,4,euclidean,brute,10,,-1.0
1,0.0,20.0,4,euclidean,brute,10,1.0,-1.0
1,0.0,20.0,4,euclidean,brute,10,2.0,-1.0
1,0.0,20.0,4,euclidean,brute,20,,-1.0
1,0.0,20.0,4,euclidean,brute,20,1.0,-1.0
1,0.0,20.0,4,euclidean,brute,20,2.0,-1.0
1,0.0,20.0,4,euclidean,brute,30,,-1.0
1,0.0,20.0,4,euclidean,brute,30,1.0,-1.0
1,0.0,20.0,4,euclidean,brute,30,2.0,-1.0
1,0.0,20.0,4,euclidean,brute,40,,-1.0
1,0.0,20.0,4,euclidean,brute,40,1.0,-1.0
1,0.0,20.0,4,euclidean,brute,40,2.0,-1.0
1,0.0,20.0,4,euclidean,brute,50,,-1.0
1,0.0,20.0,4,euclidean,brute,50,1.0,-1.0
1,0.0,20.0,4,euclidean,brute,50,2.0,-1.0
1,0.0,20.0,4,manhattan,auto,10,,-1.0
1,0.0,20.0,4,manhattan,auto,10,1.0,-1.0
1,0.0,20.0,4,manhattan,auto,10,2.0,-1.0
1,0.0,20.0,4,manhattan,auto,20,,-1.0
1,0.0,20.0,4,manhattan,auto,20,1.0,-1.0
1,0.0,20.0,4,manhattan,auto,20,2.0,-1.0
1,0.0,20.0,4,manhattan,auto,30,,-1.0
1,0.0,20.0,4,manhattan,auto,30,1.0,-1.0
1,0.0,20.0,4,manhattan,auto,30,2.0,-1.0
1,0.0,20.0,4,manhattan,auto,40,,-1.0
1,0.0,20.0,4,manhattan,auto,40,1.0,-1.0
1,0.0,20.0,4,manhattan,auto,40,2.0,-1.0
1,0.0,20.0,4,manhattan,auto,50,,-1.0
1,0.0,20.0,4,manhattan,auto,50,1.0,-1.0
1,0.0,20.0,4,manhattan,auto,50,2.0,-1.0
1,0.0,20.0,4,manhattan,ball_tree,10,,-1.0
1,0.0,20.0,4,manhattan,ball_tree,10,1.0,-1.0
1,0.0,20.0,4,manhattan,ball_tree,10,2.0,-1.0
1,0.0,20.0,4,manhattan,ball_tree,20,,-1.0
1,0.0,20.0,4,manhattan,ball_tree,20,1.0,-1.0
1,0.0,20.0,4,manhattan,ball_tree,20,2.0,-1.0
1,0.0,20.0,4,manhattan,ball_tree,30,,-1.0
1,0.0,20.0,4,manhattan,ball_tree,30,1.0,-1.0
1,0.0,20.0,4,manhattan,ball_tree,30,2.0,-1.0
1,0.0,20.0,4,manhattan,ball_tree,40,,-1.0
1,0.0,20.0,4,manhattan,ball_tree,40,1.0,-1.0
1,0.0,20.0,4,manhattan,ball_tree,40,2.0,-1.0
1,0.0,20.0,4,manhattan,ball_tree,50,,-1.0
1,0.0,20.0,4,manhattan,ball_tree,50,1.0,-1.0
1,0.0,20.0,4,manhattan,ball_tree,50,2.0,-1.0
1,0.0,20.0,4,manhattan,kd_tree,10,,-1.0
1,0.0,20.0,4,manhattan,kd_tree,10,1.0,-1.0
1,0.0,20.0,4,manhattan,kd_tree,10,2.0,-1.0
1,0.0,20.0,4,manhattan,kd_tree,20,,-1.0
1,0.0,20.0,4,manhattan,kd_tree,20,1.0,-1.0
1,0.0,20.0,4,manhattan,kd_tree,20,2.0,-1.0
1,0.0,20.0,4,manhattan,kd_tree,30,,-1.0
1,0.0,20.0,4,manhattan,kd_tree,30,1.0,-1.0
1,0.0,20.0,4,manhattan,kd_tree,30,2.0,-1.0
1,0.0,20.0,4,manhattan,kd_tree,40,,-1.0
1,0.0,20.0,4,manhattan,kd_tree,40,1.0,-1.0
1,0.0,20.0,4,manhattan,kd_tree,40,2.0,-1.0
1,0.0,20.0,4,manhattan,kd_tree,50,,-1.0
1,0.0,20.0,4,manhattan,kd_tree,50,1.0,-1.0
1,0.0,20.0,4,manhattan,kd_tree,50,2.0,-1.0
1,0.0,20.0,4,manhattan,brute,10,,-1.0
1,0.0,20.0,4,manhattan,brute,10,1.0,-1.0
1,0.0,20.0,4,manhattan,brute,10,2.0,-1.0
1,0.0,20.0,4,manhattan,brute,20,,-1.0
1,0.0,20.0,4,manhattan,brute,20,1.0,-1.0
1,0.0,20.0,4,manhattan,brute,20,2.0,-1.0
1,0.0,20.0,4,manhattan,brute,30,,-1.0
1,0.0,20.0,4,manhattan,brute,30,1.0,-1.0
1,0.0,20.0,4,manhattan,brute,30,2.0,-1.0
1,0.0,20.0,4,manhattan,brute,40,,-1.0
1,0.0,20.0,4,manhattan,brute,40,1.0,-1.0
1,0.0,20.0,4,manhattan,brute,40,2.0,-1.0
1,0.0,20.0,4,manhattan,brute,50,,-1.0
1,0.0,20.0,4,manhattan,brute,50,1.0,-1.0
1,0.0,20.0,4,manhattan,brute,50,2.0,-1.0
1,0.0,20.0,5,euclidean,auto,10,,-1.0
1,0.0,20.0,5,euclidean,auto,10,1.0,-1.0
1,0.0,20.0,5,euclidean,auto,10,2.0,-1.0
1,0.0,20.0,5,euclidean,auto,20,,-1.0
1,0.0,20.0,5,euclidean,auto,20,1.0,-1.0
1,0.0,20.0,5,euclidean,auto,20,2.0,-1.0
1,0.0,20.0,5,euclidean,auto,30,,-1.0
1,0.0,20.0,5,euclidean,auto,30,1.0,-1.0
1,0.0,20.0,5,euclidean,auto,30,2.0,-1.0
1,0.0,20.0,5,euclidean,auto,40,,-1.0
1,0.0,20.0,5,euclidean,auto,40,1.0,-1.0
1,0.0,20.0,5,euclidean,auto,40,2.0,-1.0
1,0.0,20.0,5,euclidean,auto,50,,-1.0
1,0.0,20.0,5,euclidean,auto,50,1.0,-1.0
1,0.0,20.0,5,euclidean,auto,50,2.0,-1.0
1,0.0,20.0,5,euclidean,ball_tree,10,,-1.0
1,0.0,20.0,5,euclidean,ball_tree,10,1.0,-1.0
1,0.0,20.0,5,euclidean,ball_tree,10,2.0,-1.0
1,0.0,20.0,5,euclidean,ball_tree,20,,-1.0
1,0.0,20.0,5,euclidean,ball_tree,20,1.0,-1.0
1,0.0,20.0,5,euclidean,ball_tree,20,2.0,-1.0
1,0.0,20.0,5,euclidean,ball_tree,30,,-1.0
1,0.0,20.0,5,euclidean,ball_tree,30,1.0,-1.0
1,0.0,20.0,5,euclidean,ball_tree,30,2.0,-1.0
1,0.0,20.0,5,euclidean,ball_tree,40,,-1.0
1,0.0,20.0,5,euclidean,ball_tree,40,1.0,-1.0
1,0.0,20.0,5,euclidean,ball_tree,40,2.0,-1.0
1,0.0,20.0,5,euclidean,ball_tree,50,,-1.0
1,0.0,20.0,5,euclidean,ball_tree,50,1.0,-1.0
1,0.0,20.0,5,euclidean,ball_tree,50,2.0,-1.0
1,0.0,20.0,5,euclidean,kd_tree,10,,-1.0
1,0.0,20.0,5,euclidean,kd_tree,10,1.0,-1.0
1,0.0,20.0,5,euclidean,kd_tree,10,2.0,-1.0
1,0.0,20.0,5,euclidean,kd_tree,20,,-1.0
1,0.0,20.0,5,euclidean,kd_tree,20,1.0,-1.0
1,0.0,20.0,5,euclidean,kd_tree,20,2.0,-1.0
1,0.0,20.0,5,euclidean,kd_tree,30,,-1.0
1,0.0,20.0,5,euclidean,kd_tree,30,1.0,-1.0
1,0.0,20.0,5,euclidean,kd_tree,30,2.0,-1.0
1,0.0,20.0,5,euclidean,kd_tree,40,,-1.0
1,0.0,20.0,5,euclidean,kd_tree,40,1.0,-1.0
1,0.0,20.0,5,euclidean,kd_tree,40,2.0,-1.0
1,0.0,20.0,5,euclidean,kd_tree,50,,-1.0
1,0.0,20.0,5,euclidean,kd_tree,50,1.0,-1.0
1,0.0,20.0,5,euclidean,kd_tree,50,2.0,-1.0
1,0.0,20.0,5,euclidean,brute,10,,-1.0
1,0.0,20.0,5,euclidean,brute,10,1.0,-1.0
1,0.0,20.0,5,euclidean,brute,10,2.0,-1.0
1,0.0,20.0,5,euclidean,brute,20,,-1.0
1,0.0,20.0,5,euclidean,brute,20,1.0,-1.0
1,0.0,20.0,5,euclidean,brute,20,2.0,-1.0
1,0.0,20.0,5,euclidean,brute,30,,-1.0
1,0.0,20.0,5,euclidean,brute,30,1.0,-1.0
1,0.0,20.0,5,euclidean,brute,30,2.0,-1.0
1,0.0,20.0,5,euclidean,brute,40,,-1.0
1,0.0,20.0,5,euclidean,brute,40,1.0,-1.0
1,0.0,20.0,5,euclidean,brute,40,2.0,-1.0
1,0.0,20.0,5,euclidean,brute,50,,-1.0
1,0.0,20.0,5,euclidean,brute,50,1.0,-1.0
1,0.0,20.0,5,euclidean,brute,50,2.0,-1.0
1,0.0,20.0,5,manhattan,auto,10,,-1.0
1,0.0,20.0,5,manhattan,auto,10,1.0,-1.0
1,0.0,20.0,5,manhattan,auto,10,2.0,-1.0
1,0.0,20.0,5,manhattan,auto,20,,-1.0
1,0.0,20.0,5,manhattan,auto,20,1.0,-1.0
1,0.0,20.0,5,manhattan,auto,20,2.0,-1.0
1,0.0,20.0,5,manhattan,auto,30,,-1.0
1,0.0,20.0,5,manhattan,auto,30,1.0,-1.0
1,0.0,20.0,5,manhattan,auto,30,2.0,-1.0
1,0.0,20.0,5,manhattan,auto,40,,-1.0
1,0.0,20.0,5,manhattan,auto,40,1.0,-1.0
1,0.0,20.0,5,manhattan,auto,40,2.0,-1.0
1,0.0,20.0,5,manhattan,auto,50,,-1.0
1,0.0,20.0,5,manhattan,auto,50,1.0,-1.0
1,0.0,20.0,5,manhattan,auto,50,2.0,-1.0
1,0.0,20.0,5,manhattan,ball_tree,10,,-1.0
1,0.0,20.0,5,manhattan,ball_tree,10,1.0,-1.0
1,0.0,20.0,5,manhattan,ball_tree,10,2.0,-1.0
1,0.0,20.0,5,manhattan,ball_tree,20,,-1.0
1,0.0,20.0,5,manhattan,ball_tree,20,1.0,-1.0
1,0.0,20.0,5,manhattan,ball_tree,20,2.0,-1.0
1,0.0,20.0,5,manhattan,ball_tree,30,,-1.0
1,0.0,20.0,5,manhattan,ball_tree,30,1.0,-1.0
1,0.0,20.0,5,manhattan,ball_tree,30,2.0,-1.0
1,0.0,20.0,5,manhattan,ball_tree,40,,-1.0
1,0.0,20.0,5,manhattan,ball_tree,40,1.0,-1.0
1,0.0,20.0,5,manhattan,ball_tree,40,2.0,-1.0
1,0.0,20.0,5,manhattan,ball_tree,50,,-1.0
1,0.0,20.0,5,manhattan,ball_tree,50,1.0,-1.0
1,0.0,20.0,5,manhattan,ball_tree,50,2.0,-1.0
1,0.0,20.0,5,manhattan,kd_tree,10,,-1.0
1,0.0,20.0,5,manhattan,kd_tree,10,1.0,-1.0
1,0.0,20.0,5,manhattan,kd_tree,10,2.0,-1.0
1,0.0,20.0,5,manhattan,kd_tree,20,,-1.0
1,0.0,20.0,5,manhattan,kd_tree,20,1.0,-1.0
1,0.0,20.0,5,manhattan,kd_tree,20,2.0,-1.0
1,0.0,20.0,5,manhattan,kd_tree,30,,-1.0
1,0.0,20.0,5,manhattan,kd_tree,30,1.0,-1.0
1,0.0,20.0,5,manhattan,kd_tree,30,2.0,-1.0
1,0.0,20.0,5,manhattan,kd_tree,40,,-1.0
1,0.0,20.0,5,manhattan,kd_tree,40,1.0,-1.0
1,0.0,20.0,5,manhattan,kd_tree,40,2.0,-1.0
1,0.0,20.0,5,manhattan,kd_tree,50,,-1.0
1,0.0,20.0,5,manhattan,kd_tree,50,1.0,-1.0
1,0.0,20.0,5,manhattan,kd_tree,50,2.0,-1.0
1,0.0,20.0,5,manhattan,brute,10,,-1.0
1,0.0,20.0,5,manhattan,brute,10,1.0,-1.0
1,0.0,20.0,5,manhattan,brute,10,2.0,-1.0
1,0.0,20.0,5,manhattan,brute,20,,-1.0
1,0.0,20.0,5,manhattan,brute,20,1.0,-1.0
1,0.0,20.0,5,manhattan,brute,20,2.0,-1.0
1,0.0,20.0,5,manhattan,brute,30,,-1.0
1,0.0,20.0,5,manhattan,brute,30,1.0,-1.0
1,0.0,20.0,5,manhattan,brute,30,2.0,-1.0
1,0.0,20.0,5,manhattan,brute,40,,-1.0
1,0.0,20.0,5,manhattan,brute,40,1.0,-1.0
1,0.0,20.0,5,manhattan,brute,40,2.0,-1.0
1,0.0,20.0,5,manhattan,brute,50,,-1.0
1,0.0,20.0,5,manhattan,brute,50,1.0,-1.0
1,0.0,20.0,5,manhattan,brute,50,2.0,-1.0
1,0.0,20.0,6,euclidean,auto,10,,-1.0
1,0.0,20.0,6,euclidean,auto,10,1.0,-1.0
1,0.0,20.0,6,euclidean,auto,10,2.0,-1.0
1,0.0,20.0,6,euclidean,auto,20,,-1.0
1,0.0,20.0,6,euclidean,auto,20,1.0,-1.0
1,0.0,20.0,6,euclidean,auto,20,2.0,-1.0
1,0.0,20.0,6,euclidean,auto,30,,-1.0
1,0.0,20.0,6,euclidean,auto,30,1.0,-1.0
1,0.0,20.0,6,euclidean,auto,30,2.0,-1.0
1,0.0,20.0,6,euclidean,auto,40,,-1.0
1,0.0,20.0,6,euclidean,auto,40,1.0,-1.0
1,0.0,20.0,6,euclidean,auto,40,2.0,-1.0
1,0.0,20.0,6,euclidean,auto,50,,-1.0
1,0.0,20.0,6,euclidean,auto,50,1.0,-1.0
1,0.0,20.0,6,euclidean,auto,50,2.0,-1.0
1,0.0,20.0,6,euclidean,ball_tree,10,,-1.0
1,0.0,20.0,6,euclidean,ball_tree,10,1.0,-1.0
1,0.0,20.0,6,euclidean,ball_tree,10,2.0,-1.0
1,0.0,20.0,6,euclidean,ball_tree,20,,-1.0
1,0.0,20.0,6,euclidean,ball_tree,20,1.0,-1.0
1,0.0,20.0,6,euclidean,ball_tree,20,2.0,-1.0
1,0.0,20.0,6,euclidean,ball_tree,30,,-1.0
1,0.0,20.0,6,euclidean,ball_tree,30,1.0,-1.0
1,0.0,20.0,6,euclidean,ball_tree,30,2.0,-1.0
1,0.0,20.0,6,euclidean,ball_tree,40,,-1.0
1,0.0,20.0,6,euclidean,ball_tree,40,1.0,-1.0
1,0.0,20.0,6,euclidean,ball_tree,40,2.0,-1.0
1,0.0,20.0,6,euclidean,ball_tree,50,,-1.0
1,0.0,20.0,6,euclidean,ball_tree,50,1.0,-1.0
1,0.0,20.0,6,euclidean,ball_tree,50,2.0,-1.0
1,0.0,20.0,6,euclidean,kd_tree,10,,-1.0
1,0.0,20.0,6,euclidean,kd_tree,10,1.0,-1.0
1,0.0,20.0,6,euclidean,kd_tree,10,2.0,-1.0
1,0.0,20.0,6,euclidean,kd_tree,20,,-1.0
1,0.0,20.0,6,euclidean,kd_tree,20,1.0,-1.0
1,0.0,20.0,6,euclidean,kd_tree,20,2.0,-1.0
1,0.0,20.0,6,euclidean,kd_tree,30,,-1.0
1,0.0,20.0,6,euclidean,kd_tree,30,1.0,-1.0
1,0.0,20.0,6,euclidean,kd_tree,30,2.0,-1.0
1,0.0,20.0,6,euclidean,kd_tree,40,,-1.0
1,0.0,20.0,6,euclidean,kd_tree,40,1.0,-1.0
1,0.0,20.0,6,euclidean,kd_tree,40,2.0,-1.0
1,0.0,20.0,6,euclidean,kd_tree,50,,-1.0
1,0.0,20.0,6,euclidean,kd_tree,50,1.0,-1.0
1,0.0,20.0,6,euclidean,kd_tree,50,2.0,-1.0
1,0.0,20.0,6,euclidean,brute,10,,-1.0
1,0.0,20.0,6,euclidean,brute,10,1.0,-1.0
1,0.0,20.0,6,euclidean,brute,10,2.0,-1.0
1,0.0,20.0,6,euclidean,brute,20,,-1.0
1,0.0,20.0,6,euclidean,brute,20,1.0,-1.0
1,0.0,20.0,6,euclidean,brute,20,2.0,-1.0
1,0.0,20.0,6,euclidean,brute,30,,-1.0
1,0.0,20.0,6,euclidean,brute,30,1.0,-1.0
1,0.0,20.0,6,euclidean,brute,30,2.0,-1.0
1,0.0,20.0,6,euclidean,brute,40,,-1.0
1,0.0,20.0,6,euclidean,brute,40,1.0,-1.0
1,0.0,20.0,6,euclidean,brute,40,2.0,-1.0
1,0.0,20.0,6,euclidean,brute,50,,-1.0
1,0.0,20.0,6,euclidean,brute,50,1.0,-1.0
1,0.0,20.0,6,euclidean,brute,50,2.0,-1.0
1,0.0,20.0,6,manhattan,auto,10,,-1.0
1,0.0,20.0,6,manhattan,auto,10,1.0,-1.0
1,0.0,20.0,6,manhattan,auto,10,2.0,-1.0
1,0.0,20.0,6,manhattan,auto,20,,-1.0
1,0.0,20.0,6,manhattan,auto,20,1.0,-1.0
1,0.0,20.0,6,manhattan,auto,20,2.0,-1.0
1,0.0,20.0,6,manhattan,auto,30,,-1.0
1,0.0,20.0,6,manhattan,auto,30,1.0,-1.0
1,0.0,20.0,6,manhattan,auto,30,2.0,-1.0
1,0.0,20.0,6,manhattan,auto,40,,-1.0
1,0.0,20.0,6,manhattan,auto,40,1.0,-1.0
1,0.0,20.0,6,manhattan,auto,40,2.0,-1.0
1,0.0,20.0,6,manhattan,auto,50,,-1.0
1,0.0,20.0,6,manhattan,auto,50,1.0,-1.0
1,0.0,20.0,6,manhattan,auto,50,2.0,-1.0
1,0.0,20.0,6,manhattan,ball_tree,10,,-1.0
1,0.0,20.0,6,manhattan,ball_tree,10,1.0,-1.0
1,0.0,20.0,6,manhattan,ball_tree,10,2.0,-1.0
1,0.0,20.0,6,manhattan,ball_tree,20,,-1.0
1,0.0,20.0,6,manhattan,ball_tree,20,1.0,-1.0
1,0.0,20.0,6,manhattan,ball_tree,20,2.0,-1.0
1,0.0,20.0,6,manhattan,ball_tree,30,,-1.0
1,0.0,20.0,6,manhattan,ball_tree,30,1.0,-1.0
1,0.0,20.0,6,manhattan,ball_tree,30,2.0,-1.0
1,0.0,20.0,6,manhattan,ball_tree,40,,-1.0
1,0.0,20.0,6,manhattan,ball_tree,40,1.0,-1.0
1,0.0,20.0,6,manhattan,ball_tree,40,2.0,-1.0
1,0.0,20.0,6,manhattan,ball_tree,50,,-1.0
1,0.0,20.0,6,manhattan,ball_tree,50,1.0,-1.0
1,0.0,20.0,6,manhattan,ball_tree,50,2.0,-1.0
1,0.0,20.0,6,manhattan,kd_tree,10,,-1.0
1,0.0,20.0,6,manhattan,kd_tree,10,1.0,-1.0
1,0.0,20.0,6,manhattan,kd_tree,10,2.0,-1.0
1,0.0,20.0,6,manhattan,kd_tree,20,,-1.0
1,0.0,20.0,6,manhattan,kd_tree,20,1.0,-1.0
1,0.0,20.0,6,manhattan,kd_tree,20,2.0,-1.0
1,0.0,20.0,6,manhattan,kd_tree,30,,-1.0
1,0.0,20.0,6,manhattan,kd_tree,30,1.0,-1.0
1,0.0,20.0,6,manhattan,kd_tree,30,2.0,-1.0
1,0.0,20.0,6,manhattan,kd_tree,40,,-1.0
1,0.0,20.0,6,manhattan,kd_tree,40,1.0,-1.0
1,0.0,20.0,6,manhattan,kd_tree,40,2.0,-1.0
1,0.0,20.0,6,manhattan,kd_tree,50,,-1.0
1,0.0,20.0,6,manhattan,kd_tree,50,1.0,-1.0
1,0.0,20.0,6,manhattan,kd_tree,50,2.0,-1.0
1,0.0,20.0,6,manhattan,brute,10,,-1.0
1,0.0,20.0,6,manhattan,brute,10,1.0,-1.0
1,0.0,20.0,6,manhattan,brute,10,2.0,-1.0
1,0.0,20.0,6,manhattan,brute,20,,-1.0
1,0.0,20.0,6,manhattan,brute,20,1.0,-1.0
1,0.0,20.0,6,manhattan,brute,20,2.0,-1.0
1,0.0,20.0,6,manhattan,brute,30,,-1.0
1,0.0,20.0,6,manhattan,brute,30,1.0,-1.0
1,0.0,20.0,6,manhattan,brute,30,2.0,-1.0
1,0.0,20.0,6,manhattan,brute,40,,-1.0
1,0.0,20.0,6,manhattan,brute,40,1.0,-1.0
1,0.0,20.0,6,manhattan,brute,40,2.0,-1.0
1,0.0,20.0,6,manhattan,brute,50,,-1.0
1,0.0,20.0,6,manhattan,brute,50,1.0,-1.0
1,0.0,20.0,6,manhattan,brute,50,2.0,-1.0
1,0.0,20.0,7,euclidean,auto,10,,-1.0
1,0.0,20.0,7,euclidean,auto,10,1.0,-1.0
1,0.0,20.0,7,euclidean,auto,10,2.0,-1.0
1,0.0,20.0,7,euclidean,auto,20,,-1.0
1,0.0,20.0,7,euclidean,auto,20,1.0,-1.0
1,0.0,20.0,7,euclidean,auto,20,2.0,-1.0
1,0.0,20.0,7,euclidean,auto,30,,-1.0
1,0.0,20.0,7,euclidean,auto,30,1.0,-1.0
1,0.0,20.0,7,euclidean,auto,30,2.0,-1.0
1,0.0,20.0,7,euclidean,auto,40,,-1.0
1,0.0,20.0,7,euclidean,auto,40,1.0,-1.0
1,0.0,20.0,7,euclidean,auto,40,2.0,-1.0
1,0.0,20.0,7,euclidean,auto,50,,-1.0
1,0.0,20.0,7,euclidean,auto,50,1.0,-1.0
1,0.0,20.0,7,euclidean,auto,50,2.0,-1.0
1,0.0,20.0,7,euclidean,ball_tree,10,,-1.0
1,0.0,20.0,7,euclidean,ball_tree,10,1.0,-1.0
1,0.0,20.0,7,euclidean,ball_tree,10,2.0,-1.0
1,0.0,20.0,7,euclidean,ball_tree,20,,-1.0
1,0.0,20.0,7,euclidean,ball_tree,20,1.0,-1.0
1,0.0,20.0,7,euclidean,ball_tree,20,2.0,-1.0
1,0.0,20.0,7,euclidean,ball_tree,30,,-1.0
1,0.0,20.0,7,euclidean,ball_tree,30,1.0,-1.0
1,0.0,20.0,7,euclidean,ball_tree,30,2.0,-1.0
1,0.0,20.0,7,euclidean,ball_tree,40,,-1.0
1,0.0,20.0,7,euclidean,ball_tree,40,1.0,-1.0
1,0.0,20.0,7,euclidean,ball_tree,40,2.0,-1.0
1,0.0,20.0,7,euclidean,ball_tree,50,,-1.0
1,0.0,20.0,7,euclidean,ball_tree,50,1.0,-1.0
1,0.0,20.0,7,euclidean,ball_tree,50,2.0,-1.0
1,0.0,20.0,7,euclidean,kd_tree,10,,-1.0
1,0.0,20.0,7,euclidean,kd_tree,10,1.0,-1.0
1,0.0,20.0,7,euclidean,kd_tree,10,2.0,-1.0
1,0.0,20.0,7,euclidean,kd_tree,20,,-1.0
1,0.0,20.0,7,euclidean,kd_tree,20,1.0,-1.0
1,0.0,20.0,7,euclidean,kd_tree,20,2.0,-1.0
1,0.0,20.0,7,euclidean,kd_tree,30,,-1.0
1,0.0,20.0,7,euclidean,kd_tree,30,1.0,-1.0
1,0.0,20.0,7,euclidean,kd_tree,30,2.0,-1.0
1,0.0,20.0,7,euclidean,kd_tree,40,,-1.0
1,0.0,20.0,7,euclidean,kd_tree,40,1.0,-1.0
1,0.0,20.0,7,euclidean,kd_tree,40,2.0,-1.0
1,0.0,20.0,7,euclidean,kd_tree,50,,-1.0
1,0.0,20.0,7,euclidean,kd_tree,50,1.0,-1.0
1,0.0,20.0,7,euclidean,kd_tree,50,2.0,-1.0
1,0.0,20.0,7,euclidean,brute,10,,-1.0
1,0.0,20.0,7,euclidean,brute,10,1.0,-1.0
1,0.0,20.0,7,euclidean,brute,10,2.0,-1.0
1,0.0,20.0,7,euclidean,brute,20,,-1.0
1,0.0,20.0,7,euclidean,brute,20,1.0,-1.0
1,0.0,20.0,7,euclidean,brute,20,2.0,-1.0
1,0.0,20.0,7,euclidean,brute,30,,-1.0
1,0.0,20.0,7,euclidean,brute,30,1.0,-1.0
1,0.0,20.0,7,euclidean,brute,30,2.0,-1.0
1,0.0,20.0,7,euclidean,brute,40,,-1.0
1,0.0,20.0,7,euclidean,brute,40,1.0,-1.0
1,0.0,20.0,7,euclidean,brute,40,2.0,-1.0
1,0.0,20.0,7,euclidean,brute,50,,-1.0
1,0.0,20.0,7,euclidean,brute,50,1.0,-1.0
1,0.0,20.0,7,euclidean,brute,50,2.0,-1.0
1,0.0,20.0,7,manhattan,auto,10,,-1.0
1,0.0,20.0,7,manhattan,auto,10,1.0,-1.0
1,0.0,20.0,7,manhattan,auto,10,2.0,-1.0
1,0.0,20.0,7,manhattan,auto,20,,-1.0
1,0.0,20.0,7,manhattan,auto,20,1.0,-1.0
1,0.0,20.0,7,manhattan,auto,20,2.0,-1.0
1,0.0,20.0,7,manhattan,auto,30,,-1.0
1,0.0,20.0,7,manhattan,auto,30,1.0,-1.0
1,0.0,20.0,7,manhattan,auto,30,2.0,-1.0
1,0.0,20.0,7,manhattan,auto,40,,-1.0
1,0.0,20.0,7,manhattan,auto,40,1.0,-1.0
1,0.0,20.0,7,manhattan,auto,40,2.0,-1.0
1,0.0,20.0,7,manhattan,auto,50,,-1.0
1,0.0,20.0,7,manhattan,auto,50,1.0,-1.0
1,0.0,20.0,7,manhattan,auto,50,2.0,-1.0
1,0.0,20.0,7,manhattan,ball_tree,10,,-1.0
1,0.0,20.0,7,manhattan,ball_tree,10,1.0,-1.0
1,0.0,20.0,7,manhattan,ball_tree,10,2.0,-1.0
1,0.0,20.0,7,manhattan,ball_tree,20,,-1.0
1,0.0,20.0,7,manhattan,ball_tree,20,1.0,-1.0
1,0.0,20.0,7,manhattan,ball_tree,20,2.0,-1.0
1,0.0,20.0,7,manhattan,ball_tree,30,,-1.0
1,0.0,20.0,7,manhattan,ball_tree,30,1.0,-1.0
1,0.0,20.0,7,manhattan,ball_tree,30,2.0,-1.0
1,0.0,20.0,7,manhattan,ball_tree,40,,-1.0
1,0.0,20.0,7,manhattan,ball_tree,40,1.0,-1.0
1,0.0,20.0,7,manhattan,ball_tree,40,2.0,-1.0
1,0.0,20.0,7,manhattan,ball_tree,50,,-1.0
1,0.0,20.0,7,manhattan,ball_tree,50,1.0,-1.0
1,0.0,20.0,7,manhattan,ball_tree,50,2.0,-1.0
1,0.0,20.0,7,manhattan,kd_tree,10,,-1.0
1,0.0,20.0,7,manhattan,kd_tree,10,1.0,-1.0
1,0.0,20.0,7,manhattan,kd_tree,10,2.0,-1.0
1,0.0,20.0,7,manhattan,kd_tree,20,,-1.0
1,0.0,20.0,7,manhattan,kd_tree,20,1.0,-1.0
1,0.0,20.0,7,manhattan,kd_tree,20,2.0,-1.0
1,0.0,20.0,7,manhattan,kd_tree,30,,-1.0
1,0.0,20.0,7,manhattan,kd_tree,30,1.0,-1.0
1,0.0,20.0,7,manhattan,kd_tree,30,2.0,-1.0
1,0.0,20.0,7,manhattan,kd_tree,40,,-1.0
1,0.0,20.0,7,manhattan,kd_tree,40,1.0,-1.0
1,0.0,20.0,7,manhattan,kd_tree,40,2.0,-1.0
1,0.0,20.0,7,manhattan,kd_tree,50,,-1.0
1,0.0,20.0,7,manhattan,kd_tree,50,1.0,-1.0
1,0.0,20.0,7,manhattan,kd_tree,50,2.0,-1.0
1,0.0,20.0,7,manhattan,brute,10,,-1.0
1,0.0,20.0,7,manhattan,brute,10,1.0,-1.0
1,0.0,20.0,7,manhattan,brute,10,2.0,-1.0
1,0.0,20.0,7,manhattan,brute,20,,-1.0
1,0.0,20.0,7,manhattan,brute,20,1.0,-1.0
1,0.0,20.0,7,manhattan,brute,20,2.0,-1.0
1,0.0,20.0,7,manhattan,brute,30,,-1.0
1,0.0,20.0,7,manhattan,brute,30,1.0,-1.0
1,0.0,20.0,7,manhattan,brute,30,2.0,-1.0
1,0.0,20.0,7,manhattan,brute,40,,-1.0
1,0.0,20.0,7,manhattan,brute,40,1.0,-1.0
1,0.0,20.0,7,manhattan,brute,40,2.0,-1.0
1,0.0,20.0,7,manhattan,brute,50,,-1.0
1,0.0,20.0,7,manhattan,brute,50,1.0,-1.0
1,0.0,20.0,7,manhattan,brute,50,2.0,-1.0
1,0.0,20.0,8,euclidean,auto,10,,-1.0
1,0.0,20.0,8,euclidean,auto,10,1.0,-1.0
1,0.0,20.0,8,euclidean,auto,10,2.0,-1.0
1,0.0,20.0,8,euclidean,auto,20,,-1.0
1,0.0,20.0,8,euclidean,auto,20,1.0,-1.0
1,0.0,20.0,8,euclidean,auto,20,2.0,-1.0
1,0.0,20.0,8,euclidean,auto,30,,-1.0
1,0.0,20.0,8,euclidean,auto,30,1.0,-1.0
1,0.0,20.0,8,euclidean,auto,30,2.0,-1.0
1,0.0,20.0,8,euclidean,auto,40,,-1.0
1,0.0,20.0,8,euclidean,auto,40,1.0,-1.0
1,0.0,20.0,8,euclidean,auto,40,2.0,-1.0
1,0.0,20.0,8,euclidean,auto,50,,-1.0
1,0.0,20.0,8,euclidean,auto,50,1.0,-1.0
1,0.0,20.0,8,euclidean,auto,50,2.0,-1.0
1,0.0,20.0,8,euclidean,ball_tree,10,,-1.0
1,0.0,20.0,8,euclidean,ball_tree,10,1.0,-1.0
1,0.0,20.0,8,euclidean,ball_tree,10,2.0,-1.0
1,0.0,20.0,8,euclidean,ball_tree,20,,-1.0
1,0.0,20.0,8,euclidean,ball_tree,20,1.0,-1.0
1,0.0,20.0,8,euclidean,ball_tree,20,2.0,-1.0
1,0.0,20.0,8,euclidean,ball_tree,30,,-1.0
1,0.0,20.0,8,euclidean,ball_tree,30,1.0,-1.0
1,0.0,20.0,8,euclidean,ball_tree,30,2.0,-1.0
1,0.0,20.0,8,euclidean,ball_tree,40,,-1.0
1,0.0,20.0,8,euclidean,ball_tree,40,1.0,-1.0
1,0.0,20.0,8,euclidean,ball_tree,40,2.0,-1.0
1,0.0,20.0,8,euclidean,ball_tree,50,,-1.0
1,0.0,20.0,8,euclidean,ball_tree,50,1.0,-1.0
1,0.0,20.0,8,euclidean,ball_tree,50,2.0,-1.0
1,0.0,20.0,8,euclidean,kd_tree,10,,-1.0
1,0.0,20.0,8,euclidean,kd_tree,10,1.0,-1.0
1,0.0,20.0,8,euclidean,kd_tree,10,2.0,-1.0
1,0.0,20.0,8,euclidean,kd_tree,20,,-1.0
1,0.0,20.0,8,euclidean,kd_tree,20,1.0,-1.0
1,0.0,20.0,8,euclidean,kd_tree,20,2.0,-1.0
1,0.0,20.0,8,euclidean,kd_tree,30,,-1.0
1,0.0,20.0,8,euclidean,kd_tree,30,1.0,-1.0
1,0.0,20.0,8,euclidean,kd_tree,30,2.0,-1.0
1,0.0,20.0,8,euclidean,kd_tree,40,,-1.0
1,0.0,20.0,8,euclidean,kd_tree,40,1.0,-1.0
1,0.0,20.0,8,euclidean,kd_tree,40,2.0,-1.0
1,0.0,20.0,8,euclidean,kd_tree,50,,-1.0
1,0.0,20.0,8,euclidean,kd_tree,50,1.0,-1.0
1,0.0,20.0,8,euclidean,kd_tree,50,2.0,-1.0
1,0.0,20.0,8,euclidean,brute,10,,-1.0
1,0.0,20.0,8,euclidean,brute,10,1.0,-1.0
1,0.0,20.0,8,euclidean,brute,10,2.0,-1.0
1,0.0,20.0,8,euclidean,brute,20,,-1.0
1,0.0,20.0,8,euclidean,brute,20,1.0,-1.0
1,0.0,20.0,8,euclidean,brute,20,2.0,-1.0
1,0.0,20.0,8,euclidean,brute,30,,-1.0
1,0.0,20.0,8,euclidean,brute,30,1.0,-1.0
1,0.0,20.0,8,euclidean,brute,30,2.0,-1.0
1,0.0,20.0,8,euclidean,brute,40,,-1.0
1,0.0,20.0,8,euclidean,brute,40,1.0,-1.0
1,0.0,20.0,8,euclidean,brute,40,2.0,-1.0
1,0.0,20.0,8,euclidean,brute,50,,-1.0
1,0.0,20.0,8,euclidean,brute,50,1.0,-1.0
1,0.0,20.0,8,euclidean,brute,50,2.0,-1.0
1,0.0,20.0,8,manhattan,auto,10,,-1.0
1,0.0,20.0,8,manhattan,auto,10,1.0,-1.0
1,0.0,20.0,8,manhattan,auto,10,2.0,-1.0
1,0.0,20.0,8,manhattan,auto,20,,-1.0
1,0.0,20.0,8,manhattan,auto,20,1.0,-1.0
1,0.0,20.0,8,manhattan,auto,20,2.0,-1.0
1,0.0,20.0,8,manhattan,auto,30,,-1.0
1,0.0,20.0,8,manhattan,auto,30,1.0,-1.0
1,0.0,20.0,8,manhattan,auto,30,2.0,-1.0
1,0.0,20.0,8,manhattan,auto,40,,-1.0
1,0.0,20.0,8,manhattan,auto,40,1.0,-1.0
1,0.0,20.0,8,manhattan,auto,40,2.0,-1.0
1,0.0,20.0,8,manhattan,auto,50,,-1.0
1,0.0,20.0,8,manhattan,auto,50,1.0,-1.0
1,0.0,20.0,8,manhattan,auto,50,2.0,-1.0
1,0.0,20.0,8,manhattan,ball_tree,10,,-1.0
1,0.0,20.0,8,manhattan,ball_tree,10,1.0,-1.0
1,0.0,20.0,8,manhattan,ball_tree,10,2.0,-1.0
1,0.0,20.0,8,manhattan,ball_tree,20,,-1.0
1,0.0,20.0,8,manhattan,ball_tree,20,1.0,-1.0
1,0.0,20.0,8,manhattan,ball_tree,20,2.0,-1.0
1,0.0,20.0,8,manhattan,ball_tree,30,,-1.0
1,0.0,20.0,8,manhattan,ball_tree,30,1.0,-1.0
1,0.0,20.0,8,manhattan,ball_tree,30,2.0,-1.0
1,0.0,20.0,8,manhattan,ball_tree,40,,-1.0
1,0.0,20.0,8,manhattan,ball_tree,40,1.0,-1.0
1,0.0,20.0,8,manhattan,ball_tree,40,2.0,-1.0
1,0.0,20.0,8,manhattan,ball_tree,50,,-1.0
1,0.0,20.0,8,manhattan,ball_tree,50,1.0,-1.0
1,0.0,20.0,8,manhattan,ball_tree,50,2.0,-1.0
1,0.0,20.0,8,manhattan,kd_tree,10,,-1.0
1,0.0,20.0,8,manhattan,kd_tree,10,1.0,-1.0
1,0.0,20.0,8,manhattan,kd_tree,10,2.0,-1.0
1,0.0,20.0,8,manhattan,kd_tree,20,,-1.0
1,0.0,20.0,8,manhattan,kd_tree,20,1.0,-1.0
1,0.0,20.0,8,manhattan,kd_tree,20,2.0,-1.0
1,0.0,20.0,8,manhattan,kd_tree,30,,-1.0
1,0.0,20.0,8,manhattan,kd_tree,30,1.0,-1.0
1,0.0,20.0,8,manhattan,kd_tree,30,2.0,-1.0
1,0.0,20.0,8,manhattan,kd_tree,40,,-1.0
1,0.0,20.0,8,manhattan,kd_tree,40,1.0,-1.0
1,0.0,20.0,8,manhattan,kd_tree,40,2.0,-1.0
1,0.0,20.0,8,manhattan,kd_tree,50,,-1.0
1,0.0,20.0,8,manhattan,kd_tree,50,1.0,-1.0
1,0.0,20.0,8,manhattan,kd_tree,50,2.0,-1.0
1,0.0,20.0,8,manhattan,brute,10,,-1.0
1,0.0,20.0,8,manhattan,brute,10,1.0,-1.0
1,0.0,20.0,8,manhattan,brute,10,2.0,-1.0
1,0.0,20.0,8,manhattan,brute,20,,-1.0
1,0.0,20.0,8,manhattan,brute,20,1.0,-1.0
1,0.0,20.0,8,manhattan,brute,20,2.0,-1.0
1,0.0,20.0,8,manhattan,brute,30,,-1.0
1,0.0,20.0,8,manhattan,brute,30,1.0,-1.0
1,0.0,20.0,8,manhattan,brute,30,2.0,-1.0
1,0.0,20.0,8,manhattan,brute,40,,-1.0
1,0.0,20.0,8,manhattan,brute,40,1.0,-1.0
1,0.0,20.0,8,manhattan,brute,40,2.0,-1.0
1,0.0,20.0,8,manhattan,brute,50,,-1.0
1,0.0,20.0,8,manhattan,brute,50,1.0,-1.0
1,0.0,20.0,8,manhattan,brute,50,2.0,-1.0
1,0.0,20.0,9,euclidean,auto,10,,-1.0
1,0.0,20.0,9,euclidean,auto,10,1.0,-1.0
1,0.0,20.0,9,euclidean,auto,10,2.0,-1.0
1,0.0,20.0,9,euclidean,auto,20,,-1.0
1,0.0,20.0,9,euclidean,auto,20,1.0,-1.0
1,0.0,20.0,9,euclidean,auto,20,2.0,-1.0
1,0.0,20.0,9,euclidean,auto,30,,-1.0
1,0.0,20.0,9,euclidean,auto,30,1.0,-1.0
1,0.0,20.0,9,euclidean,auto,30,2.0,-1.0
1,0.0,20.0,9,euclidean,auto,40,,-1.0
1,0.0,20.0,9,euclidean,auto,40,1.0,-1.0
1,0.0,20.0,9,euclidean,auto,40,2.0,-1.0
1,0.0,20.0,9,euclidean,auto,50,,-1.0
1,0.0,20.0,9,euclidean,auto,50,1.0,-1.0
1,0.0,20.0,9,euclidean,auto,50,2.0,-1.0
1,0.0,20.0,9,euclidean,ball_tree,10,,-1.0
1,0.0,20.0,9,euclidean,ball_tree,10,1.0,-1.0
1,0.0,20.0,9,euclidean,ball_tree,10,2.0,-1.0
1,0.0,20.0,9,euclidean,ball_tree,20,,-1.0
1,0.0,20.0,9,euclidean,ball_tree,20,1.0,-1.0
1,0.0,20.0,9,euclidean,ball_tree,20,2.0,-1.0
1,0.0,20.0,9,euclidean,ball_tree,30,,-1.0
1,0.0,20.0,9,euclidean,ball_tree,30,1.0,-1.0
1,0.0,20.0,9,euclidean,ball_tree,30,2.0,-1.0
1,0.0,20.0,9,euclidean,ball_tree,40,,-1.0
1,0.0,20.0,9,euclidean,ball_tree,40,1.0,-1.0
1,0.0,20.0,9,euclidean,ball_tree,40,2.0,-1.0
1,0.0,20.0,9,euclidean,ball_tree,50,,-1.0
1,0.0,20.0,9,euclidean,ball_tree,50,1.0,-1.0
1,0.0,20.0,9,euclidean,ball_tree,50,2.0,-1.0
1,0.0,20.0,9,euclidean,kd_tree,10,,-1.0
1,0.0,20.0,9,euclidean,kd_tree,10,1.0,-1.0
1,0.0,20.0,9,euclidean,kd_tree,10,2.0,-1.0
1,0.0,20.0,9,euclidean,kd_tree,20,,-1.0
1,0.0,20.0,9,euclidean,kd_tree,20,1.0,-1.0
1,0.0,20.0,9,euclidean,kd_tree,20,2.0,-1.0
1,0.0,20.0,9,euclidean,kd_tree,30,,-1.0
1,0.0,20.0,9,euclidean,kd_tree,30,1.0,-1.0
1,0.0,20.0,9,euclidean,kd_tree,30,2.0,-1.0
1,0.0,20.0,9,euclidean,kd_tree,40,,-1.0
1,0.0,20.0,9,euclidean,kd_tree,40,1.0,-1.0
1,0.0,20.0,9,euclidean,kd_tree,40,2.0,-1.0
1,0.0,20.0,9,euclidean,kd_tree,50,,-1.0
1,0.0,20.0,9,euclidean,kd_tree,50,1.0,-1.0
1,0.0,20.0,9,euclidean,kd_tree,50,2.0,-1.0
1,0.0,20.0,9,euclidean,brute,10,,-1.0
1,0.0,20.0,9,euclidean,brute,10,1.0,-1.0
1,0.0,20.0,9,euclidean,brute,10,2.0,-1.0
1,0.0,20.0,9,euclidean,brute,20,,-1.0
1,0.0,20.0,9,euclidean,brute,20,1.0,-1.0
1,0.0,20.0,9,euclidean,brute,20,2.0,-1.0
1,0.0,20.0,9,euclidean,brute,30,,-1.0
1,0.0,20.0,9,euclidean,brute,30,1.0,-1.0
1,0.0,20.0,9,euclidean,brute,30,2.0,-1.0
1,0.0,20.0,9,euclidean,brute,40,,-1.0
1,0.0,20.0,9,euclidean,brute,40,1.0,-1.0
1,0.0,20.0,9,euclidean,brute,40,2.0,-1.0
1,0.0,20.0,9,euclidean,brute,50,,-1.0
1,0.0,20.0,9,euclidean,brute,50,1.0,-1.0
1,0.0,20.0,9,euclidean,brute,50,2.0,-1.0
1,0.0,20.0,9,manhattan,auto,10,,-1.0
1,0.0,20.0,9,manhattan,auto,10,1.0,-1.0
1,0.0,20.0,9,manhattan,auto,10,2.0,-1.0
1,0.0,20.0,9,manhattan,auto,20,,-1.0
1,0.0,20.0,9,manhattan,auto,20,1.0,-1.0
1,0.0,20.0,9,manhattan,auto,20,2.0,-1.0
1,0.0,20.0,9,manhattan,auto,30,,-1.0
1,0.0,20.0,9,manhattan,auto,30,1.0,-1.0
1,0.0,20.0,9,manhattan,auto,30,2.0,-1.0
1,0.0,20.0,9,manhattan,auto,40,,-1.0
1,0.0,20.0,9,manhattan,auto,40,1.0,-1.0
1,0.0,20.0,9,manhattan,auto,40,2.0,-1.0
1,0.0,20.0,9,manhattan,auto,50,,-1.0
1,0.0,20.0,9,manhattan,auto,50,1.0,-1.0
1,0.0,20.0,9,manhattan,auto,50,2.0,-1.0
1,0.0,20.0,9,manhattan,ball_tree,10,,-1.0
1,0.0,20.0,9,manhattan,ball_tree,10,1.0,-1.0
1,0.0,20.0,9,manhattan,ball_tree,10,2.0,-1.0
1,0.0,20.0,9,manhattan,ball_tree,20,,-1.0
1,0.0,20.0,9,manhattan,ball_tree,20,1.0,-1.0
1,0.0,20.0,9,manhattan,ball_tree,20,2.0,-1.0
1,0.0,20.0,9,manhattan,ball_tree,30,,-1.0
1,0.0,20.0,9,manhattan,ball_tree,30,1.0,-1.0
1,0.0,20.0,9,manhattan,ball_tree,30,2.0,-1.0
1,0.0,20.0,9,manhattan,ball_tree,40,,-1.0
1,0.0,20.0,9,manhattan,ball_tree,40,1.0,-1.0
1,0.0,20.0,9,manhattan,ball_tree,40,2.0,-1.0
1,0.0,20.0,9,manhattan,ball_tree,50,,-1.0
1,0.0,20.0,9,manhattan,ball_tree,50,1.0,-1.0
1,0.0,20.0,9,manhattan,ball_tree,50,2.0,-1.0
1,0.0,20.0,9,manhattan,kd_tree,10,,-1.0
1,0.0,20.0,9,manhattan,kd_tree,10,1.0,-1.0
1,0.0,20.0,9,manhattan,kd_tree,10,2.0,-1.0
1,0.0,20.0,9,manhattan,kd_tree,20,,-1.0
1,0.0,20.0,9,manhattan,kd_tree,20,1.0,-1.0
1,0.0,20.0,9,manhattan,kd_tree,20,2.0,-1.0
1,0.0,20.0,9,manhattan,kd_tree,30,,-1.0
1,0.0,20.0,9,manhattan,kd_tree,30,1.0,-1.0
1,0.0,20.0,9,manhattan,kd_tree,30,2.0,-1.0
1,0.0,20.0,9,manhattan,kd_tree,40,,-1.0
1,0.0,20.0,9,manhattan,kd_tree,40,1.0,-1.0
1,0.0,20.0,9,manhattan,kd_tree,40,2.0,-1.0
1,0.0,20.0,9,manhattan,kd_tree,50,,-1.0
1,0.0,20.0,9,manhattan,kd_tree,50,1.0,-1.0
1,0.0,20.0,9,manhattan,kd_tree,50,2.0,-1.0
1,0.0,20.0,9,manhattan,brute,10,,-1.0
1,0.0,20.0,9,manhattan,brute,10,1.0,-1.0
1,0.0,20.0,9,manhattan,brute,10,2.0,-1.0
1,0.0,20.0,9,manhattan,brute,20,,-1.0
1,0.0,20.0,9,manhattan,brute,20,1.0,-1.0
1,0.0,20.0,9,manhattan,brute,20,2.0,-1.0
1,0.0,20.0,9,manhattan,brute,30,,-1.0
1,0.0,20.0,9,manhattan,brute,30,1.0,-1.0
1,0.0,20.0,9,manhattan,brute,30,2.0,-1.0
1,0.0,20.0,9,manhattan,brute,40,,-1.0
1,0.0,20.0,9,manhattan,brute,40,1.0,-1.0
1,0.0,20.0,9,manhattan,brute,40,2.0,-1.0
1,0.0,20.0,9,manhattan,brute,50,,-1.0
1,0.0,20.0,9,manhattan,brute,50,1.0,-1.0
1,0.0,20.0,9,manhattan,brute,50,2.0,-1.0
