num_clusters,percentage_outliers,eps,min_samples,metric,algorithm,leaf_size,p,silhouette_score
147,0.0,0.1,1,euclidean,auto,10,,0.03333333333333333
147,0.0,0.1,1,euclidean,auto,10,1.0,0.03333333333333333
147,0.0,0.1,1,euclidean,auto,10,2.0,0.03333333333333333
147,0.0,0.1,1,euclidean,auto,20,,0.03333333333333333
147,0.0,0.1,1,euclidean,auto,20,1.0,0.03333333333333333
147,0.0,0.1,1,euclidean,auto,20,2.0,0.03333333333333333
147,0.0,0.1,1,euclidean,auto,30,,0.03333333333333333
147,0.0,0.1,1,euclidean,auto,30,1.0,0.03333333333333333
147,0.0,0.1,1,euclidean,auto,30,2.0,0.03333333333333333
147,0.0,0.1,1,euclidean,auto,40,,0.03333333333333333
147,0.0,0.1,1,euclidean,auto,40,1.0,0.03333333333333333
147,0.0,0.1,1,euclidean,auto,40,2.0,0.03333333333333333
147,0.0,0.1,1,euclidean,auto,50,,0.03333333333333333
147,0.0,0.1,1,euclidean,auto,50,1.0,0.03333333333333333
147,0.0,0.1,1,euclidean,auto,50,2.0,0.03333333333333333
147,0.0,0.1,1,euclidean,ball_tree,10,,0.03333333333333333
147,0.0,0.1,1,euclidean,ball_tree,10,1.0,0.03333333333333333
147,0.0,0.1,1,euclidean,ball_tree,10,2.0,0.03333333333333333
147,0.0,0.1,1,euclidean,ball_tree,20,,0.03333333333333333
147,0.0,0.1,1,euclidean,ball_tree,20,1.0,0.03333333333333333
147,0.0,0.1,1,euclidean,ball_tree,20,2.0,0.03333333333333333
147,0.0,0.1,1,euclidean,ball_tree,30,,0.03333333333333333
147,0.0,0.1,1,euclidean,ball_tree,30,1.0,0.03333333333333333
147,0.0,0.1,1,euclidean,ball_tree,30,2.0,0.03333333333333333
147,0.0,0.1,1,euclidean,ball_tree,40,,0.03333333333333333
147,0.0,0.1,1,euclidean,ball_tree,40,1.0,0.03333333333333333
147,0.0,0.1,1,euclidean,ball_tree,40,2.0,0.03333333333333333
147,0.0,0.1,1,euclidean,ball_tree,50,,0.03333333333333333
147,0.0,0.1,1,euclidean,ball_tree,50,1.0,0.03333333333333333
147,0.0,0.1,1,euclidean,ball_tree,50,2.0,0.03333333333333333
147,0.0,0.1,1,euclidean,kd_tree,10,,0.03333333333333333
147,0.0,0.1,1,euclidean,kd_tree,10,1.0,0.03333333333333333
147,0.0,0.1,1,euclidean,kd_tree,10,2.0,0.03333333333333333
147,0.0,0.1,1,euclidean,kd_tree,20,,0.03333333333333333
147,0.0,0.1,1,euclidean,kd_tree,20,1.0,0.03333333333333333
147,0.0,0.1,1,euclidean,kd_tree,20,2.0,0.03333333333333333
147,0.0,0.1,1,euclidean,kd_tree,30,,0.03333333333333333
147,0.0,0.1,1,euclidean,kd_tree,30,1.0,0.03333333333333333
147,0.0,0.1,1,euclidean,kd_tree,30,2.0,0.03333333333333333
147,0.0,0.1,1,euclidean,kd_tree,40,,0.03333333333333333
147,0.0,0.1,1,euclidean,kd_tree,40,1.0,0.03333333333333333
147,0.0,0.1,1,euclidean,kd_tree,40,2.0,0.03333333333333333
147,0.0,0.1,1,euclidean,kd_tree,50,,0.03333333333333333
147,0.0,0.1,1,euclidean,kd_tree,50,1.0,0.03333333333333333
147,0.0,0.1,1,euclidean,kd_tree,50,2.0,0.03333333333333333
147,0.0,0.1,1,euclidean,brute,10,,0.03333333333333333
147,0.0,0.1,1,euclidean,brute,10,1.0,0.03333333333333333
147,0.0,0.1,1,euclidean,brute,10,2.0,0.03333333333333333
147,0.0,0.1,1,euclidean,brute,20,,0.03333333333333333
147,0.0,0.1,1,euclidean,brute,20,1.0,0.03333333333333333
147,0.0,0.1,1,euclidean,brute,20,2.0,0.03333333333333333
147,0.0,0.1,1,euclidean,brute,30,,0.03333333333333333
147,0.0,0.1,1,euclidean,brute,30,1.0,0.03333333333333333
147,0.0,0.1,1,euclidean,brute,30,2.0,0.03333333333333333
147,0.0,0.1,1,euclidean,brute,40,,0.03333333333333333
147,0.0,0.1,1,euclidean,brute,40,1.0,0.03333333333333333
147,0.0,0.1,1,euclidean,brute,40,2.0,0.03333333333333333
147,0.0,0.1,1,euclidean,brute,50,,0.03333333333333333
147,0.0,0.1,1,euclidean,brute,50,1.0,0.03333333333333333
147,0.0,0.1,1,euclidean,brute,50,2.0,0.03333333333333333
147,0.0,0.1,1,manhattan,auto,10,,0.03333333333333333
147,0.0,0.1,1,manhattan,auto,10,1.0,0.03333333333333333
147,0.0,0.1,1,manhattan,auto,10,2.0,0.03333333333333333
147,0.0,0.1,1,manhattan,auto,20,,0.03333333333333333
147,0.0,0.1,1,manhattan,auto,20,1.0,0.03333333333333333
147,0.0,0.1,1,manhattan,auto,20,2.0,0.03333333333333333
147,0.0,0.1,1,manhattan,auto,30,,0.03333333333333333
147,0.0,0.1,1,manhattan,auto,30,1.0,0.03333333333333333
147,0.0,0.1,1,manhattan,auto,30,2.0,0.03333333333333333
147,0.0,0.1,1,manhattan,auto,40,,0.03333333333333333
147,0.0,0.1,1,manhattan,auto,40,1.0,0.03333333333333333
147,0.0,0.1,1,manhattan,auto,40,2.0,0.03333333333333333
147,0.0,0.1,1,manhattan,auto,50,,0.03333333333333333
147,0.0,0.1,1,manhattan,auto,50,1.0,0.03333333333333333
147,0.0,0.1,1,manhattan,auto,50,2.0,0.03333333333333333
147,0.0,0.1,1,manhattan,ball_tree,10,,0.03333333333333333
147,0.0,0.1,1,manhattan,ball_tree,10,1.0,0.03333333333333333
147,0.0,0.1,1,manhattan,ball_tree,10,2.0,0.03333333333333333
147,0.0,0.1,1,manhattan,ball_tree,20,,0.03333333333333333
147,0.0,0.1,1,manhattan,ball_tree,20,1.0,0.03333333333333333
147,0.0,0.1,1,manhattan,ball_tree,20,2.0,0.03333333333333333
147,0.0,0.1,1,manhattan,ball_tree,30,,0.03333333333333333
147,0.0,0.1,1,manhattan,ball_tree,30,1.0,0.03333333333333333
147,0.0,0.1,1,manhattan,ball_tree,30,2.0,0.03333333333333333
147,0.0,0.1,1,manhattan,ball_tree,40,,0.03333333333333333
147,0.0,0.1,1,manhattan,ball_tree,40,1.0,0.03333333333333333
147,0.0,0.1,1,manhattan,ball_tree,40,2.0,0.03333333333333333
147,0.0,0.1,1,manhattan,ball_tree,50,,0.03333333333333333
147,0.0,0.1,1,manhattan,ball_tree,50,1.0,0.03333333333333333
147,0.0,0.1,1,manhattan,ball_tree,50,2.0,0.03333333333333333
147,0.0,0.1,1,manhattan,kd_tree,10,,0.03333333333333333
147,0.0,0.1,1,manhattan,kd_tree,10,1.0,0.03333333333333333
147,0.0,0.1,1,manhattan,kd_tree,10,2.0,0.03333333333333333
147,0.0,0.1,1,manhattan,kd_tree,20,,0.03333333333333333
147,0.0,0.1,1,manhattan,kd_tree,20,1.0,0.03333333333333333
147,0.0,0.1,1,manhattan,kd_tree,20,2.0,0.03333333333333333
147,0.0,0.1,1,manhattan,kd_tree,30,,0.03333333333333333
147,0.0,0.1,1,manhattan,kd_tree,30,1.0,0.03333333333333333
147,0.0,0.1,1,manhattan,kd_tree,30,2.0,0.03333333333333333
147,0.0,0.1,1,manhattan,kd_tree,40,,0.03333333333333333
147,0.0,0.1,1,manhattan,kd_tree,40,1.0,0.03333333333333333
147,0.0,0.1,1,manhattan,kd_tree,40,2.0,0.03333333333333333
147,0.0,0.1,1,manhattan,kd_tree,50,,0.03333333333333333
147,0.0,0.1,1,manhattan,kd_tree,50,1.0,0.03333333333333333
147,0.0,0.1,1,manhattan,kd_tree,50,2.0,0.03333333333333333
147,0.0,0.1,1,manhattan,brute,10,,0.03333333333333333
147,0.0,0.1,1,manhattan,brute,10,1.0,0.03333333333333333
147,0.0,0.1,1,manhattan,brute,10,2.0,0.03333333333333333
147,0.0,0.1,1,manhattan,brute,20,,0.03333333333333333
147,0.0,0.1,1,manhattan,brute,20,1.0,0.03333333333333333
147,0.0,0.1,1,manhattan,brute,20,2.0,0.03333333333333333
147,0.0,0.1,1,manhattan,brute,30,,0.03333333333333333
147,0.0,0.1,1,manhattan,brute,30,1.0,0.03333333333333333
147,0.0,0.1,1,manhattan,brute,30,2.0,0.03333333333333333
147,0.0,0.1,1,manhattan,brute,40,,0.03333333333333333
147,0.0,0.1,1,manhattan,brute,40,1.0,0.03333333333333333
147,0.0,0.1,1,manhattan,brute,40,2.0,0.03333333333333333
147,0.0,0.1,1,manhattan,brute,50,,0.03333333333333333
147,0.0,0.1,1,manhattan,brute,50,1.0,0.03333333333333333
147,0.0,0.1,1,manhattan,brute,50,2.0,0.03333333333333333
147,0.0,0.1,1,mahalanobis,auto,10,,0.03333333333333333
147,0.0,0.1,1,mahalanobis,auto,10,1.0,0.03333333333333333
147,0.0,0.1,1,mahalanobis,auto,10,2.0,0.03333333333333333
147,0.0,0.1,1,mahalanobis,auto,20,,0.03333333333333333
147,0.0,0.1,1,mahalanobis,auto,20,1.0,0.03333333333333333
147,0.0,0.1,1,mahalanobis,auto,20,2.0,0.03333333333333333
147,0.0,0.1,1,mahalanobis,auto,30,,0.03333333333333333
147,0.0,0.1,1,mahalanobis,auto,30,1.0,0.03333333333333333
147,0.0,0.1,1,mahalanobis,auto,30,2.0,0.03333333333333333
147,0.0,0.1,1,mahalanobis,auto,40,,0.03333333333333333
147,0.0,0.1,1,mahalanobis,auto,40,1.0,0.03333333333333333
147,0.0,0.1,1,mahalanobis,auto,40,2.0,0.03333333333333333
147,0.0,0.1,1,mahalanobis,auto,50,,0.03333333333333333
147,0.0,0.1,1,mahalanobis,auto,50,1.0,0.03333333333333333
147,0.0,0.1,1,mahalanobis,auto,50,2.0,0.03333333333333333
147,0.0,0.1,1,mahalanobis,ball_tree,10,,0.03333333333333333
147,0.0,0.1,1,mahalanobis,ball_tree,10,1.0,0.03333333333333333
147,0.0,0.1,1,mahalanobis,ball_tree,10,2.0,0.03333333333333333
147,0.0,0.1,1,mahalanobis,ball_tree,20,,0.03333333333333333
147,0.0,0.1,1,mahalanobis,ball_tree,20,1.0,0.03333333333333333
147,0.0,0.1,1,mahalanobis,ball_tree,20,2.0,0.03333333333333333
147,0.0,0.1,1,mahalanobis,ball_tree,30,,0.03333333333333333
147,0.0,0.1,1,mahalanobis,ball_tree,30,1.0,0.03333333333333333
147,0.0,0.1,1,mahalanobis,ball_tree,30,2.0,0.03333333333333333
147,0.0,0.1,1,mahalanobis,ball_tree,40,,0.03333333333333333
147,0.0,0.1,1,mahalanobis,ball_tree,40,1.0,0.03333333333333333
147,0.0,0.1,1,mahalanobis,ball_tree,40,2.0,0.03333333333333333
147,0.0,0.1,1,mahalanobis,ball_tree,50,,0.03333333333333333
147,0.0,0.1,1,mahalanobis,ball_tree,50,1.0,0.03333333333333333
147,0.0,0.1,1,mahalanobis,ball_tree,50,2.0,0.03333333333333333
147,0.0,0.1,1,mahalanobis,kd_tree,10,,0.03333333333333333
147,0.0,0.1,1,mahalanobis,kd_tree,10,1.0,0.03333333333333333
147,0.0,0.1,1,mahalanobis,kd_tree,10,2.0,0.03333333333333333
147,0.0,0.1,1,mahalanobis,kd_tree,20,,0.03333333333333333
147,0.0,0.1,1,mahalanobis,kd_tree,20,1.0,0.03333333333333333
147,0.0,0.1,1,mahalanobis,kd_tree,20,2.0,0.03333333333333333
147,0.0,0.1,1,mahalanobis,kd_tree,30,,0.03333333333333333
147,0.0,0.1,1,mahalanobis,kd_tree,30,1.0,0.03333333333333333
147,0.0,0.1,1,mahalanobis,kd_tree,30,2.0,0.03333333333333333
147,0.0,0.1,1,mahalanobis,kd_tree,40,,0.03333333333333333
147,0.0,0.1,1,mahalanobis,kd_tree,40,1.0,0.03333333333333333
147,0.0,0.1,1,mahalanobis,kd_tree,40,2.0,0.03333333333333333
147,0.0,0.1,1,mahalanobis,kd_tree,50,,0.03333333333333333
147,0.0,0.1,1,mahalanobis,kd_tree,50,1.0,0.03333333333333333
147,0.0,0.1,1,mahalanobis,kd_tree,50,2.0,0.03333333333333333
147,0.0,0.1,1,mahalanobis,brute,10,,0.03333333333333333
147,0.0,0.1,1,mahalanobis,brute,10,1.0,0.03333333333333333
147,0.0,0.1,1,mahalanobis,brute,10,2.0,0.03333333333333333
147,0.0,0.1,1,mahalanobis,brute,20,,0.03333333333333333
147,0.0,0.1,1,mahalanobis,brute,20,1.0,0.03333333333333333
147,0.0,0.1,1,mahalanobis,brute,20,2.0,0.03333333333333333
147,0.0,0.1,1,mahalanobis,brute,30,,0.03333333333333333
147,0.0,0.1,1,mahalanobis,brute,30,1.0,0.03333333333333333
147,0.0,0.1,1,mahalanobis,brute,30,2.0,0.03333333333333333
147,0.0,0.1,1,mahalanobis,brute,40,,0.03333333333333333
147,0.0,0.1,1,mahalanobis,brute,40,1.0,0.03333333333333333
147,0.0,0.1,1,mahalanobis,brute,40,2.0,0.03333333333333333
147,0.0,0.1,1,mahalanobis,brute,50,,0.03333333333333333
147,0.0,0.1,1,mahalanobis,brute,50,1.0,0.03333333333333333
147,0.0,0.1,1,mahalanobis,brute,50,2.0,0.03333333333333333
2,0.9666666666666667,0.1,2,euclidean,auto,10,,-0.40873407744128454
2,0.9666666666666667,0.1,2,euclidean,auto,10,1.0,-0.40873407744128454
2,0.9666666666666667,0.1,2,euclidean,auto,10,2.0,-0.40873407744128454
2,0.9666666666666667,0.1,2,euclidean,auto,20,,-0.40873407744128454
2,0.9666666666666667,0.1,2,euclidean,auto,20,1.0,-0.40873407744128454
2,0.9666666666666667,0.1,2,euclidean,auto,20,2.0,-0.40873407744128454
2,0.9666666666666667,0.1,2,euclidean,auto,30,,-0.40873407744128454
2,0.9666666666666667,0.1,2,euclidean,auto,30,1.0,-0.40873407744128454
2,0.9666666666666667,0.1,2,euclidean,auto,30,2.0,-0.40873407744128454
2,0.9666666666666667,0.1,2,euclidean,auto,40,,-0.40873407744128454
2,0.9666666666666667,0.1,2,euclidean,auto,40,1.0,-0.40873407744128454
2,0.9666666666666667,0.1,2,euclidean,auto,40,2.0,-0.40873407744128454
2,0.9666666666666667,0.1,2,euclidean,auto,50,,-0.40873407744128454
2,0.9666666666666667,0.1,2,euclidean,auto,50,1.0,-0.40873407744128454
2,0.9666666666666667,0.1,2,euclidean,auto,50,2.0,-0.40873407744128454
2,0.9666666666666667,0.1,2,euclidean,ball_tree,10,,-0.40873407744128454
2,0.9666666666666667,0.1,2,euclidean,ball_tree,10,1.0,-0.40873407744128454
2,0.9666666666666667,0.1,2,euclidean,ball_tree,10,2.0,-0.40873407744128454
2,0.9666666666666667,0.1,2,euclidean,ball_tree,20,,-0.40873407744128454
2,0.9666666666666667,0.1,2,euclidean,ball_tree,20,1.0,-0.40873407744128454
2,0.9666666666666667,0.1,2,euclidean,ball_tree,20,2.0,-0.40873407744128454
2,0.9666666666666667,0.1,2,euclidean,ball_tree,30,,-0.40873407744128454
2,0.9666666666666667,0.1,2,euclidean,ball_tree,30,1.0,-0.40873407744128454
2,0.9666666666666667,0.1,2,euclidean,ball_tree,30,2.0,-0.40873407744128454
2,0.9666666666666667,0.1,2,euclidean,ball_tree,40,,-0.40873407744128454
2,0.9666666666666667,0.1,2,euclidean,ball_tree,40,1.0,-0.40873407744128454
2,0.9666666666666667,0.1,2,euclidean,ball_tree,40,2.0,-0.40873407744128454
2,0.9666666666666667,0.1,2,euclidean,ball_tree,50,,-0.40873407744128454
2,0.9666666666666667,0.1,2,euclidean,ball_tree,50,1.0,-0.40873407744128454
2,0.9666666666666667,0.1,2,euclidean,ball_tree,50,2.0,-0.40873407744128454
2,0.9666666666666667,0.1,2,euclidean,kd_tree,10,,-0.40873407744128454
2,0.9666666666666667,0.1,2,euclidean,kd_tree,10,1.0,-0.40873407744128454
2,0.9666666666666667,0.1,2,euclidean,kd_tree,10,2.0,-0.40873407744128454
2,0.9666666666666667,0.1,2,euclidean,kd_tree,20,,-0.40873407744128454
2,0.9666666666666667,0.1,2,euclidean,kd_tree,20,1.0,-0.40873407744128454
2,0.9666666666666667,0.1,2,euclidean,kd_tree,20,2.0,-0.40873407744128454
2,0.9666666666666667,0.1,2,euclidean,kd_tree,30,,-0.40873407744128454
2,0.9666666666666667,0.1,2,euclidean,kd_tree,30,1.0,-0.40873407744128454
2,0.9666666666666667,0.1,2,euclidean,kd_tree,30,2.0,-0.40873407744128454
2,0.9666666666666667,0.1,2,euclidean,kd_tree,40,,-0.40873407744128454
2,0.9666666666666667,0.1,2,euclidean,kd_tree,40,1.0,-0.40873407744128454
2,0.9666666666666667,0.1,2,euclidean,kd_tree,40,2.0,-0.40873407744128454
2,0.9666666666666667,0.1,2,euclidean,kd_tree,50,,-0.40873407744128454
2,0.9666666666666667,0.1,2,euclidean,kd_tree,50,1.0,-0.40873407744128454
2,0.9666666666666667,0.1,2,euclidean,kd_tree,50,2.0,-0.40873407744128454
2,0.9666666666666667,0.1,2,euclidean,brute,10,,-0.40873407744128454
2,0.9666666666666667,0.1,2,euclidean,brute,10,1.0,-0.40873407744128454
2,0.9666666666666667,0.1,2,euclidean,brute,10,2.0,-0.40873407744128454
2,0.9666666666666667,0.1,2,euclidean,brute,20,,-0.40873407744128454
2,0.9666666666666667,0.1,2,euclidean,brute,20,1.0,-0.40873407744128454
2,0.9666666666666667,0.1,2,euclidean,brute,20,2.0,-0.40873407744128454
2,0.9666666666666667,0.1,2,euclidean,brute,30,,-0.40873407744128454
2,0.9666666666666667,0.1,2,euclidean,brute,30,1.0,-0.40873407744128454
2,0.9666666666666667,0.1,2,euclidean,brute,30,2.0,-0.40873407744128454
2,0.9666666666666667,0.1,2,euclidean,brute,40,,-0.40873407744128454
2,0.9666666666666667,0.1,2,euclidean,brute,40,1.0,-0.40873407744128454
2,0.9666666666666667,0.1,2,euclidean,brute,40,2.0,-0.40873407744128454
2,0.9666666666666667,0.1,2,euclidean,brute,50,,-0.40873407744128454
2,0.9666666666666667,0.1,2,euclidean,brute,50,1.0,-0.40873407744128454
2,0.9666666666666667,0.1,2,euclidean,brute,50,2.0,-0.40873407744128454
2,0.9666666666666667,0.1,2,manhattan,auto,10,,-0.40873407744128454
2,0.9666666666666667,0.1,2,manhattan,auto,10,1.0,-0.40873407744128454
2,0.9666666666666667,0.1,2,manhattan,auto,10,2.0,-0.40873407744128454
2,0.9666666666666667,0.1,2,manhattan,auto,20,,-0.40873407744128454
2,0.9666666666666667,0.1,2,manhattan,auto,20,1.0,-0.40873407744128454
2,0.9666666666666667,0.1,2,manhattan,auto,20,2.0,-0.40873407744128454
2,0.9666666666666667,0.1,2,manhattan,auto,30,,-0.40873407744128454
2,0.9666666666666667,0.1,2,manhattan,auto,30,1.0,-0.40873407744128454
2,0.9666666666666667,0.1,2,manhattan,auto,30,2.0,-0.40873407744128454
2,0.9666666666666667,0.1,2,manhattan,auto,40,,-0.40873407744128454
2,0.9666666666666667,0.1,2,manhattan,auto,40,1.0,-0.40873407744128454
2,0.9666666666666667,0.1,2,manhattan,auto,40,2.0,-0.40873407744128454
2,0.9666666666666667,0.1,2,manhattan,auto,50,,-0.40873407744128454
2,0.9666666666666667,0.1,2,manhattan,auto,50,1.0,-0.40873407744128454
2,0.9666666666666667,0.1,2,manhattan,auto,50,2.0,-0.40873407744128454
2,0.9666666666666667,0.1,2,manhattan,ball_tree,10,,-0.40873407744128454
2,0.9666666666666667,0.1,2,manhattan,ball_tree,10,1.0,-0.40873407744128454
2,0.9666666666666667,0.1,2,manhattan,ball_tree,10,2.0,-0.40873407744128454
2,0.9666666666666667,0.1,2,manhattan,ball_tree,20,,-0.40873407744128454
2,0.9666666666666667,0.1,2,manhattan,ball_tree,20,1.0,-0.40873407744128454
2,0.9666666666666667,0.1,2,manhattan,ball_tree,20,2.0,-0.40873407744128454
2,0.9666666666666667,0.1,2,manhattan,ball_tree,30,,-0.40873407744128454
2,0.9666666666666667,0.1,2,manhattan,ball_tree,30,1.0,-0.40873407744128454
2,0.9666666666666667,0.1,2,manhattan,ball_tree,30,2.0,-0.40873407744128454
2,0.9666666666666667,0.1,2,manhattan,ball_tree,40,,-0.40873407744128454
2,0.9666666666666667,0.1,2,manhattan,ball_tree,40,1.0,-0.40873407744128454
2,0.9666666666666667,0.1,2,manhattan,ball_tree,40,2.0,-0.40873407744128454
2,0.9666666666666667,0.1,2,manhattan,ball_tree,50,,-0.40873407744128454
2,0.9666666666666667,0.1,2,manhattan,ball_tree,50,1.0,-0.40873407744128454
2,0.9666666666666667,0.1,2,manhattan,ball_tree,50,2.0,-0.40873407744128454
2,0.9666666666666667,0.1,2,manhattan,kd_tree,10,,-0.40873407744128454
2,0.9666666666666667,0.1,2,manhattan,kd_tree,10,1.0,-0.40873407744128454
2,0.9666666666666667,0.1,2,manhattan,kd_tree,10,2.0,-0.40873407744128454
2,0.9666666666666667,0.1,2,manhattan,kd_tree,20,,-0.40873407744128454
2,0.9666666666666667,0.1,2,manhattan,kd_tree,20,1.0,-0.40873407744128454
2,0.9666666666666667,0.1,2,manhattan,kd_tree,20,2.0,-0.40873407744128454
2,0.9666666666666667,0.1,2,manhattan,kd_tree,30,,-0.40873407744128454
2,0.9666666666666667,0.1,2,manhattan,kd_tree,30,1.0,-0.40873407744128454
2,0.9666666666666667,0.1,2,manhattan,kd_tree,30,2.0,-0.40873407744128454
2,0.9666666666666667,0.1,2,manhattan,kd_tree,40,,-0.40873407744128454
2,0.9666666666666667,0.1,2,manhattan,kd_tree,40,1.0,-0.40873407744128454
2,0.9666666666666667,0.1,2,manhattan,kd_tree,40,2.0,-0.40873407744128454
2,0.9666666666666667,0.1,2,manhattan,kd_tree,50,,-0.40873407744128454
2,0.9666666666666667,0.1,2,manhattan,kd_tree,50,1.0,-0.40873407744128454
2,0.9666666666666667,0.1,2,manhattan,kd_tree,50,2.0,-0.40873407744128454
2,0.9666666666666667,0.1,2,manhattan,brute,10,,-0.40873407744128454
2,0.9666666666666667,0.1,2,manhattan,brute,10,1.0,-0.40873407744128454
2,0.9666666666666667,0.1,2,manhattan,brute,10,2.0,-0.40873407744128454
2,0.9666666666666667,0.1,2,manhattan,brute,20,,-0.40873407744128454
2,0.9666666666666667,0.1,2,manhattan,brute,20,1.0,-0.40873407744128454
2,0.9666666666666667,0.1,2,manhattan,brute,20,2.0,-0.40873407744128454
2,0.9666666666666667,0.1,2,manhattan,brute,30,,-0.40873407744128454
2,0.9666666666666667,0.1,2,manhattan,brute,30,1.0,-0.40873407744128454
2,0.9666666666666667,0.1,2,manhattan,brute,30,2.0,-0.40873407744128454
2,0.9666666666666667,0.1,2,manhattan,brute,40,,-0.40873407744128454
2,0.9666666666666667,0.1,2,manhattan,brute,40,1.0,-0.40873407744128454
2,0.9666666666666667,0.1,2,manhattan,brute,40,2.0,-0.40873407744128454
2,0.9666666666666667,0.1,2,manhattan,brute,50,,-0.40873407744128454
2,0.9666666666666667,0.1,2,manhattan,brute,50,1.0,-0.40873407744128454
2,0.9666666666666667,0.1,2,manhattan,brute,50,2.0,-0.40873407744128454
2,0.9666666666666667,0.1,2,mahalanobis,auto,10,,-0.40873407744128454
2,0.9666666666666667,0.1,2,mahalanobis,auto,10,1.0,-0.40873407744128454
2,0.9666666666666667,0.1,2,mahalanobis,auto,10,2.0,-0.40873407744128454
2,0.9666666666666667,0.1,2,mahalanobis,auto,20,,-0.40873407744128454
2,0.9666666666666667,0.1,2,mahalanobis,auto,20,1.0,-0.40873407744128454
2,0.9666666666666667,0.1,2,mahalanobis,auto,20,2.0,-0.40873407744128454
2,0.9666666666666667,0.1,2,mahalanobis,auto,30,,-0.40873407744128454
2,0.9666666666666667,0.1,2,mahalanobis,auto,30,1.0,-0.40873407744128454
2,0.9666666666666667,0.1,2,mahalanobis,auto,30,2.0,-0.40873407744128454
2,0.9666666666666667,0.1,2,mahalanobis,auto,40,,-0.40873407744128454
2,0.9666666666666667,0.1,2,mahalanobis,auto,40,1.0,-0.40873407744128454
2,0.9666666666666667,0.1,2,mahalanobis,auto,40,2.0,-0.40873407744128454
2,0.9666666666666667,0.1,2,mahalanobis,auto,50,,-0.40873407744128454
2,0.9666666666666667,0.1,2,mahalanobis,auto,50,1.0,-0.40873407744128454
2,0.9666666666666667,0.1,2,mahalanobis,auto,50,2.0,-0.40873407744128454
2,0.9666666666666667,0.1,2,mahalanobis,ball_tree,10,,-0.40873407744128454
2,0.9666666666666667,0.1,2,mahalanobis,ball_tree,10,1.0,-0.40873407744128454
2,0.9666666666666667,0.1,2,mahalanobis,ball_tree,10,2.0,-0.40873407744128454
2,0.9666666666666667,0.1,2,mahalanobis,ball_tree,20,,-0.40873407744128454
2,0.9666666666666667,0.1,2,mahalanobis,ball_tree,20,1.0,-0.40873407744128454
2,0.9666666666666667,0.1,2,mahalanobis,ball_tree,20,2.0,-0.40873407744128454
2,0.9666666666666667,0.1,2,mahalanobis,ball_tree,30,,-0.40873407744128454
2,0.9666666666666667,0.1,2,mahalanobis,ball_tree,30,1.0,-0.40873407744128454
2,0.9666666666666667,0.1,2,mahalanobis,ball_tree,30,2.0,-0.40873407744128454
2,0.9666666666666667,0.1,2,mahalanobis,ball_tree,40,,-0.40873407744128454
2,0.9666666666666667,0.1,2,mahalanobis,ball_tree,40,1.0,-0.40873407744128454
2,0.9666666666666667,0.1,2,mahalanobis,ball_tree,40,2.0,-0.40873407744128454
2,0.9666666666666667,0.1,2,mahalanobis,ball_tree,50,,-0.40873407744128454
2,0.9666666666666667,0.1,2,mahalanobis,ball_tree,50,1.0,-0.40873407744128454
2,0.9666666666666667,0.1,2,mahalanobis,ball_tree,50,2.0,-0.40873407744128454
2,0.9666666666666667,0.1,2,mahalanobis,kd_tree,10,,-0.40873407744128454
2,0.9666666666666667,0.1,2,mahalanobis,kd_tree,10,1.0,-0.40873407744128454
2,0.9666666666666667,0.1,2,mahalanobis,kd_tree,10,2.0,-0.40873407744128454
2,0.9666666666666667,0.1,2,mahalanobis,kd_tree,20,,-0.40873407744128454
2,0.9666666666666667,0.1,2,mahalanobis,kd_tree,20,1.0,-0.40873407744128454
2,0.9666666666666667,0.1,2,mahalanobis,kd_tree,20,2.0,-0.40873407744128454
2,0.9666666666666667,0.1,2,mahalanobis,kd_tree,30,,-0.40873407744128454
2,0.9666666666666667,0.1,2,mahalanobis,kd_tree,30,1.0,-0.40873407744128454
2,0.9666666666666667,0.1,2,mahalanobis,kd_tree,30,2.0,-0.40873407744128454
2,0.9666666666666667,0.1,2,mahalanobis,kd_tree,40,,-0.40873407744128454
2,0.9666666666666667,0.1,2,mahalanobis,kd_tree,40,1.0,-0.40873407744128454
2,0.9666666666666667,0.1,2,mahalanobis,kd_tree,40,2.0,-0.40873407744128454
2,0.9666666666666667,0.1,2,mahalanobis,kd_tree,50,,-0.40873407744128454
2,0.9666666666666667,0.1,2,mahalanobis,kd_tree,50,1.0,-0.40873407744128454
2,0.9666666666666667,0.1,2,mahalanobis,kd_tree,50,2.0,-0.40873407744128454
2,0.9666666666666667,0.1,2,mahalanobis,brute,10,,-0.40873407744128454
2,0.9666666666666667,0.1,2,mahalanobis,brute,10,1.0,-0.40873407744128454
2,0.9666666666666667,0.1,2,mahalanobis,brute,10,2.0,-0.40873407744128454
2,0.9666666666666667,0.1,2,mahalanobis,brute,20,,-0.40873407744128454
2,0.9666666666666667,0.1,2,mahalanobis,brute,20,1.0,-0.40873407744128454
2,0.9666666666666667,0.1,2,mahalanobis,brute,20,2.0,-0.40873407744128454
2,0.9666666666666667,0.1,2,mahalanobis,brute,30,,-0.40873407744128454
2,0.9666666666666667,0.1,2,mahalanobis,brute,30,1.0,-0.40873407744128454
2,0.9666666666666667,0.1,2,mahalanobis,brute,30,2.0,-0.40873407744128454
2,0.9666666666666667,0.1,2,mahalanobis,brute,40,,-0.40873407744128454
2,0.9666666666666667,0.1,2,mahalanobis,brute,40,1.0,-0.40873407744128454
2,0.9666666666666667,0.1,2,mahalanobis,brute,40,2.0,-0.40873407744128454
2,0.9666666666666667,0.1,2,mahalanobis,brute,50,,-0.40873407744128454
2,0.9666666666666667,0.1,2,mahalanobis,brute,50,1.0,-0.40873407744128454
2,0.9666666666666667,0.1,2,mahalanobis,brute,50,2.0,-0.40873407744128454
1,0.98,0.1,3,euclidean,auto,10,,0.02370601755901229
1,0.98,0.1,3,euclidean,auto,10,1.0,0.02370601755901229
1,0.98,0.1,3,euclidean,auto,10,2.0,0.02370601755901229
1,0.98,0.1,3,euclidean,auto,20,,0.02370601755901229
1,0.98,0.1,3,euclidean,auto,20,1.0,0.02370601755901229
1,0.98,0.1,3,euclidean,auto,20,2.0,0.02370601755901229
1,0.98,0.1,3,euclidean,auto,30,,0.02370601755901229
1,0.98,0.1,3,euclidean,auto,30,1.0,0.02370601755901229
1,0.98,0.1,3,euclidean,auto,30,2.0,0.02370601755901229
1,0.98,0.1,3,euclidean,auto,40,,0.02370601755901229
1,0.98,0.1,3,euclidean,auto,40,1.0,0.02370601755901229
1,0.98,0.1,3,euclidean,auto,40,2.0,0.02370601755901229
1,0.98,0.1,3,euclidean,auto,50,,0.02370601755901229
1,0.98,0.1,3,euclidean,auto,50,1.0,0.02370601755901229
1,0.98,0.1,3,euclidean,auto,50,2.0,0.02370601755901229
1,0.98,0.1,3,euclidean,ball_tree,10,,0.02370601755901229
1,0.98,0.1,3,euclidean,ball_tree,10,1.0,0.02370601755901229
1,0.98,0.1,3,euclidean,ball_tree,10,2.0,0.02370601755901229
1,0.98,0.1,3,euclidean,ball_tree,20,,0.02370601755901229
1,0.98,0.1,3,euclidean,ball_tree,20,1.0,0.02370601755901229
1,0.98,0.1,3,euclidean,ball_tree,20,2.0,0.02370601755901229
1,0.98,0.1,3,euclidean,ball_tree,30,,0.02370601755901229
1,0.98,0.1,3,euclidean,ball_tree,30,1.0,0.02370601755901229
1,0.98,0.1,3,euclidean,ball_tree,30,2.0,0.02370601755901229
1,0.98,0.1,3,euclidean,ball_tree,40,,0.02370601755901229
1,0.98,0.1,3,euclidean,ball_tree,40,1.0,0.02370601755901229
1,0.98,0.1,3,euclidean,ball_tree,40,2.0,0.02370601755901229
1,0.98,0.1,3,euclidean,ball_tree,50,,0.02370601755901229
1,0.98,0.1,3,euclidean,ball_tree,50,1.0,0.02370601755901229
1,0.98,0.1,3,euclidean,ball_tree,50,2.0,0.02370601755901229
1,0.98,0.1,3,euclidean,kd_tree,10,,0.02370601755901229
1,0.98,0.1,3,euclidean,kd_tree,10,1.0,0.02370601755901229
1,0.98,0.1,3,euclidean,kd_tree,10,2.0,0.02370601755901229
1,0.98,0.1,3,euclidean,kd_tree,20,,0.02370601755901229
1,0.98,0.1,3,euclidean,kd_tree,20,1.0,0.02370601755901229
1,0.98,0.1,3,euclidean,kd_tree,20,2.0,0.02370601755901229
1,0.98,0.1,3,euclidean,kd_tree,30,,0.02370601755901229
1,0.98,0.1,3,euclidean,kd_tree,30,1.0,0.02370601755901229
1,0.98,0.1,3,euclidean,kd_tree,30,2.0,0.02370601755901229
1,0.98,0.1,3,euclidean,kd_tree,40,,0.02370601755901229
1,0.98,0.1,3,euclidean,kd_tree,40,1.0,0.02370601755901229
1,0.98,0.1,3,euclidean,kd_tree,40,2.0,0.02370601755901229
1,0.98,0.1,3,euclidean,kd_tree,50,,0.02370601755901229
1,0.98,0.1,3,euclidean,kd_tree,50,1.0,0.02370601755901229
1,0.98,0.1,3,euclidean,kd_tree,50,2.0,0.02370601755901229
1,0.98,0.1,3,euclidean,brute,10,,0.02370601755901229
1,0.98,0.1,3,euclidean,brute,10,1.0,0.02370601755901229
1,0.98,0.1,3,euclidean,brute,10,2.0,0.02370601755901229
1,0.98,0.1,3,euclidean,brute,20,,0.02370601755901229
1,0.98,0.1,3,euclidean,brute,20,1.0,0.02370601755901229
1,0.98,0.1,3,euclidean,brute,20,2.0,0.02370601755901229
1,0.98,0.1,3,euclidean,brute,30,,0.02370601755901229
1,0.98,0.1,3,euclidean,brute,30,1.0,0.02370601755901229
1,0.98,0.1,3,euclidean,brute,30,2.0,0.02370601755901229
1,0.98,0.1,3,euclidean,brute,40,,0.02370601755901229
1,0.98,0.1,3,euclidean,brute,40,1.0,0.02370601755901229
1,0.98,0.1,3,euclidean,brute,40,2.0,0.02370601755901229
1,0.98,0.1,3,euclidean,brute,50,,0.02370601755901229
1,0.98,0.1,3,euclidean,brute,50,1.0,0.02370601755901229
1,0.98,0.1,3,euclidean,brute,50,2.0,0.02370601755901229
1,0.98,0.1,3,manhattan,auto,10,,0.02370601755901229
1,0.98,0.1,3,manhattan,auto,10,1.0,0.02370601755901229
1,0.98,0.1,3,manhattan,auto,10,2.0,0.02370601755901229
1,0.98,0.1,3,manhattan,auto,20,,0.02370601755901229
1,0.98,0.1,3,manhattan,auto,20,1.0,0.02370601755901229
1,0.98,0.1,3,manhattan,auto,20,2.0,0.02370601755901229
1,0.98,0.1,3,manhattan,auto,30,,0.02370601755901229
1,0.98,0.1,3,manhattan,auto,30,1.0,0.02370601755901229
1,0.98,0.1,3,manhattan,auto,30,2.0,0.02370601755901229
1,0.98,0.1,3,manhattan,auto,40,,0.02370601755901229
1,0.98,0.1,3,manhattan,auto,40,1.0,0.02370601755901229
1,0.98,0.1,3,manhattan,auto,40,2.0,0.02370601755901229
1,0.98,0.1,3,manhattan,auto,50,,0.02370601755901229
1,0.98,0.1,3,manhattan,auto,50,1.0,0.02370601755901229
1,0.98,0.1,3,manhattan,auto,50,2.0,0.02370601755901229
1,0.98,0.1,3,manhattan,ball_tree,10,,0.02370601755901229
1,0.98,0.1,3,manhattan,ball_tree,10,1.0,0.02370601755901229
1,0.98,0.1,3,manhattan,ball_tree,10,2.0,0.02370601755901229
1,0.98,0.1,3,manhattan,ball_tree,20,,0.02370601755901229
1,0.98,0.1,3,manhattan,ball_tree,20,1.0,0.02370601755901229
1,0.98,0.1,3,manhattan,ball_tree,20,2.0,0.02370601755901229
1,0.98,0.1,3,manhattan,ball_tree,30,,0.02370601755901229
1,0.98,0.1,3,manhattan,ball_tree,30,1.0,0.02370601755901229
1,0.98,0.1,3,manhattan,ball_tree,30,2.0,0.02370601755901229
1,0.98,0.1,3,manhattan,ball_tree,40,,0.02370601755901229
1,0.98,0.1,3,manhattan,ball_tree,40,1.0,0.02370601755901229
1,0.98,0.1,3,manhattan,ball_tree,40,2.0,0.02370601755901229
1,0.98,0.1,3,manhattan,ball_tree,50,,0.02370601755901229
1,0.98,0.1,3,manhattan,ball_tree,50,1.0,0.02370601755901229
1,0.98,0.1,3,manhattan,ball_tree,50,2.0,0.02370601755901229
1,0.98,0.1,3,manhattan,kd_tree,10,,0.02370601755901229
1,0.98,0.1,3,manhattan,kd_tree,10,1.0,0.02370601755901229
1,0.98,0.1,3,manhattan,kd_tree,10,2.0,0.02370601755901229
1,0.98,0.1,3,manhattan,kd_tree,20,,0.02370601755901229
1,0.98,0.1,3,manhattan,kd_tree,20,1.0,0.02370601755901229
1,0.98,0.1,3,manhattan,kd_tree,20,2.0,0.02370601755901229
1,0.98,0.1,3,manhattan,kd_tree,30,,0.02370601755901229
1,0.98,0.1,3,manhattan,kd_tree,30,1.0,0.02370601755901229
1,0.98,0.1,3,manhattan,kd_tree,30,2.0,0.02370601755901229
1,0.98,0.1,3,manhattan,kd_tree,40,,0.02370601755901229
1,0.98,0.1,3,manhattan,kd_tree,40,1.0,0.02370601755901229
1,0.98,0.1,3,manhattan,kd_tree,40,2.0,0.02370601755901229
1,0.98,0.1,3,manhattan,kd_tree,50,,0.02370601755901229
1,0.98,0.1,3,manhattan,kd_tree,50,1.0,0.02370601755901229
1,0.98,0.1,3,manhattan,kd_tree,50,2.0,0.02370601755901229
1,0.98,0.1,3,manhattan,brute,10,,0.02370601755901229
1,0.98,0.1,3,manhattan,brute,10,1.0,0.02370601755901229
1,0.98,0.1,3,manhattan,brute,10,2.0,0.02370601755901229
1,0.98,0.1,3,manhattan,brute,20,,0.02370601755901229
1,0.98,0.1,3,manhattan,brute,20,1.0,0.02370601755901229
1,0.98,0.1,3,manhattan,brute,20,2.0,0.02370601755901229
1,0.98,0.1,3,manhattan,brute,30,,0.02370601755901229
1,0.98,0.1,3,manhattan,brute,30,1.0,0.02370601755901229
1,0.98,0.1,3,manhattan,brute,30,2.0,0.02370601755901229
1,0.98,0.1,3,manhattan,brute,40,,0.02370601755901229
1,0.98,0.1,3,manhattan,brute,40,1.0,0.02370601755901229
1,0.98,0.1,3,manhattan,brute,40,2.0,0.02370601755901229
1,0.98,0.1,3,manhattan,brute,50,,0.02370601755901229
1,0.98,0.1,3,manhattan,brute,50,1.0,0.02370601755901229
1,0.98,0.1,3,manhattan,brute,50,2.0,0.02370601755901229
1,0.98,0.1,3,mahalanobis,auto,10,,0.02370601755901229
1,0.98,0.1,3,mahalanobis,auto,10,1.0,0.02370601755901229
1,0.98,0.1,3,mahalanobis,auto,10,2.0,0.02370601755901229
1,0.98,0.1,3,mahalanobis,auto,20,,0.02370601755901229
1,0.98,0.1,3,mahalanobis,auto,20,1.0,0.02370601755901229
1,0.98,0.1,3,mahalanobis,auto,20,2.0,0.02370601755901229
1,0.98,0.1,3,mahalanobis,auto,30,,0.02370601755901229
1,0.98,0.1,3,mahalanobis,auto,30,1.0,0.02370601755901229
1,0.98,0.1,3,mahalanobis,auto,30,2.0,0.02370601755901229
1,0.98,0.1,3,mahalanobis,auto,40,,0.02370601755901229
1,0.98,0.1,3,mahalanobis,auto,40,1.0,0.02370601755901229
1,0.98,0.1,3,mahalanobis,auto,40,2.0,0.02370601755901229
1,0.98,0.1,3,mahalanobis,auto,50,,0.02370601755901229
1,0.98,0.1,3,mahalanobis,auto,50,1.0,0.02370601755901229
1,0.98,0.1,3,mahalanobis,auto,50,2.0,0.02370601755901229
1,0.98,0.1,3,mahalanobis,ball_tree,10,,0.02370601755901229
1,0.98,0.1,3,mahalanobis,ball_tree,10,1.0,0.02370601755901229
1,0.98,0.1,3,mahalanobis,ball_tree,10,2.0,0.02370601755901229
1,0.98,0.1,3,mahalanobis,ball_tree,20,,0.02370601755901229
1,0.98,0.1,3,mahalanobis,ball_tree,20,1.0,0.02370601755901229
1,0.98,0.1,3,mahalanobis,ball_tree,20,2.0,0.02370601755901229
1,0.98,0.1,3,mahalanobis,ball_tree,30,,0.02370601755901229
1,0.98,0.1,3,mahalanobis,ball_tree,30,1.0,0.02370601755901229
1,0.98,0.1,3,mahalanobis,ball_tree,30,2.0,0.02370601755901229
1,0.98,0.1,3,mahalanobis,ball_tree,40,,0.02370601755901229
1,0.98,0.1,3,mahalanobis,ball_tree,40,1.0,0.02370601755901229
1,0.98,0.1,3,mahalanobis,ball_tree,40,2.0,0.02370601755901229
1,0.98,0.1,3,mahalanobis,ball_tree,50,,0.02370601755901229
1,0.98,0.1,3,mahalanobis,ball_tree,50,1.0,0.02370601755901229
1,0.98,0.1,3,mahalanobis,ball_tree,50,2.0,0.02370601755901229
1,0.98,0.1,3,mahalanobis,kd_tree,10,,0.02370601755901229
1,0.98,0.1,3,mahalanobis,kd_tree,10,1.0,0.02370601755901229
1,0.98,0.1,3,mahalanobis,kd_tree,10,2.0,0.02370601755901229
1,0.98,0.1,3,mahalanobis,kd_tree,20,,0.02370601755901229
1,0.98,0.1,3,mahalanobis,kd_tree,20,1.0,0.02370601755901229
1,0.98,0.1,3,mahalanobis,kd_tree,20,2.0,0.02370601755901229
1,0.98,0.1,3,mahalanobis,kd_tree,30,,0.02370601755901229
1,0.98,0.1,3,mahalanobis,kd_tree,30,1.0,0.02370601755901229
1,0.98,0.1,3,mahalanobis,kd_tree,30,2.0,0.02370601755901229
1,0.98,0.1,3,mahalanobis,kd_tree,40,,0.02370601755901229
1,0.98,0.1,3,mahalanobis,kd_tree,40,1.0,0.02370601755901229
1,0.98,0.1,3,mahalanobis,kd_tree,40,2.0,0.02370601755901229
1,0.98,0.1,3,mahalanobis,kd_tree,50,,0.02370601755901229
1,0.98,0.1,3,mahalanobis,kd_tree,50,1.0,0.02370601755901229
1,0.98,0.1,3,mahalanobis,kd_tree,50,2.0,0.02370601755901229
1,0.98,0.1,3,mahalanobis,brute,10,,0.02370601755901229
1,0.98,0.1,3,mahalanobis,brute,10,1.0,0.02370601755901229
1,0.98,0.1,3,mahalanobis,brute,10,2.0,0.02370601755901229
1,0.98,0.1,3,mahalanobis,brute,20,,0.02370601755901229
1,0.98,0.1,3,mahalanobis,brute,20,1.0,0.02370601755901229
1,0.98,0.1,3,mahalanobis,brute,20,2.0,0.02370601755901229
1,0.98,0.1,3,mahalanobis,brute,30,,0.02370601755901229
1,0.98,0.1,3,mahalanobis,brute,30,1.0,0.02370601755901229
1,0.98,0.1,3,mahalanobis,brute,30,2.0,0.02370601755901229
1,0.98,0.1,3,mahalanobis,brute,40,,0.02370601755901229
1,0.98,0.1,3,mahalanobis,brute,40,1.0,0.02370601755901229
1,0.98,0.1,3,mahalanobis,brute,40,2.0,0.02370601755901229
1,0.98,0.1,3,mahalanobis,brute,50,,0.02370601755901229
1,0.98,0.1,3,mahalanobis,brute,50,1.0,0.02370601755901229
1,0.98,0.1,3,mahalanobis,brute,50,2.0,0.02370601755901229
0,1.0,0.1,4,euclidean,auto,10,,-1.0
0,1.0,0.1,4,euclidean,auto,10,1.0,-1.0
0,1.0,0.1,4,euclidean,auto,10,2.0,-1.0
0,1.0,0.1,4,euclidean,auto,20,,-1.0
0,1.0,0.1,4,euclidean,auto,20,1.0,-1.0
0,1.0,0.1,4,euclidean,auto,20,2.0,-1.0
0,1.0,0.1,4,euclidean,auto,30,,-1.0
0,1.0,0.1,4,euclidean,auto,30,1.0,-1.0
0,1.0,0.1,4,euclidean,auto,30,2.0,-1.0
0,1.0,0.1,4,euclidean,auto,40,,-1.0
0,1.0,0.1,4,euclidean,auto,40,1.0,-1.0
0,1.0,0.1,4,euclidean,auto,40,2.0,-1.0
0,1.0,0.1,4,euclidean,auto,50,,-1.0
0,1.0,0.1,4,euclidean,auto,50,1.0,-1.0
0,1.0,0.1,4,euclidean,auto,50,2.0,-1.0
0,1.0,0.1,4,euclidean,ball_tree,10,,-1.0
0,1.0,0.1,4,euclidean,ball_tree,10,1.0,-1.0
0,1.0,0.1,4,euclidean,ball_tree,10,2.0,-1.0
0,1.0,0.1,4,euclidean,ball_tree,20,,-1.0
0,1.0,0.1,4,euclidean,ball_tree,20,1.0,-1.0
0,1.0,0.1,4,euclidean,ball_tree,20,2.0,-1.0
0,1.0,0.1,4,euclidean,ball_tree,30,,-1.0
0,1.0,0.1,4,euclidean,ball_tree,30,1.0,-1.0
0,1.0,0.1,4,euclidean,ball_tree,30,2.0,-1.0
0,1.0,0.1,4,euclidean,ball_tree,40,,-1.0
0,1.0,0.1,4,euclidean,ball_tree,40,1.0,-1.0
0,1.0,0.1,4,euclidean,ball_tree,40,2.0,-1.0
0,1.0,0.1,4,euclidean,ball_tree,50,,-1.0
0,1.0,0.1,4,euclidean,ball_tree,50,1.0,-1.0
0,1.0,0.1,4,euclidean,ball_tree,50,2.0,-1.0
0,1.0,0.1,4,euclidean,kd_tree,10,,-1.0
0,1.0,0.1,4,euclidean,kd_tree,10,1.0,-1.0
0,1.0,0.1,4,euclidean,kd_tree,10,2.0,-1.0
0,1.0,0.1,4,euclidean,kd_tree,20,,-1.0
0,1.0,0.1,4,euclidean,kd_tree,20,1.0,-1.0
0,1.0,0.1,4,euclidean,kd_tree,20,2.0,-1.0
0,1.0,0.1,4,euclidean,kd_tree,30,,-1.0
0,1.0,0.1,4,euclidean,kd_tree,30,1.0,-1.0
0,1.0,0.1,4,euclidean,kd_tree,30,2.0,-1.0
0,1.0,0.1,4,euclidean,kd_tree,40,,-1.0
0,1.0,0.1,4,euclidean,kd_tree,40,1.0,-1.0
0,1.0,0.1,4,euclidean,kd_tree,40,2.0,-1.0
0,1.0,0.1,4,euclidean,kd_tree,50,,-1.0
0,1.0,0.1,4,euclidean,kd_tree,50,1.0,-1.0
0,1.0,0.1,4,euclidean,kd_tree,50,2.0,-1.0
0,1.0,0.1,4,euclidean,brute,10,,-1.0
0,1.0,0.1,4,euclidean,brute,10,1.0,-1.0
0,1.0,0.1,4,euclidean,brute,10,2.0,-1.0
0,1.0,0.1,4,euclidean,brute,20,,-1.0
0,1.0,0.1,4,euclidean,brute,20,1.0,-1.0
0,1.0,0.1,4,euclidean,brute,20,2.0,-1.0
0,1.0,0.1,4,euclidean,brute,30,,-1.0
0,1.0,0.1,4,euclidean,brute,30,1.0,-1.0
0,1.0,0.1,4,euclidean,brute,30,2.0,-1.0
0,1.0,0.1,4,euclidean,brute,40,,-1.0
0,1.0,0.1,4,euclidean,brute,40,1.0,-1.0
0,1.0,0.1,4,euclidean,brute,40,2.0,-1.0
0,1.0,0.1,4,euclidean,brute,50,,-1.0
0,1.0,0.1,4,euclidean,brute,50,1.0,-1.0
0,1.0,0.1,4,euclidean,brute,50,2.0,-1.0
0,1.0,0.1,4,manhattan,auto,10,,-1.0
0,1.0,0.1,4,manhattan,auto,10,1.0,-1.0
0,1.0,0.1,4,manhattan,auto,10,2.0,-1.0
0,1.0,0.1,4,manhattan,auto,20,,-1.0
0,1.0,0.1,4,manhattan,auto,20,1.0,-1.0
0,1.0,0.1,4,manhattan,auto,20,2.0,-1.0
0,1.0,0.1,4,manhattan,auto,30,,-1.0
0,1.0,0.1,4,manhattan,auto,30,1.0,-1.0
0,1.0,0.1,4,manhattan,auto,30,2.0,-1.0
0,1.0,0.1,4,manhattan,auto,40,,-1.0
0,1.0,0.1,4,manhattan,auto,40,1.0,-1.0
0,1.0,0.1,4,manhattan,auto,40,2.0,-1.0
0,1.0,0.1,4,manhattan,auto,50,,-1.0
0,1.0,0.1,4,manhattan,auto,50,1.0,-1.0
0,1.0,0.1,4,manhattan,auto,50,2.0,-1.0
0,1.0,0.1,4,manhattan,ball_tree,10,,-1.0
0,1.0,0.1,4,manhattan,ball_tree,10,1.0,-1.0
0,1.0,0.1,4,manhattan,ball_tree,10,2.0,-1.0
0,1.0,0.1,4,manhattan,ball_tree,20,,-1.0
0,1.0,0.1,4,manhattan,ball_tree,20,1.0,-1.0
0,1.0,0.1,4,manhattan,ball_tree,20,2.0,-1.0
0,1.0,0.1,4,manhattan,ball_tree,30,,-1.0
0,1.0,0.1,4,manhattan,ball_tree,30,1.0,-1.0
0,1.0,0.1,4,manhattan,ball_tree,30,2.0,-1.0
0,1.0,0.1,4,manhattan,ball_tree,40,,-1.0
0,1.0,0.1,4,manhattan,ball_tree,40,1.0,-1.0
0,1.0,0.1,4,manhattan,ball_tree,40,2.0,-1.0
0,1.0,0.1,4,manhattan,ball_tree,50,,-1.0
0,1.0,0.1,4,manhattan,ball_tree,50,1.0,-1.0
0,1.0,0.1,4,manhattan,ball_tree,50,2.0,-1.0
0,1.0,0.1,4,manhattan,kd_tree,10,,-1.0
0,1.0,0.1,4,manhattan,kd_tree,10,1.0,-1.0
0,1.0,0.1,4,manhattan,kd_tree,10,2.0,-1.0
0,1.0,0.1,4,manhattan,kd_tree,20,,-1.0
0,1.0,0.1,4,manhattan,kd_tree,20,1.0,-1.0
0,1.0,0.1,4,manhattan,kd_tree,20,2.0,-1.0
0,1.0,0.1,4,manhattan,kd_tree,30,,-1.0
0,1.0,0.1,4,manhattan,kd_tree,30,1.0,-1.0
0,1.0,0.1,4,manhattan,kd_tree,30,2.0,-1.0
0,1.0,0.1,4,manhattan,kd_tree,40,,-1.0
0,1.0,0.1,4,manhattan,kd_tree,40,1.0,-1.0
0,1.0,0.1,4,manhattan,kd_tree,40,2.0,-1.0
0,1.0,0.1,4,manhattan,kd_tree,50,,-1.0
0,1.0,0.1,4,manhattan,kd_tree,50,1.0,-1.0
0,1.0,0.1,4,manhattan,kd_tree,50,2.0,-1.0
0,1.0,0.1,4,manhattan,brute,10,,-1.0
0,1.0,0.1,4,manhattan,brute,10,1.0,-1.0
0,1.0,0.1,4,manhattan,brute,10,2.0,-1.0
0,1.0,0.1,4,manhattan,brute,20,,-1.0
0,1.0,0.1,4,manhattan,brute,20,1.0,-1.0
0,1.0,0.1,4,manhattan,brute,20,2.0,-1.0
0,1.0,0.1,4,manhattan,brute,30,,-1.0
0,1.0,0.1,4,manhattan,brute,30,1.0,-1.0
0,1.0,0.1,4,manhattan,brute,30,2.0,-1.0
0,1.0,0.1,4,manhattan,brute,40,,-1.0
0,1.0,0.1,4,manhattan,brute,40,1.0,-1.0
0,1.0,0.1,4,manhattan,brute,40,2.0,-1.0
0,1.0,0.1,4,manhattan,brute,50,,-1.0
0,1.0,0.1,4,manhattan,brute,50,1.0,-1.0
0,1.0,0.1,4,manhattan,brute,50,2.0,-1.0
0,1.0,0.1,4,mahalanobis,auto,10,,-1.0
0,1.0,0.1,4,mahalanobis,auto,10,1.0,-1.0
0,1.0,0.1,4,mahalanobis,auto,10,2.0,-1.0
0,1.0,0.1,4,mahalanobis,auto,20,,-1.0
0,1.0,0.1,4,mahalanobis,auto,20,1.0,-1.0
0,1.0,0.1,4,mahalanobis,auto,20,2.0,-1.0
0,1.0,0.1,4,mahalanobis,auto,30,,-1.0
0,1.0,0.1,4,mahalanobis,auto,30,1.0,-1.0
0,1.0,0.1,4,mahalanobis,auto,30,2.0,-1.0
0,1.0,0.1,4,mahalanobis,auto,40,,-1.0
0,1.0,0.1,4,mahalanobis,auto,40,1.0,-1.0
0,1.0,0.1,4,mahalanobis,auto,40,2.0,-1.0
0,1.0,0.1,4,mahalanobis,auto,50,,-1.0
0,1.0,0.1,4,mahalanobis,auto,50,1.0,-1.0
0,1.0,0.1,4,mahalanobis,auto,50,2.0,-1.0
0,1.0,0.1,4,mahalanobis,ball_tree,10,,-1.0
0,1.0,0.1,4,mahalanobis,ball_tree,10,1.0,-1.0
0,1.0,0.1,4,mahalanobis,ball_tree,10,2.0,-1.0
0,1.0,0.1,4,mahalanobis,ball_tree,20,,-1.0
0,1.0,0.1,4,mahalanobis,ball_tree,20,1.0,-1.0
0,1.0,0.1,4,mahalanobis,ball_tree,20,2.0,-1.0
0,1.0,0.1,4,mahalanobis,ball_tree,30,,-1.0
0,1.0,0.1,4,mahalanobis,ball_tree,30,1.0,-1.0
0,1.0,0.1,4,mahalanobis,ball_tree,30,2.0,-1.0
0,1.0,0.1,4,mahalanobis,ball_tree,40,,-1.0
0,1.0,0.1,4,mahalanobis,ball_tree,40,1.0,-1.0
0,1.0,0.1,4,mahalanobis,ball_tree,40,2.0,-1.0
0,1.0,0.1,4,mahalanobis,ball_tree,50,,-1.0
0,1.0,0.1,4,mahalanobis,ball_tree,50,1.0,-1.0
0,1.0,0.1,4,mahalanobis,ball_tree,50,2.0,-1.0
0,1.0,0.1,4,mahalanobis,kd_tree,10,,-1.0
0,1.0,0.1,4,mahalanobis,kd_tree,10,1.0,-1.0
0,1.0,0.1,4,mahalanobis,kd_tree,10,2.0,-1.0
0,1.0,0.1,4,mahalanobis,kd_tree,20,,-1.0
0,1.0,0.1,4,mahalanobis,kd_tree,20,1.0,-1.0
0,1.0,0.1,4,mahalanobis,kd_tree,20,2.0,-1.0
0,1.0,0.1,4,mahalanobis,kd_tree,30,,-1.0
0,1.0,0.1,4,mahalanobis,kd_tree,30,1.0,-1.0
0,1.0,0.1,4,mahalanobis,kd_tree,30,2.0,-1.0
0,1.0,0.1,4,mahalanobis,kd_tree,40,,-1.0
0,1.0,0.1,4,mahalanobis,kd_tree,40,1.0,-1.0
0,1.0,0.1,4,mahalanobis,kd_tree,40,2.0,-1.0
0,1.0,0.1,4,mahalanobis,kd_tree,50,,-1.0
0,1.0,0.1,4,mahalanobis,kd_tree,50,1.0,-1.0
0,1.0,0.1,4,mahalanobis,kd_tree,50,2.0,-1.0
0,1.0,0.1,4,mahalanobis,brute,10,,-1.0
0,1.0,0.1,4,mahalanobis,brute,10,1.0,-1.0
0,1.0,0.1,4,mahalanobis,brute,10,2.0,-1.0
0,1.0,0.1,4,mahalanobis,brute,20,,-1.0
0,1.0,0.1,4,mahalanobis,brute,20,1.0,-1.0
0,1.0,0.1,4,mahalanobis,brute,20,2.0,-1.0
0,1.0,0.1,4,mahalanobis,brute,30,,-1.0
0,1.0,0.1,4,mahalanobis,brute,30,1.0,-1.0
0,1.0,0.1,4,mahalanobis,brute,30,2.0,-1.0
0,1.0,0.1,4,mahalanobis,brute,40,,-1.0
0,1.0,0.1,4,mahalanobis,brute,40,1.0,-1.0
0,1.0,0.1,4,mahalanobis,brute,40,2.0,-1.0
0,1.0,0.1,4,mahalanobis,brute,50,,-1.0
0,1.0,0.1,4,mahalanobis,brute,50,1.0,-1.0
0,1.0,0.1,4,mahalanobis,brute,50,2.0,-1.0
0,1.0,0.1,5,euclidean,auto,10,,-1.0
0,1.0,0.1,5,euclidean,auto,10,1.0,-1.0
0,1.0,0.1,5,euclidean,auto,10,2.0,-1.0
0,1.0,0.1,5,euclidean,auto,20,,-1.0
0,1.0,0.1,5,euclidean,auto,20,1.0,-1.0
0,1.0,0.1,5,euclidean,auto,20,2.0,-1.0
0,1.0,0.1,5,euclidean,auto,30,,-1.0
0,1.0,0.1,5,euclidean,auto,30,1.0,-1.0
0,1.0,0.1,5,euclidean,auto,30,2.0,-1.0
0,1.0,0.1,5,euclidean,auto,40,,-1.0
0,1.0,0.1,5,euclidean,auto,40,1.0,-1.0
0,1.0,0.1,5,euclidean,auto,40,2.0,-1.0
0,1.0,0.1,5,euclidean,auto,50,,-1.0
0,1.0,0.1,5,euclidean,auto,50,1.0,-1.0
0,1.0,0.1,5,euclidean,auto,50,2.0,-1.0
0,1.0,0.1,5,euclidean,ball_tree,10,,-1.0
0,1.0,0.1,5,euclidean,ball_tree,10,1.0,-1.0
0,1.0,0.1,5,euclidean,ball_tree,10,2.0,-1.0
0,1.0,0.1,5,euclidean,ball_tree,20,,-1.0
0,1.0,0.1,5,euclidean,ball_tree,20,1.0,-1.0
0,1.0,0.1,5,euclidean,ball_tree,20,2.0,-1.0
0,1.0,0.1,5,euclidean,ball_tree,30,,-1.0
0,1.0,0.1,5,euclidean,ball_tree,30,1.0,-1.0
0,1.0,0.1,5,euclidean,ball_tree,30,2.0,-1.0
0,1.0,0.1,5,euclidean,ball_tree,40,,-1.0
0,1.0,0.1,5,euclidean,ball_tree,40,1.0,-1.0
0,1.0,0.1,5,euclidean,ball_tree,40,2.0,-1.0
0,1.0,0.1,5,euclidean,ball_tree,50,,-1.0
0,1.0,0.1,5,euclidean,ball_tree,50,1.0,-1.0
0,1.0,0.1,5,euclidean,ball_tree,50,2.0,-1.0
0,1.0,0.1,5,euclidean,kd_tree,10,,-1.0
0,1.0,0.1,5,euclidean,kd_tree,10,1.0,-1.0
0,1.0,0.1,5,euclidean,kd_tree,10,2.0,-1.0
0,1.0,0.1,5,euclidean,kd_tree,20,,-1.0
0,1.0,0.1,5,euclidean,kd_tree,20,1.0,-1.0
0,1.0,0.1,5,euclidean,kd_tree,20,2.0,-1.0
0,1.0,0.1,5,euclidean,kd_tree,30,,-1.0
0,1.0,0.1,5,euclidean,kd_tree,30,1.0,-1.0
0,1.0,0.1,5,euclidean,kd_tree,30,2.0,-1.0
0,1.0,0.1,5,euclidean,kd_tree,40,,-1.0
0,1.0,0.1,5,euclidean,kd_tree,40,1.0,-1.0
0,1.0,0.1,5,euclidean,kd_tree,40,2.0,-1.0
0,1.0,0.1,5,euclidean,kd_tree,50,,-1.0
0,1.0,0.1,5,euclidean,kd_tree,50,1.0,-1.0
0,1.0,0.1,5,euclidean,kd_tree,50,2.0,-1.0
0,1.0,0.1,5,euclidean,brute,10,,-1.0
0,1.0,0.1,5,euclidean,brute,10,1.0,-1.0
0,1.0,0.1,5,euclidean,brute,10,2.0,-1.0
0,1.0,0.1,5,euclidean,brute,20,,-1.0
0,1.0,0.1,5,euclidean,brute,20,1.0,-1.0
0,1.0,0.1,5,euclidean,brute,20,2.0,-1.0
0,1.0,0.1,5,euclidean,brute,30,,-1.0
0,1.0,0.1,5,euclidean,brute,30,1.0,-1.0
0,1.0,0.1,5,euclidean,brute,30,2.0,-1.0
0,1.0,0.1,5,euclidean,brute,40,,-1.0
0,1.0,0.1,5,euclidean,brute,40,1.0,-1.0
0,1.0,0.1,5,euclidean,brute,40,2.0,-1.0
0,1.0,0.1,5,euclidean,brute,50,,-1.0
0,1.0,0.1,5,euclidean,brute,50,1.0,-1.0
0,1.0,0.1,5,euclidean,brute,50,2.0,-1.0
0,1.0,0.1,5,manhattan,auto,10,,-1.0
0,1.0,0.1,5,manhattan,auto,10,1.0,-1.0
0,1.0,0.1,5,manhattan,auto,10,2.0,-1.0
0,1.0,0.1,5,manhattan,auto,20,,-1.0
0,1.0,0.1,5,manhattan,auto,20,1.0,-1.0
0,1.0,0.1,5,manhattan,auto,20,2.0,-1.0
0,1.0,0.1,5,manhattan,auto,30,,-1.0
0,1.0,0.1,5,manhattan,auto,30,1.0,-1.0
0,1.0,0.1,5,manhattan,auto,30,2.0,-1.0
0,1.0,0.1,5,manhattan,auto,40,,-1.0
0,1.0,0.1,5,manhattan,auto,40,1.0,-1.0
0,1.0,0.1,5,manhattan,auto,40,2.0,-1.0
0,1.0,0.1,5,manhattan,auto,50,,-1.0
0,1.0,0.1,5,manhattan,auto,50,1.0,-1.0
0,1.0,0.1,5,manhattan,auto,50,2.0,-1.0
0,1.0,0.1,5,manhattan,ball_tree,10,,-1.0
0,1.0,0.1,5,manhattan,ball_tree,10,1.0,-1.0
0,1.0,0.1,5,manhattan,ball_tree,10,2.0,-1.0
0,1.0,0.1,5,manhattan,ball_tree,20,,-1.0
0,1.0,0.1,5,manhattan,ball_tree,20,1.0,-1.0
0,1.0,0.1,5,manhattan,ball_tree,20,2.0,-1.0
0,1.0,0.1,5,manhattan,ball_tree,30,,-1.0
0,1.0,0.1,5,manhattan,ball_tree,30,1.0,-1.0
0,1.0,0.1,5,manhattan,ball_tree,30,2.0,-1.0
0,1.0,0.1,5,manhattan,ball_tree,40,,-1.0
0,1.0,0.1,5,manhattan,ball_tree,40,1.0,-1.0
0,1.0,0.1,5,manhattan,ball_tree,40,2.0,-1.0
0,1.0,0.1,5,manhattan,ball_tree,50,,-1.0
0,1.0,0.1,5,manhattan,ball_tree,50,1.0,-1.0
0,1.0,0.1,5,manhattan,ball_tree,50,2.0,-1.0
0,1.0,0.1,5,manhattan,kd_tree,10,,-1.0
0,1.0,0.1,5,manhattan,kd_tree,10,1.0,-1.0
0,1.0,0.1,5,manhattan,kd_tree,10,2.0,-1.0
0,1.0,0.1,5,manhattan,kd_tree,20,,-1.0
0,1.0,0.1,5,manhattan,kd_tree,20,1.0,-1.0
0,1.0,0.1,5,manhattan,kd_tree,20,2.0,-1.0
0,1.0,0.1,5,manhattan,kd_tree,30,,-1.0
0,1.0,0.1,5,manhattan,kd_tree,30,1.0,-1.0
0,1.0,0.1,5,manhattan,kd_tree,30,2.0,-1.0
0,1.0,0.1,5,manhattan,kd_tree,40,,-1.0
0,1.0,0.1,5,manhattan,kd_tree,40,1.0,-1.0
0,1.0,0.1,5,manhattan,kd_tree,40,2.0,-1.0
0,1.0,0.1,5,manhattan,kd_tree,50,,-1.0
0,1.0,0.1,5,manhattan,kd_tree,50,1.0,-1.0
0,1.0,0.1,5,manhattan,kd_tree,50,2.0,-1.0
0,1.0,0.1,5,manhattan,brute,10,,-1.0
0,1.0,0.1,5,manhattan,brute,10,1.0,-1.0
0,1.0,0.1,5,manhattan,brute,10,2.0,-1.0
0,1.0,0.1,5,manhattan,brute,20,,-1.0
0,1.0,0.1,5,manhattan,brute,20,1.0,-1.0
0,1.0,0.1,5,manhattan,brute,20,2.0,-1.0
0,1.0,0.1,5,manhattan,brute,30,,-1.0
0,1.0,0.1,5,manhattan,brute,30,1.0,-1.0
0,1.0,0.1,5,manhattan,brute,30,2.0,-1.0
0,1.0,0.1,5,manhattan,brute,40,,-1.0
0,1.0,0.1,5,manhattan,brute,40,1.0,-1.0
0,1.0,0.1,5,manhattan,brute,40,2.0,-1.0
0,1.0,0.1,5,manhattan,brute,50,,-1.0
0,1.0,0.1,5,manhattan,brute,50,1.0,-1.0
0,1.0,0.1,5,manhattan,brute,50,2.0,-1.0
0,1.0,0.1,5,mahalanobis,auto,10,,-1.0
0,1.0,0.1,5,mahalanobis,auto,10,1.0,-1.0
0,1.0,0.1,5,mahalanobis,auto,10,2.0,-1.0
0,1.0,0.1,5,mahalanobis,auto,20,,-1.0
0,1.0,0.1,5,mahalanobis,auto,20,1.0,-1.0
0,1.0,0.1,5,mahalanobis,auto,20,2.0,-1.0
0,1.0,0.1,5,mahalanobis,auto,30,,-1.0
0,1.0,0.1,5,mahalanobis,auto,30,1.0,-1.0
0,1.0,0.1,5,mahalanobis,auto,30,2.0,-1.0
0,1.0,0.1,5,mahalanobis,auto,40,,-1.0
0,1.0,0.1,5,mahalanobis,auto,40,1.0,-1.0
0,1.0,0.1,5,mahalanobis,auto,40,2.0,-1.0
0,1.0,0.1,5,mahalanobis,auto,50,,-1.0
0,1.0,0.1,5,mahalanobis,auto,50,1.0,-1.0
0,1.0,0.1,5,mahalanobis,auto,50,2.0,-1.0
0,1.0,0.1,5,mahalanobis,ball_tree,10,,-1.0
0,1.0,0.1,5,mahalanobis,ball_tree,10,1.0,-1.0
0,1.0,0.1,5,mahalanobis,ball_tree,10,2.0,-1.0
0,1.0,0.1,5,mahalanobis,ball_tree,20,,-1.0
0,1.0,0.1,5,mahalanobis,ball_tree,20,1.0,-1.0
0,1.0,0.1,5,mahalanobis,ball_tree,20,2.0,-1.0
0,1.0,0.1,5,mahalanobis,ball_tree,30,,-1.0
0,1.0,0.1,5,mahalanobis,ball_tree,30,1.0,-1.0
0,1.0,0.1,5,mahalanobis,ball_tree,30,2.0,-1.0
0,1.0,0.1,5,mahalanobis,ball_tree,40,,-1.0
0,1.0,0.1,5,mahalanobis,ball_tree,40,1.0,-1.0
0,1.0,0.1,5,mahalanobis,ball_tree,40,2.0,-1.0
0,1.0,0.1,5,mahalanobis,ball_tree,50,,-1.0
0,1.0,0.1,5,mahalanobis,ball_tree,50,1.0,-1.0
0,1.0,0.1,5,mahalanobis,ball_tree,50,2.0,-1.0
0,1.0,0.1,5,mahalanobis,kd_tree,10,,-1.0
0,1.0,0.1,5,mahalanobis,kd_tree,10,1.0,-1.0
0,1.0,0.1,5,mahalanobis,kd_tree,10,2.0,-1.0
0,1.0,0.1,5,mahalanobis,kd_tree,20,,-1.0
0,1.0,0.1,5,mahalanobis,kd_tree,20,1.0,-1.0
0,1.0,0.1,5,mahalanobis,kd_tree,20,2.0,-1.0
0,1.0,0.1,5,mahalanobis,kd_tree,30,,-1.0
0,1.0,0.1,5,mahalanobis,kd_tree,30,1.0,-1.0
0,1.0,0.1,5,mahalanobis,kd_tree,30,2.0,-1.0
0,1.0,0.1,5,mahalanobis,kd_tree,40,,-1.0
0,1.0,0.1,5,mahalanobis,kd_tree,40,1.0,-1.0
0,1.0,0.1,5,mahalanobis,kd_tree,40,2.0,-1.0
0,1.0,0.1,5,mahalanobis,kd_tree,50,,-1.0
0,1.0,0.1,5,mahalanobis,kd_tree,50,1.0,-1.0
0,1.0,0.1,5,mahalanobis,kd_tree,50,2.0,-1.0
0,1.0,0.1,5,mahalanobis,brute,10,,-1.0
0,1.0,0.1,5,mahalanobis,brute,10,1.0,-1.0
0,1.0,0.1,5,mahalanobis,brute,10,2.0,-1.0
0,1.0,0.1,5,mahalanobis,brute,20,,-1.0
0,1.0,0.1,5,mahalanobis,brute,20,1.0,-1.0
0,1.0,0.1,5,mahalanobis,brute,20,2.0,-1.0
0,1.0,0.1,5,mahalanobis,brute,30,,-1.0
0,1.0,0.1,5,mahalanobis,brute,30,1.0,-1.0
0,1.0,0.1,5,mahalanobis,brute,30,2.0,-1.0
0,1.0,0.1,5,mahalanobis,brute,40,,-1.0
0,1.0,0.1,5,mahalanobis,brute,40,1.0,-1.0
0,1.0,0.1,5,mahalanobis,brute,40,2.0,-1.0
0,1.0,0.1,5,mahalanobis,brute,50,,-1.0
0,1.0,0.1,5,mahalanobis,brute,50,1.0,-1.0
0,1.0,0.1,5,mahalanobis,brute,50,2.0,-1.0
0,1.0,0.1,6,euclidean,auto,10,,-1.0
0,1.0,0.1,6,euclidean,auto,10,1.0,-1.0
0,1.0,0.1,6,euclidean,auto,10,2.0,-1.0
0,1.0,0.1,6,euclidean,auto,20,,-1.0
0,1.0,0.1,6,euclidean,auto,20,1.0,-1.0
0,1.0,0.1,6,euclidean,auto,20,2.0,-1.0
0,1.0,0.1,6,euclidean,auto,30,,-1.0
0,1.0,0.1,6,euclidean,auto,30,1.0,-1.0
0,1.0,0.1,6,euclidean,auto,30,2.0,-1.0
0,1.0,0.1,6,euclidean,auto,40,,-1.0
0,1.0,0.1,6,euclidean,auto,40,1.0,-1.0
0,1.0,0.1,6,euclidean,auto,40,2.0,-1.0
0,1.0,0.1,6,euclidean,auto,50,,-1.0
0,1.0,0.1,6,euclidean,auto,50,1.0,-1.0
0,1.0,0.1,6,euclidean,auto,50,2.0,-1.0
0,1.0,0.1,6,euclidean,ball_tree,10,,-1.0
0,1.0,0.1,6,euclidean,ball_tree,10,1.0,-1.0
0,1.0,0.1,6,euclidean,ball_tree,10,2.0,-1.0
0,1.0,0.1,6,euclidean,ball_tree,20,,-1.0
0,1.0,0.1,6,euclidean,ball_tree,20,1.0,-1.0
0,1.0,0.1,6,euclidean,ball_tree,20,2.0,-1.0
0,1.0,0.1,6,euclidean,ball_tree,30,,-1.0
0,1.0,0.1,6,euclidean,ball_tree,30,1.0,-1.0
0,1.0,0.1,6,euclidean,ball_tree,30,2.0,-1.0
0,1.0,0.1,6,euclidean,ball_tree,40,,-1.0
0,1.0,0.1,6,euclidean,ball_tree,40,1.0,-1.0
0,1.0,0.1,6,euclidean,ball_tree,40,2.0,-1.0
0,1.0,0.1,6,euclidean,ball_tree,50,,-1.0
0,1.0,0.1,6,euclidean,ball_tree,50,1.0,-1.0
0,1.0,0.1,6,euclidean,ball_tree,50,2.0,-1.0
0,1.0,0.1,6,euclidean,kd_tree,10,,-1.0
0,1.0,0.1,6,euclidean,kd_tree,10,1.0,-1.0
0,1.0,0.1,6,euclidean,kd_tree,10,2.0,-1.0
0,1.0,0.1,6,euclidean,kd_tree,20,,-1.0
0,1.0,0.1,6,euclidean,kd_tree,20,1.0,-1.0
0,1.0,0.1,6,euclidean,kd_tree,20,2.0,-1.0
0,1.0,0.1,6,euclidean,kd_tree,30,,-1.0
0,1.0,0.1,6,euclidean,kd_tree,30,1.0,-1.0
0,1.0,0.1,6,euclidean,kd_tree,30,2.0,-1.0
0,1.0,0.1,6,euclidean,kd_tree,40,,-1.0
0,1.0,0.1,6,euclidean,kd_tree,40,1.0,-1.0
0,1.0,0.1,6,euclidean,kd_tree,40,2.0,-1.0
0,1.0,0.1,6,euclidean,kd_tree,50,,-1.0
0,1.0,0.1,6,euclidean,kd_tree,50,1.0,-1.0
0,1.0,0.1,6,euclidean,kd_tree,50,2.0,-1.0
0,1.0,0.1,6,euclidean,brute,10,,-1.0
0,1.0,0.1,6,euclidean,brute,10,1.0,-1.0
0,1.0,0.1,6,euclidean,brute,10,2.0,-1.0
0,1.0,0.1,6,euclidean,brute,20,,-1.0
0,1.0,0.1,6,euclidean,brute,20,1.0,-1.0
0,1.0,0.1,6,euclidean,brute,20,2.0,-1.0
0,1.0,0.1,6,euclidean,brute,30,,-1.0
0,1.0,0.1,6,euclidean,brute,30,1.0,-1.0
0,1.0,0.1,6,euclidean,brute,30,2.0,-1.0
0,1.0,0.1,6,euclidean,brute,40,,-1.0
0,1.0,0.1,6,euclidean,brute,40,1.0,-1.0
0,1.0,0.1,6,euclidean,brute,40,2.0,-1.0
0,1.0,0.1,6,euclidean,brute,50,,-1.0
0,1.0,0.1,6,euclidean,brute,50,1.0,-1.0
0,1.0,0.1,6,euclidean,brute,50,2.0,-1.0
0,1.0,0.1,6,manhattan,auto,10,,-1.0
0,1.0,0.1,6,manhattan,auto,10,1.0,-1.0
0,1.0,0.1,6,manhattan,auto,10,2.0,-1.0
0,1.0,0.1,6,manhattan,auto,20,,-1.0
0,1.0,0.1,6,manhattan,auto,20,1.0,-1.0
0,1.0,0.1,6,manhattan,auto,20,2.0,-1.0
0,1.0,0.1,6,manhattan,auto,30,,-1.0
0,1.0,0.1,6,manhattan,auto,30,1.0,-1.0
0,1.0,0.1,6,manhattan,auto,30,2.0,-1.0
0,1.0,0.1,6,manhattan,auto,40,,-1.0
0,1.0,0.1,6,manhattan,auto,40,1.0,-1.0
0,1.0,0.1,6,manhattan,auto,40,2.0,-1.0
0,1.0,0.1,6,manhattan,auto,50,,-1.0
0,1.0,0.1,6,manhattan,auto,50,1.0,-1.0
0,1.0,0.1,6,manhattan,auto,50,2.0,-1.0
0,1.0,0.1,6,manhattan,ball_tree,10,,-1.0
0,1.0,0.1,6,manhattan,ball_tree,10,1.0,-1.0
0,1.0,0.1,6,manhattan,ball_tree,10,2.0,-1.0
0,1.0,0.1,6,manhattan,ball_tree,20,,-1.0
0,1.0,0.1,6,manhattan,ball_tree,20,1.0,-1.0
0,1.0,0.1,6,manhattan,ball_tree,20,2.0,-1.0
0,1.0,0.1,6,manhattan,ball_tree,30,,-1.0
0,1.0,0.1,6,manhattan,ball_tree,30,1.0,-1.0
0,1.0,0.1,6,manhattan,ball_tree,30,2.0,-1.0
0,1.0,0.1,6,manhattan,ball_tree,40,,-1.0
0,1.0,0.1,6,manhattan,ball_tree,40,1.0,-1.0
0,1.0,0.1,6,manhattan,ball_tree,40,2.0,-1.0
0,1.0,0.1,6,manhattan,ball_tree,50,,-1.0
0,1.0,0.1,6,manhattan,ball_tree,50,1.0,-1.0
0,1.0,0.1,6,manhattan,ball_tree,50,2.0,-1.0
0,1.0,0.1,6,manhattan,kd_tree,10,,-1.0
0,1.0,0.1,6,manhattan,kd_tree,10,1.0,-1.0
0,1.0,0.1,6,manhattan,kd_tree,10,2.0,-1.0
0,1.0,0.1,6,manhattan,kd_tree,20,,-1.0
0,1.0,0.1,6,manhattan,kd_tree,20,1.0,-1.0
0,1.0,0.1,6,manhattan,kd_tree,20,2.0,-1.0
0,1.0,0.1,6,manhattan,kd_tree,30,,-1.0
0,1.0,0.1,6,manhattan,kd_tree,30,1.0,-1.0
0,1.0,0.1,6,manhattan,kd_tree,30,2.0,-1.0
0,1.0,0.1,6,manhattan,kd_tree,40,,-1.0
0,1.0,0.1,6,manhattan,kd_tree,40,1.0,-1.0
0,1.0,0.1,6,manhattan,kd_tree,40,2.0,-1.0
0,1.0,0.1,6,manhattan,kd_tree,50,,-1.0
0,1.0,0.1,6,manhattan,kd_tree,50,1.0,-1.0
0,1.0,0.1,6,manhattan,kd_tree,50,2.0,-1.0
0,1.0,0.1,6,manhattan,brute,10,,-1.0
0,1.0,0.1,6,manhattan,brute,10,1.0,-1.0
0,1.0,0.1,6,manhattan,brute,10,2.0,-1.0
0,1.0,0.1,6,manhattan,brute,20,,-1.0
0,1.0,0.1,6,manhattan,brute,20,1.0,-1.0
0,1.0,0.1,6,manhattan,brute,20,2.0,-1.0
0,1.0,0.1,6,manhattan,brute,30,,-1.0
0,1.0,0.1,6,manhattan,brute,30,1.0,-1.0
0,1.0,0.1,6,manhattan,brute,30,2.0,-1.0
0,1.0,0.1,6,manhattan,brute,40,,-1.0
0,1.0,0.1,6,manhattan,brute,40,1.0,-1.0
0,1.0,0.1,6,manhattan,brute,40,2.0,-1.0
0,1.0,0.1,6,manhattan,brute,50,,-1.0
0,1.0,0.1,6,manhattan,brute,50,1.0,-1.0
0,1.0,0.1,6,manhattan,brute,50,2.0,-1.0
0,1.0,0.1,6,mahalanobis,auto,10,,-1.0
0,1.0,0.1,6,mahalanobis,auto,10,1.0,-1.0
0,1.0,0.1,6,mahalanobis,auto,10,2.0,-1.0
0,1.0,0.1,6,mahalanobis,auto,20,,-1.0
0,1.0,0.1,6,mahalanobis,auto,20,1.0,-1.0
0,1.0,0.1,6,mahalanobis,auto,20,2.0,-1.0
0,1.0,0.1,6,mahalanobis,auto,30,,-1.0
0,1.0,0.1,6,mahalanobis,auto,30,1.0,-1.0
0,1.0,0.1,6,mahalanobis,auto,30,2.0,-1.0
0,1.0,0.1,6,mahalanobis,auto,40,,-1.0
0,1.0,0.1,6,mahalanobis,auto,40,1.0,-1.0
0,1.0,0.1,6,mahalanobis,auto,40,2.0,-1.0
0,1.0,0.1,6,mahalanobis,auto,50,,-1.0
0,1.0,0.1,6,mahalanobis,auto,50,1.0,-1.0
0,1.0,0.1,6,mahalanobis,auto,50,2.0,-1.0
0,1.0,0.1,6,mahalanobis,ball_tree,10,,-1.0
0,1.0,0.1,6,mahalanobis,ball_tree,10,1.0,-1.0
0,1.0,0.1,6,mahalanobis,ball_tree,10,2.0,-1.0
0,1.0,0.1,6,mahalanobis,ball_tree,20,,-1.0
0,1.0,0.1,6,mahalanobis,ball_tree,20,1.0,-1.0
0,1.0,0.1,6,mahalanobis,ball_tree,20,2.0,-1.0
0,1.0,0.1,6,mahalanobis,ball_tree,30,,-1.0
0,1.0,0.1,6,mahalanobis,ball_tree,30,1.0,-1.0
0,1.0,0.1,6,mahalanobis,ball_tree,30,2.0,-1.0
0,1.0,0.1,6,mahalanobis,ball_tree,40,,-1.0
0,1.0,0.1,6,mahalanobis,ball_tree,40,1.0,-1.0
0,1.0,0.1,6,mahalanobis,ball_tree,40,2.0,-1.0
0,1.0,0.1,6,mahalanobis,ball_tree,50,,-1.0
0,1.0,0.1,6,mahalanobis,ball_tree,50,1.0,-1.0
0,1.0,0.1,6,mahalanobis,ball_tree,50,2.0,-1.0
0,1.0,0.1,6,mahalanobis,kd_tree,10,,-1.0
0,1.0,0.1,6,mahalanobis,kd_tree,10,1.0,-1.0
0,1.0,0.1,6,mahalanobis,kd_tree,10,2.0,-1.0
0,1.0,0.1,6,mahalanobis,kd_tree,20,,-1.0
0,1.0,0.1,6,mahalanobis,kd_tree,20,1.0,-1.0
0,1.0,0.1,6,mahalanobis,kd_tree,20,2.0,-1.0
0,1.0,0.1,6,mahalanobis,kd_tree,30,,-1.0
0,1.0,0.1,6,mahalanobis,kd_tree,30,1.0,-1.0
0,1.0,0.1,6,mahalanobis,kd_tree,30,2.0,-1.0
0,1.0,0.1,6,mahalanobis,kd_tree,40,,-1.0
0,1.0,0.1,6,mahalanobis,kd_tree,40,1.0,-1.0
0,1.0,0.1,6,mahalanobis,kd_tree,40,2.0,-1.0
0,1.0,0.1,6,mahalanobis,kd_tree,50,,-1.0
0,1.0,0.1,6,mahalanobis,kd_tree,50,1.0,-1.0
0,1.0,0.1,6,mahalanobis,kd_tree,50,2.0,-1.0
0,1.0,0.1,6,mahalanobis,brute,10,,-1.0
0,1.0,0.1,6,mahalanobis,brute,10,1.0,-1.0
0,1.0,0.1,6,mahalanobis,brute,10,2.0,-1.0
0,1.0,0.1,6,mahalanobis,brute,20,,-1.0
0,1.0,0.1,6,mahalanobis,brute,20,1.0,-1.0
0,1.0,0.1,6,mahalanobis,brute,20,2.0,-1.0
0,1.0,0.1,6,mahalanobis,brute,30,,-1.0
0,1.0,0.1,6,mahalanobis,brute,30,1.0,-1.0
0,1.0,0.1,6,mahalanobis,brute,30,2.0,-1.0
0,1.0,0.1,6,mahalanobis,brute,40,,-1.0
0,1.0,0.1,6,mahalanobis,brute,40,1.0,-1.0
0,1.0,0.1,6,mahalanobis,brute,40,2.0,-1.0
0,1.0,0.1,6,mahalanobis,brute,50,,-1.0
0,1.0,0.1,6,mahalanobis,brute,50,1.0,-1.0
0,1.0,0.1,6,mahalanobis,brute,50,2.0,-1.0
0,1.0,0.1,7,euclidean,auto,10,,-1.0
0,1.0,0.1,7,euclidean,auto,10,1.0,-1.0
0,1.0,0.1,7,euclidean,auto,10,2.0,-1.0
0,1.0,0.1,7,euclidean,auto,20,,-1.0
0,1.0,0.1,7,euclidean,auto,20,1.0,-1.0
0,1.0,0.1,7,euclidean,auto,20,2.0,-1.0
0,1.0,0.1,7,euclidean,auto,30,,-1.0
0,1.0,0.1,7,euclidean,auto,30,1.0,-1.0
0,1.0,0.1,7,euclidean,auto,30,2.0,-1.0
0,1.0,0.1,7,euclidean,auto,40,,-1.0
0,1.0,0.1,7,euclidean,auto,40,1.0,-1.0
0,1.0,0.1,7,euclidean,auto,40,2.0,-1.0
0,1.0,0.1,7,euclidean,auto,50,,-1.0
0,1.0,0.1,7,euclidean,auto,50,1.0,-1.0
0,1.0,0.1,7,euclidean,auto,50,2.0,-1.0
0,1.0,0.1,7,euclidean,ball_tree,10,,-1.0
0,1.0,0.1,7,euclidean,ball_tree,10,1.0,-1.0
0,1.0,0.1,7,euclidean,ball_tree,10,2.0,-1.0
0,1.0,0.1,7,euclidean,ball_tree,20,,-1.0
0,1.0,0.1,7,euclidean,ball_tree,20,1.0,-1.0
0,1.0,0.1,7,euclidean,ball_tree,20,2.0,-1.0
0,1.0,0.1,7,euclidean,ball_tree,30,,-1.0
0,1.0,0.1,7,euclidean,ball_tree,30,1.0,-1.0
0,1.0,0.1,7,euclidean,ball_tree,30,2.0,-1.0
0,1.0,0.1,7,euclidean,ball_tree,40,,-1.0
0,1.0,0.1,7,euclidean,ball_tree,40,1.0,-1.0
0,1.0,0.1,7,euclidean,ball_tree,40,2.0,-1.0
0,1.0,0.1,7,euclidean,ball_tree,50,,-1.0
0,1.0,0.1,7,euclidean,ball_tree,50,1.0,-1.0
0,1.0,0.1,7,euclidean,ball_tree,50,2.0,-1.0
0,1.0,0.1,7,euclidean,kd_tree,10,,-1.0
0,1.0,0.1,7,euclidean,kd_tree,10,1.0,-1.0
0,1.0,0.1,7,euclidean,kd_tree,10,2.0,-1.0
0,1.0,0.1,7,euclidean,kd_tree,20,,-1.0
0,1.0,0.1,7,euclidean,kd_tree,20,1.0,-1.0
0,1.0,0.1,7,euclidean,kd_tree,20,2.0,-1.0
0,1.0,0.1,7,euclidean,kd_tree,30,,-1.0
0,1.0,0.1,7,euclidean,kd_tree,30,1.0,-1.0
0,1.0,0.1,7,euclidean,kd_tree,30,2.0,-1.0
0,1.0,0.1,7,euclidean,kd_tree,40,,-1.0
0,1.0,0.1,7,euclidean,kd_tree,40,1.0,-1.0
0,1.0,0.1,7,euclidean,kd_tree,40,2.0,-1.0
0,1.0,0.1,7,euclidean,kd_tree,50,,-1.0
0,1.0,0.1,7,euclidean,kd_tree,50,1.0,-1.0
0,1.0,0.1,7,euclidean,kd_tree,50,2.0,-1.0
0,1.0,0.1,7,euclidean,brute,10,,-1.0
0,1.0,0.1,7,euclidean,brute,10,1.0,-1.0
0,1.0,0.1,7,euclidean,brute,10,2.0,-1.0
0,1.0,0.1,7,euclidean,brute,20,,-1.0
0,1.0,0.1,7,euclidean,brute,20,1.0,-1.0
0,1.0,0.1,7,euclidean,brute,20,2.0,-1.0
0,1.0,0.1,7,euclidean,brute,30,,-1.0
0,1.0,0.1,7,euclidean,brute,30,1.0,-1.0
0,1.0,0.1,7,euclidean,brute,30,2.0,-1.0
0,1.0,0.1,7,euclidean,brute,40,,-1.0
0,1.0,0.1,7,euclidean,brute,40,1.0,-1.0
0,1.0,0.1,7,euclidean,brute,40,2.0,-1.0
0,1.0,0.1,7,euclidean,brute,50,,-1.0
0,1.0,0.1,7,euclidean,brute,50,1.0,-1.0
0,1.0,0.1,7,euclidean,brute,50,2.0,-1.0
0,1.0,0.1,7,manhattan,auto,10,,-1.0
0,1.0,0.1,7,manhattan,auto,10,1.0,-1.0
0,1.0,0.1,7,manhattan,auto,10,2.0,-1.0
0,1.0,0.1,7,manhattan,auto,20,,-1.0
0,1.0,0.1,7,manhattan,auto,20,1.0,-1.0
0,1.0,0.1,7,manhattan,auto,20,2.0,-1.0
0,1.0,0.1,7,manhattan,auto,30,,-1.0
0,1.0,0.1,7,manhattan,auto,30,1.0,-1.0
0,1.0,0.1,7,manhattan,auto,30,2.0,-1.0
0,1.0,0.1,7,manhattan,auto,40,,-1.0
0,1.0,0.1,7,manhattan,auto,40,1.0,-1.0
0,1.0,0.1,7,manhattan,auto,40,2.0,-1.0
0,1.0,0.1,7,manhattan,auto,50,,-1.0
0,1.0,0.1,7,manhattan,auto,50,1.0,-1.0
0,1.0,0.1,7,manhattan,auto,50,2.0,-1.0
0,1.0,0.1,7,manhattan,ball_tree,10,,-1.0
0,1.0,0.1,7,manhattan,ball_tree,10,1.0,-1.0
0,1.0,0.1,7,manhattan,ball_tree,10,2.0,-1.0
0,1.0,0.1,7,manhattan,ball_tree,20,,-1.0
0,1.0,0.1,7,manhattan,ball_tree,20,1.0,-1.0
0,1.0,0.1,7,manhattan,ball_tree,20,2.0,-1.0
0,1.0,0.1,7,manhattan,ball_tree,30,,-1.0
0,1.0,0.1,7,manhattan,ball_tree,30,1.0,-1.0
0,1.0,0.1,7,manhattan,ball_tree,30,2.0,-1.0
0,1.0,0.1,7,manhattan,ball_tree,40,,-1.0
0,1.0,0.1,7,manhattan,ball_tree,40,1.0,-1.0
0,1.0,0.1,7,manhattan,ball_tree,40,2.0,-1.0
0,1.0,0.1,7,manhattan,ball_tree,50,,-1.0
0,1.0,0.1,7,manhattan,ball_tree,50,1.0,-1.0
0,1.0,0.1,7,manhattan,ball_tree,50,2.0,-1.0
0,1.0,0.1,7,manhattan,kd_tree,10,,-1.0
0,1.0,0.1,7,manhattan,kd_tree,10,1.0,-1.0
0,1.0,0.1,7,manhattan,kd_tree,10,2.0,-1.0
0,1.0,0.1,7,manhattan,kd_tree,20,,-1.0
0,1.0,0.1,7,manhattan,kd_tree,20,1.0,-1.0
0,1.0,0.1,7,manhattan,kd_tree,20,2.0,-1.0
0,1.0,0.1,7,manhattan,kd_tree,30,,-1.0
0,1.0,0.1,7,manhattan,kd_tree,30,1.0,-1.0
0,1.0,0.1,7,manhattan,kd_tree,30,2.0,-1.0
0,1.0,0.1,7,manhattan,kd_tree,40,,-1.0
0,1.0,0.1,7,manhattan,kd_tree,40,1.0,-1.0
0,1.0,0.1,7,manhattan,kd_tree,40,2.0,-1.0
0,1.0,0.1,7,manhattan,kd_tree,50,,-1.0
0,1.0,0.1,7,manhattan,kd_tree,50,1.0,-1.0
0,1.0,0.1,7,manhattan,kd_tree,50,2.0,-1.0
0,1.0,0.1,7,manhattan,brute,10,,-1.0
0,1.0,0.1,7,manhattan,brute,10,1.0,-1.0
0,1.0,0.1,7,manhattan,brute,10,2.0,-1.0
0,1.0,0.1,7,manhattan,brute,20,,-1.0
0,1.0,0.1,7,manhattan,brute,20,1.0,-1.0
0,1.0,0.1,7,manhattan,brute,20,2.0,-1.0
0,1.0,0.1,7,manhattan,brute,30,,-1.0
0,1.0,0.1,7,manhattan,brute,30,1.0,-1.0
0,1.0,0.1,7,manhattan,brute,30,2.0,-1.0
0,1.0,0.1,7,manhattan,brute,40,,-1.0
0,1.0,0.1,7,manhattan,brute,40,1.0,-1.0
0,1.0,0.1,7,manhattan,brute,40,2.0,-1.0
0,1.0,0.1,7,manhattan,brute,50,,-1.0
0,1.0,0.1,7,manhattan,brute,50,1.0,-1.0
0,1.0,0.1,7,manhattan,brute,50,2.0,-1.0
0,1.0,0.1,7,mahalanobis,auto,10,,-1.0
0,1.0,0.1,7,mahalanobis,auto,10,1.0,-1.0
0,1.0,0.1,7,mahalanobis,auto,10,2.0,-1.0
0,1.0,0.1,7,mahalanobis,auto,20,,-1.0
0,1.0,0.1,7,mahalanobis,auto,20,1.0,-1.0
0,1.0,0.1,7,mahalanobis,auto,20,2.0,-1.0
0,1.0,0.1,7,mahalanobis,auto,30,,-1.0
0,1.0,0.1,7,mahalanobis,auto,30,1.0,-1.0
0,1.0,0.1,7,mahalanobis,auto,30,2.0,-1.0
0,1.0,0.1,7,mahalanobis,auto,40,,-1.0
0,1.0,0.1,7,mahalanobis,auto,40,1.0,-1.0
0,1.0,0.1,7,mahalanobis,auto,40,2.0,-1.0
0,1.0,0.1,7,mahalanobis,auto,50,,-1.0
0,1.0,0.1,7,mahalanobis,auto,50,1.0,-1.0
0,1.0,0.1,7,mahalanobis,auto,50,2.0,-1.0
0,1.0,0.1,7,mahalanobis,ball_tree,10,,-1.0
0,1.0,0.1,7,mahalanobis,ball_tree,10,1.0,-1.0
0,1.0,0.1,7,mahalanobis,ball_tree,10,2.0,-1.0
0,1.0,0.1,7,mahalanobis,ball_tree,20,,-1.0
0,1.0,0.1,7,mahalanobis,ball_tree,20,1.0,-1.0
0,1.0,0.1,7,mahalanobis,ball_tree,20,2.0,-1.0
0,1.0,0.1,7,mahalanobis,ball_tree,30,,-1.0
0,1.0,0.1,7,mahalanobis,ball_tree,30,1.0,-1.0
0,1.0,0.1,7,mahalanobis,ball_tree,30,2.0,-1.0
0,1.0,0.1,7,mahalanobis,ball_tree,40,,-1.0
0,1.0,0.1,7,mahalanobis,ball_tree,40,1.0,-1.0
0,1.0,0.1,7,mahalanobis,ball_tree,40,2.0,-1.0
0,1.0,0.1,7,mahalanobis,ball_tree,50,,-1.0
0,1.0,0.1,7,mahalanobis,ball_tree,50,1.0,-1.0
0,1.0,0.1,7,mahalanobis,ball_tree,50,2.0,-1.0
0,1.0,0.1,7,mahalanobis,kd_tree,10,,-1.0
0,1.0,0.1,7,mahalanobis,kd_tree,10,1.0,-1.0
0,1.0,0.1,7,mahalanobis,kd_tree,10,2.0,-1.0
0,1.0,0.1,7,mahalanobis,kd_tree,20,,-1.0
0,1.0,0.1,7,mahalanobis,kd_tree,20,1.0,-1.0
0,1.0,0.1,7,mahalanobis,kd_tree,20,2.0,-1.0
0,1.0,0.1,7,mahalanobis,kd_tree,30,,-1.0
0,1.0,0.1,7,mahalanobis,kd_tree,30,1.0,-1.0
0,1.0,0.1,7,mahalanobis,kd_tree,30,2.0,-1.0
0,1.0,0.1,7,mahalanobis,kd_tree,40,,-1.0
0,1.0,0.1,7,mahalanobis,kd_tree,40,1.0,-1.0
0,1.0,0.1,7,mahalanobis,kd_tree,40,2.0,-1.0
0,1.0,0.1,7,mahalanobis,kd_tree,50,,-1.0
0,1.0,0.1,7,mahalanobis,kd_tree,50,1.0,-1.0
0,1.0,0.1,7,mahalanobis,kd_tree,50,2.0,-1.0
0,1.0,0.1,7,mahalanobis,brute,10,,-1.0
0,1.0,0.1,7,mahalanobis,brute,10,1.0,-1.0
0,1.0,0.1,7,mahalanobis,brute,10,2.0,-1.0
0,1.0,0.1,7,mahalanobis,brute,20,,-1.0
0,1.0,0.1,7,mahalanobis,brute,20,1.0,-1.0
0,1.0,0.1,7,mahalanobis,brute,20,2.0,-1.0
0,1.0,0.1,7,mahalanobis,brute,30,,-1.0
0,1.0,0.1,7,mahalanobis,brute,30,1.0,-1.0
0,1.0,0.1,7,mahalanobis,brute,30,2.0,-1.0
0,1.0,0.1,7,mahalanobis,brute,40,,-1.0
0,1.0,0.1,7,mahalanobis,brute,40,1.0,-1.0
0,1.0,0.1,7,mahalanobis,brute,40,2.0,-1.0
0,1.0,0.1,7,mahalanobis,brute,50,,-1.0
0,1.0,0.1,7,mahalanobis,brute,50,1.0,-1.0
0,1.0,0.1,7,mahalanobis,brute,50,2.0,-1.0
0,1.0,0.1,8,euclidean,auto,10,,-1.0
0,1.0,0.1,8,euclidean,auto,10,1.0,-1.0
0,1.0,0.1,8,euclidean,auto,10,2.0,-1.0
0,1.0,0.1,8,euclidean,auto,20,,-1.0
0,1.0,0.1,8,euclidean,auto,20,1.0,-1.0
0,1.0,0.1,8,euclidean,auto,20,2.0,-1.0
0,1.0,0.1,8,euclidean,auto,30,,-1.0
0,1.0,0.1,8,euclidean,auto,30,1.0,-1.0
0,1.0,0.1,8,euclidean,auto,30,2.0,-1.0
0,1.0,0.1,8,euclidean,auto,40,,-1.0
0,1.0,0.1,8,euclidean,auto,40,1.0,-1.0
0,1.0,0.1,8,euclidean,auto,40,2.0,-1.0
0,1.0,0.1,8,euclidean,auto,50,,-1.0
0,1.0,0.1,8,euclidean,auto,50,1.0,-1.0
0,1.0,0.1,8,euclidean,auto,50,2.0,-1.0
0,1.0,0.1,8,euclidean,ball_tree,10,,-1.0
0,1.0,0.1,8,euclidean,ball_tree,10,1.0,-1.0
0,1.0,0.1,8,euclidean,ball_tree,10,2.0,-1.0
0,1.0,0.1,8,euclidean,ball_tree,20,,-1.0
0,1.0,0.1,8,euclidean,ball_tree,20,1.0,-1.0
0,1.0,0.1,8,euclidean,ball_tree,20,2.0,-1.0
0,1.0,0.1,8,euclidean,ball_tree,30,,-1.0
0,1.0,0.1,8,euclidean,ball_tree,30,1.0,-1.0
0,1.0,0.1,8,euclidean,ball_tree,30,2.0,-1.0
0,1.0,0.1,8,euclidean,ball_tree,40,,-1.0
0,1.0,0.1,8,euclidean,ball_tree,40,1.0,-1.0
0,1.0,0.1,8,euclidean,ball_tree,40,2.0,-1.0
0,1.0,0.1,8,euclidean,ball_tree,50,,-1.0
0,1.0,0.1,8,euclidean,ball_tree,50,1.0,-1.0
0,1.0,0.1,8,euclidean,ball_tree,50,2.0,-1.0
0,1.0,0.1,8,euclidean,kd_tree,10,,-1.0
0,1.0,0.1,8,euclidean,kd_tree,10,1.0,-1.0
0,1.0,0.1,8,euclidean,kd_tree,10,2.0,-1.0
0,1.0,0.1,8,euclidean,kd_tree,20,,-1.0
0,1.0,0.1,8,euclidean,kd_tree,20,1.0,-1.0
0,1.0,0.1,8,euclidean,kd_tree,20,2.0,-1.0
0,1.0,0.1,8,euclidean,kd_tree,30,,-1.0
0,1.0,0.1,8,euclidean,kd_tree,30,1.0,-1.0
0,1.0,0.1,8,euclidean,kd_tree,30,2.0,-1.0
0,1.0,0.1,8,euclidean,kd_tree,40,,-1.0
0,1.0,0.1,8,euclidean,kd_tree,40,1.0,-1.0
0,1.0,0.1,8,euclidean,kd_tree,40,2.0,-1.0
0,1.0,0.1,8,euclidean,kd_tree,50,,-1.0
0,1.0,0.1,8,euclidean,kd_tree,50,1.0,-1.0
0,1.0,0.1,8,euclidean,kd_tree,50,2.0,-1.0
0,1.0,0.1,8,euclidean,brute,10,,-1.0
0,1.0,0.1,8,euclidean,brute,10,1.0,-1.0
0,1.0,0.1,8,euclidean,brute,10,2.0,-1.0
0,1.0,0.1,8,euclidean,brute,20,,-1.0
0,1.0,0.1,8,euclidean,brute,20,1.0,-1.0
0,1.0,0.1,8,euclidean,brute,20,2.0,-1.0
0,1.0,0.1,8,euclidean,brute,30,,-1.0
0,1.0,0.1,8,euclidean,brute,30,1.0,-1.0
0,1.0,0.1,8,euclidean,brute,30,2.0,-1.0
0,1.0,0.1,8,euclidean,brute,40,,-1.0
0,1.0,0.1,8,euclidean,brute,40,1.0,-1.0
0,1.0,0.1,8,euclidean,brute,40,2.0,-1.0
0,1.0,0.1,8,euclidean,brute,50,,-1.0
0,1.0,0.1,8,euclidean,brute,50,1.0,-1.0
0,1.0,0.1,8,euclidean,brute,50,2.0,-1.0
0,1.0,0.1,8,manhattan,auto,10,,-1.0
0,1.0,0.1,8,manhattan,auto,10,1.0,-1.0
0,1.0,0.1,8,manhattan,auto,10,2.0,-1.0
0,1.0,0.1,8,manhattan,auto,20,,-1.0
0,1.0,0.1,8,manhattan,auto,20,1.0,-1.0
0,1.0,0.1,8,manhattan,auto,20,2.0,-1.0
0,1.0,0.1,8,manhattan,auto,30,,-1.0
0,1.0,0.1,8,manhattan,auto,30,1.0,-1.0
0,1.0,0.1,8,manhattan,auto,30,2.0,-1.0
0,1.0,0.1,8,manhattan,auto,40,,-1.0
0,1.0,0.1,8,manhattan,auto,40,1.0,-1.0
0,1.0,0.1,8,manhattan,auto,40,2.0,-1.0
0,1.0,0.1,8,manhattan,auto,50,,-1.0
0,1.0,0.1,8,manhattan,auto,50,1.0,-1.0
0,1.0,0.1,8,manhattan,auto,50,2.0,-1.0
0,1.0,0.1,8,manhattan,ball_tree,10,,-1.0
0,1.0,0.1,8,manhattan,ball_tree,10,1.0,-1.0
0,1.0,0.1,8,manhattan,ball_tree,10,2.0,-1.0
0,1.0,0.1,8,manhattan,ball_tree,20,,-1.0
0,1.0,0.1,8,manhattan,ball_tree,20,1.0,-1.0
0,1.0,0.1,8,manhattan,ball_tree,20,2.0,-1.0
0,1.0,0.1,8,manhattan,ball_tree,30,,-1.0
0,1.0,0.1,8,manhattan,ball_tree,30,1.0,-1.0
0,1.0,0.1,8,manhattan,ball_tree,30,2.0,-1.0
0,1.0,0.1,8,manhattan,ball_tree,40,,-1.0
0,1.0,0.1,8,manhattan,ball_tree,40,1.0,-1.0
0,1.0,0.1,8,manhattan,ball_tree,40,2.0,-1.0
0,1.0,0.1,8,manhattan,ball_tree,50,,-1.0
0,1.0,0.1,8,manhattan,ball_tree,50,1.0,-1.0
0,1.0,0.1,8,manhattan,ball_tree,50,2.0,-1.0
0,1.0,0.1,8,manhattan,kd_tree,10,,-1.0
0,1.0,0.1,8,manhattan,kd_tree,10,1.0,-1.0
0,1.0,0.1,8,manhattan,kd_tree,10,2.0,-1.0
0,1.0,0.1,8,manhattan,kd_tree,20,,-1.0
0,1.0,0.1,8,manhattan,kd_tree,20,1.0,-1.0
0,1.0,0.1,8,manhattan,kd_tree,20,2.0,-1.0
0,1.0,0.1,8,manhattan,kd_tree,30,,-1.0
0,1.0,0.1,8,manhattan,kd_tree,30,1.0,-1.0
0,1.0,0.1,8,manhattan,kd_tree,30,2.0,-1.0
0,1.0,0.1,8,manhattan,kd_tree,40,,-1.0
0,1.0,0.1,8,manhattan,kd_tree,40,1.0,-1.0
0,1.0,0.1,8,manhattan,kd_tree,40,2.0,-1.0
0,1.0,0.1,8,manhattan,kd_tree,50,,-1.0
0,1.0,0.1,8,manhattan,kd_tree,50,1.0,-1.0
0,1.0,0.1,8,manhattan,kd_tree,50,2.0,-1.0
0,1.0,0.1,8,manhattan,brute,10,,-1.0
0,1.0,0.1,8,manhattan,brute,10,1.0,-1.0
0,1.0,0.1,8,manhattan,brute,10,2.0,-1.0
0,1.0,0.1,8,manhattan,brute,20,,-1.0
0,1.0,0.1,8,manhattan,brute,20,1.0,-1.0
0,1.0,0.1,8,manhattan,brute,20,2.0,-1.0
0,1.0,0.1,8,manhattan,brute,30,,-1.0
0,1.0,0.1,8,manhattan,brute,30,1.0,-1.0
0,1.0,0.1,8,manhattan,brute,30,2.0,-1.0
0,1.0,0.1,8,manhattan,brute,40,,-1.0
0,1.0,0.1,8,manhattan,brute,40,1.0,-1.0
0,1.0,0.1,8,manhattan,brute,40,2.0,-1.0
0,1.0,0.1,8,manhattan,brute,50,,-1.0
0,1.0,0.1,8,manhattan,brute,50,1.0,-1.0
0,1.0,0.1,8,manhattan,brute,50,2.0,-1.0
0,1.0,0.1,8,mahalanobis,auto,10,,-1.0
0,1.0,0.1,8,mahalanobis,auto,10,1.0,-1.0
0,1.0,0.1,8,mahalanobis,auto,10,2.0,-1.0
0,1.0,0.1,8,mahalanobis,auto,20,,-1.0
0,1.0,0.1,8,mahalanobis,auto,20,1.0,-1.0
0,1.0,0.1,8,mahalanobis,auto,20,2.0,-1.0
0,1.0,0.1,8,mahalanobis,auto,30,,-1.0
0,1.0,0.1,8,mahalanobis,auto,30,1.0,-1.0
0,1.0,0.1,8,mahalanobis,auto,30,2.0,-1.0
0,1.0,0.1,8,mahalanobis,auto,40,,-1.0
0,1.0,0.1,8,mahalanobis,auto,40,1.0,-1.0
0,1.0,0.1,8,mahalanobis,auto,40,2.0,-1.0
0,1.0,0.1,8,mahalanobis,auto,50,,-1.0
0,1.0,0.1,8,mahalanobis,auto,50,1.0,-1.0
0,1.0,0.1,8,mahalanobis,auto,50,2.0,-1.0
0,1.0,0.1,8,mahalanobis,ball_tree,10,,-1.0
0,1.0,0.1,8,mahalanobis,ball_tree,10,1.0,-1.0
0,1.0,0.1,8,mahalanobis,ball_tree,10,2.0,-1.0
0,1.0,0.1,8,mahalanobis,ball_tree,20,,-1.0
0,1.0,0.1,8,mahalanobis,ball_tree,20,1.0,-1.0
0,1.0,0.1,8,mahalanobis,ball_tree,20,2.0,-1.0
0,1.0,0.1,8,mahalanobis,ball_tree,30,,-1.0
0,1.0,0.1,8,mahalanobis,ball_tree,30,1.0,-1.0
0,1.0,0.1,8,mahalanobis,ball_tree,30,2.0,-1.0
0,1.0,0.1,8,mahalanobis,ball_tree,40,,-1.0
0,1.0,0.1,8,mahalanobis,ball_tree,40,1.0,-1.0
0,1.0,0.1,8,mahalanobis,ball_tree,40,2.0,-1.0
0,1.0,0.1,8,mahalanobis,ball_tree,50,,-1.0
0,1.0,0.1,8,mahalanobis,ball_tree,50,1.0,-1.0
0,1.0,0.1,8,mahalanobis,ball_tree,50,2.0,-1.0
0,1.0,0.1,8,mahalanobis,kd_tree,10,,-1.0
0,1.0,0.1,8,mahalanobis,kd_tree,10,1.0,-1.0
0,1.0,0.1,8,mahalanobis,kd_tree,10,2.0,-1.0
0,1.0,0.1,8,mahalanobis,kd_tree,20,,-1.0
0,1.0,0.1,8,mahalanobis,kd_tree,20,1.0,-1.0
0,1.0,0.1,8,mahalanobis,kd_tree,20,2.0,-1.0
0,1.0,0.1,8,mahalanobis,kd_tree,30,,-1.0
0,1.0,0.1,8,mahalanobis,kd_tree,30,1.0,-1.0
0,1.0,0.1,8,mahalanobis,kd_tree,30,2.0,-1.0
0,1.0,0.1,8,mahalanobis,kd_tree,40,,-1.0
0,1.0,0.1,8,mahalanobis,kd_tree,40,1.0,-1.0
0,1.0,0.1,8,mahalanobis,kd_tree,40,2.0,-1.0
0,1.0,0.1,8,mahalanobis,kd_tree,50,,-1.0
0,1.0,0.1,8,mahalanobis,kd_tree,50,1.0,-1.0
0,1.0,0.1,8,mahalanobis,kd_tree,50,2.0,-1.0
0,1.0,0.1,8,mahalanobis,brute,10,,-1.0
0,1.0,0.1,8,mahalanobis,brute,10,1.0,-1.0
0,1.0,0.1,8,mahalanobis,brute,10,2.0,-1.0
0,1.0,0.1,8,mahalanobis,brute,20,,-1.0
0,1.0,0.1,8,mahalanobis,brute,20,1.0,-1.0
0,1.0,0.1,8,mahalanobis,brute,20,2.0,-1.0
0,1.0,0.1,8,mahalanobis,brute,30,,-1.0
0,1.0,0.1,8,mahalanobis,brute,30,1.0,-1.0
0,1.0,0.1,8,mahalanobis,brute,30,2.0,-1.0
0,1.0,0.1,8,mahalanobis,brute,40,,-1.0
0,1.0,0.1,8,mahalanobis,brute,40,1.0,-1.0
0,1.0,0.1,8,mahalanobis,brute,40,2.0,-1.0
0,1.0,0.1,8,mahalanobis,brute,50,,-1.0
0,1.0,0.1,8,mahalanobis,brute,50,1.0,-1.0
0,1.0,0.1,8,mahalanobis,brute,50,2.0,-1.0
0,1.0,0.1,9,euclidean,auto,10,,-1.0
0,1.0,0.1,9,euclidean,auto,10,1.0,-1.0
0,1.0,0.1,9,euclidean,auto,10,2.0,-1.0
0,1.0,0.1,9,euclidean,auto,20,,-1.0
0,1.0,0.1,9,euclidean,auto,20,1.0,-1.0
0,1.0,0.1,9,euclidean,auto,20,2.0,-1.0
0,1.0,0.1,9,euclidean,auto,30,,-1.0
0,1.0,0.1,9,euclidean,auto,30,1.0,-1.0
0,1.0,0.1,9,euclidean,auto,30,2.0,-1.0
0,1.0,0.1,9,euclidean,auto,40,,-1.0
0,1.0,0.1,9,euclidean,auto,40,1.0,-1.0
0,1.0,0.1,9,euclidean,auto,40,2.0,-1.0
0,1.0,0.1,9,euclidean,auto,50,,-1.0
0,1.0,0.1,9,euclidean,auto,50,1.0,-1.0
0,1.0,0.1,9,euclidean,auto,50,2.0,-1.0
0,1.0,0.1,9,euclidean,ball_tree,10,,-1.0
0,1.0,0.1,9,euclidean,ball_tree,10,1.0,-1.0
0,1.0,0.1,9,euclidean,ball_tree,10,2.0,-1.0
0,1.0,0.1,9,euclidean,ball_tree,20,,-1.0
0,1.0,0.1,9,euclidean,ball_tree,20,1.0,-1.0
0,1.0,0.1,9,euclidean,ball_tree,20,2.0,-1.0
0,1.0,0.1,9,euclidean,ball_tree,30,,-1.0
0,1.0,0.1,9,euclidean,ball_tree,30,1.0,-1.0
0,1.0,0.1,9,euclidean,ball_tree,30,2.0,-1.0
0,1.0,0.1,9,euclidean,ball_tree,40,,-1.0
0,1.0,0.1,9,euclidean,ball_tree,40,1.0,-1.0
0,1.0,0.1,9,euclidean,ball_tree,40,2.0,-1.0
0,1.0,0.1,9,euclidean,ball_tree,50,,-1.0
0,1.0,0.1,9,euclidean,ball_tree,50,1.0,-1.0
0,1.0,0.1,9,euclidean,ball_tree,50,2.0,-1.0
0,1.0,0.1,9,euclidean,kd_tree,10,,-1.0
0,1.0,0.1,9,euclidean,kd_tree,10,1.0,-1.0
0,1.0,0.1,9,euclidean,kd_tree,10,2.0,-1.0
0,1.0,0.1,9,euclidean,kd_tree,20,,-1.0
0,1.0,0.1,9,euclidean,kd_tree,20,1.0,-1.0
0,1.0,0.1,9,euclidean,kd_tree,20,2.0,-1.0
0,1.0,0.1,9,euclidean,kd_tree,30,,-1.0
0,1.0,0.1,9,euclidean,kd_tree,30,1.0,-1.0
0,1.0,0.1,9,euclidean,kd_tree,30,2.0,-1.0
0,1.0,0.1,9,euclidean,kd_tree,40,,-1.0
0,1.0,0.1,9,euclidean,kd_tree,40,1.0,-1.0
0,1.0,0.1,9,euclidean,kd_tree,40,2.0,-1.0
0,1.0,0.1,9,euclidean,kd_tree,50,,-1.0
0,1.0,0.1,9,euclidean,kd_tree,50,1.0,-1.0
0,1.0,0.1,9,euclidean,kd_tree,50,2.0,-1.0
0,1.0,0.1,9,euclidean,brute,10,,-1.0
0,1.0,0.1,9,euclidean,brute,10,1.0,-1.0
0,1.0,0.1,9,euclidean,brute,10,2.0,-1.0
0,1.0,0.1,9,euclidean,brute,20,,-1.0
0,1.0,0.1,9,euclidean,brute,20,1.0,-1.0
0,1.0,0.1,9,euclidean,brute,20,2.0,-1.0
0,1.0,0.1,9,euclidean,brute,30,,-1.0
0,1.0,0.1,9,euclidean,brute,30,1.0,-1.0
0,1.0,0.1,9,euclidean,brute,30,2.0,-1.0
0,1.0,0.1,9,euclidean,brute,40,,-1.0
0,1.0,0.1,9,euclidean,brute,40,1.0,-1.0
0,1.0,0.1,9,euclidean,brute,40,2.0,-1.0
0,1.0,0.1,9,euclidean,brute,50,,-1.0
0,1.0,0.1,9,euclidean,brute,50,1.0,-1.0
0,1.0,0.1,9,euclidean,brute,50,2.0,-1.0
0,1.0,0.1,9,manhattan,auto,10,,-1.0
0,1.0,0.1,9,manhattan,auto,10,1.0,-1.0
0,1.0,0.1,9,manhattan,auto,10,2.0,-1.0
0,1.0,0.1,9,manhattan,auto,20,,-1.0
0,1.0,0.1,9,manhattan,auto,20,1.0,-1.0
0,1.0,0.1,9,manhattan,auto,20,2.0,-1.0
0,1.0,0.1,9,manhattan,auto,30,,-1.0
0,1.0,0.1,9,manhattan,auto,30,1.0,-1.0
0,1.0,0.1,9,manhattan,auto,30,2.0,-1.0
0,1.0,0.1,9,manhattan,auto,40,,-1.0
0,1.0,0.1,9,manhattan,auto,40,1.0,-1.0
0,1.0,0.1,9,manhattan,auto,40,2.0,-1.0
0,1.0,0.1,9,manhattan,auto,50,,-1.0
0,1.0,0.1,9,manhattan,auto,50,1.0,-1.0
0,1.0,0.1,9,manhattan,auto,50,2.0,-1.0
0,1.0,0.1,9,manhattan,ball_tree,10,,-1.0
0,1.0,0.1,9,manhattan,ball_tree,10,1.0,-1.0
0,1.0,0.1,9,manhattan,ball_tree,10,2.0,-1.0
0,1.0,0.1,9,manhattan,ball_tree,20,,-1.0
0,1.0,0.1,9,manhattan,ball_tree,20,1.0,-1.0
0,1.0,0.1,9,manhattan,ball_tree,20,2.0,-1.0
0,1.0,0.1,9,manhattan,ball_tree,30,,-1.0
0,1.0,0.1,9,manhattan,ball_tree,30,1.0,-1.0
0,1.0,0.1,9,manhattan,ball_tree,30,2.0,-1.0
0,1.0,0.1,9,manhattan,ball_tree,40,,-1.0
0,1.0,0.1,9,manhattan,ball_tree,40,1.0,-1.0
0,1.0,0.1,9,manhattan,ball_tree,40,2.0,-1.0
0,1.0,0.1,9,manhattan,ball_tree,50,,-1.0
0,1.0,0.1,9,manhattan,ball_tree,50,1.0,-1.0
0,1.0,0.1,9,manhattan,ball_tree,50,2.0,-1.0
0,1.0,0.1,9,manhattan,kd_tree,10,,-1.0
0,1.0,0.1,9,manhattan,kd_tree,10,1.0,-1.0
0,1.0,0.1,9,manhattan,kd_tree,10,2.0,-1.0
0,1.0,0.1,9,manhattan,kd_tree,20,,-1.0
0,1.0,0.1,9,manhattan,kd_tree,20,1.0,-1.0
0,1.0,0.1,9,manhattan,kd_tree,20,2.0,-1.0
0,1.0,0.1,9,manhattan,kd_tree,30,,-1.0
0,1.0,0.1,9,manhattan,kd_tree,30,1.0,-1.0
0,1.0,0.1,9,manhattan,kd_tree,30,2.0,-1.0
0,1.0,0.1,9,manhattan,kd_tree,40,,-1.0
0,1.0,0.1,9,manhattan,kd_tree,40,1.0,-1.0
0,1.0,0.1,9,manhattan,kd_tree,40,2.0,-1.0
0,1.0,0.1,9,manhattan,kd_tree,50,,-1.0
0,1.0,0.1,9,manhattan,kd_tree,50,1.0,-1.0
0,1.0,0.1,9,manhattan,kd_tree,50,2.0,-1.0
0,1.0,0.1,9,manhattan,brute,10,,-1.0
0,1.0,0.1,9,manhattan,brute,10,1.0,-1.0
0,1.0,0.1,9,manhattan,brute,10,2.0,-1.0
0,1.0,0.1,9,manhattan,brute,20,,-1.0
0,1.0,0.1,9,manhattan,brute,20,1.0,-1.0
0,1.0,0.1,9,manhattan,brute,20,2.0,-1.0
0,1.0,0.1,9,manhattan,brute,30,,-1.0
0,1.0,0.1,9,manhattan,brute,30,1.0,-1.0
0,1.0,0.1,9,manhattan,brute,30,2.0,-1.0
0,1.0,0.1,9,manhattan,brute,40,,-1.0
0,1.0,0.1,9,manhattan,brute,40,1.0,-1.0
0,1.0,0.1,9,manhattan,brute,40,2.0,-1.0
0,1.0,0.1,9,manhattan,brute,50,,-1.0
0,1.0,0.1,9,manhattan,brute,50,1.0,-1.0
0,1.0,0.1,9,manhattan,brute,50,2.0,-1.0
0,1.0,0.1,9,mahalanobis,auto,10,,-1.0
0,1.0,0.1,9,mahalanobis,auto,10,1.0,-1.0
0,1.0,0.1,9,mahalanobis,auto,10,2.0,-1.0
0,1.0,0.1,9,mahalanobis,auto,20,,-1.0
0,1.0,0.1,9,mahalanobis,auto,20,1.0,-1.0
0,1.0,0.1,9,mahalanobis,auto,20,2.0,-1.0
0,1.0,0.1,9,mahalanobis,auto,30,,-1.0
0,1.0,0.1,9,mahalanobis,auto,30,1.0,-1.0
0,1.0,0.1,9,mahalanobis,auto,30,2.0,-1.0
0,1.0,0.1,9,mahalanobis,auto,40,,-1.0
0,1.0,0.1,9,mahalanobis,auto,40,1.0,-1.0
0,1.0,0.1,9,mahalanobis,auto,40,2.0,-1.0
0,1.0,0.1,9,mahalanobis,auto,50,,-1.0
0,1.0,0.1,9,mahalanobis,auto,50,1.0,-1.0
0,1.0,0.1,9,mahalanobis,auto,50,2.0,-1.0
0,1.0,0.1,9,mahalanobis,ball_tree,10,,-1.0
0,1.0,0.1,9,mahalanobis,ball_tree,10,1.0,-1.0
0,1.0,0.1,9,mahalanobis,ball_tree,10,2.0,-1.0
0,1.0,0.1,9,mahalanobis,ball_tree,20,,-1.0
0,1.0,0.1,9,mahalanobis,ball_tree,20,1.0,-1.0
0,1.0,0.1,9,mahalanobis,ball_tree,20,2.0,-1.0
0,1.0,0.1,9,mahalanobis,ball_tree,30,,-1.0
0,1.0,0.1,9,mahalanobis,ball_tree,30,1.0,-1.0
0,1.0,0.1,9,mahalanobis,ball_tree,30,2.0,-1.0
0,1.0,0.1,9,mahalanobis,ball_tree,40,,-1.0
0,1.0,0.1,9,mahalanobis,ball_tree,40,1.0,-1.0
0,1.0,0.1,9,mahalanobis,ball_tree,40,2.0,-1.0
0,1.0,0.1,9,mahalanobis,ball_tree,50,,-1.0
0,1.0,0.1,9,mahalanobis,ball_tree,50,1.0,-1.0
0,1.0,0.1,9,mahalanobis,ball_tree,50,2.0,-1.0
0,1.0,0.1,9,mahalanobis,kd_tree,10,,-1.0
0,1.0,0.1,9,mahalanobis,kd_tree,10,1.0,-1.0
0,1.0,0.1,9,mahalanobis,kd_tree,10,2.0,-1.0
0,1.0,0.1,9,mahalanobis,kd_tree,20,,-1.0
0,1.0,0.1,9,mahalanobis,kd_tree,20,1.0,-1.0
0,1.0,0.1,9,mahalanobis,kd_tree,20,2.0,-1.0
0,1.0,0.1,9,mahalanobis,kd_tree,30,,-1.0
0,1.0,0.1,9,mahalanobis,kd_tree,30,1.0,-1.0
0,1.0,0.1,9,mahalanobis,kd_tree,30,2.0,-1.0
0,1.0,0.1,9,mahalanobis,kd_tree,40,,-1.0
0,1.0,0.1,9,mahalanobis,kd_tree,40,1.0,-1.0
0,1.0,0.1,9,mahalanobis,kd_tree,40,2.0,-1.0
0,1.0,0.1,9,mahalanobis,kd_tree,50,,-1.0
0,1.0,0.1,9,mahalanobis,kd_tree,50,1.0,-1.0
0,1.0,0.1,9,mahalanobis,kd_tree,50,2.0,-1.0
0,1.0,0.1,9,mahalanobis,brute,10,,-1.0
0,1.0,0.1,9,mahalanobis,brute,10,1.0,-1.0
0,1.0,0.1,9,mahalanobis,brute,10,2.0,-1.0
0,1.0,0.1,9,mahalanobis,brute,20,,-1.0
0,1.0,0.1,9,mahalanobis,brute,20,1.0,-1.0
0,1.0,0.1,9,mahalanobis,brute,20,2.0,-1.0
0,1.0,0.1,9,mahalanobis,brute,30,,-1.0
0,1.0,0.1,9,mahalanobis,brute,30,1.0,-1.0
0,1.0,0.1,9,mahalanobis,brute,30,2.0,-1.0
0,1.0,0.1,9,mahalanobis,brute,40,,-1.0
0,1.0,0.1,9,mahalanobis,brute,40,1.0,-1.0
0,1.0,0.1,9,mahalanobis,brute,40,2.0,-1.0
0,1.0,0.1,9,mahalanobis,brute,50,,-1.0
0,1.0,0.1,9,mahalanobis,brute,50,1.0,-1.0
0,1.0,0.1,9,mahalanobis,brute,50,2.0,-1.0
0,1.0,0.1,10,euclidean,auto,10,,-1.0
0,1.0,0.1,10,euclidean,auto,10,1.0,-1.0
0,1.0,0.1,10,euclidean,auto,10,2.0,-1.0
0,1.0,0.1,10,euclidean,auto,20,,-1.0
0,1.0,0.1,10,euclidean,auto,20,1.0,-1.0
0,1.0,0.1,10,euclidean,auto,20,2.0,-1.0
0,1.0,0.1,10,euclidean,auto,30,,-1.0
0,1.0,0.1,10,euclidean,auto,30,1.0,-1.0
0,1.0,0.1,10,euclidean,auto,30,2.0,-1.0
0,1.0,0.1,10,euclidean,auto,40,,-1.0
0,1.0,0.1,10,euclidean,auto,40,1.0,-1.0
0,1.0,0.1,10,euclidean,auto,40,2.0,-1.0
0,1.0,0.1,10,euclidean,auto,50,,-1.0
0,1.0,0.1,10,euclidean,auto,50,1.0,-1.0
0,1.0,0.1,10,euclidean,auto,50,2.0,-1.0
0,1.0,0.1,10,euclidean,ball_tree,10,,-1.0
0,1.0,0.1,10,euclidean,ball_tree,10,1.0,-1.0
0,1.0,0.1,10,euclidean,ball_tree,10,2.0,-1.0
0,1.0,0.1,10,euclidean,ball_tree,20,,-1.0
0,1.0,0.1,10,euclidean,ball_tree,20,1.0,-1.0
0,1.0,0.1,10,euclidean,ball_tree,20,2.0,-1.0
0,1.0,0.1,10,euclidean,ball_tree,30,,-1.0
0,1.0,0.1,10,euclidean,ball_tree,30,1.0,-1.0
0,1.0,0.1,10,euclidean,ball_tree,30,2.0,-1.0
0,1.0,0.1,10,euclidean,ball_tree,40,,-1.0
0,1.0,0.1,10,euclidean,ball_tree,40,1.0,-1.0
0,1.0,0.1,10,euclidean,ball_tree,40,2.0,-1.0
0,1.0,0.1,10,euclidean,ball_tree,50,,-1.0
0,1.0,0.1,10,euclidean,ball_tree,50,1.0,-1.0
0,1.0,0.1,10,euclidean,ball_tree,50,2.0,-1.0
0,1.0,0.1,10,euclidean,kd_tree,10,,-1.0
0,1.0,0.1,10,euclidean,kd_tree,10,1.0,-1.0
0,1.0,0.1,10,euclidean,kd_tree,10,2.0,-1.0
0,1.0,0.1,10,euclidean,kd_tree,20,,-1.0
0,1.0,0.1,10,euclidean,kd_tree,20,1.0,-1.0
0,1.0,0.1,10,euclidean,kd_tree,20,2.0,-1.0
0,1.0,0.1,10,euclidean,kd_tree,30,,-1.0
0,1.0,0.1,10,euclidean,kd_tree,30,1.0,-1.0
0,1.0,0.1,10,euclidean,kd_tree,30,2.0,-1.0
0,1.0,0.1,10,euclidean,kd_tree,40,,-1.0
0,1.0,0.1,10,euclidean,kd_tree,40,1.0,-1.0
0,1.0,0.1,10,euclidean,kd_tree,40,2.0,-1.0
0,1.0,0.1,10,euclidean,kd_tree,50,,-1.0
0,1.0,0.1,10,euclidean,kd_tree,50,1.0,-1.0
0,1.0,0.1,10,euclidean,kd_tree,50,2.0,-1.0
0,1.0,0.1,10,euclidean,brute,10,,-1.0
0,1.0,0.1,10,euclidean,brute,10,1.0,-1.0
0,1.0,0.1,10,euclidean,brute,10,2.0,-1.0
0,1.0,0.1,10,euclidean,brute,20,,-1.0
0,1.0,0.1,10,euclidean,brute,20,1.0,-1.0
0,1.0,0.1,10,euclidean,brute,20,2.0,-1.0
0,1.0,0.1,10,euclidean,brute,30,,-1.0
0,1.0,0.1,10,euclidean,brute,30,1.0,-1.0
0,1.0,0.1,10,euclidean,brute,30,2.0,-1.0
0,1.0,0.1,10,euclidean,brute,40,,-1.0
0,1.0,0.1,10,euclidean,brute,40,1.0,-1.0
0,1.0,0.1,10,euclidean,brute,40,2.0,-1.0
0,1.0,0.1,10,euclidean,brute,50,,-1.0
0,1.0,0.1,10,euclidean,brute,50,1.0,-1.0
0,1.0,0.1,10,euclidean,brute,50,2.0,-1.0
0,1.0,0.1,10,manhattan,auto,10,,-1.0
0,1.0,0.1,10,manhattan,auto,10,1.0,-1.0
0,1.0,0.1,10,manhattan,auto,10,2.0,-1.0
0,1.0,0.1,10,manhattan,auto,20,,-1.0
0,1.0,0.1,10,manhattan,auto,20,1.0,-1.0
0,1.0,0.1,10,manhattan,auto,20,2.0,-1.0
0,1.0,0.1,10,manhattan,auto,30,,-1.0
0,1.0,0.1,10,manhattan,auto,30,1.0,-1.0
0,1.0,0.1,10,manhattan,auto,30,2.0,-1.0
0,1.0,0.1,10,manhattan,auto,40,,-1.0
0,1.0,0.1,10,manhattan,auto,40,1.0,-1.0
0,1.0,0.1,10,manhattan,auto,40,2.0,-1.0
0,1.0,0.1,10,manhattan,auto,50,,-1.0
0,1.0,0.1,10,manhattan,auto,50,1.0,-1.0
0,1.0,0.1,10,manhattan,auto,50,2.0,-1.0
0,1.0,0.1,10,manhattan,ball_tree,10,,-1.0
0,1.0,0.1,10,manhattan,ball_tree,10,1.0,-1.0
0,1.0,0.1,10,manhattan,ball_tree,10,2.0,-1.0
0,1.0,0.1,10,manhattan,ball_tree,20,,-1.0
0,1.0,0.1,10,manhattan,ball_tree,20,1.0,-1.0
0,1.0,0.1,10,manhattan,ball_tree,20,2.0,-1.0
0,1.0,0.1,10,manhattan,ball_tree,30,,-1.0
0,1.0,0.1,10,manhattan,ball_tree,30,1.0,-1.0
0,1.0,0.1,10,manhattan,ball_tree,30,2.0,-1.0
0,1.0,0.1,10,manhattan,ball_tree,40,,-1.0
0,1.0,0.1,10,manhattan,ball_tree,40,1.0,-1.0
0,1.0,0.1,10,manhattan,ball_tree,40,2.0,-1.0
0,1.0,0.1,10,manhattan,ball_tree,50,,-1.0
0,1.0,0.1,10,manhattan,ball_tree,50,1.0,-1.0
0,1.0,0.1,10,manhattan,ball_tree,50,2.0,-1.0
0,1.0,0.1,10,manhattan,kd_tree,10,,-1.0
0,1.0,0.1,10,manhattan,kd_tree,10,1.0,-1.0
0,1.0,0.1,10,manhattan,kd_tree,10,2.0,-1.0
0,1.0,0.1,10,manhattan,kd_tree,20,,-1.0
0,1.0,0.1,10,manhattan,kd_tree,20,1.0,-1.0
0,1.0,0.1,10,manhattan,kd_tree,20,2.0,-1.0
0,1.0,0.1,10,manhattan,kd_tree,30,,-1.0
0,1.0,0.1,10,manhattan,kd_tree,30,1.0,-1.0
0,1.0,0.1,10,manhattan,kd_tree,30,2.0,-1.0
0,1.0,0.1,10,manhattan,kd_tree,40,,-1.0
0,1.0,0.1,10,manhattan,kd_tree,40,1.0,-1.0
0,1.0,0.1,10,manhattan,kd_tree,40,2.0,-1.0
0,1.0,0.1,10,manhattan,kd_tree,50,,-1.0
0,1.0,0.1,10,manhattan,kd_tree,50,1.0,-1.0
0,1.0,0.1,10,manhattan,kd_tree,50,2.0,-1.0
0,1.0,0.1,10,manhattan,brute,10,,-1.0
0,1.0,0.1,10,manhattan,brute,10,1.0,-1.0
0,1.0,0.1,10,manhattan,brute,10,2.0,-1.0
0,1.0,0.1,10,manhattan,brute,20,,-1.0
0,1.0,0.1,10,manhattan,brute,20,1.0,-1.0
0,1.0,0.1,10,manhattan,brute,20,2.0,-1.0
0,1.0,0.1,10,manhattan,brute,30,,-1.0
0,1.0,0.1,10,manhattan,brute,30,1.0,-1.0
0,1.0,0.1,10,manhattan,brute,30,2.0,-1.0
0,1.0,0.1,10,manhattan,brute,40,,-1.0
0,1.0,0.1,10,manhattan,brute,40,1.0,-1.0
0,1.0,0.1,10,manhattan,brute,40,2.0,-1.0
0,1.0,0.1,10,manhattan,brute,50,,-1.0
0,1.0,0.1,10,manhattan,brute,50,1.0,-1.0
0,1.0,0.1,10,manhattan,brute,50,2.0,-1.0
0,1.0,0.1,10,mahalanobis,auto,10,,-1.0
0,1.0,0.1,10,mahalanobis,auto,10,1.0,-1.0
0,1.0,0.1,10,mahalanobis,auto,10,2.0,-1.0
0,1.0,0.1,10,mahalanobis,auto,20,,-1.0
0,1.0,0.1,10,mahalanobis,auto,20,1.0,-1.0
0,1.0,0.1,10,mahalanobis,auto,20,2.0,-1.0
0,1.0,0.1,10,mahalanobis,auto,30,,-1.0
0,1.0,0.1,10,mahalanobis,auto,30,1.0,-1.0
0,1.0,0.1,10,mahalanobis,auto,30,2.0,-1.0
0,1.0,0.1,10,mahalanobis,auto,40,,-1.0
0,1.0,0.1,10,mahalanobis,auto,40,1.0,-1.0
0,1.0,0.1,10,mahalanobis,auto,40,2.0,-1.0
0,1.0,0.1,10,mahalanobis,auto,50,,-1.0
0,1.0,0.1,10,mahalanobis,auto,50,1.0,-1.0
0,1.0,0.1,10,mahalanobis,auto,50,2.0,-1.0
0,1.0,0.1,10,mahalanobis,ball_tree,10,,-1.0
0,1.0,0.1,10,mahalanobis,ball_tree,10,1.0,-1.0
0,1.0,0.1,10,mahalanobis,ball_tree,10,2.0,-1.0
0,1.0,0.1,10,mahalanobis,ball_tree,20,,-1.0
0,1.0,0.1,10,mahalanobis,ball_tree,20,1.0,-1.0
0,1.0,0.1,10,mahalanobis,ball_tree,20,2.0,-1.0
0,1.0,0.1,10,mahalanobis,ball_tree,30,,-1.0
0,1.0,0.1,10,mahalanobis,ball_tree,30,1.0,-1.0
0,1.0,0.1,10,mahalanobis,ball_tree,30,2.0,-1.0
0,1.0,0.1,10,mahalanobis,ball_tree,40,,-1.0
0,1.0,0.1,10,mahalanobis,ball_tree,40,1.0,-1.0
0,1.0,0.1,10,mahalanobis,ball_tree,40,2.0,-1.0
0,1.0,0.1,10,mahalanobis,ball_tree,50,,-1.0
0,1.0,0.1,10,mahalanobis,ball_tree,50,1.0,-1.0
0,1.0,0.1,10,mahalanobis,ball_tree,50,2.0,-1.0
0,1.0,0.1,10,mahalanobis,kd_tree,10,,-1.0
0,1.0,0.1,10,mahalanobis,kd_tree,10,1.0,-1.0
0,1.0,0.1,10,mahalanobis,kd_tree,10,2.0,-1.0
0,1.0,0.1,10,mahalanobis,kd_tree,20,,-1.0
0,1.0,0.1,10,mahalanobis,kd_tree,20,1.0,-1.0
0,1.0,0.1,10,mahalanobis,kd_tree,20,2.0,-1.0
0,1.0,0.1,10,mahalanobis,kd_tree,30,,-1.0
0,1.0,0.1,10,mahalanobis,kd_tree,30,1.0,-1.0
0,1.0,0.1,10,mahalanobis,kd_tree,30,2.0,-1.0
0,1.0,0.1,10,mahalanobis,kd_tree,40,,-1.0
0,1.0,0.1,10,mahalanobis,kd_tree,40,1.0,-1.0
0,1.0,0.1,10,mahalanobis,kd_tree,40,2.0,-1.0
0,1.0,0.1,10,mahalanobis,kd_tree,50,,-1.0
0,1.0,0.1,10,mahalanobis,kd_tree,50,1.0,-1.0
0,1.0,0.1,10,mahalanobis,kd_tree,50,2.0,-1.0
0,1.0,0.1,10,mahalanobis,brute,10,,-1.0
0,1.0,0.1,10,mahalanobis,brute,10,1.0,-1.0
0,1.0,0.1,10,mahalanobis,brute,10,2.0,-1.0
0,1.0,0.1,10,mahalanobis,brute,20,,-1.0
0,1.0,0.1,10,mahalanobis,brute,20,1.0,-1.0
0,1.0,0.1,10,mahalanobis,brute,20,2.0,-1.0
0,1.0,0.1,10,mahalanobis,brute,30,,-1.0
0,1.0,0.1,10,mahalanobis,brute,30,1.0,-1.0
0,1.0,0.1,10,mahalanobis,brute,30,2.0,-1.0
0,1.0,0.1,10,mahalanobis,brute,40,,-1.0
0,1.0,0.1,10,mahalanobis,brute,40,1.0,-1.0
0,1.0,0.1,10,mahalanobis,brute,40,2.0,-1.0
0,1.0,0.1,10,mahalanobis,brute,50,,-1.0
0,1.0,0.1,10,mahalanobis,brute,50,1.0,-1.0
0,1.0,0.1,10,mahalanobis,brute,50,2.0,-1.0
0,1.0,0.1,11,euclidean,auto,10,,-1.0
0,1.0,0.1,11,euclidean,auto,10,1.0,-1.0
0,1.0,0.1,11,euclidean,auto,10,2.0,-1.0
0,1.0,0.1,11,euclidean,auto,20,,-1.0
0,1.0,0.1,11,euclidean,auto,20,1.0,-1.0
0,1.0,0.1,11,euclidean,auto,20,2.0,-1.0
0,1.0,0.1,11,euclidean,auto,30,,-1.0
0,1.0,0.1,11,euclidean,auto,30,1.0,-1.0
0,1.0,0.1,11,euclidean,auto,30,2.0,-1.0
0,1.0,0.1,11,euclidean,auto,40,,-1.0
0,1.0,0.1,11,euclidean,auto,40,1.0,-1.0
0,1.0,0.1,11,euclidean,auto,40,2.0,-1.0
0,1.0,0.1,11,euclidean,auto,50,,-1.0
0,1.0,0.1,11,euclidean,auto,50,1.0,-1.0
0,1.0,0.1,11,euclidean,auto,50,2.0,-1.0
0,1.0,0.1,11,euclidean,ball_tree,10,,-1.0
0,1.0,0.1,11,euclidean,ball_tree,10,1.0,-1.0
0,1.0,0.1,11,euclidean,ball_tree,10,2.0,-1.0
0,1.0,0.1,11,euclidean,ball_tree,20,,-1.0
0,1.0,0.1,11,euclidean,ball_tree,20,1.0,-1.0
0,1.0,0.1,11,euclidean,ball_tree,20,2.0,-1.0
0,1.0,0.1,11,euclidean,ball_tree,30,,-1.0
0,1.0,0.1,11,euclidean,ball_tree,30,1.0,-1.0
0,1.0,0.1,11,euclidean,ball_tree,30,2.0,-1.0
0,1.0,0.1,11,euclidean,ball_tree,40,,-1.0
0,1.0,0.1,11,euclidean,ball_tree,40,1.0,-1.0
0,1.0,0.1,11,euclidean,ball_tree,40,2.0,-1.0
0,1.0,0.1,11,euclidean,ball_tree,50,,-1.0
0,1.0,0.1,11,euclidean,ball_tree,50,1.0,-1.0
0,1.0,0.1,11,euclidean,ball_tree,50,2.0,-1.0
0,1.0,0.1,11,euclidean,kd_tree,10,,-1.0
0,1.0,0.1,11,euclidean,kd_tree,10,1.0,-1.0
0,1.0,0.1,11,euclidean,kd_tree,10,2.0,-1.0
0,1.0,0.1,11,euclidean,kd_tree,20,,-1.0
0,1.0,0.1,11,euclidean,kd_tree,20,1.0,-1.0
0,1.0,0.1,11,euclidean,kd_tree,20,2.0,-1.0
0,1.0,0.1,11,euclidean,kd_tree,30,,-1.0
0,1.0,0.1,11,euclidean,kd_tree,30,1.0,-1.0
0,1.0,0.1,11,euclidean,kd_tree,30,2.0,-1.0
0,1.0,0.1,11,euclidean,kd_tree,40,,-1.0
0,1.0,0.1,11,euclidean,kd_tree,40,1.0,-1.0
0,1.0,0.1,11,euclidean,kd_tree,40,2.0,-1.0
0,1.0,0.1,11,euclidean,kd_tree,50,,-1.0
0,1.0,0.1,11,euclidean,kd_tree,50,1.0,-1.0
0,1.0,0.1,11,euclidean,kd_tree,50,2.0,-1.0
0,1.0,0.1,11,euclidean,brute,10,,-1.0
0,1.0,0.1,11,euclidean,brute,10,1.0,-1.0
0,1.0,0.1,11,euclidean,brute,10,2.0,-1.0
0,1.0,0.1,11,euclidean,brute,20,,-1.0
0,1.0,0.1,11,euclidean,brute,20,1.0,-1.0
0,1.0,0.1,11,euclidean,brute,20,2.0,-1.0
0,1.0,0.1,11,euclidean,brute,30,,-1.0
0,1.0,0.1,11,euclidean,brute,30,1.0,-1.0
0,1.0,0.1,11,euclidean,brute,30,2.0,-1.0
0,1.0,0.1,11,euclidean,brute,40,,-1.0
0,1.0,0.1,11,euclidean,brute,40,1.0,-1.0
0,1.0,0.1,11,euclidean,brute,40,2.0,-1.0
0,1.0,0.1,11,euclidean,brute,50,,-1.0
0,1.0,0.1,11,euclidean,brute,50,1.0,-1.0
0,1.0,0.1,11,euclidean,brute,50,2.0,-1.0
0,1.0,0.1,11,manhattan,auto,10,,-1.0
0,1.0,0.1,11,manhattan,auto,10,1.0,-1.0
0,1.0,0.1,11,manhattan,auto,10,2.0,-1.0
0,1.0,0.1,11,manhattan,auto,20,,-1.0
0,1.0,0.1,11,manhattan,auto,20,1.0,-1.0
0,1.0,0.1,11,manhattan,auto,20,2.0,-1.0
0,1.0,0.1,11,manhattan,auto,30,,-1.0
0,1.0,0.1,11,manhattan,auto,30,1.0,-1.0
0,1.0,0.1,11,manhattan,auto,30,2.0,-1.0
0,1.0,0.1,11,manhattan,auto,40,,-1.0
0,1.0,0.1,11,manhattan,auto,40,1.0,-1.0
0,1.0,0.1,11,manhattan,auto,40,2.0,-1.0
0,1.0,0.1,11,manhattan,auto,50,,-1.0
0,1.0,0.1,11,manhattan,auto,50,1.0,-1.0
0,1.0,0.1,11,manhattan,auto,50,2.0,-1.0
0,1.0,0.1,11,manhattan,ball_tree,10,,-1.0
0,1.0,0.1,11,manhattan,ball_tree,10,1.0,-1.0
0,1.0,0.1,11,manhattan,ball_tree,10,2.0,-1.0
0,1.0,0.1,11,manhattan,ball_tree,20,,-1.0
0,1.0,0.1,11,manhattan,ball_tree,20,1.0,-1.0
0,1.0,0.1,11,manhattan,ball_tree,20,2.0,-1.0
0,1.0,0.1,11,manhattan,ball_tree,30,,-1.0
0,1.0,0.1,11,manhattan,ball_tree,30,1.0,-1.0
0,1.0,0.1,11,manhattan,ball_tree,30,2.0,-1.0
0,1.0,0.1,11,manhattan,ball_tree,40,,-1.0
0,1.0,0.1,11,manhattan,ball_tree,40,1.0,-1.0
0,1.0,0.1,11,manhattan,ball_tree,40,2.0,-1.0
0,1.0,0.1,11,manhattan,ball_tree,50,,-1.0
0,1.0,0.1,11,manhattan,ball_tree,50,1.0,-1.0
0,1.0,0.1,11,manhattan,ball_tree,50,2.0,-1.0
0,1.0,0.1,11,manhattan,kd_tree,10,,-1.0
0,1.0,0.1,11,manhattan,kd_tree,10,1.0,-1.0
0,1.0,0.1,11,manhattan,kd_tree,10,2.0,-1.0
0,1.0,0.1,11,manhattan,kd_tree,20,,-1.0
0,1.0,0.1,11,manhattan,kd_tree,20,1.0,-1.0
0,1.0,0.1,11,manhattan,kd_tree,20,2.0,-1.0
0,1.0,0.1,11,manhattan,kd_tree,30,,-1.0
0,1.0,0.1,11,manhattan,kd_tree,30,1.0,-1.0
0,1.0,0.1,11,manhattan,kd_tree,30,2.0,-1.0
0,1.0,0.1,11,manhattan,kd_tree,40,,-1.0
0,1.0,0.1,11,manhattan,kd_tree,40,1.0,-1.0
0,1.0,0.1,11,manhattan,kd_tree,40,2.0,-1.0
0,1.0,0.1,11,manhattan,kd_tree,50,,-1.0
0,1.0,0.1,11,manhattan,kd_tree,50,1.0,-1.0
0,1.0,0.1,11,manhattan,kd_tree,50,2.0,-1.0
0,1.0,0.1,11,manhattan,brute,10,,-1.0
0,1.0,0.1,11,manhattan,brute,10,1.0,-1.0
0,1.0,0.1,11,manhattan,brute,10,2.0,-1.0
0,1.0,0.1,11,manhattan,brute,20,,-1.0
0,1.0,0.1,11,manhattan,brute,20,1.0,-1.0
0,1.0,0.1,11,manhattan,brute,20,2.0,-1.0
0,1.0,0.1,11,manhattan,brute,30,,-1.0
0,1.0,0.1,11,manhattan,brute,30,1.0,-1.0
0,1.0,0.1,11,manhattan,brute,30,2.0,-1.0
0,1.0,0.1,11,manhattan,brute,40,,-1.0
0,1.0,0.1,11,manhattan,brute,40,1.0,-1.0
0,1.0,0.1,11,manhattan,brute,40,2.0,-1.0
0,1.0,0.1,11,manhattan,brute,50,,-1.0
0,1.0,0.1,11,manhattan,brute,50,1.0,-1.0
0,1.0,0.1,11,manhattan,brute,50,2.0,-1.0
0,1.0,0.1,11,mahalanobis,auto,10,,-1.0
0,1.0,0.1,11,mahalanobis,auto,10,1.0,-1.0
0,1.0,0.1,11,mahalanobis,auto,10,2.0,-1.0
0,1.0,0.1,11,mahalanobis,auto,20,,-1.0
0,1.0,0.1,11,mahalanobis,auto,20,1.0,-1.0
0,1.0,0.1,11,mahalanobis,auto,20,2.0,-1.0
0,1.0,0.1,11,mahalanobis,auto,30,,-1.0
0,1.0,0.1,11,mahalanobis,auto,30,1.0,-1.0
0,1.0,0.1,11,mahalanobis,auto,30,2.0,-1.0
0,1.0,0.1,11,mahalanobis,auto,40,,-1.0
0,1.0,0.1,11,mahalanobis,auto,40,1.0,-1.0
0,1.0,0.1,11,mahalanobis,auto,40,2.0,-1.0
0,1.0,0.1,11,mahalanobis,auto,50,,-1.0
0,1.0,0.1,11,mahalanobis,auto,50,1.0,-1.0
0,1.0,0.1,11,mahalanobis,auto,50,2.0,-1.0
0,1.0,0.1,11,mahalanobis,ball_tree,10,,-1.0
0,1.0,0.1,11,mahalanobis,ball_tree,10,1.0,-1.0
0,1.0,0.1,11,mahalanobis,ball_tree,10,2.0,-1.0
0,1.0,0.1,11,mahalanobis,ball_tree,20,,-1.0
0,1.0,0.1,11,mahalanobis,ball_tree,20,1.0,-1.0
0,1.0,0.1,11,mahalanobis,ball_tree,20,2.0,-1.0
0,1.0,0.1,11,mahalanobis,ball_tree,30,,-1.0
0,1.0,0.1,11,mahalanobis,ball_tree,30,1.0,-1.0
0,1.0,0.1,11,mahalanobis,ball_tree,30,2.0,-1.0
0,1.0,0.1,11,mahalanobis,ball_tree,40,,-1.0
0,1.0,0.1,11,mahalanobis,ball_tree,40,1.0,-1.0
0,1.0,0.1,11,mahalanobis,ball_tree,40,2.0,-1.0
0,1.0,0.1,11,mahalanobis,ball_tree,50,,-1.0
0,1.0,0.1,11,mahalanobis,ball_tree,50,1.0,-1.0
0,1.0,0.1,11,mahalanobis,ball_tree,50,2.0,-1.0
0,1.0,0.1,11,mahalanobis,kd_tree,10,,-1.0
0,1.0,0.1,11,mahalanobis,kd_tree,10,1.0,-1.0
0,1.0,0.1,11,mahalanobis,kd_tree,10,2.0,-1.0
0,1.0,0.1,11,mahalanobis,kd_tree,20,,-1.0
0,1.0,0.1,11,mahalanobis,kd_tree,20,1.0,-1.0
0,1.0,0.1,11,mahalanobis,kd_tree,20,2.0,-1.0
0,1.0,0.1,11,mahalanobis,kd_tree,30,,-1.0
0,1.0,0.1,11,mahalanobis,kd_tree,30,1.0,-1.0
0,1.0,0.1,11,mahalanobis,kd_tree,30,2.0,-1.0
0,1.0,0.1,11,mahalanobis,kd_tree,40,,-1.0
0,1.0,0.1,11,mahalanobis,kd_tree,40,1.0,-1.0
0,1.0,0.1,11,mahalanobis,kd_tree,40,2.0,-1.0
0,1.0,0.1,11,mahalanobis,kd_tree,50,,-1.0
0,1.0,0.1,11,mahalanobis,kd_tree,50,1.0,-1.0
0,1.0,0.1,11,mahalanobis,kd_tree,50,2.0,-1.0
0,1.0,0.1,11,mahalanobis,brute,10,,-1.0
0,1.0,0.1,11,mahalanobis,brute,10,1.0,-1.0
0,1.0,0.1,11,mahalanobis,brute,10,2.0,-1.0
0,1.0,0.1,11,mahalanobis,brute,20,,-1.0
0,1.0,0.1,11,mahalanobis,brute,20,1.0,-1.0
0,1.0,0.1,11,mahalanobis,brute,20,2.0,-1.0
0,1.0,0.1,11,mahalanobis,brute,30,,-1.0
0,1.0,0.1,11,mahalanobis,brute,30,1.0,-1.0
0,1.0,0.1,11,mahalanobis,brute,30,2.0,-1.0
0,1.0,0.1,11,mahalanobis,brute,40,,-1.0
0,1.0,0.1,11,mahalanobis,brute,40,1.0,-1.0
0,1.0,0.1,11,mahalanobis,brute,40,2.0,-1.0
0,1.0,0.1,11,mahalanobis,brute,50,,-1.0
0,1.0,0.1,11,mahalanobis,brute,50,1.0,-1.0
0,1.0,0.1,11,mahalanobis,brute,50,2.0,-1.0
0,1.0,0.1,12,euclidean,auto,10,,-1.0
0,1.0,0.1,12,euclidean,auto,10,1.0,-1.0
0,1.0,0.1,12,euclidean,auto,10,2.0,-1.0
0,1.0,0.1,12,euclidean,auto,20,,-1.0
0,1.0,0.1,12,euclidean,auto,20,1.0,-1.0
0,1.0,0.1,12,euclidean,auto,20,2.0,-1.0
0,1.0,0.1,12,euclidean,auto,30,,-1.0
0,1.0,0.1,12,euclidean,auto,30,1.0,-1.0
0,1.0,0.1,12,euclidean,auto,30,2.0,-1.0
0,1.0,0.1,12,euclidean,auto,40,,-1.0
0,1.0,0.1,12,euclidean,auto,40,1.0,-1.0
0,1.0,0.1,12,euclidean,auto,40,2.0,-1.0
0,1.0,0.1,12,euclidean,auto,50,,-1.0
0,1.0,0.1,12,euclidean,auto,50,1.0,-1.0
0,1.0,0.1,12,euclidean,auto,50,2.0,-1.0
0,1.0,0.1,12,euclidean,ball_tree,10,,-1.0
0,1.0,0.1,12,euclidean,ball_tree,10,1.0,-1.0
0,1.0,0.1,12,euclidean,ball_tree,10,2.0,-1.0
0,1.0,0.1,12,euclidean,ball_tree,20,,-1.0
0,1.0,0.1,12,euclidean,ball_tree,20,1.0,-1.0
0,1.0,0.1,12,euclidean,ball_tree,20,2.0,-1.0
0,1.0,0.1,12,euclidean,ball_tree,30,,-1.0
0,1.0,0.1,12,euclidean,ball_tree,30,1.0,-1.0
0,1.0,0.1,12,euclidean,ball_tree,30,2.0,-1.0
0,1.0,0.1,12,euclidean,ball_tree,40,,-1.0
0,1.0,0.1,12,euclidean,ball_tree,40,1.0,-1.0
0,1.0,0.1,12,euclidean,ball_tree,40,2.0,-1.0
0,1.0,0.1,12,euclidean,ball_tree,50,,-1.0
0,1.0,0.1,12,euclidean,ball_tree,50,1.0,-1.0
0,1.0,0.1,12,euclidean,ball_tree,50,2.0,-1.0
0,1.0,0.1,12,euclidean,kd_tree,10,,-1.0
0,1.0,0.1,12,euclidean,kd_tree,10,1.0,-1.0
0,1.0,0.1,12,euclidean,kd_tree,10,2.0,-1.0
0,1.0,0.1,12,euclidean,kd_tree,20,,-1.0
0,1.0,0.1,12,euclidean,kd_tree,20,1.0,-1.0
0,1.0,0.1,12,euclidean,kd_tree,20,2.0,-1.0
0,1.0,0.1,12,euclidean,kd_tree,30,,-1.0
0,1.0,0.1,12,euclidean,kd_tree,30,1.0,-1.0
0,1.0,0.1,12,euclidean,kd_tree,30,2.0,-1.0
0,1.0,0.1,12,euclidean,kd_tree,40,,-1.0
0,1.0,0.1,12,euclidean,kd_tree,40,1.0,-1.0
0,1.0,0.1,12,euclidean,kd_tree,40,2.0,-1.0
0,1.0,0.1,12,euclidean,kd_tree,50,,-1.0
0,1.0,0.1,12,euclidean,kd_tree,50,1.0,-1.0
0,1.0,0.1,12,euclidean,kd_tree,50,2.0,-1.0
0,1.0,0.1,12,euclidean,brute,10,,-1.0
0,1.0,0.1,12,euclidean,brute,10,1.0,-1.0
0,1.0,0.1,12,euclidean,brute,10,2.0,-1.0
0,1.0,0.1,12,euclidean,brute,20,,-1.0
0,1.0,0.1,12,euclidean,brute,20,1.0,-1.0
0,1.0,0.1,12,euclidean,brute,20,2.0,-1.0
0,1.0,0.1,12,euclidean,brute,30,,-1.0
0,1.0,0.1,12,euclidean,brute,30,1.0,-1.0
0,1.0,0.1,12,euclidean,brute,30,2.0,-1.0
0,1.0,0.1,12,euclidean,brute,40,,-1.0
0,1.0,0.1,12,euclidean,brute,40,1.0,-1.0
0,1.0,0.1,12,euclidean,brute,40,2.0,-1.0
0,1.0,0.1,12,euclidean,brute,50,,-1.0
0,1.0,0.1,12,euclidean,brute,50,1.0,-1.0
0,1.0,0.1,12,euclidean,brute,50,2.0,-1.0
0,1.0,0.1,12,manhattan,auto,10,,-1.0
0,1.0,0.1,12,manhattan,auto,10,1.0,-1.0
0,1.0,0.1,12,manhattan,auto,10,2.0,-1.0
0,1.0,0.1,12,manhattan,auto,20,,-1.0
0,1.0,0.1,12,manhattan,auto,20,1.0,-1.0
0,1.0,0.1,12,manhattan,auto,20,2.0,-1.0
0,1.0,0.1,12,manhattan,auto,30,,-1.0
0,1.0,0.1,12,manhattan,auto,30,1.0,-1.0
0,1.0,0.1,12,manhattan,auto,30,2.0,-1.0
0,1.0,0.1,12,manhattan,auto,40,,-1.0
0,1.0,0.1,12,manhattan,auto,40,1.0,-1.0
0,1.0,0.1,12,manhattan,auto,40,2.0,-1.0
0,1.0,0.1,12,manhattan,auto,50,,-1.0
0,1.0,0.1,12,manhattan,auto,50,1.0,-1.0
0,1.0,0.1,12,manhattan,auto,50,2.0,-1.0
0,1.0,0.1,12,manhattan,ball_tree,10,,-1.0
0,1.0,0.1,12,manhattan,ball_tree,10,1.0,-1.0
0,1.0,0.1,12,manhattan,ball_tree,10,2.0,-1.0
0,1.0,0.1,12,manhattan,ball_tree,20,,-1.0
0,1.0,0.1,12,manhattan,ball_tree,20,1.0,-1.0
0,1.0,0.1,12,manhattan,ball_tree,20,2.0,-1.0
0,1.0,0.1,12,manhattan,ball_tree,30,,-1.0
0,1.0,0.1,12,manhattan,ball_tree,30,1.0,-1.0
0,1.0,0.1,12,manhattan,ball_tree,30,2.0,-1.0
0,1.0,0.1,12,manhattan,ball_tree,40,,-1.0
0,1.0,0.1,12,manhattan,ball_tree,40,1.0,-1.0
0,1.0,0.1,12,manhattan,ball_tree,40,2.0,-1.0
0,1.0,0.1,12,manhattan,ball_tree,50,,-1.0
0,1.0,0.1,12,manhattan,ball_tree,50,1.0,-1.0
0,1.0,0.1,12,manhattan,ball_tree,50,2.0,-1.0
0,1.0,0.1,12,manhattan,kd_tree,10,,-1.0
0,1.0,0.1,12,manhattan,kd_tree,10,1.0,-1.0
0,1.0,0.1,12,manhattan,kd_tree,10,2.0,-1.0
0,1.0,0.1,12,manhattan,kd_tree,20,,-1.0
0,1.0,0.1,12,manhattan,kd_tree,20,1.0,-1.0
0,1.0,0.1,12,manhattan,kd_tree,20,2.0,-1.0
0,1.0,0.1,12,manhattan,kd_tree,30,,-1.0
0,1.0,0.1,12,manhattan,kd_tree,30,1.0,-1.0
0,1.0,0.1,12,manhattan,kd_tree,30,2.0,-1.0
0,1.0,0.1,12,manhattan,kd_tree,40,,-1.0
0,1.0,0.1,12,manhattan,kd_tree,40,1.0,-1.0
0,1.0,0.1,12,manhattan,kd_tree,40,2.0,-1.0
0,1.0,0.1,12,manhattan,kd_tree,50,,-1.0
0,1.0,0.1,12,manhattan,kd_tree,50,1.0,-1.0
0,1.0,0.1,12,manhattan,kd_tree,50,2.0,-1.0
0,1.0,0.1,12,manhattan,brute,10,,-1.0
0,1.0,0.1,12,manhattan,brute,10,1.0,-1.0
0,1.0,0.1,12,manhattan,brute,10,2.0,-1.0
0,1.0,0.1,12,manhattan,brute,20,,-1.0
0,1.0,0.1,12,manhattan,brute,20,1.0,-1.0
0,1.0,0.1,12,manhattan,brute,20,2.0,-1.0
0,1.0,0.1,12,manhattan,brute,30,,-1.0
0,1.0,0.1,12,manhattan,brute,30,1.0,-1.0
0,1.0,0.1,12,manhattan,brute,30,2.0,-1.0
0,1.0,0.1,12,manhattan,brute,40,,-1.0
0,1.0,0.1,12,manhattan,brute,40,1.0,-1.0
0,1.0,0.1,12,manhattan,brute,40,2.0,-1.0
0,1.0,0.1,12,manhattan,brute,50,,-1.0
0,1.0,0.1,12,manhattan,brute,50,1.0,-1.0
0,1.0,0.1,12,manhattan,brute,50,2.0,-1.0
0,1.0,0.1,12,mahalanobis,auto,10,,-1.0
0,1.0,0.1,12,mahalanobis,auto,10,1.0,-1.0
0,1.0,0.1,12,mahalanobis,auto,10,2.0,-1.0
0,1.0,0.1,12,mahalanobis,auto,20,,-1.0
0,1.0,0.1,12,mahalanobis,auto,20,1.0,-1.0
0,1.0,0.1,12,mahalanobis,auto,20,2.0,-1.0
0,1.0,0.1,12,mahalanobis,auto,30,,-1.0
0,1.0,0.1,12,mahalanobis,auto,30,1.0,-1.0
0,1.0,0.1,12,mahalanobis,auto,30,2.0,-1.0
0,1.0,0.1,12,mahalanobis,auto,40,,-1.0
0,1.0,0.1,12,mahalanobis,auto,40,1.0,-1.0
0,1.0,0.1,12,mahalanobis,auto,40,2.0,-1.0
0,1.0,0.1,12,mahalanobis,auto,50,,-1.0
0,1.0,0.1,12,mahalanobis,auto,50,1.0,-1.0
0,1.0,0.1,12,mahalanobis,auto,50,2.0,-1.0
0,1.0,0.1,12,mahalanobis,ball_tree,10,,-1.0
0,1.0,0.1,12,mahalanobis,ball_tree,10,1.0,-1.0
0,1.0,0.1,12,mahalanobis,ball_tree,10,2.0,-1.0
0,1.0,0.1,12,mahalanobis,ball_tree,20,,-1.0
0,1.0,0.1,12,mahalanobis,ball_tree,20,1.0,-1.0
0,1.0,0.1,12,mahalanobis,ball_tree,20,2.0,-1.0
0,1.0,0.1,12,mahalanobis,ball_tree,30,,-1.0
0,1.0,0.1,12,mahalanobis,ball_tree,30,1.0,-1.0
0,1.0,0.1,12,mahalanobis,ball_tree,30,2.0,-1.0
0,1.0,0.1,12,mahalanobis,ball_tree,40,,-1.0
0,1.0,0.1,12,mahalanobis,ball_tree,40,1.0,-1.0
0,1.0,0.1,12,mahalanobis,ball_tree,40,2.0,-1.0
0,1.0,0.1,12,mahalanobis,ball_tree,50,,-1.0
0,1.0,0.1,12,mahalanobis,ball_tree,50,1.0,-1.0
0,1.0,0.1,12,mahalanobis,ball_tree,50,2.0,-1.0
0,1.0,0.1,12,mahalanobis,kd_tree,10,,-1.0
0,1.0,0.1,12,mahalanobis,kd_tree,10,1.0,-1.0
0,1.0,0.1,12,mahalanobis,kd_tree,10,2.0,-1.0
0,1.0,0.1,12,mahalanobis,kd_tree,20,,-1.0
0,1.0,0.1,12,mahalanobis,kd_tree,20,1.0,-1.0
0,1.0,0.1,12,mahalanobis,kd_tree,20,2.0,-1.0
0,1.0,0.1,12,mahalanobis,kd_tree,30,,-1.0
0,1.0,0.1,12,mahalanobis,kd_tree,30,1.0,-1.0
0,1.0,0.1,12,mahalanobis,kd_tree,30,2.0,-1.0
0,1.0,0.1,12,mahalanobis,kd_tree,40,,-1.0
0,1.0,0.1,12,mahalanobis,kd_tree,40,1.0,-1.0
0,1.0,0.1,12,mahalanobis,kd_tree,40,2.0,-1.0
0,1.0,0.1,12,mahalanobis,kd_tree,50,,-1.0
0,1.0,0.1,12,mahalanobis,kd_tree,50,1.0,-1.0
0,1.0,0.1,12,mahalanobis,kd_tree,50,2.0,-1.0
0,1.0,0.1,12,mahalanobis,brute,10,,-1.0
0,1.0,0.1,12,mahalanobis,brute,10,1.0,-1.0
0,1.0,0.1,12,mahalanobis,brute,10,2.0,-1.0
0,1.0,0.1,12,mahalanobis,brute,20,,-1.0
0,1.0,0.1,12,mahalanobis,brute,20,1.0,-1.0
0,1.0,0.1,12,mahalanobis,brute,20,2.0,-1.0
0,1.0,0.1,12,mahalanobis,brute,30,,-1.0
0,1.0,0.1,12,mahalanobis,brute,30,1.0,-1.0
0,1.0,0.1,12,mahalanobis,brute,30,2.0,-1.0
0,1.0,0.1,12,mahalanobis,brute,40,,-1.0
0,1.0,0.1,12,mahalanobis,brute,40,1.0,-1.0
0,1.0,0.1,12,mahalanobis,brute,40,2.0,-1.0
0,1.0,0.1,12,mahalanobis,brute,50,,-1.0
0,1.0,0.1,12,mahalanobis,brute,50,1.0,-1.0
0,1.0,0.1,12,mahalanobis,brute,50,2.0,-1.0
0,1.0,0.1,13,euclidean,auto,10,,-1.0
0,1.0,0.1,13,euclidean,auto,10,1.0,-1.0
0,1.0,0.1,13,euclidean,auto,10,2.0,-1.0
0,1.0,0.1,13,euclidean,auto,20,,-1.0
0,1.0,0.1,13,euclidean,auto,20,1.0,-1.0
0,1.0,0.1,13,euclidean,auto,20,2.0,-1.0
0,1.0,0.1,13,euclidean,auto,30,,-1.0
0,1.0,0.1,13,euclidean,auto,30,1.0,-1.0
0,1.0,0.1,13,euclidean,auto,30,2.0,-1.0
0,1.0,0.1,13,euclidean,auto,40,,-1.0
0,1.0,0.1,13,euclidean,auto,40,1.0,-1.0
0,1.0,0.1,13,euclidean,auto,40,2.0,-1.0
0,1.0,0.1,13,euclidean,auto,50,,-1.0
0,1.0,0.1,13,euclidean,auto,50,1.0,-1.0
0,1.0,0.1,13,euclidean,auto,50,2.0,-1.0
0,1.0,0.1,13,euclidean,ball_tree,10,,-1.0
0,1.0,0.1,13,euclidean,ball_tree,10,1.0,-1.0
0,1.0,0.1,13,euclidean,ball_tree,10,2.0,-1.0
0,1.0,0.1,13,euclidean,ball_tree,20,,-1.0
0,1.0,0.1,13,euclidean,ball_tree,20,1.0,-1.0
0,1.0,0.1,13,euclidean,ball_tree,20,2.0,-1.0
0,1.0,0.1,13,euclidean,ball_tree,30,,-1.0
0,1.0,0.1,13,euclidean,ball_tree,30,1.0,-1.0
0,1.0,0.1,13,euclidean,ball_tree,30,2.0,-1.0
0,1.0,0.1,13,euclidean,ball_tree,40,,-1.0
0,1.0,0.1,13,euclidean,ball_tree,40,1.0,-1.0
0,1.0,0.1,13,euclidean,ball_tree,40,2.0,-1.0
0,1.0,0.1,13,euclidean,ball_tree,50,,-1.0
0,1.0,0.1,13,euclidean,ball_tree,50,1.0,-1.0
0,1.0,0.1,13,euclidean,ball_tree,50,2.0,-1.0
0,1.0,0.1,13,euclidean,kd_tree,10,,-1.0
0,1.0,0.1,13,euclidean,kd_tree,10,1.0,-1.0
0,1.0,0.1,13,euclidean,kd_tree,10,2.0,-1.0
0,1.0,0.1,13,euclidean,kd_tree,20,,-1.0
0,1.0,0.1,13,euclidean,kd_tree,20,1.0,-1.0
0,1.0,0.1,13,euclidean,kd_tree,20,2.0,-1.0
0,1.0,0.1,13,euclidean,kd_tree,30,,-1.0
0,1.0,0.1,13,euclidean,kd_tree,30,1.0,-1.0
0,1.0,0.1,13,euclidean,kd_tree,30,2.0,-1.0
0,1.0,0.1,13,euclidean,kd_tree,40,,-1.0
0,1.0,0.1,13,euclidean,kd_tree,40,1.0,-1.0
0,1.0,0.1,13,euclidean,kd_tree,40,2.0,-1.0
0,1.0,0.1,13,euclidean,kd_tree,50,,-1.0
0,1.0,0.1,13,euclidean,kd_tree,50,1.0,-1.0
0,1.0,0.1,13,euclidean,kd_tree,50,2.0,-1.0
0,1.0,0.1,13,euclidean,brute,10,,-1.0
0,1.0,0.1,13,euclidean,brute,10,1.0,-1.0
0,1.0,0.1,13,euclidean,brute,10,2.0,-1.0
0,1.0,0.1,13,euclidean,brute,20,,-1.0
0,1.0,0.1,13,euclidean,brute,20,1.0,-1.0
0,1.0,0.1,13,euclidean,brute,20,2.0,-1.0
0,1.0,0.1,13,euclidean,brute,30,,-1.0
0,1.0,0.1,13,euclidean,brute,30,1.0,-1.0
0,1.0,0.1,13,euclidean,brute,30,2.0,-1.0
0,1.0,0.1,13,euclidean,brute,40,,-1.0
0,1.0,0.1,13,euclidean,brute,40,1.0,-1.0
0,1.0,0.1,13,euclidean,brute,40,2.0,-1.0
0,1.0,0.1,13,euclidean,brute,50,,-1.0
0,1.0,0.1,13,euclidean,brute,50,1.0,-1.0
0,1.0,0.1,13,euclidean,brute,50,2.0,-1.0
0,1.0,0.1,13,manhattan,auto,10,,-1.0
0,1.0,0.1,13,manhattan,auto,10,1.0,-1.0
0,1.0,0.1,13,manhattan,auto,10,2.0,-1.0
0,1.0,0.1,13,manhattan,auto,20,,-1.0
0,1.0,0.1,13,manhattan,auto,20,1.0,-1.0
0,1.0,0.1,13,manhattan,auto,20,2.0,-1.0
0,1.0,0.1,13,manhattan,auto,30,,-1.0
0,1.0,0.1,13,manhattan,auto,30,1.0,-1.0
0,1.0,0.1,13,manhattan,auto,30,2.0,-1.0
0,1.0,0.1,13,manhattan,auto,40,,-1.0
0,1.0,0.1,13,manhattan,auto,40,1.0,-1.0
0,1.0,0.1,13,manhattan,auto,40,2.0,-1.0
0,1.0,0.1,13,manhattan,auto,50,,-1.0
0,1.0,0.1,13,manhattan,auto,50,1.0,-1.0
0,1.0,0.1,13,manhattan,auto,50,2.0,-1.0
0,1.0,0.1,13,manhattan,ball_tree,10,,-1.0
0,1.0,0.1,13,manhattan,ball_tree,10,1.0,-1.0
0,1.0,0.1,13,manhattan,ball_tree,10,2.0,-1.0
0,1.0,0.1,13,manhattan,ball_tree,20,,-1.0
0,1.0,0.1,13,manhattan,ball_tree,20,1.0,-1.0
0,1.0,0.1,13,manhattan,ball_tree,20,2.0,-1.0
0,1.0,0.1,13,manhattan,ball_tree,30,,-1.0
0,1.0,0.1,13,manhattan,ball_tree,30,1.0,-1.0
0,1.0,0.1,13,manhattan,ball_tree,30,2.0,-1.0
0,1.0,0.1,13,manhattan,ball_tree,40,,-1.0
0,1.0,0.1,13,manhattan,ball_tree,40,1.0,-1.0
0,1.0,0.1,13,manhattan,ball_tree,40,2.0,-1.0
0,1.0,0.1,13,manhattan,ball_tree,50,,-1.0
0,1.0,0.1,13,manhattan,ball_tree,50,1.0,-1.0
0,1.0,0.1,13,manhattan,ball_tree,50,2.0,-1.0
0,1.0,0.1,13,manhattan,kd_tree,10,,-1.0
0,1.0,0.1,13,manhattan,kd_tree,10,1.0,-1.0
0,1.0,0.1,13,manhattan,kd_tree,10,2.0,-1.0
0,1.0,0.1,13,manhattan,kd_tree,20,,-1.0
0,1.0,0.1,13,manhattan,kd_tree,20,1.0,-1.0
0,1.0,0.1,13,manhattan,kd_tree,20,2.0,-1.0
0,1.0,0.1,13,manhattan,kd_tree,30,,-1.0
0,1.0,0.1,13,manhattan,kd_tree,30,1.0,-1.0
0,1.0,0.1,13,manhattan,kd_tree,30,2.0,-1.0
0,1.0,0.1,13,manhattan,kd_tree,40,,-1.0
0,1.0,0.1,13,manhattan,kd_tree,40,1.0,-1.0
0,1.0,0.1,13,manhattan,kd_tree,40,2.0,-1.0
0,1.0,0.1,13,manhattan,kd_tree,50,,-1.0
0,1.0,0.1,13,manhattan,kd_tree,50,1.0,-1.0
0,1.0,0.1,13,manhattan,kd_tree,50,2.0,-1.0
0,1.0,0.1,13,manhattan,brute,10,,-1.0
0,1.0,0.1,13,manhattan,brute,10,1.0,-1.0
0,1.0,0.1,13,manhattan,brute,10,2.0,-1.0
0,1.0,0.1,13,manhattan,brute,20,,-1.0
0,1.0,0.1,13,manhattan,brute,20,1.0,-1.0
0,1.0,0.1,13,manhattan,brute,20,2.0,-1.0
0,1.0,0.1,13,manhattan,brute,30,,-1.0
0,1.0,0.1,13,manhattan,brute,30,1.0,-1.0
0,1.0,0.1,13,manhattan,brute,30,2.0,-1.0
0,1.0,0.1,13,manhattan,brute,40,,-1.0
0,1.0,0.1,13,manhattan,brute,40,1.0,-1.0
0,1.0,0.1,13,manhattan,brute,40,2.0,-1.0
0,1.0,0.1,13,manhattan,brute,50,,-1.0
0,1.0,0.1,13,manhattan,brute,50,1.0,-1.0
0,1.0,0.1,13,manhattan,brute,50,2.0,-1.0
0,1.0,0.1,13,mahalanobis,auto,10,,-1.0
0,1.0,0.1,13,mahalanobis,auto,10,1.0,-1.0
0,1.0,0.1,13,mahalanobis,auto,10,2.0,-1.0
0,1.0,0.1,13,mahalanobis,auto,20,,-1.0
0,1.0,0.1,13,mahalanobis,auto,20,1.0,-1.0
0,1.0,0.1,13,mahalanobis,auto,20,2.0,-1.0
0,1.0,0.1,13,mahalanobis,auto,30,,-1.0
0,1.0,0.1,13,mahalanobis,auto,30,1.0,-1.0
0,1.0,0.1,13,mahalanobis,auto,30,2.0,-1.0
0,1.0,0.1,13,mahalanobis,auto,40,,-1.0
0,1.0,0.1,13,mahalanobis,auto,40,1.0,-1.0
0,1.0,0.1,13,mahalanobis,auto,40,2.0,-1.0
0,1.0,0.1,13,mahalanobis,auto,50,,-1.0
0,1.0,0.1,13,mahalanobis,auto,50,1.0,-1.0
0,1.0,0.1,13,mahalanobis,auto,50,2.0,-1.0
0,1.0,0.1,13,mahalanobis,ball_tree,10,,-1.0
0,1.0,0.1,13,mahalanobis,ball_tree,10,1.0,-1.0
0,1.0,0.1,13,mahalanobis,ball_tree,10,2.0,-1.0
0,1.0,0.1,13,mahalanobis,ball_tree,20,,-1.0
0,1.0,0.1,13,mahalanobis,ball_tree,20,1.0,-1.0
0,1.0,0.1,13,mahalanobis,ball_tree,20,2.0,-1.0
0,1.0,0.1,13,mahalanobis,ball_tree,30,,-1.0
0,1.0,0.1,13,mahalanobis,ball_tree,30,1.0,-1.0
0,1.0,0.1,13,mahalanobis,ball_tree,30,2.0,-1.0
0,1.0,0.1,13,mahalanobis,ball_tree,40,,-1.0
0,1.0,0.1,13,mahalanobis,ball_tree,40,1.0,-1.0
0,1.0,0.1,13,mahalanobis,ball_tree,40,2.0,-1.0
0,1.0,0.1,13,mahalanobis,ball_tree,50,,-1.0
0,1.0,0.1,13,mahalanobis,ball_tree,50,1.0,-1.0
0,1.0,0.1,13,mahalanobis,ball_tree,50,2.0,-1.0
0,1.0,0.1,13,mahalanobis,kd_tree,10,,-1.0
0,1.0,0.1,13,mahalanobis,kd_tree,10,1.0,-1.0
0,1.0,0.1,13,mahalanobis,kd_tree,10,2.0,-1.0
0,1.0,0.1,13,mahalanobis,kd_tree,20,,-1.0
0,1.0,0.1,13,mahalanobis,kd_tree,20,1.0,-1.0
0,1.0,0.1,13,mahalanobis,kd_tree,20,2.0,-1.0
0,1.0,0.1,13,mahalanobis,kd_tree,30,,-1.0
0,1.0,0.1,13,mahalanobis,kd_tree,30,1.0,-1.0
0,1.0,0.1,13,mahalanobis,kd_tree,30,2.0,-1.0
0,1.0,0.1,13,mahalanobis,kd_tree,40,,-1.0
0,1.0,0.1,13,mahalanobis,kd_tree,40,1.0,-1.0
0,1.0,0.1,13,mahalanobis,kd_tree,40,2.0,-1.0
0,1.0,0.1,13,mahalanobis,kd_tree,50,,-1.0
0,1.0,0.1,13,mahalanobis,kd_tree,50,1.0,-1.0
0,1.0,0.1,13,mahalanobis,kd_tree,50,2.0,-1.0
0,1.0,0.1,13,mahalanobis,brute,10,,-1.0
0,1.0,0.1,13,mahalanobis,brute,10,1.0,-1.0
0,1.0,0.1,13,mahalanobis,brute,10,2.0,-1.0
0,1.0,0.1,13,mahalanobis,brute,20,,-1.0
0,1.0,0.1,13,mahalanobis,brute,20,1.0,-1.0
0,1.0,0.1,13,mahalanobis,brute,20,2.0,-1.0
0,1.0,0.1,13,mahalanobis,brute,30,,-1.0
0,1.0,0.1,13,mahalanobis,brute,30,1.0,-1.0
0,1.0,0.1,13,mahalanobis,brute,30,2.0,-1.0
0,1.0,0.1,13,mahalanobis,brute,40,,-1.0
0,1.0,0.1,13,mahalanobis,brute,40,1.0,-1.0
0,1.0,0.1,13,mahalanobis,brute,40,2.0,-1.0
0,1.0,0.1,13,mahalanobis,brute,50,,-1.0
0,1.0,0.1,13,mahalanobis,brute,50,1.0,-1.0
0,1.0,0.1,13,mahalanobis,brute,50,2.0,-1.0
0,1.0,0.1,14,euclidean,auto,10,,-1.0
0,1.0,0.1,14,euclidean,auto,10,1.0,-1.0
0,1.0,0.1,14,euclidean,auto,10,2.0,-1.0
0,1.0,0.1,14,euclidean,auto,20,,-1.0
0,1.0,0.1,14,euclidean,auto,20,1.0,-1.0
0,1.0,0.1,14,euclidean,auto,20,2.0,-1.0
0,1.0,0.1,14,euclidean,auto,30,,-1.0
0,1.0,0.1,14,euclidean,auto,30,1.0,-1.0
0,1.0,0.1,14,euclidean,auto,30,2.0,-1.0
0,1.0,0.1,14,euclidean,auto,40,,-1.0
0,1.0,0.1,14,euclidean,auto,40,1.0,-1.0
0,1.0,0.1,14,euclidean,auto,40,2.0,-1.0
0,1.0,0.1,14,euclidean,auto,50,,-1.0
0,1.0,0.1,14,euclidean,auto,50,1.0,-1.0
0,1.0,0.1,14,euclidean,auto,50,2.0,-1.0
0,1.0,0.1,14,euclidean,ball_tree,10,,-1.0
0,1.0,0.1,14,euclidean,ball_tree,10,1.0,-1.0
0,1.0,0.1,14,euclidean,ball_tree,10,2.0,-1.0
0,1.0,0.1,14,euclidean,ball_tree,20,,-1.0
0,1.0,0.1,14,euclidean,ball_tree,20,1.0,-1.0
0,1.0,0.1,14,euclidean,ball_tree,20,2.0,-1.0
0,1.0,0.1,14,euclidean,ball_tree,30,,-1.0
0,1.0,0.1,14,euclidean,ball_tree,30,1.0,-1.0
0,1.0,0.1,14,euclidean,ball_tree,30,2.0,-1.0
0,1.0,0.1,14,euclidean,ball_tree,40,,-1.0
0,1.0,0.1,14,euclidean,ball_tree,40,1.0,-1.0
0,1.0,0.1,14,euclidean,ball_tree,40,2.0,-1.0
0,1.0,0.1,14,euclidean,ball_tree,50,,-1.0
0,1.0,0.1,14,euclidean,ball_tree,50,1.0,-1.0
0,1.0,0.1,14,euclidean,ball_tree,50,2.0,-1.0
0,1.0,0.1,14,euclidean,kd_tree,10,,-1.0
0,1.0,0.1,14,euclidean,kd_tree,10,1.0,-1.0
0,1.0,0.1,14,euclidean,kd_tree,10,2.0,-1.0
0,1.0,0.1,14,euclidean,kd_tree,20,,-1.0
0,1.0,0.1,14,euclidean,kd_tree,20,1.0,-1.0
0,1.0,0.1,14,euclidean,kd_tree,20,2.0,-1.0
0,1.0,0.1,14,euclidean,kd_tree,30,,-1.0
0,1.0,0.1,14,euclidean,kd_tree,30,1.0,-1.0
0,1.0,0.1,14,euclidean,kd_tree,30,2.0,-1.0
0,1.0,0.1,14,euclidean,kd_tree,40,,-1.0
0,1.0,0.1,14,euclidean,kd_tree,40,1.0,-1.0
0,1.0,0.1,14,euclidean,kd_tree,40,2.0,-1.0
0,1.0,0.1,14,euclidean,kd_tree,50,,-1.0
0,1.0,0.1,14,euclidean,kd_tree,50,1.0,-1.0
0,1.0,0.1,14,euclidean,kd_tree,50,2.0,-1.0
0,1.0,0.1,14,euclidean,brute,10,,-1.0
0,1.0,0.1,14,euclidean,brute,10,1.0,-1.0
0,1.0,0.1,14,euclidean,brute,10,2.0,-1.0
0,1.0,0.1,14,euclidean,brute,20,,-1.0
0,1.0,0.1,14,euclidean,brute,20,1.0,-1.0
0,1.0,0.1,14,euclidean,brute,20,2.0,-1.0
0,1.0,0.1,14,euclidean,brute,30,,-1.0
0,1.0,0.1,14,euclidean,brute,30,1.0,-1.0
0,1.0,0.1,14,euclidean,brute,30,2.0,-1.0
0,1.0,0.1,14,euclidean,brute,40,,-1.0
0,1.0,0.1,14,euclidean,brute,40,1.0,-1.0
0,1.0,0.1,14,euclidean,brute,40,2.0,-1.0
0,1.0,0.1,14,euclidean,brute,50,,-1.0
0,1.0,0.1,14,euclidean,brute,50,1.0,-1.0
0,1.0,0.1,14,euclidean,brute,50,2.0,-1.0
0,1.0,0.1,14,manhattan,auto,10,,-1.0
0,1.0,0.1,14,manhattan,auto,10,1.0,-1.0
0,1.0,0.1,14,manhattan,auto,10,2.0,-1.0
0,1.0,0.1,14,manhattan,auto,20,,-1.0
0,1.0,0.1,14,manhattan,auto,20,1.0,-1.0
0,1.0,0.1,14,manhattan,auto,20,2.0,-1.0
0,1.0,0.1,14,manhattan,auto,30,,-1.0
0,1.0,0.1,14,manhattan,auto,30,1.0,-1.0
0,1.0,0.1,14,manhattan,auto,30,2.0,-1.0
0,1.0,0.1,14,manhattan,auto,40,,-1.0
0,1.0,0.1,14,manhattan,auto,40,1.0,-1.0
0,1.0,0.1,14,manhattan,auto,40,2.0,-1.0
0,1.0,0.1,14,manhattan,auto,50,,-1.0
0,1.0,0.1,14,manhattan,auto,50,1.0,-1.0
0,1.0,0.1,14,manhattan,auto,50,2.0,-1.0
0,1.0,0.1,14,manhattan,ball_tree,10,,-1.0
0,1.0,0.1,14,manhattan,ball_tree,10,1.0,-1.0
0,1.0,0.1,14,manhattan,ball_tree,10,2.0,-1.0
0,1.0,0.1,14,manhattan,ball_tree,20,,-1.0
0,1.0,0.1,14,manhattan,ball_tree,20,1.0,-1.0
0,1.0,0.1,14,manhattan,ball_tree,20,2.0,-1.0
0,1.0,0.1,14,manhattan,ball_tree,30,,-1.0
0,1.0,0.1,14,manhattan,ball_tree,30,1.0,-1.0
0,1.0,0.1,14,manhattan,ball_tree,30,2.0,-1.0
0,1.0,0.1,14,manhattan,ball_tree,40,,-1.0
0,1.0,0.1,14,manhattan,ball_tree,40,1.0,-1.0
0,1.0,0.1,14,manhattan,ball_tree,40,2.0,-1.0
0,1.0,0.1,14,manhattan,ball_tree,50,,-1.0
0,1.0,0.1,14,manhattan,ball_tree,50,1.0,-1.0
0,1.0,0.1,14,manhattan,ball_tree,50,2.0,-1.0
0,1.0,0.1,14,manhattan,kd_tree,10,,-1.0
0,1.0,0.1,14,manhattan,kd_tree,10,1.0,-1.0
0,1.0,0.1,14,manhattan,kd_tree,10,2.0,-1.0
0,1.0,0.1,14,manhattan,kd_tree,20,,-1.0
0,1.0,0.1,14,manhattan,kd_tree,20,1.0,-1.0
0,1.0,0.1,14,manhattan,kd_tree,20,2.0,-1.0
0,1.0,0.1,14,manhattan,kd_tree,30,,-1.0
0,1.0,0.1,14,manhattan,kd_tree,30,1.0,-1.0
0,1.0,0.1,14,manhattan,kd_tree,30,2.0,-1.0
0,1.0,0.1,14,manhattan,kd_tree,40,,-1.0
0,1.0,0.1,14,manhattan,kd_tree,40,1.0,-1.0
0,1.0,0.1,14,manhattan,kd_tree,40,2.0,-1.0
0,1.0,0.1,14,manhattan,kd_tree,50,,-1.0
0,1.0,0.1,14,manhattan,kd_tree,50,1.0,-1.0
0,1.0,0.1,14,manhattan,kd_tree,50,2.0,-1.0
0,1.0,0.1,14,manhattan,brute,10,,-1.0
0,1.0,0.1,14,manhattan,brute,10,1.0,-1.0
0,1.0,0.1,14,manhattan,brute,10,2.0,-1.0
0,1.0,0.1,14,manhattan,brute,20,,-1.0
0,1.0,0.1,14,manhattan,brute,20,1.0,-1.0
0,1.0,0.1,14,manhattan,brute,20,2.0,-1.0
0,1.0,0.1,14,manhattan,brute,30,,-1.0
0,1.0,0.1,14,manhattan,brute,30,1.0,-1.0
0,1.0,0.1,14,manhattan,brute,30,2.0,-1.0
0,1.0,0.1,14,manhattan,brute,40,,-1.0
0,1.0,0.1,14,manhattan,brute,40,1.0,-1.0
0,1.0,0.1,14,manhattan,brute,40,2.0,-1.0
0,1.0,0.1,14,manhattan,brute,50,,-1.0
0,1.0,0.1,14,manhattan,brute,50,1.0,-1.0
0,1.0,0.1,14,manhattan,brute,50,2.0,-1.0
0,1.0,0.1,14,mahalanobis,auto,10,,-1.0
0,1.0,0.1,14,mahalanobis,auto,10,1.0,-1.0
0,1.0,0.1,14,mahalanobis,auto,10,2.0,-1.0
0,1.0,0.1,14,mahalanobis,auto,20,,-1.0
0,1.0,0.1,14,mahalanobis,auto,20,1.0,-1.0
0,1.0,0.1,14,mahalanobis,auto,20,2.0,-1.0
0,1.0,0.1,14,mahalanobis,auto,30,,-1.0
0,1.0,0.1,14,mahalanobis,auto,30,1.0,-1.0
0,1.0,0.1,14,mahalanobis,auto,30,2.0,-1.0
0,1.0,0.1,14,mahalanobis,auto,40,,-1.0
0,1.0,0.1,14,mahalanobis,auto,40,1.0,-1.0
0,1.0,0.1,14,mahalanobis,auto,40,2.0,-1.0
0,1.0,0.1,14,mahalanobis,auto,50,,-1.0
0,1.0,0.1,14,mahalanobis,auto,50,1.0,-1.0
0,1.0,0.1,14,mahalanobis,auto,50,2.0,-1.0
0,1.0,0.1,14,mahalanobis,ball_tree,10,,-1.0
0,1.0,0.1,14,mahalanobis,ball_tree,10,1.0,-1.0
0,1.0,0.1,14,mahalanobis,ball_tree,10,2.0,-1.0
0,1.0,0.1,14,mahalanobis,ball_tree,20,,-1.0
0,1.0,0.1,14,mahalanobis,ball_tree,20,1.0,-1.0
0,1.0,0.1,14,mahalanobis,ball_tree,20,2.0,-1.0
0,1.0,0.1,14,mahalanobis,ball_tree,30,,-1.0
0,1.0,0.1,14,mahalanobis,ball_tree,30,1.0,-1.0
0,1.0,0.1,14,mahalanobis,ball_tree,30,2.0,-1.0
0,1.0,0.1,14,mahalanobis,ball_tree,40,,-1.0
0,1.0,0.1,14,mahalanobis,ball_tree,40,1.0,-1.0
0,1.0,0.1,14,mahalanobis,ball_tree,40,2.0,-1.0
0,1.0,0.1,14,mahalanobis,ball_tree,50,,-1.0
0,1.0,0.1,14,mahalanobis,ball_tree,50,1.0,-1.0
0,1.0,0.1,14,mahalanobis,ball_tree,50,2.0,-1.0
0,1.0,0.1,14,mahalanobis,kd_tree,10,,-1.0
0,1.0,0.1,14,mahalanobis,kd_tree,10,1.0,-1.0
0,1.0,0.1,14,mahalanobis,kd_tree,10,2.0,-1.0
0,1.0,0.1,14,mahalanobis,kd_tree,20,,-1.0
0,1.0,0.1,14,mahalanobis,kd_tree,20,1.0,-1.0
0,1.0,0.1,14,mahalanobis,kd_tree,20,2.0,-1.0
0,1.0,0.1,14,mahalanobis,kd_tree,30,,-1.0
0,1.0,0.1,14,mahalanobis,kd_tree,30,1.0,-1.0
0,1.0,0.1,14,mahalanobis,kd_tree,30,2.0,-1.0
0,1.0,0.1,14,mahalanobis,kd_tree,40,,-1.0
0,1.0,0.1,14,mahalanobis,kd_tree,40,1.0,-1.0
0,1.0,0.1,14,mahalanobis,kd_tree,40,2.0,-1.0
0,1.0,0.1,14,mahalanobis,kd_tree,50,,-1.0
0,1.0,0.1,14,mahalanobis,kd_tree,50,1.0,-1.0
0,1.0,0.1,14,mahalanobis,kd_tree,50,2.0,-1.0
0,1.0,0.1,14,mahalanobis,brute,10,,-1.0
0,1.0,0.1,14,mahalanobis,brute,10,1.0,-1.0
0,1.0,0.1,14,mahalanobis,brute,10,2.0,-1.0
0,1.0,0.1,14,mahalanobis,brute,20,,-1.0
0,1.0,0.1,14,mahalanobis,brute,20,1.0,-1.0
0,1.0,0.1,14,mahalanobis,brute,20,2.0,-1.0
0,1.0,0.1,14,mahalanobis,brute,30,,-1.0
0,1.0,0.1,14,mahalanobis,brute,30,1.0,-1.0
0,1.0,0.1,14,mahalanobis,brute,30,2.0,-1.0
0,1.0,0.1,14,mahalanobis,brute,40,,-1.0
0,1.0,0.1,14,mahalanobis,brute,40,1.0,-1.0
0,1.0,0.1,14,mahalanobis,brute,40,2.0,-1.0
0,1.0,0.1,14,mahalanobis,brute,50,,-1.0
0,1.0,0.1,14,mahalanobis,brute,50,1.0,-1.0
0,1.0,0.1,14,mahalanobis,brute,50,2.0,-1.0
0,1.0,0.1,15,euclidean,auto,10,,-1.0
0,1.0,0.1,15,euclidean,auto,10,1.0,-1.0
0,1.0,0.1,15,euclidean,auto,10,2.0,-1.0
0,1.0,0.1,15,euclidean,auto,20,,-1.0
0,1.0,0.1,15,euclidean,auto,20,1.0,-1.0
0,1.0,0.1,15,euclidean,auto,20,2.0,-1.0
0,1.0,0.1,15,euclidean,auto,30,,-1.0
0,1.0,0.1,15,euclidean,auto,30,1.0,-1.0
0,1.0,0.1,15,euclidean,auto,30,2.0,-1.0
0,1.0,0.1,15,euclidean,auto,40,,-1.0
0,1.0,0.1,15,euclidean,auto,40,1.0,-1.0
0,1.0,0.1,15,euclidean,auto,40,2.0,-1.0
0,1.0,0.1,15,euclidean,auto,50,,-1.0
0,1.0,0.1,15,euclidean,auto,50,1.0,-1.0
0,1.0,0.1,15,euclidean,auto,50,2.0,-1.0
0,1.0,0.1,15,euclidean,ball_tree,10,,-1.0
0,1.0,0.1,15,euclidean,ball_tree,10,1.0,-1.0
0,1.0,0.1,15,euclidean,ball_tree,10,2.0,-1.0
0,1.0,0.1,15,euclidean,ball_tree,20,,-1.0
0,1.0,0.1,15,euclidean,ball_tree,20,1.0,-1.0
0,1.0,0.1,15,euclidean,ball_tree,20,2.0,-1.0
0,1.0,0.1,15,euclidean,ball_tree,30,,-1.0
0,1.0,0.1,15,euclidean,ball_tree,30,1.0,-1.0
0,1.0,0.1,15,euclidean,ball_tree,30,2.0,-1.0
0,1.0,0.1,15,euclidean,ball_tree,40,,-1.0
0,1.0,0.1,15,euclidean,ball_tree,40,1.0,-1.0
0,1.0,0.1,15,euclidean,ball_tree,40,2.0,-1.0
0,1.0,0.1,15,euclidean,ball_tree,50,,-1.0
0,1.0,0.1,15,euclidean,ball_tree,50,1.0,-1.0
0,1.0,0.1,15,euclidean,ball_tree,50,2.0,-1.0
0,1.0,0.1,15,euclidean,kd_tree,10,,-1.0
0,1.0,0.1,15,euclidean,kd_tree,10,1.0,-1.0
0,1.0,0.1,15,euclidean,kd_tree,10,2.0,-1.0
0,1.0,0.1,15,euclidean,kd_tree,20,,-1.0
0,1.0,0.1,15,euclidean,kd_tree,20,1.0,-1.0
0,1.0,0.1,15,euclidean,kd_tree,20,2.0,-1.0
0,1.0,0.1,15,euclidean,kd_tree,30,,-1.0
0,1.0,0.1,15,euclidean,kd_tree,30,1.0,-1.0
0,1.0,0.1,15,euclidean,kd_tree,30,2.0,-1.0
0,1.0,0.1,15,euclidean,kd_tree,40,,-1.0
0,1.0,0.1,15,euclidean,kd_tree,40,1.0,-1.0
0,1.0,0.1,15,euclidean,kd_tree,40,2.0,-1.0
0,1.0,0.1,15,euclidean,kd_tree,50,,-1.0
0,1.0,0.1,15,euclidean,kd_tree,50,1.0,-1.0
0,1.0,0.1,15,euclidean,kd_tree,50,2.0,-1.0
0,1.0,0.1,15,euclidean,brute,10,,-1.0
0,1.0,0.1,15,euclidean,brute,10,1.0,-1.0
0,1.0,0.1,15,euclidean,brute,10,2.0,-1.0
0,1.0,0.1,15,euclidean,brute,20,,-1.0
0,1.0,0.1,15,euclidean,brute,20,1.0,-1.0
0,1.0,0.1,15,euclidean,brute,20,2.0,-1.0
0,1.0,0.1,15,euclidean,brute,30,,-1.0
0,1.0,0.1,15,euclidean,brute,30,1.0,-1.0
0,1.0,0.1,15,euclidean,brute,30,2.0,-1.0
0,1.0,0.1,15,euclidean,brute,40,,-1.0
0,1.0,0.1,15,euclidean,brute,40,1.0,-1.0
0,1.0,0.1,15,euclidean,brute,40,2.0,-1.0
0,1.0,0.1,15,euclidean,brute,50,,-1.0
0,1.0,0.1,15,euclidean,brute,50,1.0,-1.0
0,1.0,0.1,15,euclidean,brute,50,2.0,-1.0
0,1.0,0.1,15,manhattan,auto,10,,-1.0
0,1.0,0.1,15,manhattan,auto,10,1.0,-1.0
0,1.0,0.1,15,manhattan,auto,10,2.0,-1.0
0,1.0,0.1,15,manhattan,auto,20,,-1.0
0,1.0,0.1,15,manhattan,auto,20,1.0,-1.0
0,1.0,0.1,15,manhattan,auto,20,2.0,-1.0
0,1.0,0.1,15,manhattan,auto,30,,-1.0
0,1.0,0.1,15,manhattan,auto,30,1.0,-1.0
0,1.0,0.1,15,manhattan,auto,30,2.0,-1.0
0,1.0,0.1,15,manhattan,auto,40,,-1.0
0,1.0,0.1,15,manhattan,auto,40,1.0,-1.0
0,1.0,0.1,15,manhattan,auto,40,2.0,-1.0
0,1.0,0.1,15,manhattan,auto,50,,-1.0
0,1.0,0.1,15,manhattan,auto,50,1.0,-1.0
0,1.0,0.1,15,manhattan,auto,50,2.0,-1.0
0,1.0,0.1,15,manhattan,ball_tree,10,,-1.0
0,1.0,0.1,15,manhattan,ball_tree,10,1.0,-1.0
0,1.0,0.1,15,manhattan,ball_tree,10,2.0,-1.0
0,1.0,0.1,15,manhattan,ball_tree,20,,-1.0
0,1.0,0.1,15,manhattan,ball_tree,20,1.0,-1.0
0,1.0,0.1,15,manhattan,ball_tree,20,2.0,-1.0
0,1.0,0.1,15,manhattan,ball_tree,30,,-1.0
0,1.0,0.1,15,manhattan,ball_tree,30,1.0,-1.0
0,1.0,0.1,15,manhattan,ball_tree,30,2.0,-1.0
0,1.0,0.1,15,manhattan,ball_tree,40,,-1.0
0,1.0,0.1,15,manhattan,ball_tree,40,1.0,-1.0
0,1.0,0.1,15,manhattan,ball_tree,40,2.0,-1.0
0,1.0,0.1,15,manhattan,ball_tree,50,,-1.0
0,1.0,0.1,15,manhattan,ball_tree,50,1.0,-1.0
0,1.0,0.1,15,manhattan,ball_tree,50,2.0,-1.0
0,1.0,0.1,15,manhattan,kd_tree,10,,-1.0
0,1.0,0.1,15,manhattan,kd_tree,10,1.0,-1.0
0,1.0,0.1,15,manhattan,kd_tree,10,2.0,-1.0
0,1.0,0.1,15,manhattan,kd_tree,20,,-1.0
0,1.0,0.1,15,manhattan,kd_tree,20,1.0,-1.0
0,1.0,0.1,15,manhattan,kd_tree,20,2.0,-1.0
0,1.0,0.1,15,manhattan,kd_tree,30,,-1.0
0,1.0,0.1,15,manhattan,kd_tree,30,1.0,-1.0
0,1.0,0.1,15,manhattan,kd_tree,30,2.0,-1.0
0,1.0,0.1,15,manhattan,kd_tree,40,,-1.0
0,1.0,0.1,15,manhattan,kd_tree,40,1.0,-1.0
0,1.0,0.1,15,manhattan,kd_tree,40,2.0,-1.0
0,1.0,0.1,15,manhattan,kd_tree,50,,-1.0
0,1.0,0.1,15,manhattan,kd_tree,50,1.0,-1.0
0,1.0,0.1,15,manhattan,kd_tree,50,2.0,-1.0
0,1.0,0.1,15,manhattan,brute,10,,-1.0
0,1.0,0.1,15,manhattan,brute,10,1.0,-1.0
0,1.0,0.1,15,manhattan,brute,10,2.0,-1.0
0,1.0,0.1,15,manhattan,brute,20,,-1.0
0,1.0,0.1,15,manhattan,brute,20,1.0,-1.0
0,1.0,0.1,15,manhattan,brute,20,2.0,-1.0
0,1.0,0.1,15,manhattan,brute,30,,-1.0
0,1.0,0.1,15,manhattan,brute,30,1.0,-1.0
0,1.0,0.1,15,manhattan,brute,30,2.0,-1.0
0,1.0,0.1,15,manhattan,brute,40,,-1.0
0,1.0,0.1,15,manhattan,brute,40,1.0,-1.0
0,1.0,0.1,15,manhattan,brute,40,2.0,-1.0
0,1.0,0.1,15,manhattan,brute,50,,-1.0
0,1.0,0.1,15,manhattan,brute,50,1.0,-1.0
0,1.0,0.1,15,manhattan,brute,50,2.0,-1.0
0,1.0,0.1,15,mahalanobis,auto,10,,-1.0
0,1.0,0.1,15,mahalanobis,auto,10,1.0,-1.0
0,1.0,0.1,15,mahalanobis,auto,10,2.0,-1.0
0,1.0,0.1,15,mahalanobis,auto,20,,-1.0
0,1.0,0.1,15,mahalanobis,auto,20,1.0,-1.0
0,1.0,0.1,15,mahalanobis,auto,20,2.0,-1.0
0,1.0,0.1,15,mahalanobis,auto,30,,-1.0
0,1.0,0.1,15,mahalanobis,auto,30,1.0,-1.0
0,1.0,0.1,15,mahalanobis,auto,30,2.0,-1.0
0,1.0,0.1,15,mahalanobis,auto,40,,-1.0
0,1.0,0.1,15,mahalanobis,auto,40,1.0,-1.0
0,1.0,0.1,15,mahalanobis,auto,40,2.0,-1.0
0,1.0,0.1,15,mahalanobis,auto,50,,-1.0
0,1.0,0.1,15,mahalanobis,auto,50,1.0,-1.0
0,1.0,0.1,15,mahalanobis,auto,50,2.0,-1.0
0,1.0,0.1,15,mahalanobis,ball_tree,10,,-1.0
0,1.0,0.1,15,mahalanobis,ball_tree,10,1.0,-1.0
0,1.0,0.1,15,mahalanobis,ball_tree,10,2.0,-1.0
0,1.0,0.1,15,mahalanobis,ball_tree,20,,-1.0
0,1.0,0.1,15,mahalanobis,ball_tree,20,1.0,-1.0
0,1.0,0.1,15,mahalanobis,ball_tree,20,2.0,-1.0
0,1.0,0.1,15,mahalanobis,ball_tree,30,,-1.0
0,1.0,0.1,15,mahalanobis,ball_tree,30,1.0,-1.0
0,1.0,0.1,15,mahalanobis,ball_tree,30,2.0,-1.0
0,1.0,0.1,15,mahalanobis,ball_tree,40,,-1.0
0,1.0,0.1,15,mahalanobis,ball_tree,40,1.0,-1.0
0,1.0,0.1,15,mahalanobis,ball_tree,40,2.0,-1.0
0,1.0,0.1,15,mahalanobis,ball_tree,50,,-1.0
0,1.0,0.1,15,mahalanobis,ball_tree,50,1.0,-1.0
0,1.0,0.1,15,mahalanobis,ball_tree,50,2.0,-1.0
0,1.0,0.1,15,mahalanobis,kd_tree,10,,-1.0
0,1.0,0.1,15,mahalanobis,kd_tree,10,1.0,-1.0
0,1.0,0.1,15,mahalanobis,kd_tree,10,2.0,-1.0
0,1.0,0.1,15,mahalanobis,kd_tree,20,,-1.0
0,1.0,0.1,15,mahalanobis,kd_tree,20,1.0,-1.0
0,1.0,0.1,15,mahalanobis,kd_tree,20,2.0,-1.0
0,1.0,0.1,15,mahalanobis,kd_tree,30,,-1.0
0,1.0,0.1,15,mahalanobis,kd_tree,30,1.0,-1.0
0,1.0,0.1,15,mahalanobis,kd_tree,30,2.0,-1.0
0,1.0,0.1,15,mahalanobis,kd_tree,40,,-1.0
0,1.0,0.1,15,mahalanobis,kd_tree,40,1.0,-1.0
0,1.0,0.1,15,mahalanobis,kd_tree,40,2.0,-1.0
0,1.0,0.1,15,mahalanobis,kd_tree,50,,-1.0
0,1.0,0.1,15,mahalanobis,kd_tree,50,1.0,-1.0
0,1.0,0.1,15,mahalanobis,kd_tree,50,2.0,-1.0
0,1.0,0.1,15,mahalanobis,brute,10,,-1.0
0,1.0,0.1,15,mahalanobis,brute,10,1.0,-1.0
0,1.0,0.1,15,mahalanobis,brute,10,2.0,-1.0
0,1.0,0.1,15,mahalanobis,brute,20,,-1.0
0,1.0,0.1,15,mahalanobis,brute,20,1.0,-1.0
0,1.0,0.1,15,mahalanobis,brute,20,2.0,-1.0
0,1.0,0.1,15,mahalanobis,brute,30,,-1.0
0,1.0,0.1,15,mahalanobis,brute,30,1.0,-1.0
0,1.0,0.1,15,mahalanobis,brute,30,2.0,-1.0
0,1.0,0.1,15,mahalanobis,brute,40,,-1.0
0,1.0,0.1,15,mahalanobis,brute,40,1.0,-1.0
0,1.0,0.1,15,mahalanobis,brute,40,2.0,-1.0
0,1.0,0.1,15,mahalanobis,brute,50,,-1.0
0,1.0,0.1,15,mahalanobis,brute,50,1.0,-1.0
0,1.0,0.1,15,mahalanobis,brute,50,2.0,-1.0
0,1.0,0.1,16,euclidean,auto,10,,-1.0
0,1.0,0.1,16,euclidean,auto,10,1.0,-1.0
0,1.0,0.1,16,euclidean,auto,10,2.0,-1.0
0,1.0,0.1,16,euclidean,auto,20,,-1.0
0,1.0,0.1,16,euclidean,auto,20,1.0,-1.0
0,1.0,0.1,16,euclidean,auto,20,2.0,-1.0
0,1.0,0.1,16,euclidean,auto,30,,-1.0
0,1.0,0.1,16,euclidean,auto,30,1.0,-1.0
0,1.0,0.1,16,euclidean,auto,30,2.0,-1.0
0,1.0,0.1,16,euclidean,auto,40,,-1.0
0,1.0,0.1,16,euclidean,auto,40,1.0,-1.0
0,1.0,0.1,16,euclidean,auto,40,2.0,-1.0
0,1.0,0.1,16,euclidean,auto,50,,-1.0
0,1.0,0.1,16,euclidean,auto,50,1.0,-1.0
0,1.0,0.1,16,euclidean,auto,50,2.0,-1.0
0,1.0,0.1,16,euclidean,ball_tree,10,,-1.0
0,1.0,0.1,16,euclidean,ball_tree,10,1.0,-1.0
0,1.0,0.1,16,euclidean,ball_tree,10,2.0,-1.0
0,1.0,0.1,16,euclidean,ball_tree,20,,-1.0
0,1.0,0.1,16,euclidean,ball_tree,20,1.0,-1.0
0,1.0,0.1,16,euclidean,ball_tree,20,2.0,-1.0
0,1.0,0.1,16,euclidean,ball_tree,30,,-1.0
0,1.0,0.1,16,euclidean,ball_tree,30,1.0,-1.0
0,1.0,0.1,16,euclidean,ball_tree,30,2.0,-1.0
0,1.0,0.1,16,euclidean,ball_tree,40,,-1.0
0,1.0,0.1,16,euclidean,ball_tree,40,1.0,-1.0
0,1.0,0.1,16,euclidean,ball_tree,40,2.0,-1.0
0,1.0,0.1,16,euclidean,ball_tree,50,,-1.0
0,1.0,0.1,16,euclidean,ball_tree,50,1.0,-1.0
0,1.0,0.1,16,euclidean,ball_tree,50,2.0,-1.0
0,1.0,0.1,16,euclidean,kd_tree,10,,-1.0
0,1.0,0.1,16,euclidean,kd_tree,10,1.0,-1.0
0,1.0,0.1,16,euclidean,kd_tree,10,2.0,-1.0
0,1.0,0.1,16,euclidean,kd_tree,20,,-1.0
0,1.0,0.1,16,euclidean,kd_tree,20,1.0,-1.0
0,1.0,0.1,16,euclidean,kd_tree,20,2.0,-1.0
0,1.0,0.1,16,euclidean,kd_tree,30,,-1.0
0,1.0,0.1,16,euclidean,kd_tree,30,1.0,-1.0
0,1.0,0.1,16,euclidean,kd_tree,30,2.0,-1.0
0,1.0,0.1,16,euclidean,kd_tree,40,,-1.0
0,1.0,0.1,16,euclidean,kd_tree,40,1.0,-1.0
0,1.0,0.1,16,euclidean,kd_tree,40,2.0,-1.0
0,1.0,0.1,16,euclidean,kd_tree,50,,-1.0
0,1.0,0.1,16,euclidean,kd_tree,50,1.0,-1.0
0,1.0,0.1,16,euclidean,kd_tree,50,2.0,-1.0
0,1.0,0.1,16,euclidean,brute,10,,-1.0
0,1.0,0.1,16,euclidean,brute,10,1.0,-1.0
0,1.0,0.1,16,euclidean,brute,10,2.0,-1.0
0,1.0,0.1,16,euclidean,brute,20,,-1.0
0,1.0,0.1,16,euclidean,brute,20,1.0,-1.0
0,1.0,0.1,16,euclidean,brute,20,2.0,-1.0
0,1.0,0.1,16,euclidean,brute,30,,-1.0
0,1.0,0.1,16,euclidean,brute,30,1.0,-1.0
0,1.0,0.1,16,euclidean,brute,30,2.0,-1.0
0,1.0,0.1,16,euclidean,brute,40,,-1.0
0,1.0,0.1,16,euclidean,brute,40,1.0,-1.0
0,1.0,0.1,16,euclidean,brute,40,2.0,-1.0
0,1.0,0.1,16,euclidean,brute,50,,-1.0
0,1.0,0.1,16,euclidean,brute,50,1.0,-1.0
0,1.0,0.1,16,euclidean,brute,50,2.0,-1.0
0,1.0,0.1,16,manhattan,auto,10,,-1.0
0,1.0,0.1,16,manhattan,auto,10,1.0,-1.0
0,1.0,0.1,16,manhattan,auto,10,2.0,-1.0
0,1.0,0.1,16,manhattan,auto,20,,-1.0
0,1.0,0.1,16,manhattan,auto,20,1.0,-1.0
0,1.0,0.1,16,manhattan,auto,20,2.0,-1.0
0,1.0,0.1,16,manhattan,auto,30,,-1.0
0,1.0,0.1,16,manhattan,auto,30,1.0,-1.0
0,1.0,0.1,16,manhattan,auto,30,2.0,-1.0
0,1.0,0.1,16,manhattan,auto,40,,-1.0
0,1.0,0.1,16,manhattan,auto,40,1.0,-1.0
0,1.0,0.1,16,manhattan,auto,40,2.0,-1.0
0,1.0,0.1,16,manhattan,auto,50,,-1.0
0,1.0,0.1,16,manhattan,auto,50,1.0,-1.0
0,1.0,0.1,16,manhattan,auto,50,2.0,-1.0
0,1.0,0.1,16,manhattan,ball_tree,10,,-1.0
0,1.0,0.1,16,manhattan,ball_tree,10,1.0,-1.0
0,1.0,0.1,16,manhattan,ball_tree,10,2.0,-1.0
0,1.0,0.1,16,manhattan,ball_tree,20,,-1.0
0,1.0,0.1,16,manhattan,ball_tree,20,1.0,-1.0
0,1.0,0.1,16,manhattan,ball_tree,20,2.0,-1.0
0,1.0,0.1,16,manhattan,ball_tree,30,,-1.0
0,1.0,0.1,16,manhattan,ball_tree,30,1.0,-1.0
0,1.0,0.1,16,manhattan,ball_tree,30,2.0,-1.0
0,1.0,0.1,16,manhattan,ball_tree,40,,-1.0
0,1.0,0.1,16,manhattan,ball_tree,40,1.0,-1.0
0,1.0,0.1,16,manhattan,ball_tree,40,2.0,-1.0
0,1.0,0.1,16,manhattan,ball_tree,50,,-1.0
0,1.0,0.1,16,manhattan,ball_tree,50,1.0,-1.0
0,1.0,0.1,16,manhattan,ball_tree,50,2.0,-1.0
0,1.0,0.1,16,manhattan,kd_tree,10,,-1.0
0,1.0,0.1,16,manhattan,kd_tree,10,1.0,-1.0
0,1.0,0.1,16,manhattan,kd_tree,10,2.0,-1.0
0,1.0,0.1,16,manhattan,kd_tree,20,,-1.0
0,1.0,0.1,16,manhattan,kd_tree,20,1.0,-1.0
0,1.0,0.1,16,manhattan,kd_tree,20,2.0,-1.0
0,1.0,0.1,16,manhattan,kd_tree,30,,-1.0
0,1.0,0.1,16,manhattan,kd_tree,30,1.0,-1.0
0,1.0,0.1,16,manhattan,kd_tree,30,2.0,-1.0
0,1.0,0.1,16,manhattan,kd_tree,40,,-1.0
0,1.0,0.1,16,manhattan,kd_tree,40,1.0,-1.0
0,1.0,0.1,16,manhattan,kd_tree,40,2.0,-1.0
0,1.0,0.1,16,manhattan,kd_tree,50,,-1.0
0,1.0,0.1,16,manhattan,kd_tree,50,1.0,-1.0
0,1.0,0.1,16,manhattan,kd_tree,50,2.0,-1.0
0,1.0,0.1,16,manhattan,brute,10,,-1.0
0,1.0,0.1,16,manhattan,brute,10,1.0,-1.0
0,1.0,0.1,16,manhattan,brute,10,2.0,-1.0
0,1.0,0.1,16,manhattan,brute,20,,-1.0
0,1.0,0.1,16,manhattan,brute,20,1.0,-1.0
0,1.0,0.1,16,manhattan,brute,20,2.0,-1.0
0,1.0,0.1,16,manhattan,brute,30,,-1.0
0,1.0,0.1,16,manhattan,brute,30,1.0,-1.0
0,1.0,0.1,16,manhattan,brute,30,2.0,-1.0
0,1.0,0.1,16,manhattan,brute,40,,-1.0
0,1.0,0.1,16,manhattan,brute,40,1.0,-1.0
0,1.0,0.1,16,manhattan,brute,40,2.0,-1.0
0,1.0,0.1,16,manhattan,brute,50,,-1.0
0,1.0,0.1,16,manhattan,brute,50,1.0,-1.0
0,1.0,0.1,16,manhattan,brute,50,2.0,-1.0
0,1.0,0.1,16,mahalanobis,auto,10,,-1.0
0,1.0,0.1,16,mahalanobis,auto,10,1.0,-1.0
0,1.0,0.1,16,mahalanobis,auto,10,2.0,-1.0
0,1.0,0.1,16,mahalanobis,auto,20,,-1.0
0,1.0,0.1,16,mahalanobis,auto,20,1.0,-1.0
0,1.0,0.1,16,mahalanobis,auto,20,2.0,-1.0
0,1.0,0.1,16,mahalanobis,auto,30,,-1.0
0,1.0,0.1,16,mahalanobis,auto,30,1.0,-1.0
0,1.0,0.1,16,mahalanobis,auto,30,2.0,-1.0
0,1.0,0.1,16,mahalanobis,auto,40,,-1.0
0,1.0,0.1,16,mahalanobis,auto,40,1.0,-1.0
0,1.0,0.1,16,mahalanobis,auto,40,2.0,-1.0
0,1.0,0.1,16,mahalanobis,auto,50,,-1.0
0,1.0,0.1,16,mahalanobis,auto,50,1.0,-1.0
0,1.0,0.1,16,mahalanobis,auto,50,2.0,-1.0
0,1.0,0.1,16,mahalanobis,ball_tree,10,,-1.0
0,1.0,0.1,16,mahalanobis,ball_tree,10,1.0,-1.0
0,1.0,0.1,16,mahalanobis,ball_tree,10,2.0,-1.0
0,1.0,0.1,16,mahalanobis,ball_tree,20,,-1.0
0,1.0,0.1,16,mahalanobis,ball_tree,20,1.0,-1.0
0,1.0,0.1,16,mahalanobis,ball_tree,20,2.0,-1.0
0,1.0,0.1,16,mahalanobis,ball_tree,30,,-1.0
0,1.0,0.1,16,mahalanobis,ball_tree,30,1.0,-1.0
0,1.0,0.1,16,mahalanobis,ball_tree,30,2.0,-1.0
0,1.0,0.1,16,mahalanobis,ball_tree,40,,-1.0
0,1.0,0.1,16,mahalanobis,ball_tree,40,1.0,-1.0
0,1.0,0.1,16,mahalanobis,ball_tree,40,2.0,-1.0
0,1.0,0.1,16,mahalanobis,ball_tree,50,,-1.0
0,1.0,0.1,16,mahalanobis,ball_tree,50,1.0,-1.0
0,1.0,0.1,16,mahalanobis,ball_tree,50,2.0,-1.0
0,1.0,0.1,16,mahalanobis,kd_tree,10,,-1.0
0,1.0,0.1,16,mahalanobis,kd_tree,10,1.0,-1.0
0,1.0,0.1,16,mahalanobis,kd_tree,10,2.0,-1.0
0,1.0,0.1,16,mahalanobis,kd_tree,20,,-1.0
0,1.0,0.1,16,mahalanobis,kd_tree,20,1.0,-1.0
0,1.0,0.1,16,mahalanobis,kd_tree,20,2.0,-1.0
0,1.0,0.1,16,mahalanobis,kd_tree,30,,-1.0
0,1.0,0.1,16,mahalanobis,kd_tree,30,1.0,-1.0
0,1.0,0.1,16,mahalanobis,kd_tree,30,2.0,-1.0
0,1.0,0.1,16,mahalanobis,kd_tree,40,,-1.0
0,1.0,0.1,16,mahalanobis,kd_tree,40,1.0,-1.0
0,1.0,0.1,16,mahalanobis,kd_tree,40,2.0,-1.0
0,1.0,0.1,16,mahalanobis,kd_tree,50,,-1.0
0,1.0,0.1,16,mahalanobis,kd_tree,50,1.0,-1.0
0,1.0,0.1,16,mahalanobis,kd_tree,50,2.0,-1.0
0,1.0,0.1,16,mahalanobis,brute,10,,-1.0
0,1.0,0.1,16,mahalanobis,brute,10,1.0,-1.0
0,1.0,0.1,16,mahalanobis,brute,10,2.0,-1.0
0,1.0,0.1,16,mahalanobis,brute,20,,-1.0
0,1.0,0.1,16,mahalanobis,brute,20,1.0,-1.0
0,1.0,0.1,16,mahalanobis,brute,20,2.0,-1.0
0,1.0,0.1,16,mahalanobis,brute,30,,-1.0
0,1.0,0.1,16,mahalanobis,brute,30,1.0,-1.0
0,1.0,0.1,16,mahalanobis,brute,30,2.0,-1.0
0,1.0,0.1,16,mahalanobis,brute,40,,-1.0
0,1.0,0.1,16,mahalanobis,brute,40,1.0,-1.0
0,1.0,0.1,16,mahalanobis,brute,40,2.0,-1.0
0,1.0,0.1,16,mahalanobis,brute,50,,-1.0
0,1.0,0.1,16,mahalanobis,brute,50,1.0,-1.0
0,1.0,0.1,16,mahalanobis,brute,50,2.0,-1.0
0,1.0,0.1,17,euclidean,auto,10,,-1.0
0,1.0,0.1,17,euclidean,auto,10,1.0,-1.0
0,1.0,0.1,17,euclidean,auto,10,2.0,-1.0
0,1.0,0.1,17,euclidean,auto,20,,-1.0
0,1.0,0.1,17,euclidean,auto,20,1.0,-1.0
0,1.0,0.1,17,euclidean,auto,20,2.0,-1.0
0,1.0,0.1,17,euclidean,auto,30,,-1.0
0,1.0,0.1,17,euclidean,auto,30,1.0,-1.0
0,1.0,0.1,17,euclidean,auto,30,2.0,-1.0
0,1.0,0.1,17,euclidean,auto,40,,-1.0
0,1.0,0.1,17,euclidean,auto,40,1.0,-1.0
0,1.0,0.1,17,euclidean,auto,40,2.0,-1.0
0,1.0,0.1,17,euclidean,auto,50,,-1.0
0,1.0,0.1,17,euclidean,auto,50,1.0,-1.0
0,1.0,0.1,17,euclidean,auto,50,2.0,-1.0
0,1.0,0.1,17,euclidean,ball_tree,10,,-1.0
0,1.0,0.1,17,euclidean,ball_tree,10,1.0,-1.0
0,1.0,0.1,17,euclidean,ball_tree,10,2.0,-1.0
0,1.0,0.1,17,euclidean,ball_tree,20,,-1.0
0,1.0,0.1,17,euclidean,ball_tree,20,1.0,-1.0
0,1.0,0.1,17,euclidean,ball_tree,20,2.0,-1.0
0,1.0,0.1,17,euclidean,ball_tree,30,,-1.0
0,1.0,0.1,17,euclidean,ball_tree,30,1.0,-1.0
0,1.0,0.1,17,euclidean,ball_tree,30,2.0,-1.0
0,1.0,0.1,17,euclidean,ball_tree,40,,-1.0
0,1.0,0.1,17,euclidean,ball_tree,40,1.0,-1.0
0,1.0,0.1,17,euclidean,ball_tree,40,2.0,-1.0
0,1.0,0.1,17,euclidean,ball_tree,50,,-1.0
0,1.0,0.1,17,euclidean,ball_tree,50,1.0,-1.0
0,1.0,0.1,17,euclidean,ball_tree,50,2.0,-1.0
0,1.0,0.1,17,euclidean,kd_tree,10,,-1.0
0,1.0,0.1,17,euclidean,kd_tree,10,1.0,-1.0
0,1.0,0.1,17,euclidean,kd_tree,10,2.0,-1.0
0,1.0,0.1,17,euclidean,kd_tree,20,,-1.0
0,1.0,0.1,17,euclidean,kd_tree,20,1.0,-1.0
0,1.0,0.1,17,euclidean,kd_tree,20,2.0,-1.0
0,1.0,0.1,17,euclidean,kd_tree,30,,-1.0
0,1.0,0.1,17,euclidean,kd_tree,30,1.0,-1.0
0,1.0,0.1,17,euclidean,kd_tree,30,2.0,-1.0
0,1.0,0.1,17,euclidean,kd_tree,40,,-1.0
0,1.0,0.1,17,euclidean,kd_tree,40,1.0,-1.0
0,1.0,0.1,17,euclidean,kd_tree,40,2.0,-1.0
0,1.0,0.1,17,euclidean,kd_tree,50,,-1.0
0,1.0,0.1,17,euclidean,kd_tree,50,1.0,-1.0
0,1.0,0.1,17,euclidean,kd_tree,50,2.0,-1.0
0,1.0,0.1,17,euclidean,brute,10,,-1.0
0,1.0,0.1,17,euclidean,brute,10,1.0,-1.0
0,1.0,0.1,17,euclidean,brute,10,2.0,-1.0
0,1.0,0.1,17,euclidean,brute,20,,-1.0
0,1.0,0.1,17,euclidean,brute,20,1.0,-1.0
0,1.0,0.1,17,euclidean,brute,20,2.0,-1.0
0,1.0,0.1,17,euclidean,brute,30,,-1.0
0,1.0,0.1,17,euclidean,brute,30,1.0,-1.0
0,1.0,0.1,17,euclidean,brute,30,2.0,-1.0
0,1.0,0.1,17,euclidean,brute,40,,-1.0
0,1.0,0.1,17,euclidean,brute,40,1.0,-1.0
0,1.0,0.1,17,euclidean,brute,40,2.0,-1.0
0,1.0,0.1,17,euclidean,brute,50,,-1.0
0,1.0,0.1,17,euclidean,brute,50,1.0,-1.0
0,1.0,0.1,17,euclidean,brute,50,2.0,-1.0
0,1.0,0.1,17,manhattan,auto,10,,-1.0
0,1.0,0.1,17,manhattan,auto,10,1.0,-1.0
0,1.0,0.1,17,manhattan,auto,10,2.0,-1.0
0,1.0,0.1,17,manhattan,auto,20,,-1.0
0,1.0,0.1,17,manhattan,auto,20,1.0,-1.0
0,1.0,0.1,17,manhattan,auto,20,2.0,-1.0
0,1.0,0.1,17,manhattan,auto,30,,-1.0
0,1.0,0.1,17,manhattan,auto,30,1.0,-1.0
0,1.0,0.1,17,manhattan,auto,30,2.0,-1.0
0,1.0,0.1,17,manhattan,auto,40,,-1.0
0,1.0,0.1,17,manhattan,auto,40,1.0,-1.0
0,1.0,0.1,17,manhattan,auto,40,2.0,-1.0
0,1.0,0.1,17,manhattan,auto,50,,-1.0
0,1.0,0.1,17,manhattan,auto,50,1.0,-1.0
0,1.0,0.1,17,manhattan,auto,50,2.0,-1.0
0,1.0,0.1,17,manhattan,ball_tree,10,,-1.0
0,1.0,0.1,17,manhattan,ball_tree,10,1.0,-1.0
0,1.0,0.1,17,manhattan,ball_tree,10,2.0,-1.0
0,1.0,0.1,17,manhattan,ball_tree,20,,-1.0
0,1.0,0.1,17,manhattan,ball_tree,20,1.0,-1.0
0,1.0,0.1,17,manhattan,ball_tree,20,2.0,-1.0
0,1.0,0.1,17,manhattan,ball_tree,30,,-1.0
0,1.0,0.1,17,manhattan,ball_tree,30,1.0,-1.0
0,1.0,0.1,17,manhattan,ball_tree,30,2.0,-1.0
0,1.0,0.1,17,manhattan,ball_tree,40,,-1.0
0,1.0,0.1,17,manhattan,ball_tree,40,1.0,-1.0
0,1.0,0.1,17,manhattan,ball_tree,40,2.0,-1.0
0,1.0,0.1,17,manhattan,ball_tree,50,,-1.0
0,1.0,0.1,17,manhattan,ball_tree,50,1.0,-1.0
0,1.0,0.1,17,manhattan,ball_tree,50,2.0,-1.0
0,1.0,0.1,17,manhattan,kd_tree,10,,-1.0
0,1.0,0.1,17,manhattan,kd_tree,10,1.0,-1.0
0,1.0,0.1,17,manhattan,kd_tree,10,2.0,-1.0
0,1.0,0.1,17,manhattan,kd_tree,20,,-1.0
0,1.0,0.1,17,manhattan,kd_tree,20,1.0,-1.0
0,1.0,0.1,17,manhattan,kd_tree,20,2.0,-1.0
0,1.0,0.1,17,manhattan,kd_tree,30,,-1.0
0,1.0,0.1,17,manhattan,kd_tree,30,1.0,-1.0
0,1.0,0.1,17,manhattan,kd_tree,30,2.0,-1.0
0,1.0,0.1,17,manhattan,kd_tree,40,,-1.0
0,1.0,0.1,17,manhattan,kd_tree,40,1.0,-1.0
0,1.0,0.1,17,manhattan,kd_tree,40,2.0,-1.0
0,1.0,0.1,17,manhattan,kd_tree,50,,-1.0
0,1.0,0.1,17,manhattan,kd_tree,50,1.0,-1.0
0,1.0,0.1,17,manhattan,kd_tree,50,2.0,-1.0
0,1.0,0.1,17,manhattan,brute,10,,-1.0
0,1.0,0.1,17,manhattan,brute,10,1.0,-1.0
0,1.0,0.1,17,manhattan,brute,10,2.0,-1.0
0,1.0,0.1,17,manhattan,brute,20,,-1.0
0,1.0,0.1,17,manhattan,brute,20,1.0,-1.0
0,1.0,0.1,17,manhattan,brute,20,2.0,-1.0
0,1.0,0.1,17,manhattan,brute,30,,-1.0
0,1.0,0.1,17,manhattan,brute,30,1.0,-1.0
0,1.0,0.1,17,manhattan,brute,30,2.0,-1.0
0,1.0,0.1,17,manhattan,brute,40,,-1.0
0,1.0,0.1,17,manhattan,brute,40,1.0,-1.0
0,1.0,0.1,17,manhattan,brute,40,2.0,-1.0
0,1.0,0.1,17,manhattan,brute,50,,-1.0
0,1.0,0.1,17,manhattan,brute,50,1.0,-1.0
0,1.0,0.1,17,manhattan,brute,50,2.0,-1.0
0,1.0,0.1,17,mahalanobis,auto,10,,-1.0
0,1.0,0.1,17,mahalanobis,auto,10,1.0,-1.0
0,1.0,0.1,17,mahalanobis,auto,10,2.0,-1.0
0,1.0,0.1,17,mahalanobis,auto,20,,-1.0
0,1.0,0.1,17,mahalanobis,auto,20,1.0,-1.0
0,1.0,0.1,17,mahalanobis,auto,20,2.0,-1.0
0,1.0,0.1,17,mahalanobis,auto,30,,-1.0
0,1.0,0.1,17,mahalanobis,auto,30,1.0,-1.0
0,1.0,0.1,17,mahalanobis,auto,30,2.0,-1.0
0,1.0,0.1,17,mahalanobis,auto,40,,-1.0
0,1.0,0.1,17,mahalanobis,auto,40,1.0,-1.0
0,1.0,0.1,17,mahalanobis,auto,40,2.0,-1.0
0,1.0,0.1,17,mahalanobis,auto,50,,-1.0
0,1.0,0.1,17,mahalanobis,auto,50,1.0,-1.0
0,1.0,0.1,17,mahalanobis,auto,50,2.0,-1.0
0,1.0,0.1,17,mahalanobis,ball_tree,10,,-1.0
0,1.0,0.1,17,mahalanobis,ball_tree,10,1.0,-1.0
0,1.0,0.1,17,mahalanobis,ball_tree,10,2.0,-1.0
0,1.0,0.1,17,mahalanobis,ball_tree,20,,-1.0
0,1.0,0.1,17,mahalanobis,ball_tree,20,1.0,-1.0
0,1.0,0.1,17,mahalanobis,ball_tree,20,2.0,-1.0
0,1.0,0.1,17,mahalanobis,ball_tree,30,,-1.0
0,1.0,0.1,17,mahalanobis,ball_tree,30,1.0,-1.0
0,1.0,0.1,17,mahalanobis,ball_tree,30,2.0,-1.0
0,1.0,0.1,17,mahalanobis,ball_tree,40,,-1.0
0,1.0,0.1,17,mahalanobis,ball_tree,40,1.0,-1.0
0,1.0,0.1,17,mahalanobis,ball_tree,40,2.0,-1.0
0,1.0,0.1,17,mahalanobis,ball_tree,50,,-1.0
0,1.0,0.1,17,mahalanobis,ball_tree,50,1.0,-1.0
0,1.0,0.1,17,mahalanobis,ball_tree,50,2.0,-1.0
0,1.0,0.1,17,mahalanobis,kd_tree,10,,-1.0
0,1.0,0.1,17,mahalanobis,kd_tree,10,1.0,-1.0
0,1.0,0.1,17,mahalanobis,kd_tree,10,2.0,-1.0
0,1.0,0.1,17,mahalanobis,kd_tree,20,,-1.0
0,1.0,0.1,17,mahalanobis,kd_tree,20,1.0,-1.0
0,1.0,0.1,17,mahalanobis,kd_tree,20,2.0,-1.0
0,1.0,0.1,17,mahalanobis,kd_tree,30,,-1.0
0,1.0,0.1,17,mahalanobis,kd_tree,30,1.0,-1.0
0,1.0,0.1,17,mahalanobis,kd_tree,30,2.0,-1.0
0,1.0,0.1,17,mahalanobis,kd_tree,40,,-1.0
0,1.0,0.1,17,mahalanobis,kd_tree,40,1.0,-1.0
0,1.0,0.1,17,mahalanobis,kd_tree,40,2.0,-1.0
0,1.0,0.1,17,mahalanobis,kd_tree,50,,-1.0
0,1.0,0.1,17,mahalanobis,kd_tree,50,1.0,-1.0
0,1.0,0.1,17,mahalanobis,kd_tree,50,2.0,-1.0
0,1.0,0.1,17,mahalanobis,brute,10,,-1.0
0,1.0,0.1,17,mahalanobis,brute,10,1.0,-1.0
0,1.0,0.1,17,mahalanobis,brute,10,2.0,-1.0
0,1.0,0.1,17,mahalanobis,brute,20,,-1.0
0,1.0,0.1,17,mahalanobis,brute,20,1.0,-1.0
0,1.0,0.1,17,mahalanobis,brute,20,2.0,-1.0
0,1.0,0.1,17,mahalanobis,brute,30,,-1.0
0,1.0,0.1,17,mahalanobis,brute,30,1.0,-1.0
0,1.0,0.1,17,mahalanobis,brute,30,2.0,-1.0
0,1.0,0.1,17,mahalanobis,brute,40,,-1.0
0,1.0,0.1,17,mahalanobis,brute,40,1.0,-1.0
0,1.0,0.1,17,mahalanobis,brute,40,2.0,-1.0
0,1.0,0.1,17,mahalanobis,brute,50,,-1.0
0,1.0,0.1,17,mahalanobis,brute,50,1.0,-1.0
0,1.0,0.1,17,mahalanobis,brute,50,2.0,-1.0
0,1.0,0.1,18,euclidean,auto,10,,-1.0
0,1.0,0.1,18,euclidean,auto,10,1.0,-1.0
0,1.0,0.1,18,euclidean,auto,10,2.0,-1.0
0,1.0,0.1,18,euclidean,auto,20,,-1.0
0,1.0,0.1,18,euclidean,auto,20,1.0,-1.0
0,1.0,0.1,18,euclidean,auto,20,2.0,-1.0
0,1.0,0.1,18,euclidean,auto,30,,-1.0
0,1.0,0.1,18,euclidean,auto,30,1.0,-1.0
0,1.0,0.1,18,euclidean,auto,30,2.0,-1.0
0,1.0,0.1,18,euclidean,auto,40,,-1.0
0,1.0,0.1,18,euclidean,auto,40,1.0,-1.0
0,1.0,0.1,18,euclidean,auto,40,2.0,-1.0
0,1.0,0.1,18,euclidean,auto,50,,-1.0
0,1.0,0.1,18,euclidean,auto,50,1.0,-1.0
0,1.0,0.1,18,euclidean,auto,50,2.0,-1.0
0,1.0,0.1,18,euclidean,ball_tree,10,,-1.0
0,1.0,0.1,18,euclidean,ball_tree,10,1.0,-1.0
0,1.0,0.1,18,euclidean,ball_tree,10,2.0,-1.0
0,1.0,0.1,18,euclidean,ball_tree,20,,-1.0
0,1.0,0.1,18,euclidean,ball_tree,20,1.0,-1.0
0,1.0,0.1,18,euclidean,ball_tree,20,2.0,-1.0
0,1.0,0.1,18,euclidean,ball_tree,30,,-1.0
0,1.0,0.1,18,euclidean,ball_tree,30,1.0,-1.0
0,1.0,0.1,18,euclidean,ball_tree,30,2.0,-1.0
0,1.0,0.1,18,euclidean,ball_tree,40,,-1.0
0,1.0,0.1,18,euclidean,ball_tree,40,1.0,-1.0
0,1.0,0.1,18,euclidean,ball_tree,40,2.0,-1.0
0,1.0,0.1,18,euclidean,ball_tree,50,,-1.0
0,1.0,0.1,18,euclidean,ball_tree,50,1.0,-1.0
0,1.0,0.1,18,euclidean,ball_tree,50,2.0,-1.0
0,1.0,0.1,18,euclidean,kd_tree,10,,-1.0
0,1.0,0.1,18,euclidean,kd_tree,10,1.0,-1.0
0,1.0,0.1,18,euclidean,kd_tree,10,2.0,-1.0
0,1.0,0.1,18,euclidean,kd_tree,20,,-1.0
0,1.0,0.1,18,euclidean,kd_tree,20,1.0,-1.0
0,1.0,0.1,18,euclidean,kd_tree,20,2.0,-1.0
0,1.0,0.1,18,euclidean,kd_tree,30,,-1.0
0,1.0,0.1,18,euclidean,kd_tree,30,1.0,-1.0
0,1.0,0.1,18,euclidean,kd_tree,30,2.0,-1.0
0,1.0,0.1,18,euclidean,kd_tree,40,,-1.0
0,1.0,0.1,18,euclidean,kd_tree,40,1.0,-1.0
0,1.0,0.1,18,euclidean,kd_tree,40,2.0,-1.0
0,1.0,0.1,18,euclidean,kd_tree,50,,-1.0
0,1.0,0.1,18,euclidean,kd_tree,50,1.0,-1.0
0,1.0,0.1,18,euclidean,kd_tree,50,2.0,-1.0
0,1.0,0.1,18,euclidean,brute,10,,-1.0
0,1.0,0.1,18,euclidean,brute,10,1.0,-1.0
0,1.0,0.1,18,euclidean,brute,10,2.0,-1.0
0,1.0,0.1,18,euclidean,brute,20,,-1.0
0,1.0,0.1,18,euclidean,brute,20,1.0,-1.0
0,1.0,0.1,18,euclidean,brute,20,2.0,-1.0
0,1.0,0.1,18,euclidean,brute,30,,-1.0
0,1.0,0.1,18,euclidean,brute,30,1.0,-1.0
0,1.0,0.1,18,euclidean,brute,30,2.0,-1.0
0,1.0,0.1,18,euclidean,brute,40,,-1.0
0,1.0,0.1,18,euclidean,brute,40,1.0,-1.0
0,1.0,0.1,18,euclidean,brute,40,2.0,-1.0
0,1.0,0.1,18,euclidean,brute,50,,-1.0
0,1.0,0.1,18,euclidean,brute,50,1.0,-1.0
0,1.0,0.1,18,euclidean,brute,50,2.0,-1.0
0,1.0,0.1,18,manhattan,auto,10,,-1.0
0,1.0,0.1,18,manhattan,auto,10,1.0,-1.0
0,1.0,0.1,18,manhattan,auto,10,2.0,-1.0
0,1.0,0.1,18,manhattan,auto,20,,-1.0
0,1.0,0.1,18,manhattan,auto,20,1.0,-1.0
0,1.0,0.1,18,manhattan,auto,20,2.0,-1.0
0,1.0,0.1,18,manhattan,auto,30,,-1.0
0,1.0,0.1,18,manhattan,auto,30,1.0,-1.0
0,1.0,0.1,18,manhattan,auto,30,2.0,-1.0
0,1.0,0.1,18,manhattan,auto,40,,-1.0
0,1.0,0.1,18,manhattan,auto,40,1.0,-1.0
0,1.0,0.1,18,manhattan,auto,40,2.0,-1.0
0,1.0,0.1,18,manhattan,auto,50,,-1.0
0,1.0,0.1,18,manhattan,auto,50,1.0,-1.0
0,1.0,0.1,18,manhattan,auto,50,2.0,-1.0
0,1.0,0.1,18,manhattan,ball_tree,10,,-1.0
0,1.0,0.1,18,manhattan,ball_tree,10,1.0,-1.0
0,1.0,0.1,18,manhattan,ball_tree,10,2.0,-1.0
0,1.0,0.1,18,manhattan,ball_tree,20,,-1.0
0,1.0,0.1,18,manhattan,ball_tree,20,1.0,-1.0
0,1.0,0.1,18,manhattan,ball_tree,20,2.0,-1.0
0,1.0,0.1,18,manhattan,ball_tree,30,,-1.0
0,1.0,0.1,18,manhattan,ball_tree,30,1.0,-1.0
0,1.0,0.1,18,manhattan,ball_tree,30,2.0,-1.0
0,1.0,0.1,18,manhattan,ball_tree,40,,-1.0
0,1.0,0.1,18,manhattan,ball_tree,40,1.0,-1.0
0,1.0,0.1,18,manhattan,ball_tree,40,2.0,-1.0
0,1.0,0.1,18,manhattan,ball_tree,50,,-1.0
0,1.0,0.1,18,manhattan,ball_tree,50,1.0,-1.0
0,1.0,0.1,18,manhattan,ball_tree,50,2.0,-1.0
0,1.0,0.1,18,manhattan,kd_tree,10,,-1.0
0,1.0,0.1,18,manhattan,kd_tree,10,1.0,-1.0
0,1.0,0.1,18,manhattan,kd_tree,10,2.0,-1.0
0,1.0,0.1,18,manhattan,kd_tree,20,,-1.0
0,1.0,0.1,18,manhattan,kd_tree,20,1.0,-1.0
0,1.0,0.1,18,manhattan,kd_tree,20,2.0,-1.0
0,1.0,0.1,18,manhattan,kd_tree,30,,-1.0
0,1.0,0.1,18,manhattan,kd_tree,30,1.0,-1.0
0,1.0,0.1,18,manhattan,kd_tree,30,2.0,-1.0
0,1.0,0.1,18,manhattan,kd_tree,40,,-1.0
0,1.0,0.1,18,manhattan,kd_tree,40,1.0,-1.0
0,1.0,0.1,18,manhattan,kd_tree,40,2.0,-1.0
0,1.0,0.1,18,manhattan,kd_tree,50,,-1.0
0,1.0,0.1,18,manhattan,kd_tree,50,1.0,-1.0
0,1.0,0.1,18,manhattan,kd_tree,50,2.0,-1.0
0,1.0,0.1,18,manhattan,brute,10,,-1.0
0,1.0,0.1,18,manhattan,brute,10,1.0,-1.0
0,1.0,0.1,18,manhattan,brute,10,2.0,-1.0
0,1.0,0.1,18,manhattan,brute,20,,-1.0
0,1.0,0.1,18,manhattan,brute,20,1.0,-1.0
0,1.0,0.1,18,manhattan,brute,20,2.0,-1.0
0,1.0,0.1,18,manhattan,brute,30,,-1.0
0,1.0,0.1,18,manhattan,brute,30,1.0,-1.0
0,1.0,0.1,18,manhattan,brute,30,2.0,-1.0
0,1.0,0.1,18,manhattan,brute,40,,-1.0
0,1.0,0.1,18,manhattan,brute,40,1.0,-1.0
0,1.0,0.1,18,manhattan,brute,40,2.0,-1.0
0,1.0,0.1,18,manhattan,brute,50,,-1.0
0,1.0,0.1,18,manhattan,brute,50,1.0,-1.0
0,1.0,0.1,18,manhattan,brute,50,2.0,-1.0
0,1.0,0.1,18,mahalanobis,auto,10,,-1.0
0,1.0,0.1,18,mahalanobis,auto,10,1.0,-1.0
0,1.0,0.1,18,mahalanobis,auto,10,2.0,-1.0
0,1.0,0.1,18,mahalanobis,auto,20,,-1.0
0,1.0,0.1,18,mahalanobis,auto,20,1.0,-1.0
0,1.0,0.1,18,mahalanobis,auto,20,2.0,-1.0
0,1.0,0.1,18,mahalanobis,auto,30,,-1.0
0,1.0,0.1,18,mahalanobis,auto,30,1.0,-1.0
0,1.0,0.1,18,mahalanobis,auto,30,2.0,-1.0
0,1.0,0.1,18,mahalanobis,auto,40,,-1.0
0,1.0,0.1,18,mahalanobis,auto,40,1.0,-1.0
0,1.0,0.1,18,mahalanobis,auto,40,2.0,-1.0
0,1.0,0.1,18,mahalanobis,auto,50,,-1.0
0,1.0,0.1,18,mahalanobis,auto,50,1.0,-1.0
0,1.0,0.1,18,mahalanobis,auto,50,2.0,-1.0
0,1.0,0.1,18,mahalanobis,ball_tree,10,,-1.0
0,1.0,0.1,18,mahalanobis,ball_tree,10,1.0,-1.0
0,1.0,0.1,18,mahalanobis,ball_tree,10,2.0,-1.0
0,1.0,0.1,18,mahalanobis,ball_tree,20,,-1.0
0,1.0,0.1,18,mahalanobis,ball_tree,20,1.0,-1.0
0,1.0,0.1,18,mahalanobis,ball_tree,20,2.0,-1.0
0,1.0,0.1,18,mahalanobis,ball_tree,30,,-1.0
0,1.0,0.1,18,mahalanobis,ball_tree,30,1.0,-1.0
0,1.0,0.1,18,mahalanobis,ball_tree,30,2.0,-1.0
0,1.0,0.1,18,mahalanobis,ball_tree,40,,-1.0
0,1.0,0.1,18,mahalanobis,ball_tree,40,1.0,-1.0
0,1.0,0.1,18,mahalanobis,ball_tree,40,2.0,-1.0
0,1.0,0.1,18,mahalanobis,ball_tree,50,,-1.0
0,1.0,0.1,18,mahalanobis,ball_tree,50,1.0,-1.0
0,1.0,0.1,18,mahalanobis,ball_tree,50,2.0,-1.0
0,1.0,0.1,18,mahalanobis,kd_tree,10,,-1.0
0,1.0,0.1,18,mahalanobis,kd_tree,10,1.0,-1.0
0,1.0,0.1,18,mahalanobis,kd_tree,10,2.0,-1.0
0,1.0,0.1,18,mahalanobis,kd_tree,20,,-1.0
0,1.0,0.1,18,mahalanobis,kd_tree,20,1.0,-1.0
0,1.0,0.1,18,mahalanobis,kd_tree,20,2.0,-1.0
0,1.0,0.1,18,mahalanobis,kd_tree,30,,-1.0
0,1.0,0.1,18,mahalanobis,kd_tree,30,1.0,-1.0
0,1.0,0.1,18,mahalanobis,kd_tree,30,2.0,-1.0
0,1.0,0.1,18,mahalanobis,kd_tree,40,,-1.0
0,1.0,0.1,18,mahalanobis,kd_tree,40,1.0,-1.0
0,1.0,0.1,18,mahalanobis,kd_tree,40,2.0,-1.0
0,1.0,0.1,18,mahalanobis,kd_tree,50,,-1.0
0,1.0,0.1,18,mahalanobis,kd_tree,50,1.0,-1.0
0,1.0,0.1,18,mahalanobis,kd_tree,50,2.0,-1.0
0,1.0,0.1,18,mahalanobis,brute,10,,-1.0
0,1.0,0.1,18,mahalanobis,brute,10,1.0,-1.0
0,1.0,0.1,18,mahalanobis,brute,10,2.0,-1.0
0,1.0,0.1,18,mahalanobis,brute,20,,-1.0
0,1.0,0.1,18,mahalanobis,brute,20,1.0,-1.0
0,1.0,0.1,18,mahalanobis,brute,20,2.0,-1.0
0,1.0,0.1,18,mahalanobis,brute,30,,-1.0
0,1.0,0.1,18,mahalanobis,brute,30,1.0,-1.0
0,1.0,0.1,18,mahalanobis,brute,30,2.0,-1.0
0,1.0,0.1,18,mahalanobis,brute,40,,-1.0
0,1.0,0.1,18,mahalanobis,brute,40,1.0,-1.0
0,1.0,0.1,18,mahalanobis,brute,40,2.0,-1.0
0,1.0,0.1,18,mahalanobis,brute,50,,-1.0
0,1.0,0.1,18,mahalanobis,brute,50,1.0,-1.0
0,1.0,0.1,18,mahalanobis,brute,50,2.0,-1.0
0,1.0,0.1,19,euclidean,auto,10,,-1.0
0,1.0,0.1,19,euclidean,auto,10,1.0,-1.0
0,1.0,0.1,19,euclidean,auto,10,2.0,-1.0
0,1.0,0.1,19,euclidean,auto,20,,-1.0
0,1.0,0.1,19,euclidean,auto,20,1.0,-1.0
0,1.0,0.1,19,euclidean,auto,20,2.0,-1.0
0,1.0,0.1,19,euclidean,auto,30,,-1.0
0,1.0,0.1,19,euclidean,auto,30,1.0,-1.0
0,1.0,0.1,19,euclidean,auto,30,2.0,-1.0
0,1.0,0.1,19,euclidean,auto,40,,-1.0
0,1.0,0.1,19,euclidean,auto,40,1.0,-1.0
0,1.0,0.1,19,euclidean,auto,40,2.0,-1.0
0,1.0,0.1,19,euclidean,auto,50,,-1.0
0,1.0,0.1,19,euclidean,auto,50,1.0,-1.0
0,1.0,0.1,19,euclidean,auto,50,2.0,-1.0
0,1.0,0.1,19,euclidean,ball_tree,10,,-1.0
0,1.0,0.1,19,euclidean,ball_tree,10,1.0,-1.0
0,1.0,0.1,19,euclidean,ball_tree,10,2.0,-1.0
0,1.0,0.1,19,euclidean,ball_tree,20,,-1.0
0,1.0,0.1,19,euclidean,ball_tree,20,1.0,-1.0
0,1.0,0.1,19,euclidean,ball_tree,20,2.0,-1.0
0,1.0,0.1,19,euclidean,ball_tree,30,,-1.0
0,1.0,0.1,19,euclidean,ball_tree,30,1.0,-1.0
0,1.0,0.1,19,euclidean,ball_tree,30,2.0,-1.0
0,1.0,0.1,19,euclidean,ball_tree,40,,-1.0
0,1.0,0.1,19,euclidean,ball_tree,40,1.0,-1.0
0,1.0,0.1,19,euclidean,ball_tree,40,2.0,-1.0
0,1.0,0.1,19,euclidean,ball_tree,50,,-1.0
0,1.0,0.1,19,euclidean,ball_tree,50,1.0,-1.0
0,1.0,0.1,19,euclidean,ball_tree,50,2.0,-1.0
0,1.0,0.1,19,euclidean,kd_tree,10,,-1.0
0,1.0,0.1,19,euclidean,kd_tree,10,1.0,-1.0
0,1.0,0.1,19,euclidean,kd_tree,10,2.0,-1.0
0,1.0,0.1,19,euclidean,kd_tree,20,,-1.0
0,1.0,0.1,19,euclidean,kd_tree,20,1.0,-1.0
0,1.0,0.1,19,euclidean,kd_tree,20,2.0,-1.0
0,1.0,0.1,19,euclidean,kd_tree,30,,-1.0
0,1.0,0.1,19,euclidean,kd_tree,30,1.0,-1.0
0,1.0,0.1,19,euclidean,kd_tree,30,2.0,-1.0
0,1.0,0.1,19,euclidean,kd_tree,40,,-1.0
0,1.0,0.1,19,euclidean,kd_tree,40,1.0,-1.0
0,1.0,0.1,19,euclidean,kd_tree,40,2.0,-1.0
0,1.0,0.1,19,euclidean,kd_tree,50,,-1.0
0,1.0,0.1,19,euclidean,kd_tree,50,1.0,-1.0
0,1.0,0.1,19,euclidean,kd_tree,50,2.0,-1.0
0,1.0,0.1,19,euclidean,brute,10,,-1.0
0,1.0,0.1,19,euclidean,brute,10,1.0,-1.0
0,1.0,0.1,19,euclidean,brute,10,2.0,-1.0
0,1.0,0.1,19,euclidean,brute,20,,-1.0
0,1.0,0.1,19,euclidean,brute,20,1.0,-1.0
0,1.0,0.1,19,euclidean,brute,20,2.0,-1.0
0,1.0,0.1,19,euclidean,brute,30,,-1.0
0,1.0,0.1,19,euclidean,brute,30,1.0,-1.0
0,1.0,0.1,19,euclidean,brute,30,2.0,-1.0
0,1.0,0.1,19,euclidean,brute,40,,-1.0
0,1.0,0.1,19,euclidean,brute,40,1.0,-1.0
0,1.0,0.1,19,euclidean,brute,40,2.0,-1.0
0,1.0,0.1,19,euclidean,brute,50,,-1.0
0,1.0,0.1,19,euclidean,brute,50,1.0,-1.0
0,1.0,0.1,19,euclidean,brute,50,2.0,-1.0
0,1.0,0.1,19,manhattan,auto,10,,-1.0
0,1.0,0.1,19,manhattan,auto,10,1.0,-1.0
0,1.0,0.1,19,manhattan,auto,10,2.0,-1.0
0,1.0,0.1,19,manhattan,auto,20,,-1.0
0,1.0,0.1,19,manhattan,auto,20,1.0,-1.0
0,1.0,0.1,19,manhattan,auto,20,2.0,-1.0
0,1.0,0.1,19,manhattan,auto,30,,-1.0
0,1.0,0.1,19,manhattan,auto,30,1.0,-1.0
0,1.0,0.1,19,manhattan,auto,30,2.0,-1.0
0,1.0,0.1,19,manhattan,auto,40,,-1.0
0,1.0,0.1,19,manhattan,auto,40,1.0,-1.0
0,1.0,0.1,19,manhattan,auto,40,2.0,-1.0
0,1.0,0.1,19,manhattan,auto,50,,-1.0
0,1.0,0.1,19,manhattan,auto,50,1.0,-1.0
0,1.0,0.1,19,manhattan,auto,50,2.0,-1.0
0,1.0,0.1,19,manhattan,ball_tree,10,,-1.0
0,1.0,0.1,19,manhattan,ball_tree,10,1.0,-1.0
0,1.0,0.1,19,manhattan,ball_tree,10,2.0,-1.0
0,1.0,0.1,19,manhattan,ball_tree,20,,-1.0
0,1.0,0.1,19,manhattan,ball_tree,20,1.0,-1.0
0,1.0,0.1,19,manhattan,ball_tree,20,2.0,-1.0
0,1.0,0.1,19,manhattan,ball_tree,30,,-1.0
0,1.0,0.1,19,manhattan,ball_tree,30,1.0,-1.0
0,1.0,0.1,19,manhattan,ball_tree,30,2.0,-1.0
0,1.0,0.1,19,manhattan,ball_tree,40,,-1.0
0,1.0,0.1,19,manhattan,ball_tree,40,1.0,-1.0
0,1.0,0.1,19,manhattan,ball_tree,40,2.0,-1.0
0,1.0,0.1,19,manhattan,ball_tree,50,,-1.0
0,1.0,0.1,19,manhattan,ball_tree,50,1.0,-1.0
0,1.0,0.1,19,manhattan,ball_tree,50,2.0,-1.0
0,1.0,0.1,19,manhattan,kd_tree,10,,-1.0
0,1.0,0.1,19,manhattan,kd_tree,10,1.0,-1.0
0,1.0,0.1,19,manhattan,kd_tree,10,2.0,-1.0
0,1.0,0.1,19,manhattan,kd_tree,20,,-1.0
0,1.0,0.1,19,manhattan,kd_tree,20,1.0,-1.0
0,1.0,0.1,19,manhattan,kd_tree,20,2.0,-1.0
0,1.0,0.1,19,manhattan,kd_tree,30,,-1.0
0,1.0,0.1,19,manhattan,kd_tree,30,1.0,-1.0
0,1.0,0.1,19,manhattan,kd_tree,30,2.0,-1.0
0,1.0,0.1,19,manhattan,kd_tree,40,,-1.0
0,1.0,0.1,19,manhattan,kd_tree,40,1.0,-1.0
0,1.0,0.1,19,manhattan,kd_tree,40,2.0,-1.0
0,1.0,0.1,19,manhattan,kd_tree,50,,-1.0
0,1.0,0.1,19,manhattan,kd_tree,50,1.0,-1.0
0,1.0,0.1,19,manhattan,kd_tree,50,2.0,-1.0
0,1.0,0.1,19,manhattan,brute,10,,-1.0
0,1.0,0.1,19,manhattan,brute,10,1.0,-1.0
0,1.0,0.1,19,manhattan,brute,10,2.0,-1.0
0,1.0,0.1,19,manhattan,brute,20,,-1.0
0,1.0,0.1,19,manhattan,brute,20,1.0,-1.0
0,1.0,0.1,19,manhattan,brute,20,2.0,-1.0
0,1.0,0.1,19,manhattan,brute,30,,-1.0
0,1.0,0.1,19,manhattan,brute,30,1.0,-1.0
0,1.0,0.1,19,manhattan,brute,30,2.0,-1.0
0,1.0,0.1,19,manhattan,brute,40,,-1.0
0,1.0,0.1,19,manhattan,brute,40,1.0,-1.0
0,1.0,0.1,19,manhattan,brute,40,2.0,-1.0
0,1.0,0.1,19,manhattan,brute,50,,-1.0
0,1.0,0.1,19,manhattan,brute,50,1.0,-1.0
0,1.0,0.1,19,manhattan,brute,50,2.0,-1.0
0,1.0,0.1,19,mahalanobis,auto,10,,-1.0
0,1.0,0.1,19,mahalanobis,auto,10,1.0,-1.0
0,1.0,0.1,19,mahalanobis,auto,10,2.0,-1.0
0,1.0,0.1,19,mahalanobis,auto,20,,-1.0
0,1.0,0.1,19,mahalanobis,auto,20,1.0,-1.0
0,1.0,0.1,19,mahalanobis,auto,20,2.0,-1.0
0,1.0,0.1,19,mahalanobis,auto,30,,-1.0
0,1.0,0.1,19,mahalanobis,auto,30,1.0,-1.0
0,1.0,0.1,19,mahalanobis,auto,30,2.0,-1.0
0,1.0,0.1,19,mahalanobis,auto,40,,-1.0
0,1.0,0.1,19,mahalanobis,auto,40,1.0,-1.0
0,1.0,0.1,19,mahalanobis,auto,40,2.0,-1.0
0,1.0,0.1,19,mahalanobis,auto,50,,-1.0
0,1.0,0.1,19,mahalanobis,auto,50,1.0,-1.0
0,1.0,0.1,19,mahalanobis,auto,50,2.0,-1.0
0,1.0,0.1,19,mahalanobis,ball_tree,10,,-1.0
0,1.0,0.1,19,mahalanobis,ball_tree,10,1.0,-1.0
0,1.0,0.1,19,mahalanobis,ball_tree,10,2.0,-1.0
0,1.0,0.1,19,mahalanobis,ball_tree,20,,-1.0
0,1.0,0.1,19,mahalanobis,ball_tree,20,1.0,-1.0
0,1.0,0.1,19,mahalanobis,ball_tree,20,2.0,-1.0
0,1.0,0.1,19,mahalanobis,ball_tree,30,,-1.0
0,1.0,0.1,19,mahalanobis,ball_tree,30,1.0,-1.0
0,1.0,0.1,19,mahalanobis,ball_tree,30,2.0,-1.0
0,1.0,0.1,19,mahalanobis,ball_tree,40,,-1.0
0,1.0,0.1,19,mahalanobis,ball_tree,40,1.0,-1.0
0,1.0,0.1,19,mahalanobis,ball_tree,40,2.0,-1.0
0,1.0,0.1,19,mahalanobis,ball_tree,50,,-1.0
0,1.0,0.1,19,mahalanobis,ball_tree,50,1.0,-1.0
0,1.0,0.1,19,mahalanobis,ball_tree,50,2.0,-1.0
0,1.0,0.1,19,mahalanobis,kd_tree,10,,-1.0
0,1.0,0.1,19,mahalanobis,kd_tree,10,1.0,-1.0
0,1.0,0.1,19,mahalanobis,kd_tree,10,2.0,-1.0
0,1.0,0.1,19,mahalanobis,kd_tree,20,,-1.0
0,1.0,0.1,19,mahalanobis,kd_tree,20,1.0,-1.0
0,1.0,0.1,19,mahalanobis,kd_tree,20,2.0,-1.0
0,1.0,0.1,19,mahalanobis,kd_tree,30,,-1.0
0,1.0,0.1,19,mahalanobis,kd_tree,30,1.0,-1.0
0,1.0,0.1,19,mahalanobis,kd_tree,30,2.0,-1.0
0,1.0,0.1,19,mahalanobis,kd_tree,40,,-1.0
0,1.0,0.1,19,mahalanobis,kd_tree,40,1.0,-1.0
0,1.0,0.1,19,mahalanobis,kd_tree,40,2.0,-1.0
0,1.0,0.1,19,mahalanobis,kd_tree,50,,-1.0
0,1.0,0.1,19,mahalanobis,kd_tree,50,1.0,-1.0
0,1.0,0.1,19,mahalanobis,kd_tree,50,2.0,-1.0
0,1.0,0.1,19,mahalanobis,brute,10,,-1.0
0,1.0,0.1,19,mahalanobis,brute,10,1.0,-1.0
0,1.0,0.1,19,mahalanobis,brute,10,2.0,-1.0
0,1.0,0.1,19,mahalanobis,brute,20,,-1.0
0,1.0,0.1,19,mahalanobis,brute,20,1.0,-1.0
0,1.0,0.1,19,mahalanobis,brute,20,2.0,-1.0
0,1.0,0.1,19,mahalanobis,brute,30,,-1.0
0,1.0,0.1,19,mahalanobis,brute,30,1.0,-1.0
0,1.0,0.1,19,mahalanobis,brute,30,2.0,-1.0
0,1.0,0.1,19,mahalanobis,brute,40,,-1.0
0,1.0,0.1,19,mahalanobis,brute,40,1.0,-1.0
0,1.0,0.1,19,mahalanobis,brute,40,2.0,-1.0
0,1.0,0.1,19,mahalanobis,brute,50,,-1.0
0,1.0,0.1,19,mahalanobis,brute,50,1.0,-1.0
0,1.0,0.1,19,mahalanobis,brute,50,2.0,-1.0
84,0.0,0.3,1,euclidean,auto,10,,0.13667728814885927
84,0.0,0.3,1,euclidean,auto,10,1.0,0.13667728814885927
84,0.0,0.3,1,euclidean,auto,10,2.0,0.13667728814885927
84,0.0,0.3,1,euclidean,auto,20,,0.13667728814885927
84,0.0,0.3,1,euclidean,auto,20,1.0,0.13667728814885927
84,0.0,0.3,1,euclidean,auto,20,2.0,0.13667728814885927
84,0.0,0.3,1,euclidean,auto,30,,0.13667728814885927
84,0.0,0.3,1,euclidean,auto,30,1.0,0.13667728814885927
84,0.0,0.3,1,euclidean,auto,30,2.0,0.13667728814885927
84,0.0,0.3,1,euclidean,auto,40,,0.13667728814885927
84,0.0,0.3,1,euclidean,auto,40,1.0,0.13667728814885927
84,0.0,0.3,1,euclidean,auto,40,2.0,0.13667728814885927
84,0.0,0.3,1,euclidean,auto,50,,0.13667728814885927
84,0.0,0.3,1,euclidean,auto,50,1.0,0.13667728814885927
84,0.0,0.3,1,euclidean,auto,50,2.0,0.13667728814885927
84,0.0,0.3,1,euclidean,ball_tree,10,,0.13667728814885927
84,0.0,0.3,1,euclidean,ball_tree,10,1.0,0.13667728814885927
84,0.0,0.3,1,euclidean,ball_tree,10,2.0,0.13667728814885927
84,0.0,0.3,1,euclidean,ball_tree,20,,0.13667728814885927
84,0.0,0.3,1,euclidean,ball_tree,20,1.0,0.13667728814885927
84,0.0,0.3,1,euclidean,ball_tree,20,2.0,0.13667728814885927
84,0.0,0.3,1,euclidean,ball_tree,30,,0.13667728814885927
84,0.0,0.3,1,euclidean,ball_tree,30,1.0,0.13667728814885927
84,0.0,0.3,1,euclidean,ball_tree,30,2.0,0.13667728814885927
84,0.0,0.3,1,euclidean,ball_tree,40,,0.13667728814885927
84,0.0,0.3,1,euclidean,ball_tree,40,1.0,0.13667728814885927
84,0.0,0.3,1,euclidean,ball_tree,40,2.0,0.13667728814885927
84,0.0,0.3,1,euclidean,ball_tree,50,,0.13667728814885927
84,0.0,0.3,1,euclidean,ball_tree,50,1.0,0.13667728814885927
84,0.0,0.3,1,euclidean,ball_tree,50,2.0,0.13667728814885927
84,0.0,0.3,1,euclidean,kd_tree,10,,0.13667728814885927
84,0.0,0.3,1,euclidean,kd_tree,10,1.0,0.13667728814885927
84,0.0,0.3,1,euclidean,kd_tree,10,2.0,0.13667728814885927
84,0.0,0.3,1,euclidean,kd_tree,20,,0.13667728814885927
84,0.0,0.3,1,euclidean,kd_tree,20,1.0,0.13667728814885927
84,0.0,0.3,1,euclidean,kd_tree,20,2.0,0.13667728814885927
84,0.0,0.3,1,euclidean,kd_tree,30,,0.13667728814885927
84,0.0,0.3,1,euclidean,kd_tree,30,1.0,0.13667728814885927
84,0.0,0.3,1,euclidean,kd_tree,30,2.0,0.13667728814885927
84,0.0,0.3,1,euclidean,kd_tree,40,,0.13667728814885927
84,0.0,0.3,1,euclidean,kd_tree,40,1.0,0.13667728814885927
84,0.0,0.3,1,euclidean,kd_tree,40,2.0,0.13667728814885927
84,0.0,0.3,1,euclidean,kd_tree,50,,0.13667728814885927
84,0.0,0.3,1,euclidean,kd_tree,50,1.0,0.13667728814885927
84,0.0,0.3,1,euclidean,kd_tree,50,2.0,0.13667728814885927
84,0.0,0.3,1,euclidean,brute,10,,0.13667728814885927
84,0.0,0.3,1,euclidean,brute,10,1.0,0.13667728814885927
84,0.0,0.3,1,euclidean,brute,10,2.0,0.13667728814885927
84,0.0,0.3,1,euclidean,brute,20,,0.13667728814885927
84,0.0,0.3,1,euclidean,brute,20,1.0,0.13667728814885927
84,0.0,0.3,1,euclidean,brute,20,2.0,0.13667728814885927
84,0.0,0.3,1,euclidean,brute,30,,0.13667728814885927
84,0.0,0.3,1,euclidean,brute,30,1.0,0.13667728814885927
84,0.0,0.3,1,euclidean,brute,30,2.0,0.13667728814885927
84,0.0,0.3,1,euclidean,brute,40,,0.13667728814885927
84,0.0,0.3,1,euclidean,brute,40,1.0,0.13667728814885927
84,0.0,0.3,1,euclidean,brute,40,2.0,0.13667728814885927
84,0.0,0.3,1,euclidean,brute,50,,0.13667728814885927
84,0.0,0.3,1,euclidean,brute,50,1.0,0.13667728814885927
84,0.0,0.3,1,euclidean,brute,50,2.0,0.13667728814885927
115,0.0,0.3,1,manhattan,auto,10,,0.11328051903015103
115,0.0,0.3,1,manhattan,auto,10,1.0,0.11328051903015103
115,0.0,0.3,1,manhattan,auto,10,2.0,0.11328051903015103
115,0.0,0.3,1,manhattan,auto,20,,0.11328051903015103
115,0.0,0.3,1,manhattan,auto,20,1.0,0.11328051903015103
115,0.0,0.3,1,manhattan,auto,20,2.0,0.11328051903015103
115,0.0,0.3,1,manhattan,auto,30,,0.11328051903015103
115,0.0,0.3,1,manhattan,auto,30,1.0,0.11328051903015103
115,0.0,0.3,1,manhattan,auto,30,2.0,0.11328051903015103
115,0.0,0.3,1,manhattan,auto,40,,0.11328051903015103
115,0.0,0.3,1,manhattan,auto,40,1.0,0.11328051903015103
115,0.0,0.3,1,manhattan,auto,40,2.0,0.11328051903015103
115,0.0,0.3,1,manhattan,auto,50,,0.11328051903015103
115,0.0,0.3,1,manhattan,auto,50,1.0,0.11328051903015103
115,0.0,0.3,1,manhattan,auto,50,2.0,0.11328051903015103
115,0.0,0.3,1,manhattan,ball_tree,10,,0.11328051903015103
115,0.0,0.3,1,manhattan,ball_tree,10,1.0,0.11328051903015103
115,0.0,0.3,1,manhattan,ball_tree,10,2.0,0.11328051903015103
115,0.0,0.3,1,manhattan,ball_tree,20,,0.11328051903015103
115,0.0,0.3,1,manhattan,ball_tree,20,1.0,0.11328051903015103
115,0.0,0.3,1,manhattan,ball_tree,20,2.0,0.11328051903015103
115,0.0,0.3,1,manhattan,ball_tree,30,,0.11328051903015103
115,0.0,0.3,1,manhattan,ball_tree,30,1.0,0.11328051903015103
115,0.0,0.3,1,manhattan,ball_tree,30,2.0,0.11328051903015103
115,0.0,0.3,1,manhattan,ball_tree,40,,0.11328051903015103
115,0.0,0.3,1,manhattan,ball_tree,40,1.0,0.11328051903015103
115,0.0,0.3,1,manhattan,ball_tree,40,2.0,0.11328051903015103
115,0.0,0.3,1,manhattan,ball_tree,50,,0.11328051903015103
115,0.0,0.3,1,manhattan,ball_tree,50,1.0,0.11328051903015103
115,0.0,0.3,1,manhattan,ball_tree,50,2.0,0.11328051903015103
115,0.0,0.3,1,manhattan,kd_tree,10,,0.11328051903015103
115,0.0,0.3,1,manhattan,kd_tree,10,1.0,0.11328051903015103
115,0.0,0.3,1,manhattan,kd_tree,10,2.0,0.11328051903015103
115,0.0,0.3,1,manhattan,kd_tree,20,,0.11328051903015103
115,0.0,0.3,1,manhattan,kd_tree,20,1.0,0.11328051903015103
115,0.0,0.3,1,manhattan,kd_tree,20,2.0,0.11328051903015103
115,0.0,0.3,1,manhattan,kd_tree,30,,0.11328051903015103
115,0.0,0.3,1,manhattan,kd_tree,30,1.0,0.11328051903015103
115,0.0,0.3,1,manhattan,kd_tree,30,2.0,0.11328051903015103
115,0.0,0.3,1,manhattan,kd_tree,40,,0.11328051903015103
115,0.0,0.3,1,manhattan,kd_tree,40,1.0,0.11328051903015103
115,0.0,0.3,1,manhattan,kd_tree,40,2.0,0.11328051903015103
115,0.0,0.3,1,manhattan,kd_tree,50,,0.11328051903015103
115,0.0,0.3,1,manhattan,kd_tree,50,1.0,0.11328051903015103
115,0.0,0.3,1,manhattan,kd_tree,50,2.0,0.11328051903015103
115,0.0,0.3,1,manhattan,brute,10,,0.11328051903015103
115,0.0,0.3,1,manhattan,brute,10,1.0,0.11328051903015103
115,0.0,0.3,1,manhattan,brute,10,2.0,0.11328051903015103
115,0.0,0.3,1,manhattan,brute,20,,0.11328051903015103
115,0.0,0.3,1,manhattan,brute,20,1.0,0.11328051903015103
115,0.0,0.3,1,manhattan,brute,20,2.0,0.11328051903015103
115,0.0,0.3,1,manhattan,brute,30,,0.11328051903015103
115,0.0,0.3,1,manhattan,brute,30,1.0,0.11328051903015103
115,0.0,0.3,1,manhattan,brute,30,2.0,0.11328051903015103
115,0.0,0.3,1,manhattan,brute,40,,0.11328051903015103
115,0.0,0.3,1,manhattan,brute,40,1.0,0.11328051903015103
115,0.0,0.3,1,manhattan,brute,40,2.0,0.11328051903015103
115,0.0,0.3,1,manhattan,brute,50,,0.11328051903015103
115,0.0,0.3,1,manhattan,brute,50,1.0,0.11328051903015103
115,0.0,0.3,1,manhattan,brute,50,2.0,0.11328051903015103
142,0.0,0.3,1,mahalanobis,auto,10,,0.04076498607333247
142,0.0,0.3,1,mahalanobis,auto,10,1.0,0.04076498607333247
142,0.0,0.3,1,mahalanobis,auto,10,2.0,0.04076498607333247
142,0.0,0.3,1,mahalanobis,auto,20,,0.04076498607333247
142,0.0,0.3,1,mahalanobis,auto,20,1.0,0.04076498607333247
142,0.0,0.3,1,mahalanobis,auto,20,2.0,0.04076498607333247
142,0.0,0.3,1,mahalanobis,auto,30,,0.04076498607333247
142,0.0,0.3,1,mahalanobis,auto,30,1.0,0.04076498607333247
142,0.0,0.3,1,mahalanobis,auto,30,2.0,0.04076498607333247
142,0.0,0.3,1,mahalanobis,auto,40,,0.04076498607333247
142,0.0,0.3,1,mahalanobis,auto,40,1.0,0.04076498607333247
142,0.0,0.3,1,mahalanobis,auto,40,2.0,0.04076498607333247
142,0.0,0.3,1,mahalanobis,auto,50,,0.04076498607333247
142,0.0,0.3,1,mahalanobis,auto,50,1.0,0.04076498607333247
142,0.0,0.3,1,mahalanobis,auto,50,2.0,0.04076498607333247
142,0.0,0.3,1,mahalanobis,ball_tree,10,,0.04076498607333247
142,0.0,0.3,1,mahalanobis,ball_tree,10,1.0,0.04076498607333247
142,0.0,0.3,1,mahalanobis,ball_tree,10,2.0,0.04076498607333247
142,0.0,0.3,1,mahalanobis,ball_tree,20,,0.04076498607333247
142,0.0,0.3,1,mahalanobis,ball_tree,20,1.0,0.04076498607333247
142,0.0,0.3,1,mahalanobis,ball_tree,20,2.0,0.04076498607333247
142,0.0,0.3,1,mahalanobis,ball_tree,30,,0.04076498607333247
142,0.0,0.3,1,mahalanobis,ball_tree,30,1.0,0.04076498607333247
142,0.0,0.3,1,mahalanobis,ball_tree,30,2.0,0.04076498607333247
142,0.0,0.3,1,mahalanobis,ball_tree,40,,0.04076498607333247
142,0.0,0.3,1,mahalanobis,ball_tree,40,1.0,0.04076498607333247
142,0.0,0.3,1,mahalanobis,ball_tree,40,2.0,0.04076498607333247
142,0.0,0.3,1,mahalanobis,ball_tree,50,,0.04076498607333247
142,0.0,0.3,1,mahalanobis,ball_tree,50,1.0,0.04076498607333247
142,0.0,0.3,1,mahalanobis,ball_tree,50,2.0,0.04076498607333247
142,0.0,0.3,1,mahalanobis,kd_tree,10,,0.04076498607333247
142,0.0,0.3,1,mahalanobis,kd_tree,10,1.0,0.04076498607333247
142,0.0,0.3,1,mahalanobis,kd_tree,10,2.0,0.04076498607333247
142,0.0,0.3,1,mahalanobis,kd_tree,20,,0.04076498607333247
142,0.0,0.3,1,mahalanobis,kd_tree,20,1.0,0.04076498607333247
142,0.0,0.3,1,mahalanobis,kd_tree,20,2.0,0.04076498607333247
142,0.0,0.3,1,mahalanobis,kd_tree,30,,0.04076498607333247
142,0.0,0.3,1,mahalanobis,kd_tree,30,1.0,0.04076498607333247
142,0.0,0.3,1,mahalanobis,kd_tree,30,2.0,0.04076498607333247
142,0.0,0.3,1,mahalanobis,kd_tree,40,,0.04076498607333247
142,0.0,0.3,1,mahalanobis,kd_tree,40,1.0,0.04076498607333247
142,0.0,0.3,1,mahalanobis,kd_tree,40,2.0,0.04076498607333247
142,0.0,0.3,1,mahalanobis,kd_tree,50,,0.04076498607333247
142,0.0,0.3,1,mahalanobis,kd_tree,50,1.0,0.04076498607333247
142,0.0,0.3,1,mahalanobis,kd_tree,50,2.0,0.04076498607333247
142,0.0,0.3,1,mahalanobis,brute,10,,0.04076498607333247
142,0.0,0.3,1,mahalanobis,brute,10,1.0,0.04076498607333247
142,0.0,0.3,1,mahalanobis,brute,10,2.0,0.04076498607333247
142,0.0,0.3,1,mahalanobis,brute,20,,0.04076498607333247
142,0.0,0.3,1,mahalanobis,brute,20,1.0,0.04076498607333247
142,0.0,0.3,1,mahalanobis,brute,20,2.0,0.04076498607333247
142,0.0,0.3,1,mahalanobis,brute,30,,0.04076498607333247
142,0.0,0.3,1,mahalanobis,brute,30,1.0,0.04076498607333247
142,0.0,0.3,1,mahalanobis,brute,30,2.0,0.04076498607333247
142,0.0,0.3,1,mahalanobis,brute,40,,0.04076498607333247
142,0.0,0.3,1,mahalanobis,brute,40,1.0,0.04076498607333247
142,0.0,0.3,1,mahalanobis,brute,40,2.0,0.04076498607333247
142,0.0,0.3,1,mahalanobis,brute,50,,0.04076498607333247
142,0.0,0.3,1,mahalanobis,brute,50,1.0,0.04076498607333247
142,0.0,0.3,1,mahalanobis,brute,50,2.0,0.04076498607333247
20,0.4266666666666667,0.3,2,euclidean,auto,10,,-0.05137098194397766
20,0.4266666666666667,0.3,2,euclidean,auto,10,1.0,-0.05137098194397766
20,0.4266666666666667,0.3,2,euclidean,auto,10,2.0,-0.05137098194397766
20,0.4266666666666667,0.3,2,euclidean,auto,20,,-0.05137098194397766
20,0.4266666666666667,0.3,2,euclidean,auto,20,1.0,-0.05137098194397766
20,0.4266666666666667,0.3,2,euclidean,auto,20,2.0,-0.05137098194397766
20,0.4266666666666667,0.3,2,euclidean,auto,30,,-0.05137098194397766
20,0.4266666666666667,0.3,2,euclidean,auto,30,1.0,-0.05137098194397766
20,0.4266666666666667,0.3,2,euclidean,auto,30,2.0,-0.05137098194397766
20,0.4266666666666667,0.3,2,euclidean,auto,40,,-0.05137098194397766
20,0.4266666666666667,0.3,2,euclidean,auto,40,1.0,-0.05137098194397766
20,0.4266666666666667,0.3,2,euclidean,auto,40,2.0,-0.05137098194397766
20,0.4266666666666667,0.3,2,euclidean,auto,50,,-0.05137098194397766
20,0.4266666666666667,0.3,2,euclidean,auto,50,1.0,-0.05137098194397766
20,0.4266666666666667,0.3,2,euclidean,auto,50,2.0,-0.05137098194397766
20,0.4266666666666667,0.3,2,euclidean,ball_tree,10,,-0.05137098194397766
20,0.4266666666666667,0.3,2,euclidean,ball_tree,10,1.0,-0.05137098194397766
20,0.4266666666666667,0.3,2,euclidean,ball_tree,10,2.0,-0.05137098194397766
20,0.4266666666666667,0.3,2,euclidean,ball_tree,20,,-0.05137098194397766
20,0.4266666666666667,0.3,2,euclidean,ball_tree,20,1.0,-0.05137098194397766
20,0.4266666666666667,0.3,2,euclidean,ball_tree,20,2.0,-0.05137098194397766
20,0.4266666666666667,0.3,2,euclidean,ball_tree,30,,-0.05137098194397766
20,0.4266666666666667,0.3,2,euclidean,ball_tree,30,1.0,-0.05137098194397766
20,0.4266666666666667,0.3,2,euclidean,ball_tree,30,2.0,-0.05137098194397766
20,0.4266666666666667,0.3,2,euclidean,ball_tree,40,,-0.05137098194397766
20,0.4266666666666667,0.3,2,euclidean,ball_tree,40,1.0,-0.05137098194397766
20,0.4266666666666667,0.3,2,euclidean,ball_tree,40,2.0,-0.05137098194397766
20,0.4266666666666667,0.3,2,euclidean,ball_tree,50,,-0.05137098194397766
20,0.4266666666666667,0.3,2,euclidean,ball_tree,50,1.0,-0.05137098194397766
20,0.4266666666666667,0.3,2,euclidean,ball_tree,50,2.0,-0.05137098194397766
20,0.4266666666666667,0.3,2,euclidean,kd_tree,10,,-0.05137098194397766
20,0.4266666666666667,0.3,2,euclidean,kd_tree,10,1.0,-0.05137098194397766
20,0.4266666666666667,0.3,2,euclidean,kd_tree,10,2.0,-0.05137098194397766
20,0.4266666666666667,0.3,2,euclidean,kd_tree,20,,-0.05137098194397766
20,0.4266666666666667,0.3,2,euclidean,kd_tree,20,1.0,-0.05137098194397766
20,0.4266666666666667,0.3,2,euclidean,kd_tree,20,2.0,-0.05137098194397766
20,0.4266666666666667,0.3,2,euclidean,kd_tree,30,,-0.05137098194397766
20,0.4266666666666667,0.3,2,euclidean,kd_tree,30,1.0,-0.05137098194397766
20,0.4266666666666667,0.3,2,euclidean,kd_tree,30,2.0,-0.05137098194397766
20,0.4266666666666667,0.3,2,euclidean,kd_tree,40,,-0.05137098194397766
20,0.4266666666666667,0.3,2,euclidean,kd_tree,40,1.0,-0.05137098194397766
20,0.4266666666666667,0.3,2,euclidean,kd_tree,40,2.0,-0.05137098194397766
20,0.4266666666666667,0.3,2,euclidean,kd_tree,50,,-0.05137098194397766
20,0.4266666666666667,0.3,2,euclidean,kd_tree,50,1.0,-0.05137098194397766
20,0.4266666666666667,0.3,2,euclidean,kd_tree,50,2.0,-0.05137098194397766
20,0.4266666666666667,0.3,2,euclidean,brute,10,,-0.05137098194397766
20,0.4266666666666667,0.3,2,euclidean,brute,10,1.0,-0.05137098194397766
20,0.4266666666666667,0.3,2,euclidean,brute,10,2.0,-0.05137098194397766
20,0.4266666666666667,0.3,2,euclidean,brute,20,,-0.05137098194397766
20,0.4266666666666667,0.3,2,euclidean,brute,20,1.0,-0.05137098194397766
20,0.4266666666666667,0.3,2,euclidean,brute,20,2.0,-0.05137098194397766
20,0.4266666666666667,0.3,2,euclidean,brute,30,,-0.05137098194397766
20,0.4266666666666667,0.3,2,euclidean,brute,30,1.0,-0.05137098194397766
20,0.4266666666666667,0.3,2,euclidean,brute,30,2.0,-0.05137098194397766
20,0.4266666666666667,0.3,2,euclidean,brute,40,,-0.05137098194397766
20,0.4266666666666667,0.3,2,euclidean,brute,40,1.0,-0.05137098194397766
20,0.4266666666666667,0.3,2,euclidean,brute,40,2.0,-0.05137098194397766
20,0.4266666666666667,0.3,2,euclidean,brute,50,,-0.05137098194397766
20,0.4266666666666667,0.3,2,euclidean,brute,50,1.0,-0.05137098194397766
20,0.4266666666666667,0.3,2,euclidean,brute,50,2.0,-0.05137098194397766
18,0.6466666666666666,0.3,2,manhattan,auto,10,,-0.2790548114439528
18,0.6466666666666666,0.3,2,manhattan,auto,10,1.0,-0.2790548114439528
18,0.6466666666666666,0.3,2,manhattan,auto,10,2.0,-0.2790548114439528
18,0.6466666666666666,0.3,2,manhattan,auto,20,,-0.2790548114439528
18,0.6466666666666666,0.3,2,manhattan,auto,20,1.0,-0.2790548114439528
18,0.6466666666666666,0.3,2,manhattan,auto,20,2.0,-0.2790548114439528
18,0.6466666666666666,0.3,2,manhattan,auto,30,,-0.2790548114439528
18,0.6466666666666666,0.3,2,manhattan,auto,30,1.0,-0.2790548114439528
18,0.6466666666666666,0.3,2,manhattan,auto,30,2.0,-0.2790548114439528
18,0.6466666666666666,0.3,2,manhattan,auto,40,,-0.2790548114439528
18,0.6466666666666666,0.3,2,manhattan,auto,40,1.0,-0.2790548114439528
18,0.6466666666666666,0.3,2,manhattan,auto,40,2.0,-0.2790548114439528
18,0.6466666666666666,0.3,2,manhattan,auto,50,,-0.2790548114439528
18,0.6466666666666666,0.3,2,manhattan,auto,50,1.0,-0.2790548114439528
18,0.6466666666666666,0.3,2,manhattan,auto,50,2.0,-0.2790548114439528
18,0.6466666666666666,0.3,2,manhattan,ball_tree,10,,-0.2790548114439528
18,0.6466666666666666,0.3,2,manhattan,ball_tree,10,1.0,-0.2790548114439528
18,0.6466666666666666,0.3,2,manhattan,ball_tree,10,2.0,-0.2790548114439528
18,0.6466666666666666,0.3,2,manhattan,ball_tree,20,,-0.2790548114439528
18,0.6466666666666666,0.3,2,manhattan,ball_tree,20,1.0,-0.2790548114439528
18,0.6466666666666666,0.3,2,manhattan,ball_tree,20,2.0,-0.2790548114439528
18,0.6466666666666666,0.3,2,manhattan,ball_tree,30,,-0.2790548114439528
18,0.6466666666666666,0.3,2,manhattan,ball_tree,30,1.0,-0.2790548114439528
18,0.6466666666666666,0.3,2,manhattan,ball_tree,30,2.0,-0.2790548114439528
18,0.6466666666666666,0.3,2,manhattan,ball_tree,40,,-0.2790548114439528
18,0.6466666666666666,0.3,2,manhattan,ball_tree,40,1.0,-0.2790548114439528
18,0.6466666666666666,0.3,2,manhattan,ball_tree,40,2.0,-0.2790548114439528
18,0.6466666666666666,0.3,2,manhattan,ball_tree,50,,-0.2790548114439528
18,0.6466666666666666,0.3,2,manhattan,ball_tree,50,1.0,-0.2790548114439528
18,0.6466666666666666,0.3,2,manhattan,ball_tree,50,2.0,-0.2790548114439528
18,0.6466666666666666,0.3,2,manhattan,kd_tree,10,,-0.2790548114439528
18,0.6466666666666666,0.3,2,manhattan,kd_tree,10,1.0,-0.2790548114439528
18,0.6466666666666666,0.3,2,manhattan,kd_tree,10,2.0,-0.2790548114439528
18,0.6466666666666666,0.3,2,manhattan,kd_tree,20,,-0.2790548114439528
18,0.6466666666666666,0.3,2,manhattan,kd_tree,20,1.0,-0.2790548114439528
18,0.6466666666666666,0.3,2,manhattan,kd_tree,20,2.0,-0.2790548114439528
18,0.6466666666666666,0.3,2,manhattan,kd_tree,30,,-0.2790548114439528
18,0.6466666666666666,0.3,2,manhattan,kd_tree,30,1.0,-0.2790548114439528
18,0.6466666666666666,0.3,2,manhattan,kd_tree,30,2.0,-0.2790548114439528
18,0.6466666666666666,0.3,2,manhattan,kd_tree,40,,-0.2790548114439528
18,0.6466666666666666,0.3,2,manhattan,kd_tree,40,1.0,-0.2790548114439528
18,0.6466666666666666,0.3,2,manhattan,kd_tree,40,2.0,-0.2790548114439528
18,0.6466666666666666,0.3,2,manhattan,kd_tree,50,,-0.2790548114439528
18,0.6466666666666666,0.3,2,manhattan,kd_tree,50,1.0,-0.2790548114439528
18,0.6466666666666666,0.3,2,manhattan,kd_tree,50,2.0,-0.2790548114439528
18,0.6466666666666666,0.3,2,manhattan,brute,10,,-0.2790548114439528
18,0.6466666666666666,0.3,2,manhattan,brute,10,1.0,-0.2790548114439528
18,0.6466666666666666,0.3,2,manhattan,brute,10,2.0,-0.2790548114439528
18,0.6466666666666666,0.3,2,manhattan,brute,20,,-0.2790548114439528
18,0.6466666666666666,0.3,2,manhattan,brute,20,1.0,-0.2790548114439528
18,0.6466666666666666,0.3,2,manhattan,brute,20,2.0,-0.2790548114439528
18,0.6466666666666666,0.3,2,manhattan,brute,30,,-0.2790548114439528
18,0.6466666666666666,0.3,2,manhattan,brute,30,1.0,-0.2790548114439528
18,0.6466666666666666,0.3,2,manhattan,brute,30,2.0,-0.2790548114439528
18,0.6466666666666666,0.3,2,manhattan,brute,40,,-0.2790548114439528
18,0.6466666666666666,0.3,2,manhattan,brute,40,1.0,-0.2790548114439528
18,0.6466666666666666,0.3,2,manhattan,brute,40,2.0,-0.2790548114439528
18,0.6466666666666666,0.3,2,manhattan,brute,50,,-0.2790548114439528
18,0.6466666666666666,0.3,2,manhattan,brute,50,1.0,-0.2790548114439528
18,0.6466666666666666,0.3,2,manhattan,brute,50,2.0,-0.2790548114439528
6,0.9066666666666666,0.3,2,mahalanobis,auto,10,,-0.488083968390405
6,0.9066666666666666,0.3,2,mahalanobis,auto,10,1.0,-0.488083968390405
6,0.9066666666666666,0.3,2,mahalanobis,auto,10,2.0,-0.488083968390405
6,0.9066666666666666,0.3,2,mahalanobis,auto,20,,-0.488083968390405
6,0.9066666666666666,0.3,2,mahalanobis,auto,20,1.0,-0.488083968390405
6,0.9066666666666666,0.3,2,mahalanobis,auto,20,2.0,-0.488083968390405
6,0.9066666666666666,0.3,2,mahalanobis,auto,30,,-0.488083968390405
6,0.9066666666666666,0.3,2,mahalanobis,auto,30,1.0,-0.488083968390405
6,0.9066666666666666,0.3,2,mahalanobis,auto,30,2.0,-0.488083968390405
6,0.9066666666666666,0.3,2,mahalanobis,auto,40,,-0.488083968390405
6,0.9066666666666666,0.3,2,mahalanobis,auto,40,1.0,-0.488083968390405
6,0.9066666666666666,0.3,2,mahalanobis,auto,40,2.0,-0.488083968390405
6,0.9066666666666666,0.3,2,mahalanobis,auto,50,,-0.488083968390405
6,0.9066666666666666,0.3,2,mahalanobis,auto,50,1.0,-0.488083968390405
6,0.9066666666666666,0.3,2,mahalanobis,auto,50,2.0,-0.488083968390405
6,0.9066666666666666,0.3,2,mahalanobis,ball_tree,10,,-0.488083968390405
6,0.9066666666666666,0.3,2,mahalanobis,ball_tree,10,1.0,-0.488083968390405
6,0.9066666666666666,0.3,2,mahalanobis,ball_tree,10,2.0,-0.488083968390405
6,0.9066666666666666,0.3,2,mahalanobis,ball_tree,20,,-0.488083968390405
6,0.9066666666666666,0.3,2,mahalanobis,ball_tree,20,1.0,-0.488083968390405
6,0.9066666666666666,0.3,2,mahalanobis,ball_tree,20,2.0,-0.488083968390405
6,0.9066666666666666,0.3,2,mahalanobis,ball_tree,30,,-0.488083968390405
6,0.9066666666666666,0.3,2,mahalanobis,ball_tree,30,1.0,-0.488083968390405
6,0.9066666666666666,0.3,2,mahalanobis,ball_tree,30,2.0,-0.488083968390405
6,0.9066666666666666,0.3,2,mahalanobis,ball_tree,40,,-0.488083968390405
6,0.9066666666666666,0.3,2,mahalanobis,ball_tree,40,1.0,-0.488083968390405
6,0.9066666666666666,0.3,2,mahalanobis,ball_tree,40,2.0,-0.488083968390405
6,0.9066666666666666,0.3,2,mahalanobis,ball_tree,50,,-0.488083968390405
6,0.9066666666666666,0.3,2,mahalanobis,ball_tree,50,1.0,-0.488083968390405
6,0.9066666666666666,0.3,2,mahalanobis,ball_tree,50,2.0,-0.488083968390405
6,0.9066666666666666,0.3,2,mahalanobis,kd_tree,10,,-0.488083968390405
6,0.9066666666666666,0.3,2,mahalanobis,kd_tree,10,1.0,-0.488083968390405
6,0.9066666666666666,0.3,2,mahalanobis,kd_tree,10,2.0,-0.488083968390405
6,0.9066666666666666,0.3,2,mahalanobis,kd_tree,20,,-0.488083968390405
6,0.9066666666666666,0.3,2,mahalanobis,kd_tree,20,1.0,-0.488083968390405
6,0.9066666666666666,0.3,2,mahalanobis,kd_tree,20,2.0,-0.488083968390405
6,0.9066666666666666,0.3,2,mahalanobis,kd_tree,30,,-0.488083968390405
6,0.9066666666666666,0.3,2,mahalanobis,kd_tree,30,1.0,-0.488083968390405
6,0.9066666666666666,0.3,2,mahalanobis,kd_tree,30,2.0,-0.488083968390405
6,0.9066666666666666,0.3,2,mahalanobis,kd_tree,40,,-0.488083968390405
6,0.9066666666666666,0.3,2,mahalanobis,kd_tree,40,1.0,-0.488083968390405
6,0.9066666666666666,0.3,2,mahalanobis,kd_tree,40,2.0,-0.488083968390405
6,0.9066666666666666,0.3,2,mahalanobis,kd_tree,50,,-0.488083968390405
6,0.9066666666666666,0.3,2,mahalanobis,kd_tree,50,1.0,-0.488083968390405
6,0.9066666666666666,0.3,2,mahalanobis,kd_tree,50,2.0,-0.488083968390405
6,0.9066666666666666,0.3,2,mahalanobis,brute,10,,-0.488083968390405
6,0.9066666666666666,0.3,2,mahalanobis,brute,10,1.0,-0.488083968390405
6,0.9066666666666666,0.3,2,mahalanobis,brute,10,2.0,-0.488083968390405
6,0.9066666666666666,0.3,2,mahalanobis,brute,20,,-0.488083968390405
6,0.9066666666666666,0.3,2,mahalanobis,brute,20,1.0,-0.488083968390405
6,0.9066666666666666,0.3,2,mahalanobis,brute,20,2.0,-0.488083968390405
6,0.9066666666666666,0.3,2,mahalanobis,brute,30,,-0.488083968390405
6,0.9066666666666666,0.3,2,mahalanobis,brute,30,1.0,-0.488083968390405
6,0.9066666666666666,0.3,2,mahalanobis,brute,30,2.0,-0.488083968390405
6,0.9066666666666666,0.3,2,mahalanobis,brute,40,,-0.488083968390405
6,0.9066666666666666,0.3,2,mahalanobis,brute,40,1.0,-0.488083968390405
6,0.9066666666666666,0.3,2,mahalanobis,brute,40,2.0,-0.488083968390405
6,0.9066666666666666,0.3,2,mahalanobis,brute,50,,-0.488083968390405
6,0.9066666666666666,0.3,2,mahalanobis,brute,50,1.0,-0.488083968390405
6,0.9066666666666666,0.3,2,mahalanobis,brute,50,2.0,-0.488083968390405
10,0.56,0.3,3,euclidean,auto,10,,-0.14876167670762747
10,0.56,0.3,3,euclidean,auto,10,1.0,-0.14876167670762747
10,0.56,0.3,3,euclidean,auto,10,2.0,-0.14876167670762747
10,0.56,0.3,3,euclidean,auto,20,,-0.14876167670762747
10,0.56,0.3,3,euclidean,auto,20,1.0,-0.14876167670762747
10,0.56,0.3,3,euclidean,auto,20,2.0,-0.14876167670762747
10,0.56,0.3,3,euclidean,auto,30,,-0.14876167670762747
10,0.56,0.3,3,euclidean,auto,30,1.0,-0.14876167670762747
10,0.56,0.3,3,euclidean,auto,30,2.0,-0.14876167670762747
10,0.56,0.3,3,euclidean,auto,40,,-0.14876167670762747
10,0.56,0.3,3,euclidean,auto,40,1.0,-0.14876167670762747
10,0.56,0.3,3,euclidean,auto,40,2.0,-0.14876167670762747
10,0.56,0.3,3,euclidean,auto,50,,-0.14876167670762747
10,0.56,0.3,3,euclidean,auto,50,1.0,-0.14876167670762747
10,0.56,0.3,3,euclidean,auto,50,2.0,-0.14876167670762747
10,0.56,0.3,3,euclidean,ball_tree,10,,-0.14876167670762747
10,0.56,0.3,3,euclidean,ball_tree,10,1.0,-0.14876167670762747
10,0.56,0.3,3,euclidean,ball_tree,10,2.0,-0.14876167670762747
10,0.56,0.3,3,euclidean,ball_tree,20,,-0.14876167670762747
10,0.56,0.3,3,euclidean,ball_tree,20,1.0,-0.14876167670762747
10,0.56,0.3,3,euclidean,ball_tree,20,2.0,-0.14876167670762747
10,0.56,0.3,3,euclidean,ball_tree,30,,-0.14876167670762747
10,0.56,0.3,3,euclidean,ball_tree,30,1.0,-0.14876167670762747
10,0.56,0.3,3,euclidean,ball_tree,30,2.0,-0.14876167670762747
10,0.56,0.3,3,euclidean,ball_tree,40,,-0.14876167670762747
10,0.56,0.3,3,euclidean,ball_tree,40,1.0,-0.14876167670762747
10,0.56,0.3,3,euclidean,ball_tree,40,2.0,-0.14876167670762747
10,0.56,0.3,3,euclidean,ball_tree,50,,-0.14876167670762747
10,0.56,0.3,3,euclidean,ball_tree,50,1.0,-0.14876167670762747
10,0.56,0.3,3,euclidean,ball_tree,50,2.0,-0.14876167670762747
10,0.56,0.3,3,euclidean,kd_tree,10,,-0.14876167670762747
10,0.56,0.3,3,euclidean,kd_tree,10,1.0,-0.14876167670762747
10,0.56,0.3,3,euclidean,kd_tree,10,2.0,-0.14876167670762747
10,0.56,0.3,3,euclidean,kd_tree,20,,-0.14876167670762747
10,0.56,0.3,3,euclidean,kd_tree,20,1.0,-0.14876167670762747
10,0.56,0.3,3,euclidean,kd_tree,20,2.0,-0.14876167670762747
10,0.56,0.3,3,euclidean,kd_tree,30,,-0.14876167670762747
10,0.56,0.3,3,euclidean,kd_tree,30,1.0,-0.14876167670762747
10,0.56,0.3,3,euclidean,kd_tree,30,2.0,-0.14876167670762747
10,0.56,0.3,3,euclidean,kd_tree,40,,-0.14876167670762747
10,0.56,0.3,3,euclidean,kd_tree,40,1.0,-0.14876167670762747
10,0.56,0.3,3,euclidean,kd_tree,40,2.0,-0.14876167670762747
10,0.56,0.3,3,euclidean,kd_tree,50,,-0.14876167670762747
10,0.56,0.3,3,euclidean,kd_tree,50,1.0,-0.14876167670762747
10,0.56,0.3,3,euclidean,kd_tree,50,2.0,-0.14876167670762747
10,0.56,0.3,3,euclidean,brute,10,,-0.14876167670762747
10,0.56,0.3,3,euclidean,brute,10,1.0,-0.14876167670762747
10,0.56,0.3,3,euclidean,brute,10,2.0,-0.14876167670762747
10,0.56,0.3,3,euclidean,brute,20,,-0.14876167670762747
10,0.56,0.3,3,euclidean,brute,20,1.0,-0.14876167670762747
10,0.56,0.3,3,euclidean,brute,20,2.0,-0.14876167670762747
10,0.56,0.3,3,euclidean,brute,30,,-0.14876167670762747
10,0.56,0.3,3,euclidean,brute,30,1.0,-0.14876167670762747
10,0.56,0.3,3,euclidean,brute,30,2.0,-0.14876167670762747
10,0.56,0.3,3,euclidean,brute,40,,-0.14876167670762747
10,0.56,0.3,3,euclidean,brute,40,1.0,-0.14876167670762747
10,0.56,0.3,3,euclidean,brute,40,2.0,-0.14876167670762747
10,0.56,0.3,3,euclidean,brute,50,,-0.14876167670762747
10,0.56,0.3,3,euclidean,brute,50,1.0,-0.14876167670762747
10,0.56,0.3,3,euclidean,brute,50,2.0,-0.14876167670762747
6,0.8066666666666666,0.3,3,manhattan,auto,10,,-0.36332169450761537
6,0.8066666666666666,0.3,3,manhattan,auto,10,1.0,-0.36332169450761537
6,0.8066666666666666,0.3,3,manhattan,auto,10,2.0,-0.36332169450761537
6,0.8066666666666666,0.3,3,manhattan,auto,20,,-0.36332169450761537
6,0.8066666666666666,0.3,3,manhattan,auto,20,1.0,-0.36332169450761537
6,0.8066666666666666,0.3,3,manhattan,auto,20,2.0,-0.36332169450761537
6,0.8066666666666666,0.3,3,manhattan,auto,30,,-0.36332169450761537
6,0.8066666666666666,0.3,3,manhattan,auto,30,1.0,-0.36332169450761537
6,0.8066666666666666,0.3,3,manhattan,auto,30,2.0,-0.36332169450761537
6,0.8066666666666666,0.3,3,manhattan,auto,40,,-0.36332169450761537
6,0.8066666666666666,0.3,3,manhattan,auto,40,1.0,-0.36332169450761537
6,0.8066666666666666,0.3,3,manhattan,auto,40,2.0,-0.36332169450761537
6,0.8066666666666666,0.3,3,manhattan,auto,50,,-0.36332169450761537
6,0.8066666666666666,0.3,3,manhattan,auto,50,1.0,-0.36332169450761537
6,0.8066666666666666,0.3,3,manhattan,auto,50,2.0,-0.36332169450761537
6,0.8066666666666666,0.3,3,manhattan,ball_tree,10,,-0.36332169450761537
6,0.8066666666666666,0.3,3,manhattan,ball_tree,10,1.0,-0.36332169450761537
6,0.8066666666666666,0.3,3,manhattan,ball_tree,10,2.0,-0.36332169450761537
6,0.8066666666666666,0.3,3,manhattan,ball_tree,20,,-0.36332169450761537
6,0.8066666666666666,0.3,3,manhattan,ball_tree,20,1.0,-0.36332169450761537
6,0.8066666666666666,0.3,3,manhattan,ball_tree,20,2.0,-0.36332169450761537
6,0.8066666666666666,0.3,3,manhattan,ball_tree,30,,-0.36332169450761537
6,0.8066666666666666,0.3,3,manhattan,ball_tree,30,1.0,-0.36332169450761537
6,0.8066666666666666,0.3,3,manhattan,ball_tree,30,2.0,-0.36332169450761537
6,0.8066666666666666,0.3,3,manhattan,ball_tree,40,,-0.36332169450761537
6,0.8066666666666666,0.3,3,manhattan,ball_tree,40,1.0,-0.36332169450761537
6,0.8066666666666666,0.3,3,manhattan,ball_tree,40,2.0,-0.36332169450761537
6,0.8066666666666666,0.3,3,manhattan,ball_tree,50,,-0.36332169450761537
6,0.8066666666666666,0.3,3,manhattan,ball_tree,50,1.0,-0.36332169450761537
6,0.8066666666666666,0.3,3,manhattan,ball_tree,50,2.0,-0.36332169450761537
6,0.8066666666666666,0.3,3,manhattan,kd_tree,10,,-0.36332169450761537
6,0.8066666666666666,0.3,3,manhattan,kd_tree,10,1.0,-0.36332169450761537
6,0.8066666666666666,0.3,3,manhattan,kd_tree,10,2.0,-0.36332169450761537
6,0.8066666666666666,0.3,3,manhattan,kd_tree,20,,-0.36332169450761537
6,0.8066666666666666,0.3,3,manhattan,kd_tree,20,1.0,-0.36332169450761537
6,0.8066666666666666,0.3,3,manhattan,kd_tree,20,2.0,-0.36332169450761537
6,0.8066666666666666,0.3,3,manhattan,kd_tree,30,,-0.36332169450761537
6,0.8066666666666666,0.3,3,manhattan,kd_tree,30,1.0,-0.36332169450761537
6,0.8066666666666666,0.3,3,manhattan,kd_tree,30,2.0,-0.36332169450761537
6,0.8066666666666666,0.3,3,manhattan,kd_tree,40,,-0.36332169450761537
6,0.8066666666666666,0.3,3,manhattan,kd_tree,40,1.0,-0.36332169450761537
6,0.8066666666666666,0.3,3,manhattan,kd_tree,40,2.0,-0.36332169450761537
6,0.8066666666666666,0.3,3,manhattan,kd_tree,50,,-0.36332169450761537
6,0.8066666666666666,0.3,3,manhattan,kd_tree,50,1.0,-0.36332169450761537
6,0.8066666666666666,0.3,3,manhattan,kd_tree,50,2.0,-0.36332169450761537
6,0.8066666666666666,0.3,3,manhattan,brute,10,,-0.36332169450761537
6,0.8066666666666666,0.3,3,manhattan,brute,10,1.0,-0.36332169450761537
6,0.8066666666666666,0.3,3,manhattan,brute,10,2.0,-0.36332169450761537
6,0.8066666666666666,0.3,3,manhattan,brute,20,,-0.36332169450761537
6,0.8066666666666666,0.3,3,manhattan,brute,20,1.0,-0.36332169450761537
6,0.8066666666666666,0.3,3,manhattan,brute,20,2.0,-0.36332169450761537
6,0.8066666666666666,0.3,3,manhattan,brute,30,,-0.36332169450761537
6,0.8066666666666666,0.3,3,manhattan,brute,30,1.0,-0.36332169450761537
6,0.8066666666666666,0.3,3,manhattan,brute,30,2.0,-0.36332169450761537
6,0.8066666666666666,0.3,3,manhattan,brute,40,,-0.36332169450761537
6,0.8066666666666666,0.3,3,manhattan,brute,40,1.0,-0.36332169450761537
6,0.8066666666666666,0.3,3,manhattan,brute,40,2.0,-0.36332169450761537
6,0.8066666666666666,0.3,3,manhattan,brute,50,,-0.36332169450761537
6,0.8066666666666666,0.3,3,manhattan,brute,50,1.0,-0.36332169450761537
6,0.8066666666666666,0.3,3,manhattan,brute,50,2.0,-0.36332169450761537
2,0.96,0.3,3,mahalanobis,auto,10,,0.013102162193269559
2,0.96,0.3,3,mahalanobis,auto,10,1.0,0.013102162193269559
2,0.96,0.3,3,mahalanobis,auto,10,2.0,0.013102162193269559
2,0.96,0.3,3,mahalanobis,auto,20,,0.013102162193269559
2,0.96,0.3,3,mahalanobis,auto,20,1.0,0.013102162193269559
2,0.96,0.3,3,mahalanobis,auto,20,2.0,0.013102162193269559
2,0.96,0.3,3,mahalanobis,auto,30,,0.013102162193269559
2,0.96,0.3,3,mahalanobis,auto,30,1.0,0.013102162193269559
2,0.96,0.3,3,mahalanobis,auto,30,2.0,0.013102162193269559
2,0.96,0.3,3,mahalanobis,auto,40,,0.013102162193269559
2,0.96,0.3,3,mahalanobis,auto,40,1.0,0.013102162193269559
2,0.96,0.3,3,mahalanobis,auto,40,2.0,0.013102162193269559
2,0.96,0.3,3,mahalanobis,auto,50,,0.013102162193269559
2,0.96,0.3,3,mahalanobis,auto,50,1.0,0.013102162193269559
2,0.96,0.3,3,mahalanobis,auto,50,2.0,0.013102162193269559
2,0.96,0.3,3,mahalanobis,ball_tree,10,,0.013102162193269559
2,0.96,0.3,3,mahalanobis,ball_tree,10,1.0,0.013102162193269559
2,0.96,0.3,3,mahalanobis,ball_tree,10,2.0,0.013102162193269559
2,0.96,0.3,3,mahalanobis,ball_tree,20,,0.013102162193269559
2,0.96,0.3,3,mahalanobis,ball_tree,20,1.0,0.013102162193269559
2,0.96,0.3,3,mahalanobis,ball_tree,20,2.0,0.013102162193269559
2,0.96,0.3,3,mahalanobis,ball_tree,30,,0.013102162193269559
2,0.96,0.3,3,mahalanobis,ball_tree,30,1.0,0.013102162193269559
2,0.96,0.3,3,mahalanobis,ball_tree,30,2.0,0.013102162193269559
2,0.96,0.3,3,mahalanobis,ball_tree,40,,0.013102162193269559
2,0.96,0.3,3,mahalanobis,ball_tree,40,1.0,0.013102162193269559
2,0.96,0.3,3,mahalanobis,ball_tree,40,2.0,0.013102162193269559
2,0.96,0.3,3,mahalanobis,ball_tree,50,,0.013102162193269559
2,0.96,0.3,3,mahalanobis,ball_tree,50,1.0,0.013102162193269559
2,0.96,0.3,3,mahalanobis,ball_tree,50,2.0,0.013102162193269559
2,0.96,0.3,3,mahalanobis,kd_tree,10,,0.013102162193269559
2,0.96,0.3,3,mahalanobis,kd_tree,10,1.0,0.013102162193269559
2,0.96,0.3,3,mahalanobis,kd_tree,10,2.0,0.013102162193269559
2,0.96,0.3,3,mahalanobis,kd_tree,20,,0.013102162193269559
2,0.96,0.3,3,mahalanobis,kd_tree,20,1.0,0.013102162193269559
2,0.96,0.3,3,mahalanobis,kd_tree,20,2.0,0.013102162193269559
2,0.96,0.3,3,mahalanobis,kd_tree,30,,0.013102162193269559
2,0.96,0.3,3,mahalanobis,kd_tree,30,1.0,0.013102162193269559
2,0.96,0.3,3,mahalanobis,kd_tree,30,2.0,0.013102162193269559
2,0.96,0.3,3,mahalanobis,kd_tree,40,,0.013102162193269559
2,0.96,0.3,3,mahalanobis,kd_tree,40,1.0,0.013102162193269559
2,0.96,0.3,3,mahalanobis,kd_tree,40,2.0,0.013102162193269559
2,0.96,0.3,3,mahalanobis,kd_tree,50,,0.013102162193269559
2,0.96,0.3,3,mahalanobis,kd_tree,50,1.0,0.013102162193269559
2,0.96,0.3,3,mahalanobis,kd_tree,50,2.0,0.013102162193269559
2,0.96,0.3,3,mahalanobis,brute,10,,0.013102162193269559
2,0.96,0.3,3,mahalanobis,brute,10,1.0,0.013102162193269559
2,0.96,0.3,3,mahalanobis,brute,10,2.0,0.013102162193269559
2,0.96,0.3,3,mahalanobis,brute,20,,0.013102162193269559
2,0.96,0.3,3,mahalanobis,brute,20,1.0,0.013102162193269559
2,0.96,0.3,3,mahalanobis,brute,20,2.0,0.013102162193269559
2,0.96,0.3,3,mahalanobis,brute,30,,0.013102162193269559
2,0.96,0.3,3,mahalanobis,brute,30,1.0,0.013102162193269559
2,0.96,0.3,3,mahalanobis,brute,30,2.0,0.013102162193269559
2,0.96,0.3,3,mahalanobis,brute,40,,0.013102162193269559
2,0.96,0.3,3,mahalanobis,brute,40,1.0,0.013102162193269559
2,0.96,0.3,3,mahalanobis,brute,40,2.0,0.013102162193269559
2,0.96,0.3,3,mahalanobis,brute,50,,0.013102162193269559
2,0.96,0.3,3,mahalanobis,brute,50,1.0,0.013102162193269559
2,0.96,0.3,3,mahalanobis,brute,50,2.0,0.013102162193269559
5,0.7133333333333334,0.3,4,euclidean,auto,10,,-0.17087703148312486
5,0.7133333333333334,0.3,4,euclidean,auto,10,1.0,-0.17087703148312486
5,0.7133333333333334,0.3,4,euclidean,auto,10,2.0,-0.17087703148312486
5,0.7133333333333334,0.3,4,euclidean,auto,20,,-0.17087703148312486
5,0.7133333333333334,0.3,4,euclidean,auto,20,1.0,-0.17087703148312486
5,0.7133333333333334,0.3,4,euclidean,auto,20,2.0,-0.17087703148312486
5,0.7133333333333334,0.3,4,euclidean,auto,30,,-0.17087703148312486
5,0.7133333333333334,0.3,4,euclidean,auto,30,1.0,-0.17087703148312486
5,0.7133333333333334,0.3,4,euclidean,auto,30,2.0,-0.17087703148312486
5,0.7133333333333334,0.3,4,euclidean,auto,40,,-0.17087703148312486
5,0.7133333333333334,0.3,4,euclidean,auto,40,1.0,-0.17087703148312486
5,0.7133333333333334,0.3,4,euclidean,auto,40,2.0,-0.17087703148312486
5,0.7133333333333334,0.3,4,euclidean,auto,50,,-0.17087703148312486
5,0.7133333333333334,0.3,4,euclidean,auto,50,1.0,-0.17087703148312486
5,0.7133333333333334,0.3,4,euclidean,auto,50,2.0,-0.17087703148312486
5,0.7133333333333334,0.3,4,euclidean,ball_tree,10,,-0.17087703148312486
5,0.7133333333333334,0.3,4,euclidean,ball_tree,10,1.0,-0.17087703148312486
5,0.7133333333333334,0.3,4,euclidean,ball_tree,10,2.0,-0.17087703148312486
5,0.7133333333333334,0.3,4,euclidean,ball_tree,20,,-0.17087703148312486
5,0.7133333333333334,0.3,4,euclidean,ball_tree,20,1.0,-0.17087703148312486
5,0.7133333333333334,0.3,4,euclidean,ball_tree,20,2.0,-0.17087703148312486
5,0.7133333333333334,0.3,4,euclidean,ball_tree,30,,-0.17087703148312486
5,0.7133333333333334,0.3,4,euclidean,ball_tree,30,1.0,-0.17087703148312486
5,0.7133333333333334,0.3,4,euclidean,ball_tree,30,2.0,-0.17087703148312486
5,0.7133333333333334,0.3,4,euclidean,ball_tree,40,,-0.17087703148312486
5,0.7133333333333334,0.3,4,euclidean,ball_tree,40,1.0,-0.17087703148312486
5,0.7133333333333334,0.3,4,euclidean,ball_tree,40,2.0,-0.17087703148312486
5,0.7133333333333334,0.3,4,euclidean,ball_tree,50,,-0.17087703148312486
5,0.7133333333333334,0.3,4,euclidean,ball_tree,50,1.0,-0.17087703148312486
5,0.7133333333333334,0.3,4,euclidean,ball_tree,50,2.0,-0.17087703148312486
5,0.7133333333333334,0.3,4,euclidean,kd_tree,10,,-0.17087703148312486
5,0.7133333333333334,0.3,4,euclidean,kd_tree,10,1.0,-0.17087703148312486
5,0.7133333333333334,0.3,4,euclidean,kd_tree,10,2.0,-0.17087703148312486
5,0.7133333333333334,0.3,4,euclidean,kd_tree,20,,-0.17087703148312486
5,0.7133333333333334,0.3,4,euclidean,kd_tree,20,1.0,-0.17087703148312486
5,0.7133333333333334,0.3,4,euclidean,kd_tree,20,2.0,-0.17087703148312486
5,0.7133333333333334,0.3,4,euclidean,kd_tree,30,,-0.17087703148312486
5,0.7133333333333334,0.3,4,euclidean,kd_tree,30,1.0,-0.17087703148312486
5,0.7133333333333334,0.3,4,euclidean,kd_tree,30,2.0,-0.17087703148312486
5,0.7133333333333334,0.3,4,euclidean,kd_tree,40,,-0.17087703148312486
5,0.7133333333333334,0.3,4,euclidean,kd_tree,40,1.0,-0.17087703148312486
5,0.7133333333333334,0.3,4,euclidean,kd_tree,40,2.0,-0.17087703148312486
5,0.7133333333333334,0.3,4,euclidean,kd_tree,50,,-0.17087703148312486
5,0.7133333333333334,0.3,4,euclidean,kd_tree,50,1.0,-0.17087703148312486
5,0.7133333333333334,0.3,4,euclidean,kd_tree,50,2.0,-0.17087703148312486
5,0.7133333333333334,0.3,4,euclidean,brute,10,,-0.17087703148312486
5,0.7133333333333334,0.3,4,euclidean,brute,10,1.0,-0.17087703148312486
5,0.7133333333333334,0.3,4,euclidean,brute,10,2.0,-0.17087703148312486
5,0.7133333333333334,0.3,4,euclidean,brute,20,,-0.17087703148312486
5,0.7133333333333334,0.3,4,euclidean,brute,20,1.0,-0.17087703148312486
5,0.7133333333333334,0.3,4,euclidean,brute,20,2.0,-0.17087703148312486
5,0.7133333333333334,0.3,4,euclidean,brute,30,,-0.17087703148312486
5,0.7133333333333334,0.3,4,euclidean,brute,30,1.0,-0.17087703148312486
5,0.7133333333333334,0.3,4,euclidean,brute,30,2.0,-0.17087703148312486
5,0.7133333333333334,0.3,4,euclidean,brute,40,,-0.17087703148312486
5,0.7133333333333334,0.3,4,euclidean,brute,40,1.0,-0.17087703148312486
5,0.7133333333333334,0.3,4,euclidean,brute,40,2.0,-0.17087703148312486
5,0.7133333333333334,0.3,4,euclidean,brute,50,,-0.17087703148312486
5,0.7133333333333334,0.3,4,euclidean,brute,50,1.0,-0.17087703148312486
5,0.7133333333333334,0.3,4,euclidean,brute,50,2.0,-0.17087703148312486
3,0.8866666666666667,0.3,4,manhattan,auto,10,,0.11833485762883016
3,0.8866666666666667,0.3,4,manhattan,auto,10,1.0,0.11833485762883016
3,0.8866666666666667,0.3,4,manhattan,auto,10,2.0,0.11833485762883016
3,0.8866666666666667,0.3,4,manhattan,auto,20,,0.11833485762883016
3,0.8866666666666667,0.3,4,manhattan,auto,20,1.0,0.11833485762883016
3,0.8866666666666667,0.3,4,manhattan,auto,20,2.0,0.11833485762883016
3,0.8866666666666667,0.3,4,manhattan,auto,30,,0.11833485762883016
3,0.8866666666666667,0.3,4,manhattan,auto,30,1.0,0.11833485762883016
3,0.8866666666666667,0.3,4,manhattan,auto,30,2.0,0.11833485762883016
3,0.8866666666666667,0.3,4,manhattan,auto,40,,0.11833485762883016
3,0.8866666666666667,0.3,4,manhattan,auto,40,1.0,0.11833485762883016
3,0.8866666666666667,0.3,4,manhattan,auto,40,2.0,0.11833485762883016
3,0.8866666666666667,0.3,4,manhattan,auto,50,,0.11833485762883016
3,0.8866666666666667,0.3,4,manhattan,auto,50,1.0,0.11833485762883016
3,0.8866666666666667,0.3,4,manhattan,auto,50,2.0,0.11833485762883016
3,0.8866666666666667,0.3,4,manhattan,ball_tree,10,,0.11833485762883016
3,0.8866666666666667,0.3,4,manhattan,ball_tree,10,1.0,0.11833485762883016
3,0.8866666666666667,0.3,4,manhattan,ball_tree,10,2.0,0.11833485762883016
3,0.8866666666666667,0.3,4,manhattan,ball_tree,20,,0.11833485762883016
3,0.8866666666666667,0.3,4,manhattan,ball_tree,20,1.0,0.11833485762883016
3,0.8866666666666667,0.3,4,manhattan,ball_tree,20,2.0,0.11833485762883016
3,0.8866666666666667,0.3,4,manhattan,ball_tree,30,,0.11833485762883016
3,0.8866666666666667,0.3,4,manhattan,ball_tree,30,1.0,0.11833485762883016
3,0.8866666666666667,0.3,4,manhattan,ball_tree,30,2.0,0.11833485762883016
3,0.8866666666666667,0.3,4,manhattan,ball_tree,40,,0.11833485762883016
3,0.8866666666666667,0.3,4,manhattan,ball_tree,40,1.0,0.11833485762883016
3,0.8866666666666667,0.3,4,manhattan,ball_tree,40,2.0,0.11833485762883016
3,0.8866666666666667,0.3,4,manhattan,ball_tree,50,,0.11833485762883016
3,0.8866666666666667,0.3,4,manhattan,ball_tree,50,1.0,0.11833485762883016
3,0.8866666666666667,0.3,4,manhattan,ball_tree,50,2.0,0.11833485762883016
3,0.8866666666666667,0.3,4,manhattan,kd_tree,10,,0.11833485762883016
3,0.8866666666666667,0.3,4,manhattan,kd_tree,10,1.0,0.11833485762883016
3,0.8866666666666667,0.3,4,manhattan,kd_tree,10,2.0,0.11833485762883016
3,0.8866666666666667,0.3,4,manhattan,kd_tree,20,,0.11833485762883016
3,0.8866666666666667,0.3,4,manhattan,kd_tree,20,1.0,0.11833485762883016
3,0.8866666666666667,0.3,4,manhattan,kd_tree,20,2.0,0.11833485762883016
3,0.8866666666666667,0.3,4,manhattan,kd_tree,30,,0.11833485762883016
3,0.8866666666666667,0.3,4,manhattan,kd_tree,30,1.0,0.11833485762883016
3,0.8866666666666667,0.3,4,manhattan,kd_tree,30,2.0,0.11833485762883016
3,0.8866666666666667,0.3,4,manhattan,kd_tree,40,,0.11833485762883016
3,0.8866666666666667,0.3,4,manhattan,kd_tree,40,1.0,0.11833485762883016
3,0.8866666666666667,0.3,4,manhattan,kd_tree,40,2.0,0.11833485762883016
3,0.8866666666666667,0.3,4,manhattan,kd_tree,50,,0.11833485762883016
3,0.8866666666666667,0.3,4,manhattan,kd_tree,50,1.0,0.11833485762883016
3,0.8866666666666667,0.3,4,manhattan,kd_tree,50,2.0,0.11833485762883016
3,0.8866666666666667,0.3,4,manhattan,brute,10,,0.11833485762883016
3,0.8866666666666667,0.3,4,manhattan,brute,10,1.0,0.11833485762883016
3,0.8866666666666667,0.3,4,manhattan,brute,10,2.0,0.11833485762883016
3,0.8866666666666667,0.3,4,manhattan,brute,20,,0.11833485762883016
3,0.8866666666666667,0.3,4,manhattan,brute,20,1.0,0.11833485762883016
3,0.8866666666666667,0.3,4,manhattan,brute,20,2.0,0.11833485762883016
3,0.8866666666666667,0.3,4,manhattan,brute,30,,0.11833485762883016
3,0.8866666666666667,0.3,4,manhattan,brute,30,1.0,0.11833485762883016
3,0.8866666666666667,0.3,4,manhattan,brute,30,2.0,0.11833485762883016
3,0.8866666666666667,0.3,4,manhattan,brute,40,,0.11833485762883016
3,0.8866666666666667,0.3,4,manhattan,brute,40,1.0,0.11833485762883016
3,0.8866666666666667,0.3,4,manhattan,brute,40,2.0,0.11833485762883016
3,0.8866666666666667,0.3,4,manhattan,brute,50,,0.11833485762883016
3,0.8866666666666667,0.3,4,manhattan,brute,50,1.0,0.11833485762883016
3,0.8866666666666667,0.3,4,manhattan,brute,50,2.0,0.11833485762883016
0,1.0,0.3,4,mahalanobis,auto,10,,-1.0
0,1.0,0.3,4,mahalanobis,auto,10,1.0,-1.0
0,1.0,0.3,4,mahalanobis,auto,10,2.0,-1.0
0,1.0,0.3,4,mahalanobis,auto,20,,-1.0
0,1.0,0.3,4,mahalanobis,auto,20,1.0,-1.0
0,1.0,0.3,4,mahalanobis,auto,20,2.0,-1.0
0,1.0,0.3,4,mahalanobis,auto,30,,-1.0
0,1.0,0.3,4,mahalanobis,auto,30,1.0,-1.0
0,1.0,0.3,4,mahalanobis,auto,30,2.0,-1.0
0,1.0,0.3,4,mahalanobis,auto,40,,-1.0
0,1.0,0.3,4,mahalanobis,auto,40,1.0,-1.0
0,1.0,0.3,4,mahalanobis,auto,40,2.0,-1.0
0,1.0,0.3,4,mahalanobis,auto,50,,-1.0
0,1.0,0.3,4,mahalanobis,auto,50,1.0,-1.0
0,1.0,0.3,4,mahalanobis,auto,50,2.0,-1.0
0,1.0,0.3,4,mahalanobis,ball_tree,10,,-1.0
0,1.0,0.3,4,mahalanobis,ball_tree,10,1.0,-1.0
0,1.0,0.3,4,mahalanobis,ball_tree,10,2.0,-1.0
0,1.0,0.3,4,mahalanobis,ball_tree,20,,-1.0
0,1.0,0.3,4,mahalanobis,ball_tree,20,1.0,-1.0
0,1.0,0.3,4,mahalanobis,ball_tree,20,2.0,-1.0
0,1.0,0.3,4,mahalanobis,ball_tree,30,,-1.0
0,1.0,0.3,4,mahalanobis,ball_tree,30,1.0,-1.0
0,1.0,0.3,4,mahalanobis,ball_tree,30,2.0,-1.0
0,1.0,0.3,4,mahalanobis,ball_tree,40,,-1.0
0,1.0,0.3,4,mahalanobis,ball_tree,40,1.0,-1.0
0,1.0,0.3,4,mahalanobis,ball_tree,40,2.0,-1.0
0,1.0,0.3,4,mahalanobis,ball_tree,50,,-1.0
0,1.0,0.3,4,mahalanobis,ball_tree,50,1.0,-1.0
0,1.0,0.3,4,mahalanobis,ball_tree,50,2.0,-1.0
0,1.0,0.3,4,mahalanobis,kd_tree,10,,-1.0
0,1.0,0.3,4,mahalanobis,kd_tree,10,1.0,-1.0
0,1.0,0.3,4,mahalanobis,kd_tree,10,2.0,-1.0
0,1.0,0.3,4,mahalanobis,kd_tree,20,,-1.0
0,1.0,0.3,4,mahalanobis,kd_tree,20,1.0,-1.0
0,1.0,0.3,4,mahalanobis,kd_tree,20,2.0,-1.0
0,1.0,0.3,4,mahalanobis,kd_tree,30,,-1.0
0,1.0,0.3,4,mahalanobis,kd_tree,30,1.0,-1.0
0,1.0,0.3,4,mahalanobis,kd_tree,30,2.0,-1.0
0,1.0,0.3,4,mahalanobis,kd_tree,40,,-1.0
0,1.0,0.3,4,mahalanobis,kd_tree,40,1.0,-1.0
0,1.0,0.3,4,mahalanobis,kd_tree,40,2.0,-1.0
0,1.0,0.3,4,mahalanobis,kd_tree,50,,-1.0
0,1.0,0.3,4,mahalanobis,kd_tree,50,1.0,-1.0
0,1.0,0.3,4,mahalanobis,kd_tree,50,2.0,-1.0
0,1.0,0.3,4,mahalanobis,brute,10,,-1.0
0,1.0,0.3,4,mahalanobis,brute,10,1.0,-1.0
0,1.0,0.3,4,mahalanobis,brute,10,2.0,-1.0
0,1.0,0.3,4,mahalanobis,brute,20,,-1.0
0,1.0,0.3,4,mahalanobis,brute,20,1.0,-1.0
0,1.0,0.3,4,mahalanobis,brute,20,2.0,-1.0
0,1.0,0.3,4,mahalanobis,brute,30,,-1.0
0,1.0,0.3,4,mahalanobis,brute,30,1.0,-1.0
0,1.0,0.3,4,mahalanobis,brute,30,2.0,-1.0
0,1.0,0.3,4,mahalanobis,brute,40,,-1.0
0,1.0,0.3,4,mahalanobis,brute,40,1.0,-1.0
0,1.0,0.3,4,mahalanobis,brute,40,2.0,-1.0
0,1.0,0.3,4,mahalanobis,brute,50,,-1.0
0,1.0,0.3,4,mahalanobis,brute,50,1.0,-1.0
0,1.0,0.3,4,mahalanobis,brute,50,2.0,-1.0
3,0.8,0.3,5,euclidean,auto,10,,-0.18916879212854104
3,0.8,0.3,5,euclidean,auto,10,1.0,-0.18916879212854104
3,0.8,0.3,5,euclidean,auto,10,2.0,-0.18916879212854104
3,0.8,0.3,5,euclidean,auto,20,,-0.18916879212854104
3,0.8,0.3,5,euclidean,auto,20,1.0,-0.18916879212854104
3,0.8,0.3,5,euclidean,auto,20,2.0,-0.18916879212854104
3,0.8,0.3,5,euclidean,auto,30,,-0.18916879212854104
3,0.8,0.3,5,euclidean,auto,30,1.0,-0.18916879212854104
3,0.8,0.3,5,euclidean,auto,30,2.0,-0.18916879212854104
3,0.8,0.3,5,euclidean,auto,40,,-0.18916879212854104
3,0.8,0.3,5,euclidean,auto,40,1.0,-0.18916879212854104
3,0.8,0.3,5,euclidean,auto,40,2.0,-0.18916879212854104
3,0.8,0.3,5,euclidean,auto,50,,-0.18916879212854104
3,0.8,0.3,5,euclidean,auto,50,1.0,-0.18916879212854104
3,0.8,0.3,5,euclidean,auto,50,2.0,-0.18916879212854104
3,0.8,0.3,5,euclidean,ball_tree,10,,-0.18916879212854104
3,0.8,0.3,5,euclidean,ball_tree,10,1.0,-0.18916879212854104
3,0.8,0.3,5,euclidean,ball_tree,10,2.0,-0.18916879212854104
3,0.8,0.3,5,euclidean,ball_tree,20,,-0.18916879212854104
3,0.8,0.3,5,euclidean,ball_tree,20,1.0,-0.18916879212854104
3,0.8,0.3,5,euclidean,ball_tree,20,2.0,-0.18916879212854104
3,0.8,0.3,5,euclidean,ball_tree,30,,-0.18916879212854104
3,0.8,0.3,5,euclidean,ball_tree,30,1.0,-0.18916879212854104
3,0.8,0.3,5,euclidean,ball_tree,30,2.0,-0.18916879212854104
3,0.8,0.3,5,euclidean,ball_tree,40,,-0.18916879212854104
3,0.8,0.3,5,euclidean,ball_tree,40,1.0,-0.18916879212854104
3,0.8,0.3,5,euclidean,ball_tree,40,2.0,-0.18916879212854104
3,0.8,0.3,5,euclidean,ball_tree,50,,-0.18916879212854104
3,0.8,0.3,5,euclidean,ball_tree,50,1.0,-0.18916879212854104
3,0.8,0.3,5,euclidean,ball_tree,50,2.0,-0.18916879212854104
3,0.8,0.3,5,euclidean,kd_tree,10,,-0.18916879212854104
3,0.8,0.3,5,euclidean,kd_tree,10,1.0,-0.18916879212854104
3,0.8,0.3,5,euclidean,kd_tree,10,2.0,-0.18916879212854104
3,0.8,0.3,5,euclidean,kd_tree,20,,-0.18916879212854104
3,0.8,0.3,5,euclidean,kd_tree,20,1.0,-0.18916879212854104
3,0.8,0.3,5,euclidean,kd_tree,20,2.0,-0.18916879212854104
3,0.8,0.3,5,euclidean,kd_tree,30,,-0.18916879212854104
3,0.8,0.3,5,euclidean,kd_tree,30,1.0,-0.18916879212854104
3,0.8,0.3,5,euclidean,kd_tree,30,2.0,-0.18916879212854104
3,0.8,0.3,5,euclidean,kd_tree,40,,-0.18916879212854104
3,0.8,0.3,5,euclidean,kd_tree,40,1.0,-0.18916879212854104
3,0.8,0.3,5,euclidean,kd_tree,40,2.0,-0.18916879212854104
3,0.8,0.3,5,euclidean,kd_tree,50,,-0.18916879212854104
3,0.8,0.3,5,euclidean,kd_tree,50,1.0,-0.18916879212854104
3,0.8,0.3,5,euclidean,kd_tree,50,2.0,-0.18916879212854104
3,0.8,0.3,5,euclidean,brute,10,,-0.18916879212854104
3,0.8,0.3,5,euclidean,brute,10,1.0,-0.18916879212854104
3,0.8,0.3,5,euclidean,brute,10,2.0,-0.18916879212854104
3,0.8,0.3,5,euclidean,brute,20,,-0.18916879212854104
3,0.8,0.3,5,euclidean,brute,20,1.0,-0.18916879212854104
3,0.8,0.3,5,euclidean,brute,20,2.0,-0.18916879212854104
3,0.8,0.3,5,euclidean,brute,30,,-0.18916879212854104
3,0.8,0.3,5,euclidean,brute,30,1.0,-0.18916879212854104
3,0.8,0.3,5,euclidean,brute,30,2.0,-0.18916879212854104
3,0.8,0.3,5,euclidean,brute,40,,-0.18916879212854104
3,0.8,0.3,5,euclidean,brute,40,1.0,-0.18916879212854104
3,0.8,0.3,5,euclidean,brute,40,2.0,-0.18916879212854104
3,0.8,0.3,5,euclidean,brute,50,,-0.18916879212854104
3,0.8,0.3,5,euclidean,brute,50,1.0,-0.18916879212854104
3,0.8,0.3,5,euclidean,brute,50,2.0,-0.18916879212854104
2,0.9333333333333333,0.3,5,manhattan,auto,10,,0.06797664177984397
2,0.9333333333333333,0.3,5,manhattan,auto,10,1.0,0.06797664177984397
2,0.9333333333333333,0.3,5,manhattan,auto,10,2.0,0.06797664177984397
2,0.9333333333333333,0.3,5,manhattan,auto,20,,0.06797664177984397
2,0.9333333333333333,0.3,5,manhattan,auto,20,1.0,0.06797664177984397
2,0.9333333333333333,0.3,5,manhattan,auto,20,2.0,0.06797664177984397
2,0.9333333333333333,0.3,5,manhattan,auto,30,,0.06797664177984397
2,0.9333333333333333,0.3,5,manhattan,auto,30,1.0,0.06797664177984397
2,0.9333333333333333,0.3,5,manhattan,auto,30,2.0,0.06797664177984397
2,0.9333333333333333,0.3,5,manhattan,auto,40,,0.06797664177984397
2,0.9333333333333333,0.3,5,manhattan,auto,40,1.0,0.06797664177984397
2,0.9333333333333333,0.3,5,manhattan,auto,40,2.0,0.06797664177984397
2,0.9333333333333333,0.3,5,manhattan,auto,50,,0.06797664177984397
2,0.9333333333333333,0.3,5,manhattan,auto,50,1.0,0.06797664177984397
2,0.9333333333333333,0.3,5,manhattan,auto,50,2.0,0.06797664177984397
2,0.9333333333333333,0.3,5,manhattan,ball_tree,10,,0.06797664177984397
2,0.9333333333333333,0.3,5,manhattan,ball_tree,10,1.0,0.06797664177984397
2,0.9333333333333333,0.3,5,manhattan,ball_tree,10,2.0,0.06797664177984397
2,0.9333333333333333,0.3,5,manhattan,ball_tree,20,,0.06797664177984397
2,0.9333333333333333,0.3,5,manhattan,ball_tree,20,1.0,0.06797664177984397
2,0.9333333333333333,0.3,5,manhattan,ball_tree,20,2.0,0.06797664177984397
2,0.9333333333333333,0.3,5,manhattan,ball_tree,30,,0.06797664177984397
2,0.9333333333333333,0.3,5,manhattan,ball_tree,30,1.0,0.06797664177984397
2,0.9333333333333333,0.3,5,manhattan,ball_tree,30,2.0,0.06797664177984397
2,0.9333333333333333,0.3,5,manhattan,ball_tree,40,,0.06797664177984397
2,0.9333333333333333,0.3,5,manhattan,ball_tree,40,1.0,0.06797664177984397
2,0.9333333333333333,0.3,5,manhattan,ball_tree,40,2.0,0.06797664177984397
2,0.9333333333333333,0.3,5,manhattan,ball_tree,50,,0.06797664177984397
2,0.9333333333333333,0.3,5,manhattan,ball_tree,50,1.0,0.06797664177984397
2,0.9333333333333333,0.3,5,manhattan,ball_tree,50,2.0,0.06797664177984397
2,0.9333333333333333,0.3,5,manhattan,kd_tree,10,,0.06797664177984397
2,0.9333333333333333,0.3,5,manhattan,kd_tree,10,1.0,0.06797664177984397
2,0.9333333333333333,0.3,5,manhattan,kd_tree,10,2.0,0.06797664177984397
2,0.9333333333333333,0.3,5,manhattan,kd_tree,20,,0.06797664177984397
2,0.9333333333333333,0.3,5,manhattan,kd_tree,20,1.0,0.06797664177984397
2,0.9333333333333333,0.3,5,manhattan,kd_tree,20,2.0,0.06797664177984397
2,0.9333333333333333,0.3,5,manhattan,kd_tree,30,,0.06797664177984397
2,0.9333333333333333,0.3,5,manhattan,kd_tree,30,1.0,0.06797664177984397
2,0.9333333333333333,0.3,5,manhattan,kd_tree,30,2.0,0.06797664177984397
2,0.9333333333333333,0.3,5,manhattan,kd_tree,40,,0.06797664177984397
2,0.9333333333333333,0.3,5,manhattan,kd_tree,40,1.0,0.06797664177984397
2,0.9333333333333333,0.3,5,manhattan,kd_tree,40,2.0,0.06797664177984397
2,0.9333333333333333,0.3,5,manhattan,kd_tree,50,,0.06797664177984397
2,0.9333333333333333,0.3,5,manhattan,kd_tree,50,1.0,0.06797664177984397
2,0.9333333333333333,0.3,5,manhattan,kd_tree,50,2.0,0.06797664177984397
2,0.9333333333333333,0.3,5,manhattan,brute,10,,0.06797664177984397
2,0.9333333333333333,0.3,5,manhattan,brute,10,1.0,0.06797664177984397
2,0.9333333333333333,0.3,5,manhattan,brute,10,2.0,0.06797664177984397
2,0.9333333333333333,0.3,5,manhattan,brute,20,,0.06797664177984397
2,0.9333333333333333,0.3,5,manhattan,brute,20,1.0,0.06797664177984397
2,0.9333333333333333,0.3,5,manhattan,brute,20,2.0,0.06797664177984397
2,0.9333333333333333,0.3,5,manhattan,brute,30,,0.06797664177984397
2,0.9333333333333333,0.3,5,manhattan,brute,30,1.0,0.06797664177984397
2,0.9333333333333333,0.3,5,manhattan,brute,30,2.0,0.06797664177984397
2,0.9333333333333333,0.3,5,manhattan,brute,40,,0.06797664177984397
2,0.9333333333333333,0.3,5,manhattan,brute,40,1.0,0.06797664177984397
2,0.9333333333333333,0.3,5,manhattan,brute,40,2.0,0.06797664177984397
2,0.9333333333333333,0.3,5,manhattan,brute,50,,0.06797664177984397
2,0.9333333333333333,0.3,5,manhattan,brute,50,1.0,0.06797664177984397
2,0.9333333333333333,0.3,5,manhattan,brute,50,2.0,0.06797664177984397
0,1.0,0.3,5,mahalanobis,auto,10,,-1.0
0,1.0,0.3,5,mahalanobis,auto,10,1.0,-1.0
0,1.0,0.3,5,mahalanobis,auto,10,2.0,-1.0
0,1.0,0.3,5,mahalanobis,auto,20,,-1.0
0,1.0,0.3,5,mahalanobis,auto,20,1.0,-1.0
0,1.0,0.3,5,mahalanobis,auto,20,2.0,-1.0
0,1.0,0.3,5,mahalanobis,auto,30,,-1.0
0,1.0,0.3,5,mahalanobis,auto,30,1.0,-1.0
0,1.0,0.3,5,mahalanobis,auto,30,2.0,-1.0
0,1.0,0.3,5,mahalanobis,auto,40,,-1.0
0,1.0,0.3,5,mahalanobis,auto,40,1.0,-1.0
0,1.0,0.3,5,mahalanobis,auto,40,2.0,-1.0
0,1.0,0.3,5,mahalanobis,auto,50,,-1.0
0,1.0,0.3,5,mahalanobis,auto,50,1.0,-1.0
0,1.0,0.3,5,mahalanobis,auto,50,2.0,-1.0
0,1.0,0.3,5,mahalanobis,ball_tree,10,,-1.0
0,1.0,0.3,5,mahalanobis,ball_tree,10,1.0,-1.0
0,1.0,0.3,5,mahalanobis,ball_tree,10,2.0,-1.0
0,1.0,0.3,5,mahalanobis,ball_tree,20,,-1.0
0,1.0,0.3,5,mahalanobis,ball_tree,20,1.0,-1.0
0,1.0,0.3,5,mahalanobis,ball_tree,20,2.0,-1.0
0,1.0,0.3,5,mahalanobis,ball_tree,30,,-1.0
0,1.0,0.3,5,mahalanobis,ball_tree,30,1.0,-1.0
0,1.0,0.3,5,mahalanobis,ball_tree,30,2.0,-1.0
0,1.0,0.3,5,mahalanobis,ball_tree,40,,-1.0
0,1.0,0.3,5,mahalanobis,ball_tree,40,1.0,-1.0
0,1.0,0.3,5,mahalanobis,ball_tree,40,2.0,-1.0
0,1.0,0.3,5,mahalanobis,ball_tree,50,,-1.0
0,1.0,0.3,5,mahalanobis,ball_tree,50,1.0,-1.0
0,1.0,0.3,5,mahalanobis,ball_tree,50,2.0,-1.0
0,1.0,0.3,5,mahalanobis,kd_tree,10,,-1.0
0,1.0,0.3,5,mahalanobis,kd_tree,10,1.0,-1.0
0,1.0,0.3,5,mahalanobis,kd_tree,10,2.0,-1.0
0,1.0,0.3,5,mahalanobis,kd_tree,20,,-1.0
0,1.0,0.3,5,mahalanobis,kd_tree,20,1.0,-1.0
0,1.0,0.3,5,mahalanobis,kd_tree,20,2.0,-1.0
0,1.0,0.3,5,mahalanobis,kd_tree,30,,-1.0
0,1.0,0.3,5,mahalanobis,kd_tree,30,1.0,-1.0
0,1.0,0.3,5,mahalanobis,kd_tree,30,2.0,-1.0
0,1.0,0.3,5,mahalanobis,kd_tree,40,,-1.0
0,1.0,0.3,5,mahalanobis,kd_tree,40,1.0,-1.0
0,1.0,0.3,5,mahalanobis,kd_tree,40,2.0,-1.0
0,1.0,0.3,5,mahalanobis,kd_tree,50,,-1.0
0,1.0,0.3,5,mahalanobis,kd_tree,50,1.0,-1.0
0,1.0,0.3,5,mahalanobis,kd_tree,50,2.0,-1.0
0,1.0,0.3,5,mahalanobis,brute,10,,-1.0
0,1.0,0.3,5,mahalanobis,brute,10,1.0,-1.0
0,1.0,0.3,5,mahalanobis,brute,10,2.0,-1.0
0,1.0,0.3,5,mahalanobis,brute,20,,-1.0
0,1.0,0.3,5,mahalanobis,brute,20,1.0,-1.0
0,1.0,0.3,5,mahalanobis,brute,20,2.0,-1.0
0,1.0,0.3,5,mahalanobis,brute,30,,-1.0
0,1.0,0.3,5,mahalanobis,brute,30,1.0,-1.0
0,1.0,0.3,5,mahalanobis,brute,30,2.0,-1.0
0,1.0,0.3,5,mahalanobis,brute,40,,-1.0
0,1.0,0.3,5,mahalanobis,brute,40,1.0,-1.0
0,1.0,0.3,5,mahalanobis,brute,40,2.0,-1.0
0,1.0,0.3,5,mahalanobis,brute,50,,-1.0
0,1.0,0.3,5,mahalanobis,brute,50,1.0,-1.0
0,1.0,0.3,5,mahalanobis,brute,50,2.0,-1.0
2,0.8533333333333334,0.3,6,euclidean,auto,10,,0.1910004323684012
2,0.8533333333333334,0.3,6,euclidean,auto,10,1.0,0.1910004323684012
2,0.8533333333333334,0.3,6,euclidean,auto,10,2.0,0.1910004323684012
2,0.8533333333333334,0.3,6,euclidean,auto,20,,0.1910004323684012
2,0.8533333333333334,0.3,6,euclidean,auto,20,1.0,0.1910004323684012
2,0.8533333333333334,0.3,6,euclidean,auto,20,2.0,0.1910004323684012
2,0.8533333333333334,0.3,6,euclidean,auto,30,,0.1910004323684012
2,0.8533333333333334,0.3,6,euclidean,auto,30,1.0,0.1910004323684012
2,0.8533333333333334,0.3,6,euclidean,auto,30,2.0,0.1910004323684012
2,0.8533333333333334,0.3,6,euclidean,auto,40,,0.1910004323684012
2,0.8533333333333334,0.3,6,euclidean,auto,40,1.0,0.1910004323684012
2,0.8533333333333334,0.3,6,euclidean,auto,40,2.0,0.1910004323684012
2,0.8533333333333334,0.3,6,euclidean,auto,50,,0.1910004323684012
2,0.8533333333333334,0.3,6,euclidean,auto,50,1.0,0.1910004323684012
2,0.8533333333333334,0.3,6,euclidean,auto,50,2.0,0.1910004323684012
2,0.8533333333333334,0.3,6,euclidean,ball_tree,10,,0.1910004323684012
2,0.8533333333333334,0.3,6,euclidean,ball_tree,10,1.0,0.1910004323684012
2,0.8533333333333334,0.3,6,euclidean,ball_tree,10,2.0,0.1910004323684012
2,0.8533333333333334,0.3,6,euclidean,ball_tree,20,,0.1910004323684012
2,0.8533333333333334,0.3,6,euclidean,ball_tree,20,1.0,0.1910004323684012
2,0.8533333333333334,0.3,6,euclidean,ball_tree,20,2.0,0.1910004323684012
2,0.8533333333333334,0.3,6,euclidean,ball_tree,30,,0.1910004323684012
2,0.8533333333333334,0.3,6,euclidean,ball_tree,30,1.0,0.1910004323684012
2,0.8533333333333334,0.3,6,euclidean,ball_tree,30,2.0,0.1910004323684012
2,0.8533333333333334,0.3,6,euclidean,ball_tree,40,,0.1910004323684012
2,0.8533333333333334,0.3,6,euclidean,ball_tree,40,1.0,0.1910004323684012
2,0.8533333333333334,0.3,6,euclidean,ball_tree,40,2.0,0.1910004323684012
2,0.8533333333333334,0.3,6,euclidean,ball_tree,50,,0.1910004323684012
2,0.8533333333333334,0.3,6,euclidean,ball_tree,50,1.0,0.1910004323684012
2,0.8533333333333334,0.3,6,euclidean,ball_tree,50,2.0,0.1910004323684012
2,0.8533333333333334,0.3,6,euclidean,kd_tree,10,,0.1910004323684012
2,0.8533333333333334,0.3,6,euclidean,kd_tree,10,1.0,0.1910004323684012
2,0.8533333333333334,0.3,6,euclidean,kd_tree,10,2.0,0.1910004323684012
2,0.8533333333333334,0.3,6,euclidean,kd_tree,20,,0.1910004323684012
2,0.8533333333333334,0.3,6,euclidean,kd_tree,20,1.0,0.1910004323684012
2,0.8533333333333334,0.3,6,euclidean,kd_tree,20,2.0,0.1910004323684012
2,0.8533333333333334,0.3,6,euclidean,kd_tree,30,,0.1910004323684012
2,0.8533333333333334,0.3,6,euclidean,kd_tree,30,1.0,0.1910004323684012
2,0.8533333333333334,0.3,6,euclidean,kd_tree,30,2.0,0.1910004323684012
2,0.8533333333333334,0.3,6,euclidean,kd_tree,40,,0.1910004323684012
2,0.8533333333333334,0.3,6,euclidean,kd_tree,40,1.0,0.1910004323684012
2,0.8533333333333334,0.3,6,euclidean,kd_tree,40,2.0,0.1910004323684012
2,0.8533333333333334,0.3,6,euclidean,kd_tree,50,,0.1910004323684012
2,0.8533333333333334,0.3,6,euclidean,kd_tree,50,1.0,0.1910004323684012
2,0.8533333333333334,0.3,6,euclidean,kd_tree,50,2.0,0.1910004323684012
2,0.8533333333333334,0.3,6,euclidean,brute,10,,0.1910004323684012
2,0.8533333333333334,0.3,6,euclidean,brute,10,1.0,0.1910004323684012
2,0.8533333333333334,0.3,6,euclidean,brute,10,2.0,0.1910004323684012
2,0.8533333333333334,0.3,6,euclidean,brute,20,,0.1910004323684012
2,0.8533333333333334,0.3,6,euclidean,brute,20,1.0,0.1910004323684012
2,0.8533333333333334,0.3,6,euclidean,brute,20,2.0,0.1910004323684012
2,0.8533333333333334,0.3,6,euclidean,brute,30,,0.1910004323684012
2,0.8533333333333334,0.3,6,euclidean,brute,30,1.0,0.1910004323684012
2,0.8533333333333334,0.3,6,euclidean,brute,30,2.0,0.1910004323684012
2,0.8533333333333334,0.3,6,euclidean,brute,40,,0.1910004323684012
2,0.8533333333333334,0.3,6,euclidean,brute,40,1.0,0.1910004323684012
2,0.8533333333333334,0.3,6,euclidean,brute,40,2.0,0.1910004323684012
2,0.8533333333333334,0.3,6,euclidean,brute,50,,0.1910004323684012
2,0.8533333333333334,0.3,6,euclidean,brute,50,1.0,0.1910004323684012
2,0.8533333333333334,0.3,6,euclidean,brute,50,2.0,0.1910004323684012
0,1.0,0.3,6,manhattan,auto,10,,-1.0
0,1.0,0.3,6,manhattan,auto,10,1.0,-1.0
0,1.0,0.3,6,manhattan,auto,10,2.0,-1.0
0,1.0,0.3,6,manhattan,auto,20,,-1.0
0,1.0,0.3,6,manhattan,auto,20,1.0,-1.0
0,1.0,0.3,6,manhattan,auto,20,2.0,-1.0
0,1.0,0.3,6,manhattan,auto,30,,-1.0
0,1.0,0.3,6,manhattan,auto,30,1.0,-1.0
0,1.0,0.3,6,manhattan,auto,30,2.0,-1.0
0,1.0,0.3,6,manhattan,auto,40,,-1.0
0,1.0,0.3,6,manhattan,auto,40,1.0,-1.0
0,1.0,0.3,6,manhattan,auto,40,2.0,-1.0
0,1.0,0.3,6,manhattan,auto,50,,-1.0
0,1.0,0.3,6,manhattan,auto,50,1.0,-1.0
0,1.0,0.3,6,manhattan,auto,50,2.0,-1.0
0,1.0,0.3,6,manhattan,ball_tree,10,,-1.0
0,1.0,0.3,6,manhattan,ball_tree,10,1.0,-1.0
0,1.0,0.3,6,manhattan,ball_tree,10,2.0,-1.0
0,1.0,0.3,6,manhattan,ball_tree,20,,-1.0
0,1.0,0.3,6,manhattan,ball_tree,20,1.0,-1.0
0,1.0,0.3,6,manhattan,ball_tree,20,2.0,-1.0
0,1.0,0.3,6,manhattan,ball_tree,30,,-1.0
0,1.0,0.3,6,manhattan,ball_tree,30,1.0,-1.0
0,1.0,0.3,6,manhattan,ball_tree,30,2.0,-1.0
0,1.0,0.3,6,manhattan,ball_tree,40,,-1.0
0,1.0,0.3,6,manhattan,ball_tree,40,1.0,-1.0
0,1.0,0.3,6,manhattan,ball_tree,40,2.0,-1.0
0,1.0,0.3,6,manhattan,ball_tree,50,,-1.0
0,1.0,0.3,6,manhattan,ball_tree,50,1.0,-1.0
0,1.0,0.3,6,manhattan,ball_tree,50,2.0,-1.0
0,1.0,0.3,6,manhattan,kd_tree,10,,-1.0
0,1.0,0.3,6,manhattan,kd_tree,10,1.0,-1.0
0,1.0,0.3,6,manhattan,kd_tree,10,2.0,-1.0
0,1.0,0.3,6,manhattan,kd_tree,20,,-1.0
0,1.0,0.3,6,manhattan,kd_tree,20,1.0,-1.0
0,1.0,0.3,6,manhattan,kd_tree,20,2.0,-1.0
0,1.0,0.3,6,manhattan,kd_tree,30,,-1.0
0,1.0,0.3,6,manhattan,kd_tree,30,1.0,-1.0
0,1.0,0.3,6,manhattan,kd_tree,30,2.0,-1.0
0,1.0,0.3,6,manhattan,kd_tree,40,,-1.0
0,1.0,0.3,6,manhattan,kd_tree,40,1.0,-1.0
0,1.0,0.3,6,manhattan,kd_tree,40,2.0,-1.0
0,1.0,0.3,6,manhattan,kd_tree,50,,-1.0
0,1.0,0.3,6,manhattan,kd_tree,50,1.0,-1.0
0,1.0,0.3,6,manhattan,kd_tree,50,2.0,-1.0
0,1.0,0.3,6,manhattan,brute,10,,-1.0
0,1.0,0.3,6,manhattan,brute,10,1.0,-1.0
0,1.0,0.3,6,manhattan,brute,10,2.0,-1.0
0,1.0,0.3,6,manhattan,brute,20,,-1.0
0,1.0,0.3,6,manhattan,brute,20,1.0,-1.0
0,1.0,0.3,6,manhattan,brute,20,2.0,-1.0
0,1.0,0.3,6,manhattan,brute,30,,-1.0
0,1.0,0.3,6,manhattan,brute,30,1.0,-1.0
0,1.0,0.3,6,manhattan,brute,30,2.0,-1.0
0,1.0,0.3,6,manhattan,brute,40,,-1.0
0,1.0,0.3,6,manhattan,brute,40,1.0,-1.0
0,1.0,0.3,6,manhattan,brute,40,2.0,-1.0
0,1.0,0.3,6,manhattan,brute,50,,-1.0
0,1.0,0.3,6,manhattan,brute,50,1.0,-1.0
0,1.0,0.3,6,manhattan,brute,50,2.0,-1.0
0,1.0,0.3,6,mahalanobis,auto,10,,-1.0
0,1.0,0.3,6,mahalanobis,auto,10,1.0,-1.0
0,1.0,0.3,6,mahalanobis,auto,10,2.0,-1.0
0,1.0,0.3,6,mahalanobis,auto,20,,-1.0
0,1.0,0.3,6,mahalanobis,auto,20,1.0,-1.0
0,1.0,0.3,6,mahalanobis,auto,20,2.0,-1.0
0,1.0,0.3,6,mahalanobis,auto,30,,-1.0
0,1.0,0.3,6,mahalanobis,auto,30,1.0,-1.0
0,1.0,0.3,6,mahalanobis,auto,30,2.0,-1.0
0,1.0,0.3,6,mahalanobis,auto,40,,-1.0
0,1.0,0.3,6,mahalanobis,auto,40,1.0,-1.0
0,1.0,0.3,6,mahalanobis,auto,40,2.0,-1.0
0,1.0,0.3,6,mahalanobis,auto,50,,-1.0
0,1.0,0.3,6,mahalanobis,auto,50,1.0,-1.0
0,1.0,0.3,6,mahalanobis,auto,50,2.0,-1.0
0,1.0,0.3,6,mahalanobis,ball_tree,10,,-1.0
0,1.0,0.3,6,mahalanobis,ball_tree,10,1.0,-1.0
0,1.0,0.3,6,mahalanobis,ball_tree,10,2.0,-1.0
0,1.0,0.3,6,mahalanobis,ball_tree,20,,-1.0
0,1.0,0.3,6,mahalanobis,ball_tree,20,1.0,-1.0
0,1.0,0.3,6,mahalanobis,ball_tree,20,2.0,-1.0
0,1.0,0.3,6,mahalanobis,ball_tree,30,,-1.0
0,1.0,0.3,6,mahalanobis,ball_tree,30,1.0,-1.0
0,1.0,0.3,6,mahalanobis,ball_tree,30,2.0,-1.0
0,1.0,0.3,6,mahalanobis,ball_tree,40,,-1.0
0,1.0,0.3,6,mahalanobis,ball_tree,40,1.0,-1.0
0,1.0,0.3,6,mahalanobis,ball_tree,40,2.0,-1.0
0,1.0,0.3,6,mahalanobis,ball_tree,50,,-1.0
0,1.0,0.3,6,mahalanobis,ball_tree,50,1.0,-1.0
0,1.0,0.3,6,mahalanobis,ball_tree,50,2.0,-1.0
0,1.0,0.3,6,mahalanobis,kd_tree,10,,-1.0
0,1.0,0.3,6,mahalanobis,kd_tree,10,1.0,-1.0
0,1.0,0.3,6,mahalanobis,kd_tree,10,2.0,-1.0
0,1.0,0.3,6,mahalanobis,kd_tree,20,,-1.0
0,1.0,0.3,6,mahalanobis,kd_tree,20,1.0,-1.0
0,1.0,0.3,6,mahalanobis,kd_tree,20,2.0,-1.0
0,1.0,0.3,6,mahalanobis,kd_tree,30,,-1.0
0,1.0,0.3,6,mahalanobis,kd_tree,30,1.0,-1.0
0,1.0,0.3,6,mahalanobis,kd_tree,30,2.0,-1.0
0,1.0,0.3,6,mahalanobis,kd_tree,40,,-1.0
0,1.0,0.3,6,mahalanobis,kd_tree,40,1.0,-1.0
0,1.0,0.3,6,mahalanobis,kd_tree,40,2.0,-1.0
0,1.0,0.3,6,mahalanobis,kd_tree,50,,-1.0
0,1.0,0.3,6,mahalanobis,kd_tree,50,1.0,-1.0
0,1.0,0.3,6,mahalanobis,kd_tree,50,2.0,-1.0
0,1.0,0.3,6,mahalanobis,brute,10,,-1.0
0,1.0,0.3,6,mahalanobis,brute,10,1.0,-1.0
0,1.0,0.3,6,mahalanobis,brute,10,2.0,-1.0
0,1.0,0.3,6,mahalanobis,brute,20,,-1.0
0,1.0,0.3,6,mahalanobis,brute,20,1.0,-1.0
0,1.0,0.3,6,mahalanobis,brute,20,2.0,-1.0
0,1.0,0.3,6,mahalanobis,brute,30,,-1.0
0,1.0,0.3,6,mahalanobis,brute,30,1.0,-1.0
0,1.0,0.3,6,mahalanobis,brute,30,2.0,-1.0
0,1.0,0.3,6,mahalanobis,brute,40,,-1.0
0,1.0,0.3,6,mahalanobis,brute,40,1.0,-1.0
0,1.0,0.3,6,mahalanobis,brute,40,2.0,-1.0
0,1.0,0.3,6,mahalanobis,brute,50,,-1.0
0,1.0,0.3,6,mahalanobis,brute,50,1.0,-1.0
0,1.0,0.3,6,mahalanobis,brute,50,2.0,-1.0
2,0.8533333333333334,0.3,7,euclidean,auto,10,,0.1910004323684012
2,0.8533333333333334,0.3,7,euclidean,auto,10,1.0,0.1910004323684012
2,0.8533333333333334,0.3,7,euclidean,auto,10,2.0,0.1910004323684012
2,0.8533333333333334,0.3,7,euclidean,auto,20,,0.1910004323684012
2,0.8533333333333334,0.3,7,euclidean,auto,20,1.0,0.1910004323684012
2,0.8533333333333334,0.3,7,euclidean,auto,20,2.0,0.1910004323684012
2,0.8533333333333334,0.3,7,euclidean,auto,30,,0.1910004323684012
2,0.8533333333333334,0.3,7,euclidean,auto,30,1.0,0.1910004323684012
2,0.8533333333333334,0.3,7,euclidean,auto,30,2.0,0.1910004323684012
2,0.8533333333333334,0.3,7,euclidean,auto,40,,0.1910004323684012
2,0.8533333333333334,0.3,7,euclidean,auto,40,1.0,0.1910004323684012
2,0.8533333333333334,0.3,7,euclidean,auto,40,2.0,0.1910004323684012
2,0.8533333333333334,0.3,7,euclidean,auto,50,,0.1910004323684012
2,0.8533333333333334,0.3,7,euclidean,auto,50,1.0,0.1910004323684012
2,0.8533333333333334,0.3,7,euclidean,auto,50,2.0,0.1910004323684012
2,0.8533333333333334,0.3,7,euclidean,ball_tree,10,,0.1910004323684012
2,0.8533333333333334,0.3,7,euclidean,ball_tree,10,1.0,0.1910004323684012
2,0.8533333333333334,0.3,7,euclidean,ball_tree,10,2.0,0.1910004323684012
2,0.8533333333333334,0.3,7,euclidean,ball_tree,20,,0.1910004323684012
2,0.8533333333333334,0.3,7,euclidean,ball_tree,20,1.0,0.1910004323684012
2,0.8533333333333334,0.3,7,euclidean,ball_tree,20,2.0,0.1910004323684012
2,0.8533333333333334,0.3,7,euclidean,ball_tree,30,,0.1910004323684012
2,0.8533333333333334,0.3,7,euclidean,ball_tree,30,1.0,0.1910004323684012
2,0.8533333333333334,0.3,7,euclidean,ball_tree,30,2.0,0.1910004323684012
2,0.8533333333333334,0.3,7,euclidean,ball_tree,40,,0.1910004323684012
2,0.8533333333333334,0.3,7,euclidean,ball_tree,40,1.0,0.1910004323684012
2,0.8533333333333334,0.3,7,euclidean,ball_tree,40,2.0,0.1910004323684012
2,0.8533333333333334,0.3,7,euclidean,ball_tree,50,,0.1910004323684012
2,0.8533333333333334,0.3,7,euclidean,ball_tree,50,1.0,0.1910004323684012
2,0.8533333333333334,0.3,7,euclidean,ball_tree,50,2.0,0.1910004323684012
2,0.8533333333333334,0.3,7,euclidean,kd_tree,10,,0.1910004323684012
2,0.8533333333333334,0.3,7,euclidean,kd_tree,10,1.0,0.1910004323684012
2,0.8533333333333334,0.3,7,euclidean,kd_tree,10,2.0,0.1910004323684012
2,0.8533333333333334,0.3,7,euclidean,kd_tree,20,,0.1910004323684012
2,0.8533333333333334,0.3,7,euclidean,kd_tree,20,1.0,0.1910004323684012
2,0.8533333333333334,0.3,7,euclidean,kd_tree,20,2.0,0.1910004323684012
2,0.8533333333333334,0.3,7,euclidean,kd_tree,30,,0.1910004323684012
2,0.8533333333333334,0.3,7,euclidean,kd_tree,30,1.0,0.1910004323684012
2,0.8533333333333334,0.3,7,euclidean,kd_tree,30,2.0,0.1910004323684012
2,0.8533333333333334,0.3,7,euclidean,kd_tree,40,,0.1910004323684012
2,0.8533333333333334,0.3,7,euclidean,kd_tree,40,1.0,0.1910004323684012
2,0.8533333333333334,0.3,7,euclidean,kd_tree,40,2.0,0.1910004323684012
2,0.8533333333333334,0.3,7,euclidean,kd_tree,50,,0.1910004323684012
2,0.8533333333333334,0.3,7,euclidean,kd_tree,50,1.0,0.1910004323684012
2,0.8533333333333334,0.3,7,euclidean,kd_tree,50,2.0,0.1910004323684012
2,0.8533333333333334,0.3,7,euclidean,brute,10,,0.1910004323684012
2,0.8533333333333334,0.3,7,euclidean,brute,10,1.0,0.1910004323684012
2,0.8533333333333334,0.3,7,euclidean,brute,10,2.0,0.1910004323684012
2,0.8533333333333334,0.3,7,euclidean,brute,20,,0.1910004323684012
2,0.8533333333333334,0.3,7,euclidean,brute,20,1.0,0.1910004323684012
2,0.8533333333333334,0.3,7,euclidean,brute,20,2.0,0.1910004323684012
2,0.8533333333333334,0.3,7,euclidean,brute,30,,0.1910004323684012
2,0.8533333333333334,0.3,7,euclidean,brute,30,1.0,0.1910004323684012
2,0.8533333333333334,0.3,7,euclidean,brute,30,2.0,0.1910004323684012
2,0.8533333333333334,0.3,7,euclidean,brute,40,,0.1910004323684012
2,0.8533333333333334,0.3,7,euclidean,brute,40,1.0,0.1910004323684012
2,0.8533333333333334,0.3,7,euclidean,brute,40,2.0,0.1910004323684012
2,0.8533333333333334,0.3,7,euclidean,brute,50,,0.1910004323684012
2,0.8533333333333334,0.3,7,euclidean,brute,50,1.0,0.1910004323684012
2,0.8533333333333334,0.3,7,euclidean,brute,50,2.0,0.1910004323684012
0,1.0,0.3,7,manhattan,auto,10,,-1.0
0,1.0,0.3,7,manhattan,auto,10,1.0,-1.0
0,1.0,0.3,7,manhattan,auto,10,2.0,-1.0
0,1.0,0.3,7,manhattan,auto,20,,-1.0
0,1.0,0.3,7,manhattan,auto,20,1.0,-1.0
0,1.0,0.3,7,manhattan,auto,20,2.0,-1.0
0,1.0,0.3,7,manhattan,auto,30,,-1.0
0,1.0,0.3,7,manhattan,auto,30,1.0,-1.0
0,1.0,0.3,7,manhattan,auto,30,2.0,-1.0
0,1.0,0.3,7,manhattan,auto,40,,-1.0
0,1.0,0.3,7,manhattan,auto,40,1.0,-1.0
0,1.0,0.3,7,manhattan,auto,40,2.0,-1.0
0,1.0,0.3,7,manhattan,auto,50,,-1.0
0,1.0,0.3,7,manhattan,auto,50,1.0,-1.0
0,1.0,0.3,7,manhattan,auto,50,2.0,-1.0
0,1.0,0.3,7,manhattan,ball_tree,10,,-1.0
0,1.0,0.3,7,manhattan,ball_tree,10,1.0,-1.0
0,1.0,0.3,7,manhattan,ball_tree,10,2.0,-1.0
0,1.0,0.3,7,manhattan,ball_tree,20,,-1.0
0,1.0,0.3,7,manhattan,ball_tree,20,1.0,-1.0
0,1.0,0.3,7,manhattan,ball_tree,20,2.0,-1.0
0,1.0,0.3,7,manhattan,ball_tree,30,,-1.0
0,1.0,0.3,7,manhattan,ball_tree,30,1.0,-1.0
0,1.0,0.3,7,manhattan,ball_tree,30,2.0,-1.0
0,1.0,0.3,7,manhattan,ball_tree,40,,-1.0
0,1.0,0.3,7,manhattan,ball_tree,40,1.0,-1.0
0,1.0,0.3,7,manhattan,ball_tree,40,2.0,-1.0
0,1.0,0.3,7,manhattan,ball_tree,50,,-1.0
0,1.0,0.3,7,manhattan,ball_tree,50,1.0,-1.0
0,1.0,0.3,7,manhattan,ball_tree,50,2.0,-1.0
0,1.0,0.3,7,manhattan,kd_tree,10,,-1.0
0,1.0,0.3,7,manhattan,kd_tree,10,1.0,-1.0
0,1.0,0.3,7,manhattan,kd_tree,10,2.0,-1.0
0,1.0,0.3,7,manhattan,kd_tree,20,,-1.0
0,1.0,0.3,7,manhattan,kd_tree,20,1.0,-1.0
0,1.0,0.3,7,manhattan,kd_tree,20,2.0,-1.0
0,1.0,0.3,7,manhattan,kd_tree,30,,-1.0
0,1.0,0.3,7,manhattan,kd_tree,30,1.0,-1.0
0,1.0,0.3,7,manhattan,kd_tree,30,2.0,-1.0
0,1.0,0.3,7,manhattan,kd_tree,40,,-1.0
0,1.0,0.3,7,manhattan,kd_tree,40,1.0,-1.0
0,1.0,0.3,7,manhattan,kd_tree,40,2.0,-1.0
0,1.0,0.3,7,manhattan,kd_tree,50,,-1.0
0,1.0,0.3,7,manhattan,kd_tree,50,1.0,-1.0
0,1.0,0.3,7,manhattan,kd_tree,50,2.0,-1.0
0,1.0,0.3,7,manhattan,brute,10,,-1.0
0,1.0,0.3,7,manhattan,brute,10,1.0,-1.0
0,1.0,0.3,7,manhattan,brute,10,2.0,-1.0
0,1.0,0.3,7,manhattan,brute,20,,-1.0
0,1.0,0.3,7,manhattan,brute,20,1.0,-1.0
0,1.0,0.3,7,manhattan,brute,20,2.0,-1.0
0,1.0,0.3,7,manhattan,brute,30,,-1.0
0,1.0,0.3,7,manhattan,brute,30,1.0,-1.0
0,1.0,0.3,7,manhattan,brute,30,2.0,-1.0
0,1.0,0.3,7,manhattan,brute,40,,-1.0
0,1.0,0.3,7,manhattan,brute,40,1.0,-1.0
0,1.0,0.3,7,manhattan,brute,40,2.0,-1.0
0,1.0,0.3,7,manhattan,brute,50,,-1.0
0,1.0,0.3,7,manhattan,brute,50,1.0,-1.0
0,1.0,0.3,7,manhattan,brute,50,2.0,-1.0
0,1.0,0.3,7,mahalanobis,auto,10,,-1.0
0,1.0,0.3,7,mahalanobis,auto,10,1.0,-1.0
0,1.0,0.3,7,mahalanobis,auto,10,2.0,-1.0
0,1.0,0.3,7,mahalanobis,auto,20,,-1.0
0,1.0,0.3,7,mahalanobis,auto,20,1.0,-1.0
0,1.0,0.3,7,mahalanobis,auto,20,2.0,-1.0
0,1.0,0.3,7,mahalanobis,auto,30,,-1.0
0,1.0,0.3,7,mahalanobis,auto,30,1.0,-1.0
0,1.0,0.3,7,mahalanobis,auto,30,2.0,-1.0
0,1.0,0.3,7,mahalanobis,auto,40,,-1.0
0,1.0,0.3,7,mahalanobis,auto,40,1.0,-1.0
0,1.0,0.3,7,mahalanobis,auto,40,2.0,-1.0
0,1.0,0.3,7,mahalanobis,auto,50,,-1.0
0,1.0,0.3,7,mahalanobis,auto,50,1.0,-1.0
0,1.0,0.3,7,mahalanobis,auto,50,2.0,-1.0
0,1.0,0.3,7,mahalanobis,ball_tree,10,,-1.0
0,1.0,0.3,7,mahalanobis,ball_tree,10,1.0,-1.0
0,1.0,0.3,7,mahalanobis,ball_tree,10,2.0,-1.0
0,1.0,0.3,7,mahalanobis,ball_tree,20,,-1.0
0,1.0,0.3,7,mahalanobis,ball_tree,20,1.0,-1.0
0,1.0,0.3,7,mahalanobis,ball_tree,20,2.0,-1.0
0,1.0,0.3,7,mahalanobis,ball_tree,30,,-1.0
0,1.0,0.3,7,mahalanobis,ball_tree,30,1.0,-1.0
0,1.0,0.3,7,mahalanobis,ball_tree,30,2.0,-1.0
0,1.0,0.3,7,mahalanobis,ball_tree,40,,-1.0
0,1.0,0.3,7,mahalanobis,ball_tree,40,1.0,-1.0
0,1.0,0.3,7,mahalanobis,ball_tree,40,2.0,-1.0
0,1.0,0.3,7,mahalanobis,ball_tree,50,,-1.0
0,1.0,0.3,7,mahalanobis,ball_tree,50,1.0,-1.0
0,1.0,0.3,7,mahalanobis,ball_tree,50,2.0,-1.0
0,1.0,0.3,7,mahalanobis,kd_tree,10,,-1.0
0,1.0,0.3,7,mahalanobis,kd_tree,10,1.0,-1.0
0,1.0,0.3,7,mahalanobis,kd_tree,10,2.0,-1.0
0,1.0,0.3,7,mahalanobis,kd_tree,20,,-1.0
0,1.0,0.3,7,mahalanobis,kd_tree,20,1.0,-1.0
0,1.0,0.3,7,mahalanobis,kd_tree,20,2.0,-1.0
0,1.0,0.3,7,mahalanobis,kd_tree,30,,-1.0
0,1.0,0.3,7,mahalanobis,kd_tree,30,1.0,-1.0
0,1.0,0.3,7,mahalanobis,kd_tree,30,2.0,-1.0
0,1.0,0.3,7,mahalanobis,kd_tree,40,,-1.0
0,1.0,0.3,7,mahalanobis,kd_tree,40,1.0,-1.0
0,1.0,0.3,7,mahalanobis,kd_tree,40,2.0,-1.0
0,1.0,0.3,7,mahalanobis,kd_tree,50,,-1.0
0,1.0,0.3,7,mahalanobis,kd_tree,50,1.0,-1.0
0,1.0,0.3,7,mahalanobis,kd_tree,50,2.0,-1.0
0,1.0,0.3,7,mahalanobis,brute,10,,-1.0
0,1.0,0.3,7,mahalanobis,brute,10,1.0,-1.0
0,1.0,0.3,7,mahalanobis,brute,10,2.0,-1.0
0,1.0,0.3,7,mahalanobis,brute,20,,-1.0
0,1.0,0.3,7,mahalanobis,brute,20,1.0,-1.0
0,1.0,0.3,7,mahalanobis,brute,20,2.0,-1.0
0,1.0,0.3,7,mahalanobis,brute,30,,-1.0
0,1.0,0.3,7,mahalanobis,brute,30,1.0,-1.0
0,1.0,0.3,7,mahalanobis,brute,30,2.0,-1.0
0,1.0,0.3,7,mahalanobis,brute,40,,-1.0
0,1.0,0.3,7,mahalanobis,brute,40,1.0,-1.0
0,1.0,0.3,7,mahalanobis,brute,40,2.0,-1.0
0,1.0,0.3,7,mahalanobis,brute,50,,-1.0
0,1.0,0.3,7,mahalanobis,brute,50,1.0,-1.0
0,1.0,0.3,7,mahalanobis,brute,50,2.0,-1.0
2,0.86,0.3,8,euclidean,auto,10,,0.18189979472903542
2,0.86,0.3,8,euclidean,auto,10,1.0,0.18189979472903542
2,0.86,0.3,8,euclidean,auto,10,2.0,0.18189979472903542
2,0.86,0.3,8,euclidean,auto,20,,0.18189979472903542
2,0.86,0.3,8,euclidean,auto,20,1.0,0.18189979472903542
2,0.86,0.3,8,euclidean,auto,20,2.0,0.18189979472903542
2,0.86,0.3,8,euclidean,auto,30,,0.18189979472903542
2,0.86,0.3,8,euclidean,auto,30,1.0,0.18189979472903542
2,0.86,0.3,8,euclidean,auto,30,2.0,0.18189979472903542
2,0.86,0.3,8,euclidean,auto,40,,0.18189979472903542
2,0.86,0.3,8,euclidean,auto,40,1.0,0.18189979472903542
2,0.86,0.3,8,euclidean,auto,40,2.0,0.18189979472903542
2,0.86,0.3,8,euclidean,auto,50,,0.18189979472903542
2,0.86,0.3,8,euclidean,auto,50,1.0,0.18189979472903542
2,0.86,0.3,8,euclidean,auto,50,2.0,0.18189979472903542
2,0.86,0.3,8,euclidean,ball_tree,10,,0.18189979472903542
2,0.86,0.3,8,euclidean,ball_tree,10,1.0,0.18189979472903542
2,0.86,0.3,8,euclidean,ball_tree,10,2.0,0.18189979472903542
2,0.86,0.3,8,euclidean,ball_tree,20,,0.18189979472903542
2,0.86,0.3,8,euclidean,ball_tree,20,1.0,0.18189979472903542
2,0.86,0.3,8,euclidean,ball_tree,20,2.0,0.18189979472903542
2,0.86,0.3,8,euclidean,ball_tree,30,,0.18189979472903542
2,0.86,0.3,8,euclidean,ball_tree,30,1.0,0.18189979472903542
2,0.86,0.3,8,euclidean,ball_tree,30,2.0,0.18189979472903542
2,0.86,0.3,8,euclidean,ball_tree,40,,0.18189979472903542
2,0.86,0.3,8,euclidean,ball_tree,40,1.0,0.18189979472903542
2,0.86,0.3,8,euclidean,ball_tree,40,2.0,0.18189979472903542
2,0.86,0.3,8,euclidean,ball_tree,50,,0.18189979472903542
2,0.86,0.3,8,euclidean,ball_tree,50,1.0,0.18189979472903542
2,0.86,0.3,8,euclidean,ball_tree,50,2.0,0.18189979472903542
2,0.86,0.3,8,euclidean,kd_tree,10,,0.18189979472903542
2,0.86,0.3,8,euclidean,kd_tree,10,1.0,0.18189979472903542
2,0.86,0.3,8,euclidean,kd_tree,10,2.0,0.18189979472903542
2,0.86,0.3,8,euclidean,kd_tree,20,,0.18189979472903542
2,0.86,0.3,8,euclidean,kd_tree,20,1.0,0.18189979472903542
2,0.86,0.3,8,euclidean,kd_tree,20,2.0,0.18189979472903542
2,0.86,0.3,8,euclidean,kd_tree,30,,0.18189979472903542
2,0.86,0.3,8,euclidean,kd_tree,30,1.0,0.18189979472903542
2,0.86,0.3,8,euclidean,kd_tree,30,2.0,0.18189979472903542
2,0.86,0.3,8,euclidean,kd_tree,40,,0.18189979472903542
2,0.86,0.3,8,euclidean,kd_tree,40,1.0,0.18189979472903542
2,0.86,0.3,8,euclidean,kd_tree,40,2.0,0.18189979472903542
2,0.86,0.3,8,euclidean,kd_tree,50,,0.18189979472903542
2,0.86,0.3,8,euclidean,kd_tree,50,1.0,0.18189979472903542
2,0.86,0.3,8,euclidean,kd_tree,50,2.0,0.18189979472903542
2,0.86,0.3,8,euclidean,brute,10,,0.18189979472903542
2,0.86,0.3,8,euclidean,brute,10,1.0,0.18189979472903542
2,0.86,0.3,8,euclidean,brute,10,2.0,0.18189979472903542
2,0.86,0.3,8,euclidean,brute,20,,0.18189979472903542
2,0.86,0.3,8,euclidean,brute,20,1.0,0.18189979472903542
2,0.86,0.3,8,euclidean,brute,20,2.0,0.18189979472903542
2,0.86,0.3,8,euclidean,brute,30,,0.18189979472903542
2,0.86,0.3,8,euclidean,brute,30,1.0,0.18189979472903542
2,0.86,0.3,8,euclidean,brute,30,2.0,0.18189979472903542
2,0.86,0.3,8,euclidean,brute,40,,0.18189979472903542
2,0.86,0.3,8,euclidean,brute,40,1.0,0.18189979472903542
2,0.86,0.3,8,euclidean,brute,40,2.0,0.18189979472903542
2,0.86,0.3,8,euclidean,brute,50,,0.18189979472903542
2,0.86,0.3,8,euclidean,brute,50,1.0,0.18189979472903542
2,0.86,0.3,8,euclidean,brute,50,2.0,0.18189979472903542
0,1.0,0.3,8,manhattan,auto,10,,-1.0
0,1.0,0.3,8,manhattan,auto,10,1.0,-1.0
0,1.0,0.3,8,manhattan,auto,10,2.0,-1.0
0,1.0,0.3,8,manhattan,auto,20,,-1.0
0,1.0,0.3,8,manhattan,auto,20,1.0,-1.0
0,1.0,0.3,8,manhattan,auto,20,2.0,-1.0
0,1.0,0.3,8,manhattan,auto,30,,-1.0
0,1.0,0.3,8,manhattan,auto,30,1.0,-1.0
0,1.0,0.3,8,manhattan,auto,30,2.0,-1.0
0,1.0,0.3,8,manhattan,auto,40,,-1.0
0,1.0,0.3,8,manhattan,auto,40,1.0,-1.0
0,1.0,0.3,8,manhattan,auto,40,2.0,-1.0
0,1.0,0.3,8,manhattan,auto,50,,-1.0
0,1.0,0.3,8,manhattan,auto,50,1.0,-1.0
0,1.0,0.3,8,manhattan,auto,50,2.0,-1.0
0,1.0,0.3,8,manhattan,ball_tree,10,,-1.0
0,1.0,0.3,8,manhattan,ball_tree,10,1.0,-1.0
0,1.0,0.3,8,manhattan,ball_tree,10,2.0,-1.0
0,1.0,0.3,8,manhattan,ball_tree,20,,-1.0
0,1.0,0.3,8,manhattan,ball_tree,20,1.0,-1.0
0,1.0,0.3,8,manhattan,ball_tree,20,2.0,-1.0
0,1.0,0.3,8,manhattan,ball_tree,30,,-1.0
0,1.0,0.3,8,manhattan,ball_tree,30,1.0,-1.0
0,1.0,0.3,8,manhattan,ball_tree,30,2.0,-1.0
0,1.0,0.3,8,manhattan,ball_tree,40,,-1.0
0,1.0,0.3,8,manhattan,ball_tree,40,1.0,-1.0
0,1.0,0.3,8,manhattan,ball_tree,40,2.0,-1.0
0,1.0,0.3,8,manhattan,ball_tree,50,,-1.0
0,1.0,0.3,8,manhattan,ball_tree,50,1.0,-1.0
0,1.0,0.3,8,manhattan,ball_tree,50,2.0,-1.0
0,1.0,0.3,8,manhattan,kd_tree,10,,-1.0
0,1.0,0.3,8,manhattan,kd_tree,10,1.0,-1.0
0,1.0,0.3,8,manhattan,kd_tree,10,2.0,-1.0
0,1.0,0.3,8,manhattan,kd_tree,20,,-1.0
0,1.0,0.3,8,manhattan,kd_tree,20,1.0,-1.0
0,1.0,0.3,8,manhattan,kd_tree,20,2.0,-1.0
0,1.0,0.3,8,manhattan,kd_tree,30,,-1.0
0,1.0,0.3,8,manhattan,kd_tree,30,1.0,-1.0
0,1.0,0.3,8,manhattan,kd_tree,30,2.0,-1.0
0,1.0,0.3,8,manhattan,kd_tree,40,,-1.0
0,1.0,0.3,8,manhattan,kd_tree,40,1.0,-1.0
0,1.0,0.3,8,manhattan,kd_tree,40,2.0,-1.0
0,1.0,0.3,8,manhattan,kd_tree,50,,-1.0
0,1.0,0.3,8,manhattan,kd_tree,50,1.0,-1.0
0,1.0,0.3,8,manhattan,kd_tree,50,2.0,-1.0
0,1.0,0.3,8,manhattan,brute,10,,-1.0
0,1.0,0.3,8,manhattan,brute,10,1.0,-1.0
0,1.0,0.3,8,manhattan,brute,10,2.0,-1.0
0,1.0,0.3,8,manhattan,brute,20,,-1.0
0,1.0,0.3,8,manhattan,brute,20,1.0,-1.0
0,1.0,0.3,8,manhattan,brute,20,2.0,-1.0
0,1.0,0.3,8,manhattan,brute,30,,-1.0
0,1.0,0.3,8,manhattan,brute,30,1.0,-1.0
0,1.0,0.3,8,manhattan,brute,30,2.0,-1.0
0,1.0,0.3,8,manhattan,brute,40,,-1.0
0,1.0,0.3,8,manhattan,brute,40,1.0,-1.0
0,1.0,0.3,8,manhattan,brute,40,2.0,-1.0
0,1.0,0.3,8,manhattan,brute,50,,-1.0
0,1.0,0.3,8,manhattan,brute,50,1.0,-1.0
0,1.0,0.3,8,manhattan,brute,50,2.0,-1.0
0,1.0,0.3,8,mahalanobis,auto,10,,-1.0
0,1.0,0.3,8,mahalanobis,auto,10,1.0,-1.0
0,1.0,0.3,8,mahalanobis,auto,10,2.0,-1.0
0,1.0,0.3,8,mahalanobis,auto,20,,-1.0
0,1.0,0.3,8,mahalanobis,auto,20,1.0,-1.0
0,1.0,0.3,8,mahalanobis,auto,20,2.0,-1.0
0,1.0,0.3,8,mahalanobis,auto,30,,-1.0
0,1.0,0.3,8,mahalanobis,auto,30,1.0,-1.0
0,1.0,0.3,8,mahalanobis,auto,30,2.0,-1.0
0,1.0,0.3,8,mahalanobis,auto,40,,-1.0
0,1.0,0.3,8,mahalanobis,auto,40,1.0,-1.0
0,1.0,0.3,8,mahalanobis,auto,40,2.0,-1.0
0,1.0,0.3,8,mahalanobis,auto,50,,-1.0
0,1.0,0.3,8,mahalanobis,auto,50,1.0,-1.0
0,1.0,0.3,8,mahalanobis,auto,50,2.0,-1.0
0,1.0,0.3,8,mahalanobis,ball_tree,10,,-1.0
0,1.0,0.3,8,mahalanobis,ball_tree,10,1.0,-1.0
0,1.0,0.3,8,mahalanobis,ball_tree,10,2.0,-1.0
0,1.0,0.3,8,mahalanobis,ball_tree,20,,-1.0
0,1.0,0.3,8,mahalanobis,ball_tree,20,1.0,-1.0
0,1.0,0.3,8,mahalanobis,ball_tree,20,2.0,-1.0
0,1.0,0.3,8,mahalanobis,ball_tree,30,,-1.0
0,1.0,0.3,8,mahalanobis,ball_tree,30,1.0,-1.0
0,1.0,0.3,8,mahalanobis,ball_tree,30,2.0,-1.0
0,1.0,0.3,8,mahalanobis,ball_tree,40,,-1.0
0,1.0,0.3,8,mahalanobis,ball_tree,40,1.0,-1.0
0,1.0,0.3,8,mahalanobis,ball_tree,40,2.0,-1.0
0,1.0,0.3,8,mahalanobis,ball_tree,50,,-1.0
0,1.0,0.3,8,mahalanobis,ball_tree,50,1.0,-1.0
0,1.0,0.3,8,mahalanobis,ball_tree,50,2.0,-1.0
0,1.0,0.3,8,mahalanobis,kd_tree,10,,-1.0
0,1.0,0.3,8,mahalanobis,kd_tree,10,1.0,-1.0
0,1.0,0.3,8,mahalanobis,kd_tree,10,2.0,-1.0
0,1.0,0.3,8,mahalanobis,kd_tree,20,,-1.0
0,1.0,0.3,8,mahalanobis,kd_tree,20,1.0,-1.0
0,1.0,0.3,8,mahalanobis,kd_tree,20,2.0,-1.0
0,1.0,0.3,8,mahalanobis,kd_tree,30,,-1.0
0,1.0,0.3,8,mahalanobis,kd_tree,30,1.0,-1.0
0,1.0,0.3,8,mahalanobis,kd_tree,30,2.0,-1.0
0,1.0,0.3,8,mahalanobis,kd_tree,40,,-1.0
0,1.0,0.3,8,mahalanobis,kd_tree,40,1.0,-1.0
0,1.0,0.3,8,mahalanobis,kd_tree,40,2.0,-1.0
0,1.0,0.3,8,mahalanobis,kd_tree,50,,-1.0
0,1.0,0.3,8,mahalanobis,kd_tree,50,1.0,-1.0
0,1.0,0.3,8,mahalanobis,kd_tree,50,2.0,-1.0
0,1.0,0.3,8,mahalanobis,brute,10,,-1.0
0,1.0,0.3,8,mahalanobis,brute,10,1.0,-1.0
0,1.0,0.3,8,mahalanobis,brute,10,2.0,-1.0
0,1.0,0.3,8,mahalanobis,brute,20,,-1.0
0,1.0,0.3,8,mahalanobis,brute,20,1.0,-1.0
0,1.0,0.3,8,mahalanobis,brute,20,2.0,-1.0
0,1.0,0.3,8,mahalanobis,brute,30,,-1.0
0,1.0,0.3,8,mahalanobis,brute,30,1.0,-1.0
0,1.0,0.3,8,mahalanobis,brute,30,2.0,-1.0
0,1.0,0.3,8,mahalanobis,brute,40,,-1.0
0,1.0,0.3,8,mahalanobis,brute,40,1.0,-1.0
0,1.0,0.3,8,mahalanobis,brute,40,2.0,-1.0
0,1.0,0.3,8,mahalanobis,brute,50,,-1.0
0,1.0,0.3,8,mahalanobis,brute,50,1.0,-1.0
0,1.0,0.3,8,mahalanobis,brute,50,2.0,-1.0
2,0.88,0.3,9,euclidean,auto,10,,0.14771795732729925
2,0.88,0.3,9,euclidean,auto,10,1.0,0.14771795732729925
2,0.88,0.3,9,euclidean,auto,10,2.0,0.14771795732729925
2,0.88,0.3,9,euclidean,auto,20,,0.14771795732729925
2,0.88,0.3,9,euclidean,auto,20,1.0,0.14771795732729925
2,0.88,0.3,9,euclidean,auto,20,2.0,0.14771795732729925
2,0.88,0.3,9,euclidean,auto,30,,0.14771795732729925
2,0.88,0.3,9,euclidean,auto,30,1.0,0.14771795732729925
2,0.88,0.3,9,euclidean,auto,30,2.0,0.14771795732729925
2,0.88,0.3,9,euclidean,auto,40,,0.14771795732729925
2,0.88,0.3,9,euclidean,auto,40,1.0,0.14771795732729925
2,0.88,0.3,9,euclidean,auto,40,2.0,0.14771795732729925
2,0.88,0.3,9,euclidean,auto,50,,0.14771795732729925
2,0.88,0.3,9,euclidean,auto,50,1.0,0.14771795732729925
2,0.88,0.3,9,euclidean,auto,50,2.0,0.14771795732729925
2,0.88,0.3,9,euclidean,ball_tree,10,,0.14771795732729925
2,0.88,0.3,9,euclidean,ball_tree,10,1.0,0.14771795732729925
2,0.88,0.3,9,euclidean,ball_tree,10,2.0,0.14771795732729925
2,0.88,0.3,9,euclidean,ball_tree,20,,0.14771795732729925
2,0.88,0.3,9,euclidean,ball_tree,20,1.0,0.14771795732729925
2,0.88,0.3,9,euclidean,ball_tree,20,2.0,0.14771795732729925
2,0.88,0.3,9,euclidean,ball_tree,30,,0.14771795732729925
2,0.88,0.3,9,euclidean,ball_tree,30,1.0,0.14771795732729925
2,0.88,0.3,9,euclidean,ball_tree,30,2.0,0.14771795732729925
2,0.88,0.3,9,euclidean,ball_tree,40,,0.14771795732729925
2,0.88,0.3,9,euclidean,ball_tree,40,1.0,0.14771795732729925
2,0.88,0.3,9,euclidean,ball_tree,40,2.0,0.14771795732729925
2,0.88,0.3,9,euclidean,ball_tree,50,,0.14771795732729925
2,0.88,0.3,9,euclidean,ball_tree,50,1.0,0.14771795732729925
2,0.88,0.3,9,euclidean,ball_tree,50,2.0,0.14771795732729925
2,0.88,0.3,9,euclidean,kd_tree,10,,0.14771795732729925
2,0.88,0.3,9,euclidean,kd_tree,10,1.0,0.14771795732729925
2,0.88,0.3,9,euclidean,kd_tree,10,2.0,0.14771795732729925
2,0.88,0.3,9,euclidean,kd_tree,20,,0.14771795732729925
2,0.88,0.3,9,euclidean,kd_tree,20,1.0,0.14771795732729925
2,0.88,0.3,9,euclidean,kd_tree,20,2.0,0.14771795732729925
2,0.88,0.3,9,euclidean,kd_tree,30,,0.14771795732729925
2,0.88,0.3,9,euclidean,kd_tree,30,1.0,0.14771795732729925
2,0.88,0.3,9,euclidean,kd_tree,30,2.0,0.14771795732729925
2,0.88,0.3,9,euclidean,kd_tree,40,,0.14771795732729925
2,0.88,0.3,9,euclidean,kd_tree,40,1.0,0.14771795732729925
2,0.88,0.3,9,euclidean,kd_tree,40,2.0,0.14771795732729925
2,0.88,0.3,9,euclidean,kd_tree,50,,0.14771795732729925
2,0.88,0.3,9,euclidean,kd_tree,50,1.0,0.14771795732729925
2,0.88,0.3,9,euclidean,kd_tree,50,2.0,0.14771795732729925
2,0.88,0.3,9,euclidean,brute,10,,0.14771795732729925
2,0.88,0.3,9,euclidean,brute,10,1.0,0.14771795732729925
2,0.88,0.3,9,euclidean,brute,10,2.0,0.14771795732729925
2,0.88,0.3,9,euclidean,brute,20,,0.14771795732729925
2,0.88,0.3,9,euclidean,brute,20,1.0,0.14771795732729925
2,0.88,0.3,9,euclidean,brute,20,2.0,0.14771795732729925
2,0.88,0.3,9,euclidean,brute,30,,0.14771795732729925
2,0.88,0.3,9,euclidean,brute,30,1.0,0.14771795732729925
2,0.88,0.3,9,euclidean,brute,30,2.0,0.14771795732729925
2,0.88,0.3,9,euclidean,brute,40,,0.14771795732729925
2,0.88,0.3,9,euclidean,brute,40,1.0,0.14771795732729925
2,0.88,0.3,9,euclidean,brute,40,2.0,0.14771795732729925
2,0.88,0.3,9,euclidean,brute,50,,0.14771795732729925
2,0.88,0.3,9,euclidean,brute,50,1.0,0.14771795732729925
2,0.88,0.3,9,euclidean,brute,50,2.0,0.14771795732729925
0,1.0,0.3,9,manhattan,auto,10,,-1.0
0,1.0,0.3,9,manhattan,auto,10,1.0,-1.0
0,1.0,0.3,9,manhattan,auto,10,2.0,-1.0
0,1.0,0.3,9,manhattan,auto,20,,-1.0
0,1.0,0.3,9,manhattan,auto,20,1.0,-1.0
0,1.0,0.3,9,manhattan,auto,20,2.0,-1.0
0,1.0,0.3,9,manhattan,auto,30,,-1.0
0,1.0,0.3,9,manhattan,auto,30,1.0,-1.0
0,1.0,0.3,9,manhattan,auto,30,2.0,-1.0
0,1.0,0.3,9,manhattan,auto,40,,-1.0
0,1.0,0.3,9,manhattan,auto,40,1.0,-1.0
0,1.0,0.3,9,manhattan,auto,40,2.0,-1.0
0,1.0,0.3,9,manhattan,auto,50,,-1.0
0,1.0,0.3,9,manhattan,auto,50,1.0,-1.0
0,1.0,0.3,9,manhattan,auto,50,2.0,-1.0
0,1.0,0.3,9,manhattan,ball_tree,10,,-1.0
0,1.0,0.3,9,manhattan,ball_tree,10,1.0,-1.0
0,1.0,0.3,9,manhattan,ball_tree,10,2.0,-1.0
0,1.0,0.3,9,manhattan,ball_tree,20,,-1.0
0,1.0,0.3,9,manhattan,ball_tree,20,1.0,-1.0
0,1.0,0.3,9,manhattan,ball_tree,20,2.0,-1.0
0,1.0,0.3,9,manhattan,ball_tree,30,,-1.0
0,1.0,0.3,9,manhattan,ball_tree,30,1.0,-1.0
0,1.0,0.3,9,manhattan,ball_tree,30,2.0,-1.0
0,1.0,0.3,9,manhattan,ball_tree,40,,-1.0
0,1.0,0.3,9,manhattan,ball_tree,40,1.0,-1.0
0,1.0,0.3,9,manhattan,ball_tree,40,2.0,-1.0
0,1.0,0.3,9,manhattan,ball_tree,50,,-1.0
0,1.0,0.3,9,manhattan,ball_tree,50,1.0,-1.0
0,1.0,0.3,9,manhattan,ball_tree,50,2.0,-1.0
0,1.0,0.3,9,manhattan,kd_tree,10,,-1.0
0,1.0,0.3,9,manhattan,kd_tree,10,1.0,-1.0
0,1.0,0.3,9,manhattan,kd_tree,10,2.0,-1.0
0,1.0,0.3,9,manhattan,kd_tree,20,,-1.0
0,1.0,0.3,9,manhattan,kd_tree,20,1.0,-1.0
0,1.0,0.3,9,manhattan,kd_tree,20,2.0,-1.0
0,1.0,0.3,9,manhattan,kd_tree,30,,-1.0
0,1.0,0.3,9,manhattan,kd_tree,30,1.0,-1.0
0,1.0,0.3,9,manhattan,kd_tree,30,2.0,-1.0
0,1.0,0.3,9,manhattan,kd_tree,40,,-1.0
0,1.0,0.3,9,manhattan,kd_tree,40,1.0,-1.0
0,1.0,0.3,9,manhattan,kd_tree,40,2.0,-1.0
0,1.0,0.3,9,manhattan,kd_tree,50,,-1.0
0,1.0,0.3,9,manhattan,kd_tree,50,1.0,-1.0
0,1.0,0.3,9,manhattan,kd_tree,50,2.0,-1.0
0,1.0,0.3,9,manhattan,brute,10,,-1.0
0,1.0,0.3,9,manhattan,brute,10,1.0,-1.0
0,1.0,0.3,9,manhattan,brute,10,2.0,-1.0
0,1.0,0.3,9,manhattan,brute,20,,-1.0
0,1.0,0.3,9,manhattan,brute,20,1.0,-1.0
0,1.0,0.3,9,manhattan,brute,20,2.0,-1.0
0,1.0,0.3,9,manhattan,brute,30,,-1.0
0,1.0,0.3,9,manhattan,brute,30,1.0,-1.0
0,1.0,0.3,9,manhattan,brute,30,2.0,-1.0
0,1.0,0.3,9,manhattan,brute,40,,-1.0
0,1.0,0.3,9,manhattan,brute,40,1.0,-1.0
0,1.0,0.3,9,manhattan,brute,40,2.0,-1.0
0,1.0,0.3,9,manhattan,brute,50,,-1.0
0,1.0,0.3,9,manhattan,brute,50,1.0,-1.0
0,1.0,0.3,9,manhattan,brute,50,2.0,-1.0
0,1.0,0.3,9,mahalanobis,auto,10,,-1.0
0,1.0,0.3,9,mahalanobis,auto,10,1.0,-1.0
0,1.0,0.3,9,mahalanobis,auto,10,2.0,-1.0
0,1.0,0.3,9,mahalanobis,auto,20,,-1.0
0,1.0,0.3,9,mahalanobis,auto,20,1.0,-1.0
0,1.0,0.3,9,mahalanobis,auto,20,2.0,-1.0
0,1.0,0.3,9,mahalanobis,auto,30,,-1.0
0,1.0,0.3,9,mahalanobis,auto,30,1.0,-1.0
0,1.0,0.3,9,mahalanobis,auto,30,2.0,-1.0
0,1.0,0.3,9,mahalanobis,auto,40,,-1.0
0,1.0,0.3,9,mahalanobis,auto,40,1.0,-1.0
0,1.0,0.3,9,mahalanobis,auto,40,2.0,-1.0
0,1.0,0.3,9,mahalanobis,auto,50,,-1.0
0,1.0,0.3,9,mahalanobis,auto,50,1.0,-1.0
0,1.0,0.3,9,mahalanobis,auto,50,2.0,-1.0
0,1.0,0.3,9,mahalanobis,ball_tree,10,,-1.0
0,1.0,0.3,9,mahalanobis,ball_tree,10,1.0,-1.0
0,1.0,0.3,9,mahalanobis,ball_tree,10,2.0,-1.0
0,1.0,0.3,9,mahalanobis,ball_tree,20,,-1.0
0,1.0,0.3,9,mahalanobis,ball_tree,20,1.0,-1.0
0,1.0,0.3,9,mahalanobis,ball_tree,20,2.0,-1.0
0,1.0,0.3,9,mahalanobis,ball_tree,30,,-1.0
0,1.0,0.3,9,mahalanobis,ball_tree,30,1.0,-1.0
0,1.0,0.3,9,mahalanobis,ball_tree,30,2.0,-1.0
0,1.0,0.3,9,mahalanobis,ball_tree,40,,-1.0
0,1.0,0.3,9,mahalanobis,ball_tree,40,1.0,-1.0
0,1.0,0.3,9,mahalanobis,ball_tree,40,2.0,-1.0
0,1.0,0.3,9,mahalanobis,ball_tree,50,,-1.0
0,1.0,0.3,9,mahalanobis,ball_tree,50,1.0,-1.0
0,1.0,0.3,9,mahalanobis,ball_tree,50,2.0,-1.0
0,1.0,0.3,9,mahalanobis,kd_tree,10,,-1.0
0,1.0,0.3,9,mahalanobis,kd_tree,10,1.0,-1.0
0,1.0,0.3,9,mahalanobis,kd_tree,10,2.0,-1.0
0,1.0,0.3,9,mahalanobis,kd_tree,20,,-1.0
0,1.0,0.3,9,mahalanobis,kd_tree,20,1.0,-1.0
0,1.0,0.3,9,mahalanobis,kd_tree,20,2.0,-1.0
0,1.0,0.3,9,mahalanobis,kd_tree,30,,-1.0
0,1.0,0.3,9,mahalanobis,kd_tree,30,1.0,-1.0
0,1.0,0.3,9,mahalanobis,kd_tree,30,2.0,-1.0
0,1.0,0.3,9,mahalanobis,kd_tree,40,,-1.0
0,1.0,0.3,9,mahalanobis,kd_tree,40,1.0,-1.0
0,1.0,0.3,9,mahalanobis,kd_tree,40,2.0,-1.0
0,1.0,0.3,9,mahalanobis,kd_tree,50,,-1.0
0,1.0,0.3,9,mahalanobis,kd_tree,50,1.0,-1.0
0,1.0,0.3,9,mahalanobis,kd_tree,50,2.0,-1.0
0,1.0,0.3,9,mahalanobis,brute,10,,-1.0
0,1.0,0.3,9,mahalanobis,brute,10,1.0,-1.0
0,1.0,0.3,9,mahalanobis,brute,10,2.0,-1.0
0,1.0,0.3,9,mahalanobis,brute,20,,-1.0
0,1.0,0.3,9,mahalanobis,brute,20,1.0,-1.0
0,1.0,0.3,9,mahalanobis,brute,20,2.0,-1.0
0,1.0,0.3,9,mahalanobis,brute,30,,-1.0
0,1.0,0.3,9,mahalanobis,brute,30,1.0,-1.0
0,1.0,0.3,9,mahalanobis,brute,30,2.0,-1.0
0,1.0,0.3,9,mahalanobis,brute,40,,-1.0
0,1.0,0.3,9,mahalanobis,brute,40,1.0,-1.0
0,1.0,0.3,9,mahalanobis,brute,40,2.0,-1.0
0,1.0,0.3,9,mahalanobis,brute,50,,-1.0
0,1.0,0.3,9,mahalanobis,brute,50,1.0,-1.0
0,1.0,0.3,9,mahalanobis,brute,50,2.0,-1.0
0,1.0,0.3,10,euclidean,auto,10,,-1.0
0,1.0,0.3,10,euclidean,auto,10,1.0,-1.0
0,1.0,0.3,10,euclidean,auto,10,2.0,-1.0
0,1.0,0.3,10,euclidean,auto,20,,-1.0
0,1.0,0.3,10,euclidean,auto,20,1.0,-1.0
0,1.0,0.3,10,euclidean,auto,20,2.0,-1.0
0,1.0,0.3,10,euclidean,auto,30,,-1.0
0,1.0,0.3,10,euclidean,auto,30,1.0,-1.0
0,1.0,0.3,10,euclidean,auto,30,2.0,-1.0
0,1.0,0.3,10,euclidean,auto,40,,-1.0
0,1.0,0.3,10,euclidean,auto,40,1.0,-1.0
0,1.0,0.3,10,euclidean,auto,40,2.0,-1.0
0,1.0,0.3,10,euclidean,auto,50,,-1.0
0,1.0,0.3,10,euclidean,auto,50,1.0,-1.0
0,1.0,0.3,10,euclidean,auto,50,2.0,-1.0
0,1.0,0.3,10,euclidean,ball_tree,10,,-1.0
0,1.0,0.3,10,euclidean,ball_tree,10,1.0,-1.0
0,1.0,0.3,10,euclidean,ball_tree,10,2.0,-1.0
0,1.0,0.3,10,euclidean,ball_tree,20,,-1.0
0,1.0,0.3,10,euclidean,ball_tree,20,1.0,-1.0
0,1.0,0.3,10,euclidean,ball_tree,20,2.0,-1.0
0,1.0,0.3,10,euclidean,ball_tree,30,,-1.0
0,1.0,0.3,10,euclidean,ball_tree,30,1.0,-1.0
0,1.0,0.3,10,euclidean,ball_tree,30,2.0,-1.0
0,1.0,0.3,10,euclidean,ball_tree,40,,-1.0
0,1.0,0.3,10,euclidean,ball_tree,40,1.0,-1.0
0,1.0,0.3,10,euclidean,ball_tree,40,2.0,-1.0
0,1.0,0.3,10,euclidean,ball_tree,50,,-1.0
0,1.0,0.3,10,euclidean,ball_tree,50,1.0,-1.0
0,1.0,0.3,10,euclidean,ball_tree,50,2.0,-1.0
0,1.0,0.3,10,euclidean,kd_tree,10,,-1.0
0,1.0,0.3,10,euclidean,kd_tree,10,1.0,-1.0
0,1.0,0.3,10,euclidean,kd_tree,10,2.0,-1.0
0,1.0,0.3,10,euclidean,kd_tree,20,,-1.0
0,1.0,0.3,10,euclidean,kd_tree,20,1.0,-1.0
0,1.0,0.3,10,euclidean,kd_tree,20,2.0,-1.0
0,1.0,0.3,10,euclidean,kd_tree,30,,-1.0
0,1.0,0.3,10,euclidean,kd_tree,30,1.0,-1.0
0,1.0,0.3,10,euclidean,kd_tree,30,2.0,-1.0
0,1.0,0.3,10,euclidean,kd_tree,40,,-1.0
0,1.0,0.3,10,euclidean,kd_tree,40,1.0,-1.0
0,1.0,0.3,10,euclidean,kd_tree,40,2.0,-1.0
0,1.0,0.3,10,euclidean,kd_tree,50,,-1.0
0,1.0,0.3,10,euclidean,kd_tree,50,1.0,-1.0
0,1.0,0.3,10,euclidean,kd_tree,50,2.0,-1.0
0,1.0,0.3,10,euclidean,brute,10,,-1.0
0,1.0,0.3,10,euclidean,brute,10,1.0,-1.0
0,1.0,0.3,10,euclidean,brute,10,2.0,-1.0
0,1.0,0.3,10,euclidean,brute,20,,-1.0
0,1.0,0.3,10,euclidean,brute,20,1.0,-1.0
0,1.0,0.3,10,euclidean,brute,20,2.0,-1.0
0,1.0,0.3,10,euclidean,brute,30,,-1.0
0,1.0,0.3,10,euclidean,brute,30,1.0,-1.0
0,1.0,0.3,10,euclidean,brute,30,2.0,-1.0
0,1.0,0.3,10,euclidean,brute,40,,-1.0
0,1.0,0.3,10,euclidean,brute,40,1.0,-1.0
0,1.0,0.3,10,euclidean,brute,40,2.0,-1.0
0,1.0,0.3,10,euclidean,brute,50,,-1.0
0,1.0,0.3,10,euclidean,brute,50,1.0,-1.0
0,1.0,0.3,10,euclidean,brute,50,2.0,-1.0
0,1.0,0.3,10,manhattan,auto,10,,-1.0
0,1.0,0.3,10,manhattan,auto,10,1.0,-1.0
0,1.0,0.3,10,manhattan,auto,10,2.0,-1.0
0,1.0,0.3,10,manhattan,auto,20,,-1.0
0,1.0,0.3,10,manhattan,auto,20,1.0,-1.0
0,1.0,0.3,10,manhattan,auto,20,2.0,-1.0
0,1.0,0.3,10,manhattan,auto,30,,-1.0
0,1.0,0.3,10,manhattan,auto,30,1.0,-1.0
0,1.0,0.3,10,manhattan,auto,30,2.0,-1.0
0,1.0,0.3,10,manhattan,auto,40,,-1.0
0,1.0,0.3,10,manhattan,auto,40,1.0,-1.0
0,1.0,0.3,10,manhattan,auto,40,2.0,-1.0
0,1.0,0.3,10,manhattan,auto,50,,-1.0
0,1.0,0.3,10,manhattan,auto,50,1.0,-1.0
0,1.0,0.3,10,manhattan,auto,50,2.0,-1.0
0,1.0,0.3,10,manhattan,ball_tree,10,,-1.0
0,1.0,0.3,10,manhattan,ball_tree,10,1.0,-1.0
0,1.0,0.3,10,manhattan,ball_tree,10,2.0,-1.0
0,1.0,0.3,10,manhattan,ball_tree,20,,-1.0
0,1.0,0.3,10,manhattan,ball_tree,20,1.0,-1.0
0,1.0,0.3,10,manhattan,ball_tree,20,2.0,-1.0
0,1.0,0.3,10,manhattan,ball_tree,30,,-1.0
0,1.0,0.3,10,manhattan,ball_tree,30,1.0,-1.0
0,1.0,0.3,10,manhattan,ball_tree,30,2.0,-1.0
0,1.0,0.3,10,manhattan,ball_tree,40,,-1.0
0,1.0,0.3,10,manhattan,ball_tree,40,1.0,-1.0
0,1.0,0.3,10,manhattan,ball_tree,40,2.0,-1.0
0,1.0,0.3,10,manhattan,ball_tree,50,,-1.0
0,1.0,0.3,10,manhattan,ball_tree,50,1.0,-1.0
0,1.0,0.3,10,manhattan,ball_tree,50,2.0,-1.0
0,1.0,0.3,10,manhattan,kd_tree,10,,-1.0
0,1.0,0.3,10,manhattan,kd_tree,10,1.0,-1.0
0,1.0,0.3,10,manhattan,kd_tree,10,2.0,-1.0
0,1.0,0.3,10,manhattan,kd_tree,20,,-1.0
0,1.0,0.3,10,manhattan,kd_tree,20,1.0,-1.0
0,1.0,0.3,10,manhattan,kd_tree,20,2.0,-1.0
0,1.0,0.3,10,manhattan,kd_tree,30,,-1.0
0,1.0,0.3,10,manhattan,kd_tree,30,1.0,-1.0
0,1.0,0.3,10,manhattan,kd_tree,30,2.0,-1.0
0,1.0,0.3,10,manhattan,kd_tree,40,,-1.0
0,1.0,0.3,10,manhattan,kd_tree,40,1.0,-1.0
0,1.0,0.3,10,manhattan,kd_tree,40,2.0,-1.0
0,1.0,0.3,10,manhattan,kd_tree,50,,-1.0
0,1.0,0.3,10,manhattan,kd_tree,50,1.0,-1.0
0,1.0,0.3,10,manhattan,kd_tree,50,2.0,-1.0
0,1.0,0.3,10,manhattan,brute,10,,-1.0
0,1.0,0.3,10,manhattan,brute,10,1.0,-1.0
0,1.0,0.3,10,manhattan,brute,10,2.0,-1.0
0,1.0,0.3,10,manhattan,brute,20,,-1.0
0,1.0,0.3,10,manhattan,brute,20,1.0,-1.0
0,1.0,0.3,10,manhattan,brute,20,2.0,-1.0
0,1.0,0.3,10,manhattan,brute,30,,-1.0
0,1.0,0.3,10,manhattan,brute,30,1.0,-1.0
0,1.0,0.3,10,manhattan,brute,30,2.0,-1.0
0,1.0,0.3,10,manhattan,brute,40,,-1.0
0,1.0,0.3,10,manhattan,brute,40,1.0,-1.0
0,1.0,0.3,10,manhattan,brute,40,2.0,-1.0
0,1.0,0.3,10,manhattan,brute,50,,-1.0
0,1.0,0.3,10,manhattan,brute,50,1.0,-1.0
0,1.0,0.3,10,manhattan,brute,50,2.0,-1.0
0,1.0,0.3,10,mahalanobis,auto,10,,-1.0
0,1.0,0.3,10,mahalanobis,auto,10,1.0,-1.0
0,1.0,0.3,10,mahalanobis,auto,10,2.0,-1.0
0,1.0,0.3,10,mahalanobis,auto,20,,-1.0
0,1.0,0.3,10,mahalanobis,auto,20,1.0,-1.0
0,1.0,0.3,10,mahalanobis,auto,20,2.0,-1.0
0,1.0,0.3,10,mahalanobis,auto,30,,-1.0
0,1.0,0.3,10,mahalanobis,auto,30,1.0,-1.0
0,1.0,0.3,10,mahalanobis,auto,30,2.0,-1.0
0,1.0,0.3,10,mahalanobis,auto,40,,-1.0
0,1.0,0.3,10,mahalanobis,auto,40,1.0,-1.0
0,1.0,0.3,10,mahalanobis,auto,40,2.0,-1.0
0,1.0,0.3,10,mahalanobis,auto,50,,-1.0
0,1.0,0.3,10,mahalanobis,auto,50,1.0,-1.0
0,1.0,0.3,10,mahalanobis,auto,50,2.0,-1.0
0,1.0,0.3,10,mahalanobis,ball_tree,10,,-1.0
0,1.0,0.3,10,mahalanobis,ball_tree,10,1.0,-1.0
0,1.0,0.3,10,mahalanobis,ball_tree,10,2.0,-1.0
0,1.0,0.3,10,mahalanobis,ball_tree,20,,-1.0
0,1.0,0.3,10,mahalanobis,ball_tree,20,1.0,-1.0
0,1.0,0.3,10,mahalanobis,ball_tree,20,2.0,-1.0
0,1.0,0.3,10,mahalanobis,ball_tree,30,,-1.0
0,1.0,0.3,10,mahalanobis,ball_tree,30,1.0,-1.0
0,1.0,0.3,10,mahalanobis,ball_tree,30,2.0,-1.0
0,1.0,0.3,10,mahalanobis,ball_tree,40,,-1.0
0,1.0,0.3,10,mahalanobis,ball_tree,40,1.0,-1.0
0,1.0,0.3,10,mahalanobis,ball_tree,40,2.0,-1.0
0,1.0,0.3,10,mahalanobis,ball_tree,50,,-1.0
0,1.0,0.3,10,mahalanobis,ball_tree,50,1.0,-1.0
0,1.0,0.3,10,mahalanobis,ball_tree,50,2.0,-1.0
0,1.0,0.3,10,mahalanobis,kd_tree,10,,-1.0
0,1.0,0.3,10,mahalanobis,kd_tree,10,1.0,-1.0
0,1.0,0.3,10,mahalanobis,kd_tree,10,2.0,-1.0
0,1.0,0.3,10,mahalanobis,kd_tree,20,,-1.0
0,1.0,0.3,10,mahalanobis,kd_tree,20,1.0,-1.0
0,1.0,0.3,10,mahalanobis,kd_tree,20,2.0,-1.0
0,1.0,0.3,10,mahalanobis,kd_tree,30,,-1.0
0,1.0,0.3,10,mahalanobis,kd_tree,30,1.0,-1.0
0,1.0,0.3,10,mahalanobis,kd_tree,30,2.0,-1.0
0,1.0,0.3,10,mahalanobis,kd_tree,40,,-1.0
0,1.0,0.3,10,mahalanobis,kd_tree,40,1.0,-1.0
0,1.0,0.3,10,mahalanobis,kd_tree,40,2.0,-1.0
0,1.0,0.3,10,mahalanobis,kd_tree,50,,-1.0
0,1.0,0.3,10,mahalanobis,kd_tree,50,1.0,-1.0
0,1.0,0.3,10,mahalanobis,kd_tree,50,2.0,-1.0
0,1.0,0.3,10,mahalanobis,brute,10,,-1.0
0,1.0,0.3,10,mahalanobis,brute,10,1.0,-1.0
0,1.0,0.3,10,mahalanobis,brute,10,2.0,-1.0
0,1.0,0.3,10,mahalanobis,brute,20,,-1.0
0,1.0,0.3,10,mahalanobis,brute,20,1.0,-1.0
0,1.0,0.3,10,mahalanobis,brute,20,2.0,-1.0
0,1.0,0.3,10,mahalanobis,brute,30,,-1.0
0,1.0,0.3,10,mahalanobis,brute,30,1.0,-1.0
0,1.0,0.3,10,mahalanobis,brute,30,2.0,-1.0
0,1.0,0.3,10,mahalanobis,brute,40,,-1.0
0,1.0,0.3,10,mahalanobis,brute,40,1.0,-1.0
0,1.0,0.3,10,mahalanobis,brute,40,2.0,-1.0
0,1.0,0.3,10,mahalanobis,brute,50,,-1.0
0,1.0,0.3,10,mahalanobis,brute,50,1.0,-1.0
0,1.0,0.3,10,mahalanobis,brute,50,2.0,-1.0
0,1.0,0.3,11,euclidean,auto,10,,-1.0
0,1.0,0.3,11,euclidean,auto,10,1.0,-1.0
0,1.0,0.3,11,euclidean,auto,10,2.0,-1.0
0,1.0,0.3,11,euclidean,auto,20,,-1.0
0,1.0,0.3,11,euclidean,auto,20,1.0,-1.0
0,1.0,0.3,11,euclidean,auto,20,2.0,-1.0
0,1.0,0.3,11,euclidean,auto,30,,-1.0
0,1.0,0.3,11,euclidean,auto,30,1.0,-1.0
0,1.0,0.3,11,euclidean,auto,30,2.0,-1.0
0,1.0,0.3,11,euclidean,auto,40,,-1.0
0,1.0,0.3,11,euclidean,auto,40,1.0,-1.0
0,1.0,0.3,11,euclidean,auto,40,2.0,-1.0
0,1.0,0.3,11,euclidean,auto,50,,-1.0
0,1.0,0.3,11,euclidean,auto,50,1.0,-1.0
0,1.0,0.3,11,euclidean,auto,50,2.0,-1.0
0,1.0,0.3,11,euclidean,ball_tree,10,,-1.0
0,1.0,0.3,11,euclidean,ball_tree,10,1.0,-1.0
0,1.0,0.3,11,euclidean,ball_tree,10,2.0,-1.0
0,1.0,0.3,11,euclidean,ball_tree,20,,-1.0
0,1.0,0.3,11,euclidean,ball_tree,20,1.0,-1.0
0,1.0,0.3,11,euclidean,ball_tree,20,2.0,-1.0
0,1.0,0.3,11,euclidean,ball_tree,30,,-1.0
0,1.0,0.3,11,euclidean,ball_tree,30,1.0,-1.0
0,1.0,0.3,11,euclidean,ball_tree,30,2.0,-1.0
0,1.0,0.3,11,euclidean,ball_tree,40,,-1.0
0,1.0,0.3,11,euclidean,ball_tree,40,1.0,-1.0
0,1.0,0.3,11,euclidean,ball_tree,40,2.0,-1.0
0,1.0,0.3,11,euclidean,ball_tree,50,,-1.0
0,1.0,0.3,11,euclidean,ball_tree,50,1.0,-1.0
0,1.0,0.3,11,euclidean,ball_tree,50,2.0,-1.0
0,1.0,0.3,11,euclidean,kd_tree,10,,-1.0
0,1.0,0.3,11,euclidean,kd_tree,10,1.0,-1.0
0,1.0,0.3,11,euclidean,kd_tree,10,2.0,-1.0
0,1.0,0.3,11,euclidean,kd_tree,20,,-1.0
0,1.0,0.3,11,euclidean,kd_tree,20,1.0,-1.0
0,1.0,0.3,11,euclidean,kd_tree,20,2.0,-1.0
0,1.0,0.3,11,euclidean,kd_tree,30,,-1.0
0,1.0,0.3,11,euclidean,kd_tree,30,1.0,-1.0
0,1.0,0.3,11,euclidean,kd_tree,30,2.0,-1.0
0,1.0,0.3,11,euclidean,kd_tree,40,,-1.0
0,1.0,0.3,11,euclidean,kd_tree,40,1.0,-1.0
0,1.0,0.3,11,euclidean,kd_tree,40,2.0,-1.0
0,1.0,0.3,11,euclidean,kd_tree,50,,-1.0
0,1.0,0.3,11,euclidean,kd_tree,50,1.0,-1.0
0,1.0,0.3,11,euclidean,kd_tree,50,2.0,-1.0
0,1.0,0.3,11,euclidean,brute,10,,-1.0
0,1.0,0.3,11,euclidean,brute,10,1.0,-1.0
0,1.0,0.3,11,euclidean,brute,10,2.0,-1.0
0,1.0,0.3,11,euclidean,brute,20,,-1.0
0,1.0,0.3,11,euclidean,brute,20,1.0,-1.0
0,1.0,0.3,11,euclidean,brute,20,2.0,-1.0
0,1.0,0.3,11,euclidean,brute,30,,-1.0
0,1.0,0.3,11,euclidean,brute,30,1.0,-1.0
0,1.0,0.3,11,euclidean,brute,30,2.0,-1.0
0,1.0,0.3,11,euclidean,brute,40,,-1.0
0,1.0,0.3,11,euclidean,brute,40,1.0,-1.0
0,1.0,0.3,11,euclidean,brute,40,2.0,-1.0
0,1.0,0.3,11,euclidean,brute,50,,-1.0
0,1.0,0.3,11,euclidean,brute,50,1.0,-1.0
0,1.0,0.3,11,euclidean,brute,50,2.0,-1.0
0,1.0,0.3,11,manhattan,auto,10,,-1.0
0,1.0,0.3,11,manhattan,auto,10,1.0,-1.0
0,1.0,0.3,11,manhattan,auto,10,2.0,-1.0
0,1.0,0.3,11,manhattan,auto,20,,-1.0
0,1.0,0.3,11,manhattan,auto,20,1.0,-1.0
0,1.0,0.3,11,manhattan,auto,20,2.0,-1.0
0,1.0,0.3,11,manhattan,auto,30,,-1.0
0,1.0,0.3,11,manhattan,auto,30,1.0,-1.0
0,1.0,0.3,11,manhattan,auto,30,2.0,-1.0
0,1.0,0.3,11,manhattan,auto,40,,-1.0
0,1.0,0.3,11,manhattan,auto,40,1.0,-1.0
0,1.0,0.3,11,manhattan,auto,40,2.0,-1.0
0,1.0,0.3,11,manhattan,auto,50,,-1.0
0,1.0,0.3,11,manhattan,auto,50,1.0,-1.0
0,1.0,0.3,11,manhattan,auto,50,2.0,-1.0
0,1.0,0.3,11,manhattan,ball_tree,10,,-1.0
0,1.0,0.3,11,manhattan,ball_tree,10,1.0,-1.0
0,1.0,0.3,11,manhattan,ball_tree,10,2.0,-1.0
0,1.0,0.3,11,manhattan,ball_tree,20,,-1.0
0,1.0,0.3,11,manhattan,ball_tree,20,1.0,-1.0
0,1.0,0.3,11,manhattan,ball_tree,20,2.0,-1.0
0,1.0,0.3,11,manhattan,ball_tree,30,,-1.0
0,1.0,0.3,11,manhattan,ball_tree,30,1.0,-1.0
0,1.0,0.3,11,manhattan,ball_tree,30,2.0,-1.0
0,1.0,0.3,11,manhattan,ball_tree,40,,-1.0
0,1.0,0.3,11,manhattan,ball_tree,40,1.0,-1.0
0,1.0,0.3,11,manhattan,ball_tree,40,2.0,-1.0
0,1.0,0.3,11,manhattan,ball_tree,50,,-1.0
0,1.0,0.3,11,manhattan,ball_tree,50,1.0,-1.0
0,1.0,0.3,11,manhattan,ball_tree,50,2.0,-1.0
0,1.0,0.3,11,manhattan,kd_tree,10,,-1.0
0,1.0,0.3,11,manhattan,kd_tree,10,1.0,-1.0
0,1.0,0.3,11,manhattan,kd_tree,10,2.0,-1.0
0,1.0,0.3,11,manhattan,kd_tree,20,,-1.0
0,1.0,0.3,11,manhattan,kd_tree,20,1.0,-1.0
0,1.0,0.3,11,manhattan,kd_tree,20,2.0,-1.0
0,1.0,0.3,11,manhattan,kd_tree,30,,-1.0
0,1.0,0.3,11,manhattan,kd_tree,30,1.0,-1.0
0,1.0,0.3,11,manhattan,kd_tree,30,2.0,-1.0
0,1.0,0.3,11,manhattan,kd_tree,40,,-1.0
0,1.0,0.3,11,manhattan,kd_tree,40,1.0,-1.0
0,1.0,0.3,11,manhattan,kd_tree,40,2.0,-1.0
0,1.0,0.3,11,manhattan,kd_tree,50,,-1.0
0,1.0,0.3,11,manhattan,kd_tree,50,1.0,-1.0
0,1.0,0.3,11,manhattan,kd_tree,50,2.0,-1.0
0,1.0,0.3,11,manhattan,brute,10,,-1.0
0,1.0,0.3,11,manhattan,brute,10,1.0,-1.0
0,1.0,0.3,11,manhattan,brute,10,2.0,-1.0
0,1.0,0.3,11,manhattan,brute,20,,-1.0
0,1.0,0.3,11,manhattan,brute,20,1.0,-1.0
0,1.0,0.3,11,manhattan,brute,20,2.0,-1.0
0,1.0,0.3,11,manhattan,brute,30,,-1.0
0,1.0,0.3,11,manhattan,brute,30,1.0,-1.0
0,1.0,0.3,11,manhattan,brute,30,2.0,-1.0
0,1.0,0.3,11,manhattan,brute,40,,-1.0
0,1.0,0.3,11,manhattan,brute,40,1.0,-1.0
0,1.0,0.3,11,manhattan,brute,40,2.0,-1.0
0,1.0,0.3,11,manhattan,brute,50,,-1.0
0,1.0,0.3,11,manhattan,brute,50,1.0,-1.0
0,1.0,0.3,11,manhattan,brute,50,2.0,-1.0
0,1.0,0.3,11,mahalanobis,auto,10,,-1.0
0,1.0,0.3,11,mahalanobis,auto,10,1.0,-1.0
0,1.0,0.3,11,mahalanobis,auto,10,2.0,-1.0
0,1.0,0.3,11,mahalanobis,auto,20,,-1.0
0,1.0,0.3,11,mahalanobis,auto,20,1.0,-1.0
0,1.0,0.3,11,mahalanobis,auto,20,2.0,-1.0
0,1.0,0.3,11,mahalanobis,auto,30,,-1.0
0,1.0,0.3,11,mahalanobis,auto,30,1.0,-1.0
0,1.0,0.3,11,mahalanobis,auto,30,2.0,-1.0
0,1.0,0.3,11,mahalanobis,auto,40,,-1.0
0,1.0,0.3,11,mahalanobis,auto,40,1.0,-1.0
0,1.0,0.3,11,mahalanobis,auto,40,2.0,-1.0
0,1.0,0.3,11,mahalanobis,auto,50,,-1.0
0,1.0,0.3,11,mahalanobis,auto,50,1.0,-1.0
0,1.0,0.3,11,mahalanobis,auto,50,2.0,-1.0
0,1.0,0.3,11,mahalanobis,ball_tree,10,,-1.0
0,1.0,0.3,11,mahalanobis,ball_tree,10,1.0,-1.0
0,1.0,0.3,11,mahalanobis,ball_tree,10,2.0,-1.0
0,1.0,0.3,11,mahalanobis,ball_tree,20,,-1.0
0,1.0,0.3,11,mahalanobis,ball_tree,20,1.0,-1.0
0,1.0,0.3,11,mahalanobis,ball_tree,20,2.0,-1.0
0,1.0,0.3,11,mahalanobis,ball_tree,30,,-1.0
0,1.0,0.3,11,mahalanobis,ball_tree,30,1.0,-1.0
0,1.0,0.3,11,mahalanobis,ball_tree,30,2.0,-1.0
0,1.0,0.3,11,mahalanobis,ball_tree,40,,-1.0
0,1.0,0.3,11,mahalanobis,ball_tree,40,1.0,-1.0
0,1.0,0.3,11,mahalanobis,ball_tree,40,2.0,-1.0
0,1.0,0.3,11,mahalanobis,ball_tree,50,,-1.0
0,1.0,0.3,11,mahalanobis,ball_tree,50,1.0,-1.0
0,1.0,0.3,11,mahalanobis,ball_tree,50,2.0,-1.0
0,1.0,0.3,11,mahalanobis,kd_tree,10,,-1.0
0,1.0,0.3,11,mahalanobis,kd_tree,10,1.0,-1.0
0,1.0,0.3,11,mahalanobis,kd_tree,10,2.0,-1.0
0,1.0,0.3,11,mahalanobis,kd_tree,20,,-1.0
0,1.0,0.3,11,mahalanobis,kd_tree,20,1.0,-1.0
0,1.0,0.3,11,mahalanobis,kd_tree,20,2.0,-1.0
0,1.0,0.3,11,mahalanobis,kd_tree,30,,-1.0
0,1.0,0.3,11,mahalanobis,kd_tree,30,1.0,-1.0
0,1.0,0.3,11,mahalanobis,kd_tree,30,2.0,-1.0
0,1.0,0.3,11,mahalanobis,kd_tree,40,,-1.0
0,1.0,0.3,11,mahalanobis,kd_tree,40,1.0,-1.0
0,1.0,0.3,11,mahalanobis,kd_tree,40,2.0,-1.0
0,1.0,0.3,11,mahalanobis,kd_tree,50,,-1.0
0,1.0,0.3,11,mahalanobis,kd_tree,50,1.0,-1.0
0,1.0,0.3,11,mahalanobis,kd_tree,50,2.0,-1.0
0,1.0,0.3,11,mahalanobis,brute,10,,-1.0
0,1.0,0.3,11,mahalanobis,brute,10,1.0,-1.0
0,1.0,0.3,11,mahalanobis,brute,10,2.0,-1.0
0,1.0,0.3,11,mahalanobis,brute,20,,-1.0
0,1.0,0.3,11,mahalanobis,brute,20,1.0,-1.0
0,1.0,0.3,11,mahalanobis,brute,20,2.0,-1.0
0,1.0,0.3,11,mahalanobis,brute,30,,-1.0
0,1.0,0.3,11,mahalanobis,brute,30,1.0,-1.0
0,1.0,0.3,11,mahalanobis,brute,30,2.0,-1.0
0,1.0,0.3,11,mahalanobis,brute,40,,-1.0
0,1.0,0.3,11,mahalanobis,brute,40,1.0,-1.0
0,1.0,0.3,11,mahalanobis,brute,40,2.0,-1.0
0,1.0,0.3,11,mahalanobis,brute,50,,-1.0
0,1.0,0.3,11,mahalanobis,brute,50,1.0,-1.0
0,1.0,0.3,11,mahalanobis,brute,50,2.0,-1.0
0,1.0,0.3,12,euclidean,auto,10,,-1.0
0,1.0,0.3,12,euclidean,auto,10,1.0,-1.0
0,1.0,0.3,12,euclidean,auto,10,2.0,-1.0
0,1.0,0.3,12,euclidean,auto,20,,-1.0
0,1.0,0.3,12,euclidean,auto,20,1.0,-1.0
0,1.0,0.3,12,euclidean,auto,20,2.0,-1.0
0,1.0,0.3,12,euclidean,auto,30,,-1.0
0,1.0,0.3,12,euclidean,auto,30,1.0,-1.0
0,1.0,0.3,12,euclidean,auto,30,2.0,-1.0
0,1.0,0.3,12,euclidean,auto,40,,-1.0
0,1.0,0.3,12,euclidean,auto,40,1.0,-1.0
0,1.0,0.3,12,euclidean,auto,40,2.0,-1.0
0,1.0,0.3,12,euclidean,auto,50,,-1.0
0,1.0,0.3,12,euclidean,auto,50,1.0,-1.0
0,1.0,0.3,12,euclidean,auto,50,2.0,-1.0
0,1.0,0.3,12,euclidean,ball_tree,10,,-1.0
0,1.0,0.3,12,euclidean,ball_tree,10,1.0,-1.0
0,1.0,0.3,12,euclidean,ball_tree,10,2.0,-1.0
0,1.0,0.3,12,euclidean,ball_tree,20,,-1.0
0,1.0,0.3,12,euclidean,ball_tree,20,1.0,-1.0
0,1.0,0.3,12,euclidean,ball_tree,20,2.0,-1.0
0,1.0,0.3,12,euclidean,ball_tree,30,,-1.0
0,1.0,0.3,12,euclidean,ball_tree,30,1.0,-1.0
0,1.0,0.3,12,euclidean,ball_tree,30,2.0,-1.0
0,1.0,0.3,12,euclidean,ball_tree,40,,-1.0
0,1.0,0.3,12,euclidean,ball_tree,40,1.0,-1.0
0,1.0,0.3,12,euclidean,ball_tree,40,2.0,-1.0
0,1.0,0.3,12,euclidean,ball_tree,50,,-1.0
0,1.0,0.3,12,euclidean,ball_tree,50,1.0,-1.0
0,1.0,0.3,12,euclidean,ball_tree,50,2.0,-1.0
0,1.0,0.3,12,euclidean,kd_tree,10,,-1.0
0,1.0,0.3,12,euclidean,kd_tree,10,1.0,-1.0
0,1.0,0.3,12,euclidean,kd_tree,10,2.0,-1.0
0,1.0,0.3,12,euclidean,kd_tree,20,,-1.0
0,1.0,0.3,12,euclidean,kd_tree,20,1.0,-1.0
0,1.0,0.3,12,euclidean,kd_tree,20,2.0,-1.0
0,1.0,0.3,12,euclidean,kd_tree,30,,-1.0
0,1.0,0.3,12,euclidean,kd_tree,30,1.0,-1.0
0,1.0,0.3,12,euclidean,kd_tree,30,2.0,-1.0
0,1.0,0.3,12,euclidean,kd_tree,40,,-1.0
0,1.0,0.3,12,euclidean,kd_tree,40,1.0,-1.0
0,1.0,0.3,12,euclidean,kd_tree,40,2.0,-1.0
0,1.0,0.3,12,euclidean,kd_tree,50,,-1.0
0,1.0,0.3,12,euclidean,kd_tree,50,1.0,-1.0
0,1.0,0.3,12,euclidean,kd_tree,50,2.0,-1.0
0,1.0,0.3,12,euclidean,brute,10,,-1.0
0,1.0,0.3,12,euclidean,brute,10,1.0,-1.0
0,1.0,0.3,12,euclidean,brute,10,2.0,-1.0
0,1.0,0.3,12,euclidean,brute,20,,-1.0
0,1.0,0.3,12,euclidean,brute,20,1.0,-1.0
0,1.0,0.3,12,euclidean,brute,20,2.0,-1.0
0,1.0,0.3,12,euclidean,brute,30,,-1.0
0,1.0,0.3,12,euclidean,brute,30,1.0,-1.0
0,1.0,0.3,12,euclidean,brute,30,2.0,-1.0
0,1.0,0.3,12,euclidean,brute,40,,-1.0
0,1.0,0.3,12,euclidean,brute,40,1.0,-1.0
0,1.0,0.3,12,euclidean,brute,40,2.0,-1.0
0,1.0,0.3,12,euclidean,brute,50,,-1.0
0,1.0,0.3,12,euclidean,brute,50,1.0,-1.0
0,1.0,0.3,12,euclidean,brute,50,2.0,-1.0
0,1.0,0.3,12,manhattan,auto,10,,-1.0
0,1.0,0.3,12,manhattan,auto,10,1.0,-1.0
0,1.0,0.3,12,manhattan,auto,10,2.0,-1.0
0,1.0,0.3,12,manhattan,auto,20,,-1.0
0,1.0,0.3,12,manhattan,auto,20,1.0,-1.0
0,1.0,0.3,12,manhattan,auto,20,2.0,-1.0
0,1.0,0.3,12,manhattan,auto,30,,-1.0
0,1.0,0.3,12,manhattan,auto,30,1.0,-1.0
0,1.0,0.3,12,manhattan,auto,30,2.0,-1.0
0,1.0,0.3,12,manhattan,auto,40,,-1.0
0,1.0,0.3,12,manhattan,auto,40,1.0,-1.0
0,1.0,0.3,12,manhattan,auto,40,2.0,-1.0
0,1.0,0.3,12,manhattan,auto,50,,-1.0
0,1.0,0.3,12,manhattan,auto,50,1.0,-1.0
0,1.0,0.3,12,manhattan,auto,50,2.0,-1.0
0,1.0,0.3,12,manhattan,ball_tree,10,,-1.0
0,1.0,0.3,12,manhattan,ball_tree,10,1.0,-1.0
0,1.0,0.3,12,manhattan,ball_tree,10,2.0,-1.0
0,1.0,0.3,12,manhattan,ball_tree,20,,-1.0
0,1.0,0.3,12,manhattan,ball_tree,20,1.0,-1.0
0,1.0,0.3,12,manhattan,ball_tree,20,2.0,-1.0
0,1.0,0.3,12,manhattan,ball_tree,30,,-1.0
0,1.0,0.3,12,manhattan,ball_tree,30,1.0,-1.0
0,1.0,0.3,12,manhattan,ball_tree,30,2.0,-1.0
0,1.0,0.3,12,manhattan,ball_tree,40,,-1.0
0,1.0,0.3,12,manhattan,ball_tree,40,1.0,-1.0
0,1.0,0.3,12,manhattan,ball_tree,40,2.0,-1.0
0,1.0,0.3,12,manhattan,ball_tree,50,,-1.0
0,1.0,0.3,12,manhattan,ball_tree,50,1.0,-1.0
0,1.0,0.3,12,manhattan,ball_tree,50,2.0,-1.0
0,1.0,0.3,12,manhattan,kd_tree,10,,-1.0
0,1.0,0.3,12,manhattan,kd_tree,10,1.0,-1.0
0,1.0,0.3,12,manhattan,kd_tree,10,2.0,-1.0
0,1.0,0.3,12,manhattan,kd_tree,20,,-1.0
0,1.0,0.3,12,manhattan,kd_tree,20,1.0,-1.0
0,1.0,0.3,12,manhattan,kd_tree,20,2.0,-1.0
0,1.0,0.3,12,manhattan,kd_tree,30,,-1.0
0,1.0,0.3,12,manhattan,kd_tree,30,1.0,-1.0
0,1.0,0.3,12,manhattan,kd_tree,30,2.0,-1.0
0,1.0,0.3,12,manhattan,kd_tree,40,,-1.0
0,1.0,0.3,12,manhattan,kd_tree,40,1.0,-1.0
0,1.0,0.3,12,manhattan,kd_tree,40,2.0,-1.0
0,1.0,0.3,12,manhattan,kd_tree,50,,-1.0
0,1.0,0.3,12,manhattan,kd_tree,50,1.0,-1.0
0,1.0,0.3,12,manhattan,kd_tree,50,2.0,-1.0
0,1.0,0.3,12,manhattan,brute,10,,-1.0
0,1.0,0.3,12,manhattan,brute,10,1.0,-1.0
0,1.0,0.3,12,manhattan,brute,10,2.0,-1.0
0,1.0,0.3,12,manhattan,brute,20,,-1.0
0,1.0,0.3,12,manhattan,brute,20,1.0,-1.0
0,1.0,0.3,12,manhattan,brute,20,2.0,-1.0
0,1.0,0.3,12,manhattan,brute,30,,-1.0
0,1.0,0.3,12,manhattan,brute,30,1.0,-1.0
0,1.0,0.3,12,manhattan,brute,30,2.0,-1.0
0,1.0,0.3,12,manhattan,brute,40,,-1.0
0,1.0,0.3,12,manhattan,brute,40,1.0,-1.0
0,1.0,0.3,12,manhattan,brute,40,2.0,-1.0
0,1.0,0.3,12,manhattan,brute,50,,-1.0
0,1.0,0.3,12,manhattan,brute,50,1.0,-1.0
0,1.0,0.3,12,manhattan,brute,50,2.0,-1.0
0,1.0,0.3,12,mahalanobis,auto,10,,-1.0
0,1.0,0.3,12,mahalanobis,auto,10,1.0,-1.0
0,1.0,0.3,12,mahalanobis,auto,10,2.0,-1.0
0,1.0,0.3,12,mahalanobis,auto,20,,-1.0
0,1.0,0.3,12,mahalanobis,auto,20,1.0,-1.0
0,1.0,0.3,12,mahalanobis,auto,20,2.0,-1.0
0,1.0,0.3,12,mahalanobis,auto,30,,-1.0
0,1.0,0.3,12,mahalanobis,auto,30,1.0,-1.0
0,1.0,0.3,12,mahalanobis,auto,30,2.0,-1.0
0,1.0,0.3,12,mahalanobis,auto,40,,-1.0
0,1.0,0.3,12,mahalanobis,auto,40,1.0,-1.0
0,1.0,0.3,12,mahalanobis,auto,40,2.0,-1.0
0,1.0,0.3,12,mahalanobis,auto,50,,-1.0
0,1.0,0.3,12,mahalanobis,auto,50,1.0,-1.0
0,1.0,0.3,12,mahalanobis,auto,50,2.0,-1.0
0,1.0,0.3,12,mahalanobis,ball_tree,10,,-1.0
0,1.0,0.3,12,mahalanobis,ball_tree,10,1.0,-1.0
0,1.0,0.3,12,mahalanobis,ball_tree,10,2.0,-1.0
0,1.0,0.3,12,mahalanobis,ball_tree,20,,-1.0
0,1.0,0.3,12,mahalanobis,ball_tree,20,1.0,-1.0
0,1.0,0.3,12,mahalanobis,ball_tree,20,2.0,-1.0
0,1.0,0.3,12,mahalanobis,ball_tree,30,,-1.0
0,1.0,0.3,12,mahalanobis,ball_tree,30,1.0,-1.0
0,1.0,0.3,12,mahalanobis,ball_tree,30,2.0,-1.0
0,1.0,0.3,12,mahalanobis,ball_tree,40,,-1.0
0,1.0,0.3,12,mahalanobis,ball_tree,40,1.0,-1.0
0,1.0,0.3,12,mahalanobis,ball_tree,40,2.0,-1.0
0,1.0,0.3,12,mahalanobis,ball_tree,50,,-1.0
0,1.0,0.3,12,mahalanobis,ball_tree,50,1.0,-1.0
0,1.0,0.3,12,mahalanobis,ball_tree,50,2.0,-1.0
0,1.0,0.3,12,mahalanobis,kd_tree,10,,-1.0
0,1.0,0.3,12,mahalanobis,kd_tree,10,1.0,-1.0
0,1.0,0.3,12,mahalanobis,kd_tree,10,2.0,-1.0
0,1.0,0.3,12,mahalanobis,kd_tree,20,,-1.0
0,1.0,0.3,12,mahalanobis,kd_tree,20,1.0,-1.0
0,1.0,0.3,12,mahalanobis,kd_tree,20,2.0,-1.0
0,1.0,0.3,12,mahalanobis,kd_tree,30,,-1.0
0,1.0,0.3,12,mahalanobis,kd_tree,30,1.0,-1.0
0,1.0,0.3,12,mahalanobis,kd_tree,30,2.0,-1.0
0,1.0,0.3,12,mahalanobis,kd_tree,40,,-1.0
0,1.0,0.3,12,mahalanobis,kd_tree,40,1.0,-1.0
0,1.0,0.3,12,mahalanobis,kd_tree,40,2.0,-1.0
0,1.0,0.3,12,mahalanobis,kd_tree,50,,-1.0
0,1.0,0.3,12,mahalanobis,kd_tree,50,1.0,-1.0
0,1.0,0.3,12,mahalanobis,kd_tree,50,2.0,-1.0
0,1.0,0.3,12,mahalanobis,brute,10,,-1.0
0,1.0,0.3,12,mahalanobis,brute,10,1.0,-1.0
0,1.0,0.3,12,mahalanobis,brute,10,2.0,-1.0
0,1.0,0.3,12,mahalanobis,brute,20,,-1.0
0,1.0,0.3,12,mahalanobis,brute,20,1.0,-1.0
0,1.0,0.3,12,mahalanobis,brute,20,2.0,-1.0
0,1.0,0.3,12,mahalanobis,brute,30,,-1.0
0,1.0,0.3,12,mahalanobis,brute,30,1.0,-1.0
0,1.0,0.3,12,mahalanobis,brute,30,2.0,-1.0
0,1.0,0.3,12,mahalanobis,brute,40,,-1.0
0,1.0,0.3,12,mahalanobis,brute,40,1.0,-1.0
0,1.0,0.3,12,mahalanobis,brute,40,2.0,-1.0
0,1.0,0.3,12,mahalanobis,brute,50,,-1.0
0,1.0,0.3,12,mahalanobis,brute,50,1.0,-1.0
0,1.0,0.3,12,mahalanobis,brute,50,2.0,-1.0
0,1.0,0.3,13,euclidean,auto,10,,-1.0
0,1.0,0.3,13,euclidean,auto,10,1.0,-1.0
0,1.0,0.3,13,euclidean,auto,10,2.0,-1.0
0,1.0,0.3,13,euclidean,auto,20,,-1.0
0,1.0,0.3,13,euclidean,auto,20,1.0,-1.0
0,1.0,0.3,13,euclidean,auto,20,2.0,-1.0
0,1.0,0.3,13,euclidean,auto,30,,-1.0
0,1.0,0.3,13,euclidean,auto,30,1.0,-1.0
0,1.0,0.3,13,euclidean,auto,30,2.0,-1.0
0,1.0,0.3,13,euclidean,auto,40,,-1.0
0,1.0,0.3,13,euclidean,auto,40,1.0,-1.0
0,1.0,0.3,13,euclidean,auto,40,2.0,-1.0
0,1.0,0.3,13,euclidean,auto,50,,-1.0
0,1.0,0.3,13,euclidean,auto,50,1.0,-1.0
0,1.0,0.3,13,euclidean,auto,50,2.0,-1.0
0,1.0,0.3,13,euclidean,ball_tree,10,,-1.0
0,1.0,0.3,13,euclidean,ball_tree,10,1.0,-1.0
0,1.0,0.3,13,euclidean,ball_tree,10,2.0,-1.0
0,1.0,0.3,13,euclidean,ball_tree,20,,-1.0
0,1.0,0.3,13,euclidean,ball_tree,20,1.0,-1.0
0,1.0,0.3,13,euclidean,ball_tree,20,2.0,-1.0
0,1.0,0.3,13,euclidean,ball_tree,30,,-1.0
0,1.0,0.3,13,euclidean,ball_tree,30,1.0,-1.0
0,1.0,0.3,13,euclidean,ball_tree,30,2.0,-1.0
0,1.0,0.3,13,euclidean,ball_tree,40,,-1.0
0,1.0,0.3,13,euclidean,ball_tree,40,1.0,-1.0
0,1.0,0.3,13,euclidean,ball_tree,40,2.0,-1.0
0,1.0,0.3,13,euclidean,ball_tree,50,,-1.0
0,1.0,0.3,13,euclidean,ball_tree,50,1.0,-1.0
0,1.0,0.3,13,euclidean,ball_tree,50,2.0,-1.0
0,1.0,0.3,13,euclidean,kd_tree,10,,-1.0
0,1.0,0.3,13,euclidean,kd_tree,10,1.0,-1.0
0,1.0,0.3,13,euclidean,kd_tree,10,2.0,-1.0
0,1.0,0.3,13,euclidean,kd_tree,20,,-1.0
0,1.0,0.3,13,euclidean,kd_tree,20,1.0,-1.0
0,1.0,0.3,13,euclidean,kd_tree,20,2.0,-1.0
0,1.0,0.3,13,euclidean,kd_tree,30,,-1.0
0,1.0,0.3,13,euclidean,kd_tree,30,1.0,-1.0
0,1.0,0.3,13,euclidean,kd_tree,30,2.0,-1.0
0,1.0,0.3,13,euclidean,kd_tree,40,,-1.0
0,1.0,0.3,13,euclidean,kd_tree,40,1.0,-1.0
0,1.0,0.3,13,euclidean,kd_tree,40,2.0,-1.0
0,1.0,0.3,13,euclidean,kd_tree,50,,-1.0
0,1.0,0.3,13,euclidean,kd_tree,50,1.0,-1.0
0,1.0,0.3,13,euclidean,kd_tree,50,2.0,-1.0
0,1.0,0.3,13,euclidean,brute,10,,-1.0
0,1.0,0.3,13,euclidean,brute,10,1.0,-1.0
0,1.0,0.3,13,euclidean,brute,10,2.0,-1.0
0,1.0,0.3,13,euclidean,brute,20,,-1.0
0,1.0,0.3,13,euclidean,brute,20,1.0,-1.0
0,1.0,0.3,13,euclidean,brute,20,2.0,-1.0
0,1.0,0.3,13,euclidean,brute,30,,-1.0
0,1.0,0.3,13,euclidean,brute,30,1.0,-1.0
0,1.0,0.3,13,euclidean,brute,30,2.0,-1.0
0,1.0,0.3,13,euclidean,brute,40,,-1.0
0,1.0,0.3,13,euclidean,brute,40,1.0,-1.0
0,1.0,0.3,13,euclidean,brute,40,2.0,-1.0
0,1.0,0.3,13,euclidean,brute,50,,-1.0
0,1.0,0.3,13,euclidean,brute,50,1.0,-1.0
0,1.0,0.3,13,euclidean,brute,50,2.0,-1.0
0,1.0,0.3,13,manhattan,auto,10,,-1.0
0,1.0,0.3,13,manhattan,auto,10,1.0,-1.0
0,1.0,0.3,13,manhattan,auto,10,2.0,-1.0
0,1.0,0.3,13,manhattan,auto,20,,-1.0
0,1.0,0.3,13,manhattan,auto,20,1.0,-1.0
0,1.0,0.3,13,manhattan,auto,20,2.0,-1.0
0,1.0,0.3,13,manhattan,auto,30,,-1.0
0,1.0,0.3,13,manhattan,auto,30,1.0,-1.0
0,1.0,0.3,13,manhattan,auto,30,2.0,-1.0
0,1.0,0.3,13,manhattan,auto,40,,-1.0
0,1.0,0.3,13,manhattan,auto,40,1.0,-1.0
0,1.0,0.3,13,manhattan,auto,40,2.0,-1.0
0,1.0,0.3,13,manhattan,auto,50,,-1.0
0,1.0,0.3,13,manhattan,auto,50,1.0,-1.0
0,1.0,0.3,13,manhattan,auto,50,2.0,-1.0
0,1.0,0.3,13,manhattan,ball_tree,10,,-1.0
0,1.0,0.3,13,manhattan,ball_tree,10,1.0,-1.0
0,1.0,0.3,13,manhattan,ball_tree,10,2.0,-1.0
0,1.0,0.3,13,manhattan,ball_tree,20,,-1.0
0,1.0,0.3,13,manhattan,ball_tree,20,1.0,-1.0
0,1.0,0.3,13,manhattan,ball_tree,20,2.0,-1.0
0,1.0,0.3,13,manhattan,ball_tree,30,,-1.0
0,1.0,0.3,13,manhattan,ball_tree,30,1.0,-1.0
0,1.0,0.3,13,manhattan,ball_tree,30,2.0,-1.0
0,1.0,0.3,13,manhattan,ball_tree,40,,-1.0
0,1.0,0.3,13,manhattan,ball_tree,40,1.0,-1.0
0,1.0,0.3,13,manhattan,ball_tree,40,2.0,-1.0
0,1.0,0.3,13,manhattan,ball_tree,50,,-1.0
0,1.0,0.3,13,manhattan,ball_tree,50,1.0,-1.0
0,1.0,0.3,13,manhattan,ball_tree,50,2.0,-1.0
0,1.0,0.3,13,manhattan,kd_tree,10,,-1.0
0,1.0,0.3,13,manhattan,kd_tree,10,1.0,-1.0
0,1.0,0.3,13,manhattan,kd_tree,10,2.0,-1.0
0,1.0,0.3,13,manhattan,kd_tree,20,,-1.0
0,1.0,0.3,13,manhattan,kd_tree,20,1.0,-1.0
0,1.0,0.3,13,manhattan,kd_tree,20,2.0,-1.0
0,1.0,0.3,13,manhattan,kd_tree,30,,-1.0
0,1.0,0.3,13,manhattan,kd_tree,30,1.0,-1.0
0,1.0,0.3,13,manhattan,kd_tree,30,2.0,-1.0
0,1.0,0.3,13,manhattan,kd_tree,40,,-1.0
0,1.0,0.3,13,manhattan,kd_tree,40,1.0,-1.0
0,1.0,0.3,13,manhattan,kd_tree,40,2.0,-1.0
0,1.0,0.3,13,manhattan,kd_tree,50,,-1.0
0,1.0,0.3,13,manhattan,kd_tree,50,1.0,-1.0
0,1.0,0.3,13,manhattan,kd_tree,50,2.0,-1.0
0,1.0,0.3,13,manhattan,brute,10,,-1.0
0,1.0,0.3,13,manhattan,brute,10,1.0,-1.0
0,1.0,0.3,13,manhattan,brute,10,2.0,-1.0
0,1.0,0.3,13,manhattan,brute,20,,-1.0
0,1.0,0.3,13,manhattan,brute,20,1.0,-1.0
0,1.0,0.3,13,manhattan,brute,20,2.0,-1.0
0,1.0,0.3,13,manhattan,brute,30,,-1.0
0,1.0,0.3,13,manhattan,brute,30,1.0,-1.0
0,1.0,0.3,13,manhattan,brute,30,2.0,-1.0
0,1.0,0.3,13,manhattan,brute,40,,-1.0
0,1.0,0.3,13,manhattan,brute,40,1.0,-1.0
0,1.0,0.3,13,manhattan,brute,40,2.0,-1.0
0,1.0,0.3,13,manhattan,brute,50,,-1.0
0,1.0,0.3,13,manhattan,brute,50,1.0,-1.0
0,1.0,0.3,13,manhattan,brute,50,2.0,-1.0
0,1.0,0.3,13,mahalanobis,auto,10,,-1.0
0,1.0,0.3,13,mahalanobis,auto,10,1.0,-1.0
0,1.0,0.3,13,mahalanobis,auto,10,2.0,-1.0
0,1.0,0.3,13,mahalanobis,auto,20,,-1.0
0,1.0,0.3,13,mahalanobis,auto,20,1.0,-1.0
0,1.0,0.3,13,mahalanobis,auto,20,2.0,-1.0
0,1.0,0.3,13,mahalanobis,auto,30,,-1.0
0,1.0,0.3,13,mahalanobis,auto,30,1.0,-1.0
0,1.0,0.3,13,mahalanobis,auto,30,2.0,-1.0
0,1.0,0.3,13,mahalanobis,auto,40,,-1.0
0,1.0,0.3,13,mahalanobis,auto,40,1.0,-1.0
0,1.0,0.3,13,mahalanobis,auto,40,2.0,-1.0
0,1.0,0.3,13,mahalanobis,auto,50,,-1.0
0,1.0,0.3,13,mahalanobis,auto,50,1.0,-1.0
0,1.0,0.3,13,mahalanobis,auto,50,2.0,-1.0
0,1.0,0.3,13,mahalanobis,ball_tree,10,,-1.0
0,1.0,0.3,13,mahalanobis,ball_tree,10,1.0,-1.0
0,1.0,0.3,13,mahalanobis,ball_tree,10,2.0,-1.0
0,1.0,0.3,13,mahalanobis,ball_tree,20,,-1.0
0,1.0,0.3,13,mahalanobis,ball_tree,20,1.0,-1.0
0,1.0,0.3,13,mahalanobis,ball_tree,20,2.0,-1.0
0,1.0,0.3,13,mahalanobis,ball_tree,30,,-1.0
0,1.0,0.3,13,mahalanobis,ball_tree,30,1.0,-1.0
0,1.0,0.3,13,mahalanobis,ball_tree,30,2.0,-1.0
0,1.0,0.3,13,mahalanobis,ball_tree,40,,-1.0
0,1.0,0.3,13,mahalanobis,ball_tree,40,1.0,-1.0
0,1.0,0.3,13,mahalanobis,ball_tree,40,2.0,-1.0
0,1.0,0.3,13,mahalanobis,ball_tree,50,,-1.0
0,1.0,0.3,13,mahalanobis,ball_tree,50,1.0,-1.0
0,1.0,0.3,13,mahalanobis,ball_tree,50,2.0,-1.0
0,1.0,0.3,13,mahalanobis,kd_tree,10,,-1.0
0,1.0,0.3,13,mahalanobis,kd_tree,10,1.0,-1.0
0,1.0,0.3,13,mahalanobis,kd_tree,10,2.0,-1.0
0,1.0,0.3,13,mahalanobis,kd_tree,20,,-1.0
0,1.0,0.3,13,mahalanobis,kd_tree,20,1.0,-1.0
0,1.0,0.3,13,mahalanobis,kd_tree,20,2.0,-1.0
0,1.0,0.3,13,mahalanobis,kd_tree,30,,-1.0
0,1.0,0.3,13,mahalanobis,kd_tree,30,1.0,-1.0
0,1.0,0.3,13,mahalanobis,kd_tree,30,2.0,-1.0
0,1.0,0.3,13,mahalanobis,kd_tree,40,,-1.0
0,1.0,0.3,13,mahalanobis,kd_tree,40,1.0,-1.0
0,1.0,0.3,13,mahalanobis,kd_tree,40,2.0,-1.0
0,1.0,0.3,13,mahalanobis,kd_tree,50,,-1.0
0,1.0,0.3,13,mahalanobis,kd_tree,50,1.0,-1.0
0,1.0,0.3,13,mahalanobis,kd_tree,50,2.0,-1.0
0,1.0,0.3,13,mahalanobis,brute,10,,-1.0
0,1.0,0.3,13,mahalanobis,brute,10,1.0,-1.0
0,1.0,0.3,13,mahalanobis,brute,10,2.0,-1.0
0,1.0,0.3,13,mahalanobis,brute,20,,-1.0
0,1.0,0.3,13,mahalanobis,brute,20,1.0,-1.0
0,1.0,0.3,13,mahalanobis,brute,20,2.0,-1.0
0,1.0,0.3,13,mahalanobis,brute,30,,-1.0
0,1.0,0.3,13,mahalanobis,brute,30,1.0,-1.0
0,1.0,0.3,13,mahalanobis,brute,30,2.0,-1.0
0,1.0,0.3,13,mahalanobis,brute,40,,-1.0
0,1.0,0.3,13,mahalanobis,brute,40,1.0,-1.0
0,1.0,0.3,13,mahalanobis,brute,40,2.0,-1.0
0,1.0,0.3,13,mahalanobis,brute,50,,-1.0
0,1.0,0.3,13,mahalanobis,brute,50,1.0,-1.0
0,1.0,0.3,13,mahalanobis,brute,50,2.0,-1.0
0,1.0,0.3,14,euclidean,auto,10,,-1.0
0,1.0,0.3,14,euclidean,auto,10,1.0,-1.0
0,1.0,0.3,14,euclidean,auto,10,2.0,-1.0
0,1.0,0.3,14,euclidean,auto,20,,-1.0
0,1.0,0.3,14,euclidean,auto,20,1.0,-1.0
0,1.0,0.3,14,euclidean,auto,20,2.0,-1.0
0,1.0,0.3,14,euclidean,auto,30,,-1.0
0,1.0,0.3,14,euclidean,auto,30,1.0,-1.0
0,1.0,0.3,14,euclidean,auto,30,2.0,-1.0
0,1.0,0.3,14,euclidean,auto,40,,-1.0
0,1.0,0.3,14,euclidean,auto,40,1.0,-1.0
0,1.0,0.3,14,euclidean,auto,40,2.0,-1.0
0,1.0,0.3,14,euclidean,auto,50,,-1.0
0,1.0,0.3,14,euclidean,auto,50,1.0,-1.0
0,1.0,0.3,14,euclidean,auto,50,2.0,-1.0
0,1.0,0.3,14,euclidean,ball_tree,10,,-1.0
0,1.0,0.3,14,euclidean,ball_tree,10,1.0,-1.0
0,1.0,0.3,14,euclidean,ball_tree,10,2.0,-1.0
0,1.0,0.3,14,euclidean,ball_tree,20,,-1.0
0,1.0,0.3,14,euclidean,ball_tree,20,1.0,-1.0
0,1.0,0.3,14,euclidean,ball_tree,20,2.0,-1.0
0,1.0,0.3,14,euclidean,ball_tree,30,,-1.0
0,1.0,0.3,14,euclidean,ball_tree,30,1.0,-1.0
0,1.0,0.3,14,euclidean,ball_tree,30,2.0,-1.0
0,1.0,0.3,14,euclidean,ball_tree,40,,-1.0
0,1.0,0.3,14,euclidean,ball_tree,40,1.0,-1.0
0,1.0,0.3,14,euclidean,ball_tree,40,2.0,-1.0
0,1.0,0.3,14,euclidean,ball_tree,50,,-1.0
0,1.0,0.3,14,euclidean,ball_tree,50,1.0,-1.0
0,1.0,0.3,14,euclidean,ball_tree,50,2.0,-1.0
0,1.0,0.3,14,euclidean,kd_tree,10,,-1.0
0,1.0,0.3,14,euclidean,kd_tree,10,1.0,-1.0
0,1.0,0.3,14,euclidean,kd_tree,10,2.0,-1.0
0,1.0,0.3,14,euclidean,kd_tree,20,,-1.0
0,1.0,0.3,14,euclidean,kd_tree,20,1.0,-1.0
0,1.0,0.3,14,euclidean,kd_tree,20,2.0,-1.0
0,1.0,0.3,14,euclidean,kd_tree,30,,-1.0
0,1.0,0.3,14,euclidean,kd_tree,30,1.0,-1.0
0,1.0,0.3,14,euclidean,kd_tree,30,2.0,-1.0
0,1.0,0.3,14,euclidean,kd_tree,40,,-1.0
0,1.0,0.3,14,euclidean,kd_tree,40,1.0,-1.0
0,1.0,0.3,14,euclidean,kd_tree,40,2.0,-1.0
0,1.0,0.3,14,euclidean,kd_tree,50,,-1.0
0,1.0,0.3,14,euclidean,kd_tree,50,1.0,-1.0
0,1.0,0.3,14,euclidean,kd_tree,50,2.0,-1.0
0,1.0,0.3,14,euclidean,brute,10,,-1.0
0,1.0,0.3,14,euclidean,brute,10,1.0,-1.0
0,1.0,0.3,14,euclidean,brute,10,2.0,-1.0
0,1.0,0.3,14,euclidean,brute,20,,-1.0
0,1.0,0.3,14,euclidean,brute,20,1.0,-1.0
0,1.0,0.3,14,euclidean,brute,20,2.0,-1.0
0,1.0,0.3,14,euclidean,brute,30,,-1.0
0,1.0,0.3,14,euclidean,brute,30,1.0,-1.0
0,1.0,0.3,14,euclidean,brute,30,2.0,-1.0
0,1.0,0.3,14,euclidean,brute,40,,-1.0
0,1.0,0.3,14,euclidean,brute,40,1.0,-1.0
0,1.0,0.3,14,euclidean,brute,40,2.0,-1.0
0,1.0,0.3,14,euclidean,brute,50,,-1.0
0,1.0,0.3,14,euclidean,brute,50,1.0,-1.0
0,1.0,0.3,14,euclidean,brute,50,2.0,-1.0
0,1.0,0.3,14,manhattan,auto,10,,-1.0
0,1.0,0.3,14,manhattan,auto,10,1.0,-1.0
0,1.0,0.3,14,manhattan,auto,10,2.0,-1.0
0,1.0,0.3,14,manhattan,auto,20,,-1.0
0,1.0,0.3,14,manhattan,auto,20,1.0,-1.0
0,1.0,0.3,14,manhattan,auto,20,2.0,-1.0
0,1.0,0.3,14,manhattan,auto,30,,-1.0
0,1.0,0.3,14,manhattan,auto,30,1.0,-1.0
0,1.0,0.3,14,manhattan,auto,30,2.0,-1.0
0,1.0,0.3,14,manhattan,auto,40,,-1.0
0,1.0,0.3,14,manhattan,auto,40,1.0,-1.0
0,1.0,0.3,14,manhattan,auto,40,2.0,-1.0
0,1.0,0.3,14,manhattan,auto,50,,-1.0
0,1.0,0.3,14,manhattan,auto,50,1.0,-1.0
0,1.0,0.3,14,manhattan,auto,50,2.0,-1.0
0,1.0,0.3,14,manhattan,ball_tree,10,,-1.0
0,1.0,0.3,14,manhattan,ball_tree,10,1.0,-1.0
0,1.0,0.3,14,manhattan,ball_tree,10,2.0,-1.0
0,1.0,0.3,14,manhattan,ball_tree,20,,-1.0
0,1.0,0.3,14,manhattan,ball_tree,20,1.0,-1.0
0,1.0,0.3,14,manhattan,ball_tree,20,2.0,-1.0
0,1.0,0.3,14,manhattan,ball_tree,30,,-1.0
0,1.0,0.3,14,manhattan,ball_tree,30,1.0,-1.0
0,1.0,0.3,14,manhattan,ball_tree,30,2.0,-1.0
0,1.0,0.3,14,manhattan,ball_tree,40,,-1.0
0,1.0,0.3,14,manhattan,ball_tree,40,1.0,-1.0
0,1.0,0.3,14,manhattan,ball_tree,40,2.0,-1.0
0,1.0,0.3,14,manhattan,ball_tree,50,,-1.0
0,1.0,0.3,14,manhattan,ball_tree,50,1.0,-1.0
0,1.0,0.3,14,manhattan,ball_tree,50,2.0,-1.0
0,1.0,0.3,14,manhattan,kd_tree,10,,-1.0
0,1.0,0.3,14,manhattan,kd_tree,10,1.0,-1.0
0,1.0,0.3,14,manhattan,kd_tree,10,2.0,-1.0
0,1.0,0.3,14,manhattan,kd_tree,20,,-1.0
0,1.0,0.3,14,manhattan,kd_tree,20,1.0,-1.0
0,1.0,0.3,14,manhattan,kd_tree,20,2.0,-1.0
0,1.0,0.3,14,manhattan,kd_tree,30,,-1.0
0,1.0,0.3,14,manhattan,kd_tree,30,1.0,-1.0
0,1.0,0.3,14,manhattan,kd_tree,30,2.0,-1.0
0,1.0,0.3,14,manhattan,kd_tree,40,,-1.0
0,1.0,0.3,14,manhattan,kd_tree,40,1.0,-1.0
0,1.0,0.3,14,manhattan,kd_tree,40,2.0,-1.0
0,1.0,0.3,14,manhattan,kd_tree,50,,-1.0
0,1.0,0.3,14,manhattan,kd_tree,50,1.0,-1.0
0,1.0,0.3,14,manhattan,kd_tree,50,2.0,-1.0
0,1.0,0.3,14,manhattan,brute,10,,-1.0
0,1.0,0.3,14,manhattan,brute,10,1.0,-1.0
0,1.0,0.3,14,manhattan,brute,10,2.0,-1.0
0,1.0,0.3,14,manhattan,brute,20,,-1.0
0,1.0,0.3,14,manhattan,brute,20,1.0,-1.0
0,1.0,0.3,14,manhattan,brute,20,2.0,-1.0
0,1.0,0.3,14,manhattan,brute,30,,-1.0
0,1.0,0.3,14,manhattan,brute,30,1.0,-1.0
0,1.0,0.3,14,manhattan,brute,30,2.0,-1.0
0,1.0,0.3,14,manhattan,brute,40,,-1.0
0,1.0,0.3,14,manhattan,brute,40,1.0,-1.0
0,1.0,0.3,14,manhattan,brute,40,2.0,-1.0
0,1.0,0.3,14,manhattan,brute,50,,-1.0
0,1.0,0.3,14,manhattan,brute,50,1.0,-1.0
0,1.0,0.3,14,manhattan,brute,50,2.0,-1.0
0,1.0,0.3,14,mahalanobis,auto,10,,-1.0
0,1.0,0.3,14,mahalanobis,auto,10,1.0,-1.0
0,1.0,0.3,14,mahalanobis,auto,10,2.0,-1.0
0,1.0,0.3,14,mahalanobis,auto,20,,-1.0
0,1.0,0.3,14,mahalanobis,auto,20,1.0,-1.0
0,1.0,0.3,14,mahalanobis,auto,20,2.0,-1.0
0,1.0,0.3,14,mahalanobis,auto,30,,-1.0
0,1.0,0.3,14,mahalanobis,auto,30,1.0,-1.0
0,1.0,0.3,14,mahalanobis,auto,30,2.0,-1.0
0,1.0,0.3,14,mahalanobis,auto,40,,-1.0
0,1.0,0.3,14,mahalanobis,auto,40,1.0,-1.0
0,1.0,0.3,14,mahalanobis,auto,40,2.0,-1.0
0,1.0,0.3,14,mahalanobis,auto,50,,-1.0
0,1.0,0.3,14,mahalanobis,auto,50,1.0,-1.0
0,1.0,0.3,14,mahalanobis,auto,50,2.0,-1.0
0,1.0,0.3,14,mahalanobis,ball_tree,10,,-1.0
0,1.0,0.3,14,mahalanobis,ball_tree,10,1.0,-1.0
0,1.0,0.3,14,mahalanobis,ball_tree,10,2.0,-1.0
0,1.0,0.3,14,mahalanobis,ball_tree,20,,-1.0
0,1.0,0.3,14,mahalanobis,ball_tree,20,1.0,-1.0
0,1.0,0.3,14,mahalanobis,ball_tree,20,2.0,-1.0
0,1.0,0.3,14,mahalanobis,ball_tree,30,,-1.0
0,1.0,0.3,14,mahalanobis,ball_tree,30,1.0,-1.0
0,1.0,0.3,14,mahalanobis,ball_tree,30,2.0,-1.0
0,1.0,0.3,14,mahalanobis,ball_tree,40,,-1.0
0,1.0,0.3,14,mahalanobis,ball_tree,40,1.0,-1.0
0,1.0,0.3,14,mahalanobis,ball_tree,40,2.0,-1.0
0,1.0,0.3,14,mahalanobis,ball_tree,50,,-1.0
0,1.0,0.3,14,mahalanobis,ball_tree,50,1.0,-1.0
0,1.0,0.3,14,mahalanobis,ball_tree,50,2.0,-1.0
0,1.0,0.3,14,mahalanobis,kd_tree,10,,-1.0
0,1.0,0.3,14,mahalanobis,kd_tree,10,1.0,-1.0
0,1.0,0.3,14,mahalanobis,kd_tree,10,2.0,-1.0
0,1.0,0.3,14,mahalanobis,kd_tree,20,,-1.0
0,1.0,0.3,14,mahalanobis,kd_tree,20,1.0,-1.0
0,1.0,0.3,14,mahalanobis,kd_tree,20,2.0,-1.0
0,1.0,0.3,14,mahalanobis,kd_tree,30,,-1.0
0,1.0,0.3,14,mahalanobis,kd_tree,30,1.0,-1.0
0,1.0,0.3,14,mahalanobis,kd_tree,30,2.0,-1.0
0,1.0,0.3,14,mahalanobis,kd_tree,40,,-1.0
0,1.0,0.3,14,mahalanobis,kd_tree,40,1.0,-1.0
0,1.0,0.3,14,mahalanobis,kd_tree,40,2.0,-1.0
0,1.0,0.3,14,mahalanobis,kd_tree,50,,-1.0
0,1.0,0.3,14,mahalanobis,kd_tree,50,1.0,-1.0
0,1.0,0.3,14,mahalanobis,kd_tree,50,2.0,-1.0
0,1.0,0.3,14,mahalanobis,brute,10,,-1.0
0,1.0,0.3,14,mahalanobis,brute,10,1.0,-1.0
0,1.0,0.3,14,mahalanobis,brute,10,2.0,-1.0
0,1.0,0.3,14,mahalanobis,brute,20,,-1.0
0,1.0,0.3,14,mahalanobis,brute,20,1.0,-1.0
0,1.0,0.3,14,mahalanobis,brute,20,2.0,-1.0
0,1.0,0.3,14,mahalanobis,brute,30,,-1.0
0,1.0,0.3,14,mahalanobis,brute,30,1.0,-1.0
0,1.0,0.3,14,mahalanobis,brute,30,2.0,-1.0
0,1.0,0.3,14,mahalanobis,brute,40,,-1.0
0,1.0,0.3,14,mahalanobis,brute,40,1.0,-1.0
0,1.0,0.3,14,mahalanobis,brute,40,2.0,-1.0
0,1.0,0.3,14,mahalanobis,brute,50,,-1.0
0,1.0,0.3,14,mahalanobis,brute,50,1.0,-1.0
0,1.0,0.3,14,mahalanobis,brute,50,2.0,-1.0
0,1.0,0.3,15,euclidean,auto,10,,-1.0
0,1.0,0.3,15,euclidean,auto,10,1.0,-1.0
0,1.0,0.3,15,euclidean,auto,10,2.0,-1.0
0,1.0,0.3,15,euclidean,auto,20,,-1.0
0,1.0,0.3,15,euclidean,auto,20,1.0,-1.0
0,1.0,0.3,15,euclidean,auto,20,2.0,-1.0
0,1.0,0.3,15,euclidean,auto,30,,-1.0
0,1.0,0.3,15,euclidean,auto,30,1.0,-1.0
0,1.0,0.3,15,euclidean,auto,30,2.0,-1.0
0,1.0,0.3,15,euclidean,auto,40,,-1.0
0,1.0,0.3,15,euclidean,auto,40,1.0,-1.0
0,1.0,0.3,15,euclidean,auto,40,2.0,-1.0
0,1.0,0.3,15,euclidean,auto,50,,-1.0
0,1.0,0.3,15,euclidean,auto,50,1.0,-1.0
0,1.0,0.3,15,euclidean,auto,50,2.0,-1.0
0,1.0,0.3,15,euclidean,ball_tree,10,,-1.0
0,1.0,0.3,15,euclidean,ball_tree,10,1.0,-1.0
0,1.0,0.3,15,euclidean,ball_tree,10,2.0,-1.0
0,1.0,0.3,15,euclidean,ball_tree,20,,-1.0
0,1.0,0.3,15,euclidean,ball_tree,20,1.0,-1.0
0,1.0,0.3,15,euclidean,ball_tree,20,2.0,-1.0
0,1.0,0.3,15,euclidean,ball_tree,30,,-1.0
0,1.0,0.3,15,euclidean,ball_tree,30,1.0,-1.0
0,1.0,0.3,15,euclidean,ball_tree,30,2.0,-1.0
0,1.0,0.3,15,euclidean,ball_tree,40,,-1.0
0,1.0,0.3,15,euclidean,ball_tree,40,1.0,-1.0
0,1.0,0.3,15,euclidean,ball_tree,40,2.0,-1.0
0,1.0,0.3,15,euclidean,ball_tree,50,,-1.0
0,1.0,0.3,15,euclidean,ball_tree,50,1.0,-1.0
0,1.0,0.3,15,euclidean,ball_tree,50,2.0,-1.0
0,1.0,0.3,15,euclidean,kd_tree,10,,-1.0
0,1.0,0.3,15,euclidean,kd_tree,10,1.0,-1.0
0,1.0,0.3,15,euclidean,kd_tree,10,2.0,-1.0
0,1.0,0.3,15,euclidean,kd_tree,20,,-1.0
0,1.0,0.3,15,euclidean,kd_tree,20,1.0,-1.0
0,1.0,0.3,15,euclidean,kd_tree,20,2.0,-1.0
0,1.0,0.3,15,euclidean,kd_tree,30,,-1.0
0,1.0,0.3,15,euclidean,kd_tree,30,1.0,-1.0
0,1.0,0.3,15,euclidean,kd_tree,30,2.0,-1.0
0,1.0,0.3,15,euclidean,kd_tree,40,,-1.0
0,1.0,0.3,15,euclidean,kd_tree,40,1.0,-1.0
0,1.0,0.3,15,euclidean,kd_tree,40,2.0,-1.0
0,1.0,0.3,15,euclidean,kd_tree,50,,-1.0
0,1.0,0.3,15,euclidean,kd_tree,50,1.0,-1.0
0,1.0,0.3,15,euclidean,kd_tree,50,2.0,-1.0
0,1.0,0.3,15,euclidean,brute,10,,-1.0
0,1.0,0.3,15,euclidean,brute,10,1.0,-1.0
0,1.0,0.3,15,euclidean,brute,10,2.0,-1.0
0,1.0,0.3,15,euclidean,brute,20,,-1.0
0,1.0,0.3,15,euclidean,brute,20,1.0,-1.0
0,1.0,0.3,15,euclidean,brute,20,2.0,-1.0
0,1.0,0.3,15,euclidean,brute,30,,-1.0
0,1.0,0.3,15,euclidean,brute,30,1.0,-1.0
0,1.0,0.3,15,euclidean,brute,30,2.0,-1.0
0,1.0,0.3,15,euclidean,brute,40,,-1.0
0,1.0,0.3,15,euclidean,brute,40,1.0,-1.0
0,1.0,0.3,15,euclidean,brute,40,2.0,-1.0
0,1.0,0.3,15,euclidean,brute,50,,-1.0
0,1.0,0.3,15,euclidean,brute,50,1.0,-1.0
0,1.0,0.3,15,euclidean,brute,50,2.0,-1.0
0,1.0,0.3,15,manhattan,auto,10,,-1.0
0,1.0,0.3,15,manhattan,auto,10,1.0,-1.0
0,1.0,0.3,15,manhattan,auto,10,2.0,-1.0
0,1.0,0.3,15,manhattan,auto,20,,-1.0
0,1.0,0.3,15,manhattan,auto,20,1.0,-1.0
0,1.0,0.3,15,manhattan,auto,20,2.0,-1.0
0,1.0,0.3,15,manhattan,auto,30,,-1.0
0,1.0,0.3,15,manhattan,auto,30,1.0,-1.0
0,1.0,0.3,15,manhattan,auto,30,2.0,-1.0
0,1.0,0.3,15,manhattan,auto,40,,-1.0
0,1.0,0.3,15,manhattan,auto,40,1.0,-1.0
0,1.0,0.3,15,manhattan,auto,40,2.0,-1.0
0,1.0,0.3,15,manhattan,auto,50,,-1.0
0,1.0,0.3,15,manhattan,auto,50,1.0,-1.0
0,1.0,0.3,15,manhattan,auto,50,2.0,-1.0
0,1.0,0.3,15,manhattan,ball_tree,10,,-1.0
0,1.0,0.3,15,manhattan,ball_tree,10,1.0,-1.0
0,1.0,0.3,15,manhattan,ball_tree,10,2.0,-1.0
0,1.0,0.3,15,manhattan,ball_tree,20,,-1.0
0,1.0,0.3,15,manhattan,ball_tree,20,1.0,-1.0
0,1.0,0.3,15,manhattan,ball_tree,20,2.0,-1.0
0,1.0,0.3,15,manhattan,ball_tree,30,,-1.0
0,1.0,0.3,15,manhattan,ball_tree,30,1.0,-1.0
0,1.0,0.3,15,manhattan,ball_tree,30,2.0,-1.0
0,1.0,0.3,15,manhattan,ball_tree,40,,-1.0
0,1.0,0.3,15,manhattan,ball_tree,40,1.0,-1.0
0,1.0,0.3,15,manhattan,ball_tree,40,2.0,-1.0
0,1.0,0.3,15,manhattan,ball_tree,50,,-1.0
0,1.0,0.3,15,manhattan,ball_tree,50,1.0,-1.0
0,1.0,0.3,15,manhattan,ball_tree,50,2.0,-1.0
0,1.0,0.3,15,manhattan,kd_tree,10,,-1.0
0,1.0,0.3,15,manhattan,kd_tree,10,1.0,-1.0
0,1.0,0.3,15,manhattan,kd_tree,10,2.0,-1.0
0,1.0,0.3,15,manhattan,kd_tree,20,,-1.0
0,1.0,0.3,15,manhattan,kd_tree,20,1.0,-1.0
0,1.0,0.3,15,manhattan,kd_tree,20,2.0,-1.0
0,1.0,0.3,15,manhattan,kd_tree,30,,-1.0
0,1.0,0.3,15,manhattan,kd_tree,30,1.0,-1.0
0,1.0,0.3,15,manhattan,kd_tree,30,2.0,-1.0
0,1.0,0.3,15,manhattan,kd_tree,40,,-1.0
0,1.0,0.3,15,manhattan,kd_tree,40,1.0,-1.0
0,1.0,0.3,15,manhattan,kd_tree,40,2.0,-1.0
0,1.0,0.3,15,manhattan,kd_tree,50,,-1.0
0,1.0,0.3,15,manhattan,kd_tree,50,1.0,-1.0
0,1.0,0.3,15,manhattan,kd_tree,50,2.0,-1.0
0,1.0,0.3,15,manhattan,brute,10,,-1.0
0,1.0,0.3,15,manhattan,brute,10,1.0,-1.0
0,1.0,0.3,15,manhattan,brute,10,2.0,-1.0
0,1.0,0.3,15,manhattan,brute,20,,-1.0
0,1.0,0.3,15,manhattan,brute,20,1.0,-1.0
0,1.0,0.3,15,manhattan,brute,20,2.0,-1.0
0,1.0,0.3,15,manhattan,brute,30,,-1.0
0,1.0,0.3,15,manhattan,brute,30,1.0,-1.0
0,1.0,0.3,15,manhattan,brute,30,2.0,-1.0
0,1.0,0.3,15,manhattan,brute,40,,-1.0
0,1.0,0.3,15,manhattan,brute,40,1.0,-1.0
0,1.0,0.3,15,manhattan,brute,40,2.0,-1.0
0,1.0,0.3,15,manhattan,brute,50,,-1.0
0,1.0,0.3,15,manhattan,brute,50,1.0,-1.0
0,1.0,0.3,15,manhattan,brute,50,2.0,-1.0
0,1.0,0.3,15,mahalanobis,auto,10,,-1.0
0,1.0,0.3,15,mahalanobis,auto,10,1.0,-1.0
0,1.0,0.3,15,mahalanobis,auto,10,2.0,-1.0
0,1.0,0.3,15,mahalanobis,auto,20,,-1.0
0,1.0,0.3,15,mahalanobis,auto,20,1.0,-1.0
0,1.0,0.3,15,mahalanobis,auto,20,2.0,-1.0
0,1.0,0.3,15,mahalanobis,auto,30,,-1.0
0,1.0,0.3,15,mahalanobis,auto,30,1.0,-1.0
0,1.0,0.3,15,mahalanobis,auto,30,2.0,-1.0
0,1.0,0.3,15,mahalanobis,auto,40,,-1.0
0,1.0,0.3,15,mahalanobis,auto,40,1.0,-1.0
0,1.0,0.3,15,mahalanobis,auto,40,2.0,-1.0
0,1.0,0.3,15,mahalanobis,auto,50,,-1.0
0,1.0,0.3,15,mahalanobis,auto,50,1.0,-1.0
0,1.0,0.3,15,mahalanobis,auto,50,2.0,-1.0
0,1.0,0.3,15,mahalanobis,ball_tree,10,,-1.0
0,1.0,0.3,15,mahalanobis,ball_tree,10,1.0,-1.0
0,1.0,0.3,15,mahalanobis,ball_tree,10,2.0,-1.0
0,1.0,0.3,15,mahalanobis,ball_tree,20,,-1.0
0,1.0,0.3,15,mahalanobis,ball_tree,20,1.0,-1.0
0,1.0,0.3,15,mahalanobis,ball_tree,20,2.0,-1.0
0,1.0,0.3,15,mahalanobis,ball_tree,30,,-1.0
0,1.0,0.3,15,mahalanobis,ball_tree,30,1.0,-1.0
0,1.0,0.3,15,mahalanobis,ball_tree,30,2.0,-1.0
0,1.0,0.3,15,mahalanobis,ball_tree,40,,-1.0
0,1.0,0.3,15,mahalanobis,ball_tree,40,1.0,-1.0
0,1.0,0.3,15,mahalanobis,ball_tree,40,2.0,-1.0
0,1.0,0.3,15,mahalanobis,ball_tree,50,,-1.0
0,1.0,0.3,15,mahalanobis,ball_tree,50,1.0,-1.0
0,1.0,0.3,15,mahalanobis,ball_tree,50,2.0,-1.0
0,1.0,0.3,15,mahalanobis,kd_tree,10,,-1.0
0,1.0,0.3,15,mahalanobis,kd_tree,10,1.0,-1.0
0,1.0,0.3,15,mahalanobis,kd_tree,10,2.0,-1.0
0,1.0,0.3,15,mahalanobis,kd_tree,20,,-1.0
0,1.0,0.3,15,mahalanobis,kd_tree,20,1.0,-1.0
0,1.0,0.3,15,mahalanobis,kd_tree,20,2.0,-1.0
0,1.0,0.3,15,mahalanobis,kd_tree,30,,-1.0
0,1.0,0.3,15,mahalanobis,kd_tree,30,1.0,-1.0
0,1.0,0.3,15,mahalanobis,kd_tree,30,2.0,-1.0
0,1.0,0.3,15,mahalanobis,kd_tree,40,,-1.0
0,1.0,0.3,15,mahalanobis,kd_tree,40,1.0,-1.0
0,1.0,0.3,15,mahalanobis,kd_tree,40,2.0,-1.0
0,1.0,0.3,15,mahalanobis,kd_tree,50,,-1.0
0,1.0,0.3,15,mahalanobis,kd_tree,50,1.0,-1.0
0,1.0,0.3,15,mahalanobis,kd_tree,50,2.0,-1.0
0,1.0,0.3,15,mahalanobis,brute,10,,-1.0
0,1.0,0.3,15,mahalanobis,brute,10,1.0,-1.0
0,1.0,0.3,15,mahalanobis,brute,10,2.0,-1.0
0,1.0,0.3,15,mahalanobis,brute,20,,-1.0
0,1.0,0.3,15,mahalanobis,brute,20,1.0,-1.0
0,1.0,0.3,15,mahalanobis,brute,20,2.0,-1.0
0,1.0,0.3,15,mahalanobis,brute,30,,-1.0
0,1.0,0.3,15,mahalanobis,brute,30,1.0,-1.0
0,1.0,0.3,15,mahalanobis,brute,30,2.0,-1.0
0,1.0,0.3,15,mahalanobis,brute,40,,-1.0
0,1.0,0.3,15,mahalanobis,brute,40,1.0,-1.0
0,1.0,0.3,15,mahalanobis,brute,40,2.0,-1.0
0,1.0,0.3,15,mahalanobis,brute,50,,-1.0
0,1.0,0.3,15,mahalanobis,brute,50,1.0,-1.0
0,1.0,0.3,15,mahalanobis,brute,50,2.0,-1.0
0,1.0,0.3,16,euclidean,auto,10,,-1.0
0,1.0,0.3,16,euclidean,auto,10,1.0,-1.0
0,1.0,0.3,16,euclidean,auto,10,2.0,-1.0
0,1.0,0.3,16,euclidean,auto,20,,-1.0
0,1.0,0.3,16,euclidean,auto,20,1.0,-1.0
0,1.0,0.3,16,euclidean,auto,20,2.0,-1.0
0,1.0,0.3,16,euclidean,auto,30,,-1.0
0,1.0,0.3,16,euclidean,auto,30,1.0,-1.0
0,1.0,0.3,16,euclidean,auto,30,2.0,-1.0
0,1.0,0.3,16,euclidean,auto,40,,-1.0
0,1.0,0.3,16,euclidean,auto,40,1.0,-1.0
0,1.0,0.3,16,euclidean,auto,40,2.0,-1.0
0,1.0,0.3,16,euclidean,auto,50,,-1.0
0,1.0,0.3,16,euclidean,auto,50,1.0,-1.0
0,1.0,0.3,16,euclidean,auto,50,2.0,-1.0
0,1.0,0.3,16,euclidean,ball_tree,10,,-1.0
0,1.0,0.3,16,euclidean,ball_tree,10,1.0,-1.0
0,1.0,0.3,16,euclidean,ball_tree,10,2.0,-1.0
0,1.0,0.3,16,euclidean,ball_tree,20,,-1.0
0,1.0,0.3,16,euclidean,ball_tree,20,1.0,-1.0
0,1.0,0.3,16,euclidean,ball_tree,20,2.0,-1.0
0,1.0,0.3,16,euclidean,ball_tree,30,,-1.0
0,1.0,0.3,16,euclidean,ball_tree,30,1.0,-1.0
0,1.0,0.3,16,euclidean,ball_tree,30,2.0,-1.0
0,1.0,0.3,16,euclidean,ball_tree,40,,-1.0
0,1.0,0.3,16,euclidean,ball_tree,40,1.0,-1.0
0,1.0,0.3,16,euclidean,ball_tree,40,2.0,-1.0
0,1.0,0.3,16,euclidean,ball_tree,50,,-1.0
0,1.0,0.3,16,euclidean,ball_tree,50,1.0,-1.0
0,1.0,0.3,16,euclidean,ball_tree,50,2.0,-1.0
0,1.0,0.3,16,euclidean,kd_tree,10,,-1.0
0,1.0,0.3,16,euclidean,kd_tree,10,1.0,-1.0
0,1.0,0.3,16,euclidean,kd_tree,10,2.0,-1.0
0,1.0,0.3,16,euclidean,kd_tree,20,,-1.0
0,1.0,0.3,16,euclidean,kd_tree,20,1.0,-1.0
0,1.0,0.3,16,euclidean,kd_tree,20,2.0,-1.0
0,1.0,0.3,16,euclidean,kd_tree,30,,-1.0
0,1.0,0.3,16,euclidean,kd_tree,30,1.0,-1.0
0,1.0,0.3,16,euclidean,kd_tree,30,2.0,-1.0
0,1.0,0.3,16,euclidean,kd_tree,40,,-1.0
0,1.0,0.3,16,euclidean,kd_tree,40,1.0,-1.0
0,1.0,0.3,16,euclidean,kd_tree,40,2.0,-1.0
0,1.0,0.3,16,euclidean,kd_tree,50,,-1.0
0,1.0,0.3,16,euclidean,kd_tree,50,1.0,-1.0
0,1.0,0.3,16,euclidean,kd_tree,50,2.0,-1.0
0,1.0,0.3,16,euclidean,brute,10,,-1.0
0,1.0,0.3,16,euclidean,brute,10,1.0,-1.0
0,1.0,0.3,16,euclidean,brute,10,2.0,-1.0
0,1.0,0.3,16,euclidean,brute,20,,-1.0
0,1.0,0.3,16,euclidean,brute,20,1.0,-1.0
0,1.0,0.3,16,euclidean,brute,20,2.0,-1.0
0,1.0,0.3,16,euclidean,brute,30,,-1.0
0,1.0,0.3,16,euclidean,brute,30,1.0,-1.0
0,1.0,0.3,16,euclidean,brute,30,2.0,-1.0
0,1.0,0.3,16,euclidean,brute,40,,-1.0
0,1.0,0.3,16,euclidean,brute,40,1.0,-1.0
0,1.0,0.3,16,euclidean,brute,40,2.0,-1.0
0,1.0,0.3,16,euclidean,brute,50,,-1.0
0,1.0,0.3,16,euclidean,brute,50,1.0,-1.0
0,1.0,0.3,16,euclidean,brute,50,2.0,-1.0
0,1.0,0.3,16,manhattan,auto,10,,-1.0
0,1.0,0.3,16,manhattan,auto,10,1.0,-1.0
0,1.0,0.3,16,manhattan,auto,10,2.0,-1.0
0,1.0,0.3,16,manhattan,auto,20,,-1.0
0,1.0,0.3,16,manhattan,auto,20,1.0,-1.0
0,1.0,0.3,16,manhattan,auto,20,2.0,-1.0
0,1.0,0.3,16,manhattan,auto,30,,-1.0
0,1.0,0.3,16,manhattan,auto,30,1.0,-1.0
0,1.0,0.3,16,manhattan,auto,30,2.0,-1.0
0,1.0,0.3,16,manhattan,auto,40,,-1.0
0,1.0,0.3,16,manhattan,auto,40,1.0,-1.0
0,1.0,0.3,16,manhattan,auto,40,2.0,-1.0
0,1.0,0.3,16,manhattan,auto,50,,-1.0
0,1.0,0.3,16,manhattan,auto,50,1.0,-1.0
0,1.0,0.3,16,manhattan,auto,50,2.0,-1.0
0,1.0,0.3,16,manhattan,ball_tree,10,,-1.0
0,1.0,0.3,16,manhattan,ball_tree,10,1.0,-1.0
0,1.0,0.3,16,manhattan,ball_tree,10,2.0,-1.0
0,1.0,0.3,16,manhattan,ball_tree,20,,-1.0
0,1.0,0.3,16,manhattan,ball_tree,20,1.0,-1.0
0,1.0,0.3,16,manhattan,ball_tree,20,2.0,-1.0
0,1.0,0.3,16,manhattan,ball_tree,30,,-1.0
0,1.0,0.3,16,manhattan,ball_tree,30,1.0,-1.0
0,1.0,0.3,16,manhattan,ball_tree,30,2.0,-1.0
0,1.0,0.3,16,manhattan,ball_tree,40,,-1.0
0,1.0,0.3,16,manhattan,ball_tree,40,1.0,-1.0
0,1.0,0.3,16,manhattan,ball_tree,40,2.0,-1.0
0,1.0,0.3,16,manhattan,ball_tree,50,,-1.0
0,1.0,0.3,16,manhattan,ball_tree,50,1.0,-1.0
0,1.0,0.3,16,manhattan,ball_tree,50,2.0,-1.0
0,1.0,0.3,16,manhattan,kd_tree,10,,-1.0
0,1.0,0.3,16,manhattan,kd_tree,10,1.0,-1.0
0,1.0,0.3,16,manhattan,kd_tree,10,2.0,-1.0
0,1.0,0.3,16,manhattan,kd_tree,20,,-1.0
0,1.0,0.3,16,manhattan,kd_tree,20,1.0,-1.0
0,1.0,0.3,16,manhattan,kd_tree,20,2.0,-1.0
0,1.0,0.3,16,manhattan,kd_tree,30,,-1.0
0,1.0,0.3,16,manhattan,kd_tree,30,1.0,-1.0
0,1.0,0.3,16,manhattan,kd_tree,30,2.0,-1.0
0,1.0,0.3,16,manhattan,kd_tree,40,,-1.0
0,1.0,0.3,16,manhattan,kd_tree,40,1.0,-1.0
0,1.0,0.3,16,manhattan,kd_tree,40,2.0,-1.0
0,1.0,0.3,16,manhattan,kd_tree,50,,-1.0
0,1.0,0.3,16,manhattan,kd_tree,50,1.0,-1.0
0,1.0,0.3,16,manhattan,kd_tree,50,2.0,-1.0
0,1.0,0.3,16,manhattan,brute,10,,-1.0
0,1.0,0.3,16,manhattan,brute,10,1.0,-1.0
0,1.0,0.3,16,manhattan,brute,10,2.0,-1.0
0,1.0,0.3,16,manhattan,brute,20,,-1.0
0,1.0,0.3,16,manhattan,brute,20,1.0,-1.0
0,1.0,0.3,16,manhattan,brute,20,2.0,-1.0
0,1.0,0.3,16,manhattan,brute,30,,-1.0
0,1.0,0.3,16,manhattan,brute,30,1.0,-1.0
0,1.0,0.3,16,manhattan,brute,30,2.0,-1.0
0,1.0,0.3,16,manhattan,brute,40,,-1.0
0,1.0,0.3,16,manhattan,brute,40,1.0,-1.0
0,1.0,0.3,16,manhattan,brute,40,2.0,-1.0
0,1.0,0.3,16,manhattan,brute,50,,-1.0
0,1.0,0.3,16,manhattan,brute,50,1.0,-1.0
0,1.0,0.3,16,manhattan,brute,50,2.0,-1.0
0,1.0,0.3,16,mahalanobis,auto,10,,-1.0
0,1.0,0.3,16,mahalanobis,auto,10,1.0,-1.0
0,1.0,0.3,16,mahalanobis,auto,10,2.0,-1.0
0,1.0,0.3,16,mahalanobis,auto,20,,-1.0
0,1.0,0.3,16,mahalanobis,auto,20,1.0,-1.0
0,1.0,0.3,16,mahalanobis,auto,20,2.0,-1.0
0,1.0,0.3,16,mahalanobis,auto,30,,-1.0
0,1.0,0.3,16,mahalanobis,auto,30,1.0,-1.0
0,1.0,0.3,16,mahalanobis,auto,30,2.0,-1.0
0,1.0,0.3,16,mahalanobis,auto,40,,-1.0
0,1.0,0.3,16,mahalanobis,auto,40,1.0,-1.0
0,1.0,0.3,16,mahalanobis,auto,40,2.0,-1.0
0,1.0,0.3,16,mahalanobis,auto,50,,-1.0
0,1.0,0.3,16,mahalanobis,auto,50,1.0,-1.0
0,1.0,0.3,16,mahalanobis,auto,50,2.0,-1.0
0,1.0,0.3,16,mahalanobis,ball_tree,10,,-1.0
0,1.0,0.3,16,mahalanobis,ball_tree,10,1.0,-1.0
0,1.0,0.3,16,mahalanobis,ball_tree,10,2.0,-1.0
0,1.0,0.3,16,mahalanobis,ball_tree,20,,-1.0
0,1.0,0.3,16,mahalanobis,ball_tree,20,1.0,-1.0
0,1.0,0.3,16,mahalanobis,ball_tree,20,2.0,-1.0
0,1.0,0.3,16,mahalanobis,ball_tree,30,,-1.0
0,1.0,0.3,16,mahalanobis,ball_tree,30,1.0,-1.0
0,1.0,0.3,16,mahalanobis,ball_tree,30,2.0,-1.0
0,1.0,0.3,16,mahalanobis,ball_tree,40,,-1.0
0,1.0,0.3,16,mahalanobis,ball_tree,40,1.0,-1.0
0,1.0,0.3,16,mahalanobis,ball_tree,40,2.0,-1.0
0,1.0,0.3,16,mahalanobis,ball_tree,50,,-1.0
0,1.0,0.3,16,mahalanobis,ball_tree,50,1.0,-1.0
0,1.0,0.3,16,mahalanobis,ball_tree,50,2.0,-1.0
0,1.0,0.3,16,mahalanobis,kd_tree,10,,-1.0
0,1.0,0.3,16,mahalanobis,kd_tree,10,1.0,-1.0
0,1.0,0.3,16,mahalanobis,kd_tree,10,2.0,-1.0
0,1.0,0.3,16,mahalanobis,kd_tree,20,,-1.0
0,1.0,0.3,16,mahalanobis,kd_tree,20,1.0,-1.0
0,1.0,0.3,16,mahalanobis,kd_tree,20,2.0,-1.0
0,1.0,0.3,16,mahalanobis,kd_tree,30,,-1.0
0,1.0,0.3,16,mahalanobis,kd_tree,30,1.0,-1.0
0,1.0,0.3,16,mahalanobis,kd_tree,30,2.0,-1.0
0,1.0,0.3,16,mahalanobis,kd_tree,40,,-1.0
0,1.0,0.3,16,mahalanobis,kd_tree,40,1.0,-1.0
0,1.0,0.3,16,mahalanobis,kd_tree,40,2.0,-1.0
0,1.0,0.3,16,mahalanobis,kd_tree,50,,-1.0
0,1.0,0.3,16,mahalanobis,kd_tree,50,1.0,-1.0
0,1.0,0.3,16,mahalanobis,kd_tree,50,2.0,-1.0
0,1.0,0.3,16,mahalanobis,brute,10,,-1.0
0,1.0,0.3,16,mahalanobis,brute,10,1.0,-1.0
0,1.0,0.3,16,mahalanobis,brute,10,2.0,-1.0
0,1.0,0.3,16,mahalanobis,brute,20,,-1.0
0,1.0,0.3,16,mahalanobis,brute,20,1.0,-1.0
0,1.0,0.3,16,mahalanobis,brute,20,2.0,-1.0
0,1.0,0.3,16,mahalanobis,brute,30,,-1.0
0,1.0,0.3,16,mahalanobis,brute,30,1.0,-1.0
0,1.0,0.3,16,mahalanobis,brute,30,2.0,-1.0
0,1.0,0.3,16,mahalanobis,brute,40,,-1.0
0,1.0,0.3,16,mahalanobis,brute,40,1.0,-1.0
0,1.0,0.3,16,mahalanobis,brute,40,2.0,-1.0
0,1.0,0.3,16,mahalanobis,brute,50,,-1.0
0,1.0,0.3,16,mahalanobis,brute,50,1.0,-1.0
0,1.0,0.3,16,mahalanobis,brute,50,2.0,-1.0
0,1.0,0.3,17,euclidean,auto,10,,-1.0
0,1.0,0.3,17,euclidean,auto,10,1.0,-1.0
0,1.0,0.3,17,euclidean,auto,10,2.0,-1.0
0,1.0,0.3,17,euclidean,auto,20,,-1.0
0,1.0,0.3,17,euclidean,auto,20,1.0,-1.0
0,1.0,0.3,17,euclidean,auto,20,2.0,-1.0
0,1.0,0.3,17,euclidean,auto,30,,-1.0
0,1.0,0.3,17,euclidean,auto,30,1.0,-1.0
0,1.0,0.3,17,euclidean,auto,30,2.0,-1.0
0,1.0,0.3,17,euclidean,auto,40,,-1.0
0,1.0,0.3,17,euclidean,auto,40,1.0,-1.0
0,1.0,0.3,17,euclidean,auto,40,2.0,-1.0
0,1.0,0.3,17,euclidean,auto,50,,-1.0
0,1.0,0.3,17,euclidean,auto,50,1.0,-1.0
0,1.0,0.3,17,euclidean,auto,50,2.0,-1.0
0,1.0,0.3,17,euclidean,ball_tree,10,,-1.0
0,1.0,0.3,17,euclidean,ball_tree,10,1.0,-1.0
0,1.0,0.3,17,euclidean,ball_tree,10,2.0,-1.0
0,1.0,0.3,17,euclidean,ball_tree,20,,-1.0
0,1.0,0.3,17,euclidean,ball_tree,20,1.0,-1.0
0,1.0,0.3,17,euclidean,ball_tree,20,2.0,-1.0
0,1.0,0.3,17,euclidean,ball_tree,30,,-1.0
0,1.0,0.3,17,euclidean,ball_tree,30,1.0,-1.0
0,1.0,0.3,17,euclidean,ball_tree,30,2.0,-1.0
0,1.0,0.3,17,euclidean,ball_tree,40,,-1.0
0,1.0,0.3,17,euclidean,ball_tree,40,1.0,-1.0
0,1.0,0.3,17,euclidean,ball_tree,40,2.0,-1.0
0,1.0,0.3,17,euclidean,ball_tree,50,,-1.0
0,1.0,0.3,17,euclidean,ball_tree,50,1.0,-1.0
0,1.0,0.3,17,euclidean,ball_tree,50,2.0,-1.0
0,1.0,0.3,17,euclidean,kd_tree,10,,-1.0
0,1.0,0.3,17,euclidean,kd_tree,10,1.0,-1.0
0,1.0,0.3,17,euclidean,kd_tree,10,2.0,-1.0
0,1.0,0.3,17,euclidean,kd_tree,20,,-1.0
0,1.0,0.3,17,euclidean,kd_tree,20,1.0,-1.0
0,1.0,0.3,17,euclidean,kd_tree,20,2.0,-1.0
0,1.0,0.3,17,euclidean,kd_tree,30,,-1.0
0,1.0,0.3,17,euclidean,kd_tree,30,1.0,-1.0
0,1.0,0.3,17,euclidean,kd_tree,30,2.0,-1.0
0,1.0,0.3,17,euclidean,kd_tree,40,,-1.0
0,1.0,0.3,17,euclidean,kd_tree,40,1.0,-1.0
0,1.0,0.3,17,euclidean,kd_tree,40,2.0,-1.0
0,1.0,0.3,17,euclidean,kd_tree,50,,-1.0
0,1.0,0.3,17,euclidean,kd_tree,50,1.0,-1.0
0,1.0,0.3,17,euclidean,kd_tree,50,2.0,-1.0
0,1.0,0.3,17,euclidean,brute,10,,-1.0
0,1.0,0.3,17,euclidean,brute,10,1.0,-1.0
0,1.0,0.3,17,euclidean,brute,10,2.0,-1.0
0,1.0,0.3,17,euclidean,brute,20,,-1.0
0,1.0,0.3,17,euclidean,brute,20,1.0,-1.0
0,1.0,0.3,17,euclidean,brute,20,2.0,-1.0
0,1.0,0.3,17,euclidean,brute,30,,-1.0
0,1.0,0.3,17,euclidean,brute,30,1.0,-1.0
0,1.0,0.3,17,euclidean,brute,30,2.0,-1.0
0,1.0,0.3,17,euclidean,brute,40,,-1.0
0,1.0,0.3,17,euclidean,brute,40,1.0,-1.0
0,1.0,0.3,17,euclidean,brute,40,2.0,-1.0
0,1.0,0.3,17,euclidean,brute,50,,-1.0
0,1.0,0.3,17,euclidean,brute,50,1.0,-1.0
0,1.0,0.3,17,euclidean,brute,50,2.0,-1.0
0,1.0,0.3,17,manhattan,auto,10,,-1.0
0,1.0,0.3,17,manhattan,auto,10,1.0,-1.0
0,1.0,0.3,17,manhattan,auto,10,2.0,-1.0
0,1.0,0.3,17,manhattan,auto,20,,-1.0
0,1.0,0.3,17,manhattan,auto,20,1.0,-1.0
0,1.0,0.3,17,manhattan,auto,20,2.0,-1.0
0,1.0,0.3,17,manhattan,auto,30,,-1.0
0,1.0,0.3,17,manhattan,auto,30,1.0,-1.0
0,1.0,0.3,17,manhattan,auto,30,2.0,-1.0
0,1.0,0.3,17,manhattan,auto,40,,-1.0
0,1.0,0.3,17,manhattan,auto,40,1.0,-1.0
0,1.0,0.3,17,manhattan,auto,40,2.0,-1.0
0,1.0,0.3,17,manhattan,auto,50,,-1.0
0,1.0,0.3,17,manhattan,auto,50,1.0,-1.0
0,1.0,0.3,17,manhattan,auto,50,2.0,-1.0
0,1.0,0.3,17,manhattan,ball_tree,10,,-1.0
0,1.0,0.3,17,manhattan,ball_tree,10,1.0,-1.0
0,1.0,0.3,17,manhattan,ball_tree,10,2.0,-1.0
0,1.0,0.3,17,manhattan,ball_tree,20,,-1.0
0,1.0,0.3,17,manhattan,ball_tree,20,1.0,-1.0
0,1.0,0.3,17,manhattan,ball_tree,20,2.0,-1.0
0,1.0,0.3,17,manhattan,ball_tree,30,,-1.0
0,1.0,0.3,17,manhattan,ball_tree,30,1.0,-1.0
0,1.0,0.3,17,manhattan,ball_tree,30,2.0,-1.0
0,1.0,0.3,17,manhattan,ball_tree,40,,-1.0
0,1.0,0.3,17,manhattan,ball_tree,40,1.0,-1.0
0,1.0,0.3,17,manhattan,ball_tree,40,2.0,-1.0
0,1.0,0.3,17,manhattan,ball_tree,50,,-1.0
0,1.0,0.3,17,manhattan,ball_tree,50,1.0,-1.0
0,1.0,0.3,17,manhattan,ball_tree,50,2.0,-1.0
0,1.0,0.3,17,manhattan,kd_tree,10,,-1.0
0,1.0,0.3,17,manhattan,kd_tree,10,1.0,-1.0
0,1.0,0.3,17,manhattan,kd_tree,10,2.0,-1.0
0,1.0,0.3,17,manhattan,kd_tree,20,,-1.0
0,1.0,0.3,17,manhattan,kd_tree,20,1.0,-1.0
0,1.0,0.3,17,manhattan,kd_tree,20,2.0,-1.0
0,1.0,0.3,17,manhattan,kd_tree,30,,-1.0
0,1.0,0.3,17,manhattan,kd_tree,30,1.0,-1.0
0,1.0,0.3,17,manhattan,kd_tree,30,2.0,-1.0
0,1.0,0.3,17,manhattan,kd_tree,40,,-1.0
0,1.0,0.3,17,manhattan,kd_tree,40,1.0,-1.0
0,1.0,0.3,17,manhattan,kd_tree,40,2.0,-1.0
0,1.0,0.3,17,manhattan,kd_tree,50,,-1.0
0,1.0,0.3,17,manhattan,kd_tree,50,1.0,-1.0
0,1.0,0.3,17,manhattan,kd_tree,50,2.0,-1.0
0,1.0,0.3,17,manhattan,brute,10,,-1.0
0,1.0,0.3,17,manhattan,brute,10,1.0,-1.0
0,1.0,0.3,17,manhattan,brute,10,2.0,-1.0
0,1.0,0.3,17,manhattan,brute,20,,-1.0
0,1.0,0.3,17,manhattan,brute,20,1.0,-1.0
0,1.0,0.3,17,manhattan,brute,20,2.0,-1.0
0,1.0,0.3,17,manhattan,brute,30,,-1.0
0,1.0,0.3,17,manhattan,brute,30,1.0,-1.0
0,1.0,0.3,17,manhattan,brute,30,2.0,-1.0
0,1.0,0.3,17,manhattan,brute,40,,-1.0
0,1.0,0.3,17,manhattan,brute,40,1.0,-1.0
0,1.0,0.3,17,manhattan,brute,40,2.0,-1.0
0,1.0,0.3,17,manhattan,brute,50,,-1.0
0,1.0,0.3,17,manhattan,brute,50,1.0,-1.0
0,1.0,0.3,17,manhattan,brute,50,2.0,-1.0
0,1.0,0.3,17,mahalanobis,auto,10,,-1.0
0,1.0,0.3,17,mahalanobis,auto,10,1.0,-1.0
0,1.0,0.3,17,mahalanobis,auto,10,2.0,-1.0
0,1.0,0.3,17,mahalanobis,auto,20,,-1.0
0,1.0,0.3,17,mahalanobis,auto,20,1.0,-1.0
0,1.0,0.3,17,mahalanobis,auto,20,2.0,-1.0
0,1.0,0.3,17,mahalanobis,auto,30,,-1.0
0,1.0,0.3,17,mahalanobis,auto,30,1.0,-1.0
0,1.0,0.3,17,mahalanobis,auto,30,2.0,-1.0
0,1.0,0.3,17,mahalanobis,auto,40,,-1.0
0,1.0,0.3,17,mahalanobis,auto,40,1.0,-1.0
0,1.0,0.3,17,mahalanobis,auto,40,2.0,-1.0
0,1.0,0.3,17,mahalanobis,auto,50,,-1.0
0,1.0,0.3,17,mahalanobis,auto,50,1.0,-1.0
0,1.0,0.3,17,mahalanobis,auto,50,2.0,-1.0
0,1.0,0.3,17,mahalanobis,ball_tree,10,,-1.0
0,1.0,0.3,17,mahalanobis,ball_tree,10,1.0,-1.0
0,1.0,0.3,17,mahalanobis,ball_tree,10,2.0,-1.0
0,1.0,0.3,17,mahalanobis,ball_tree,20,,-1.0
0,1.0,0.3,17,mahalanobis,ball_tree,20,1.0,-1.0
0,1.0,0.3,17,mahalanobis,ball_tree,20,2.0,-1.0
0,1.0,0.3,17,mahalanobis,ball_tree,30,,-1.0
0,1.0,0.3,17,mahalanobis,ball_tree,30,1.0,-1.0
0,1.0,0.3,17,mahalanobis,ball_tree,30,2.0,-1.0
0,1.0,0.3,17,mahalanobis,ball_tree,40,,-1.0
0,1.0,0.3,17,mahalanobis,ball_tree,40,1.0,-1.0
0,1.0,0.3,17,mahalanobis,ball_tree,40,2.0,-1.0
0,1.0,0.3,17,mahalanobis,ball_tree,50,,-1.0
0,1.0,0.3,17,mahalanobis,ball_tree,50,1.0,-1.0
0,1.0,0.3,17,mahalanobis,ball_tree,50,2.0,-1.0
0,1.0,0.3,17,mahalanobis,kd_tree,10,,-1.0
0,1.0,0.3,17,mahalanobis,kd_tree,10,1.0,-1.0
0,1.0,0.3,17,mahalanobis,kd_tree,10,2.0,-1.0
0,1.0,0.3,17,mahalanobis,kd_tree,20,,-1.0
0,1.0,0.3,17,mahalanobis,kd_tree,20,1.0,-1.0
0,1.0,0.3,17,mahalanobis,kd_tree,20,2.0,-1.0
0,1.0,0.3,17,mahalanobis,kd_tree,30,,-1.0
0,1.0,0.3,17,mahalanobis,kd_tree,30,1.0,-1.0
0,1.0,0.3,17,mahalanobis,kd_tree,30,2.0,-1.0
0,1.0,0.3,17,mahalanobis,kd_tree,40,,-1.0
0,1.0,0.3,17,mahalanobis,kd_tree,40,1.0,-1.0
0,1.0,0.3,17,mahalanobis,kd_tree,40,2.0,-1.0
0,1.0,0.3,17,mahalanobis,kd_tree,50,,-1.0
0,1.0,0.3,17,mahalanobis,kd_tree,50,1.0,-1.0
0,1.0,0.3,17,mahalanobis,kd_tree,50,2.0,-1.0
0,1.0,0.3,17,mahalanobis,brute,10,,-1.0
0,1.0,0.3,17,mahalanobis,brute,10,1.0,-1.0
0,1.0,0.3,17,mahalanobis,brute,10,2.0,-1.0
0,1.0,0.3,17,mahalanobis,brute,20,,-1.0
0,1.0,0.3,17,mahalanobis,brute,20,1.0,-1.0
0,1.0,0.3,17,mahalanobis,brute,20,2.0,-1.0
0,1.0,0.3,17,mahalanobis,brute,30,,-1.0
0,1.0,0.3,17,mahalanobis,brute,30,1.0,-1.0
0,1.0,0.3,17,mahalanobis,brute,30,2.0,-1.0
0,1.0,0.3,17,mahalanobis,brute,40,,-1.0
0,1.0,0.3,17,mahalanobis,brute,40,1.0,-1.0
0,1.0,0.3,17,mahalanobis,brute,40,2.0,-1.0
0,1.0,0.3,17,mahalanobis,brute,50,,-1.0
0,1.0,0.3,17,mahalanobis,brute,50,1.0,-1.0
0,1.0,0.3,17,mahalanobis,brute,50,2.0,-1.0
0,1.0,0.3,18,euclidean,auto,10,,-1.0
0,1.0,0.3,18,euclidean,auto,10,1.0,-1.0
0,1.0,0.3,18,euclidean,auto,10,2.0,-1.0
0,1.0,0.3,18,euclidean,auto,20,,-1.0
0,1.0,0.3,18,euclidean,auto,20,1.0,-1.0
0,1.0,0.3,18,euclidean,auto,20,2.0,-1.0
0,1.0,0.3,18,euclidean,auto,30,,-1.0
0,1.0,0.3,18,euclidean,auto,30,1.0,-1.0
0,1.0,0.3,18,euclidean,auto,30,2.0,-1.0
0,1.0,0.3,18,euclidean,auto,40,,-1.0
0,1.0,0.3,18,euclidean,auto,40,1.0,-1.0
0,1.0,0.3,18,euclidean,auto,40,2.0,-1.0
0,1.0,0.3,18,euclidean,auto,50,,-1.0
0,1.0,0.3,18,euclidean,auto,50,1.0,-1.0
0,1.0,0.3,18,euclidean,auto,50,2.0,-1.0
0,1.0,0.3,18,euclidean,ball_tree,10,,-1.0
0,1.0,0.3,18,euclidean,ball_tree,10,1.0,-1.0
0,1.0,0.3,18,euclidean,ball_tree,10,2.0,-1.0
0,1.0,0.3,18,euclidean,ball_tree,20,,-1.0
0,1.0,0.3,18,euclidean,ball_tree,20,1.0,-1.0
0,1.0,0.3,18,euclidean,ball_tree,20,2.0,-1.0
0,1.0,0.3,18,euclidean,ball_tree,30,,-1.0
0,1.0,0.3,18,euclidean,ball_tree,30,1.0,-1.0
0,1.0,0.3,18,euclidean,ball_tree,30,2.0,-1.0
0,1.0,0.3,18,euclidean,ball_tree,40,,-1.0
0,1.0,0.3,18,euclidean,ball_tree,40,1.0,-1.0
0,1.0,0.3,18,euclidean,ball_tree,40,2.0,-1.0
0,1.0,0.3,18,euclidean,ball_tree,50,,-1.0
0,1.0,0.3,18,euclidean,ball_tree,50,1.0,-1.0
0,1.0,0.3,18,euclidean,ball_tree,50,2.0,-1.0
0,1.0,0.3,18,euclidean,kd_tree,10,,-1.0
0,1.0,0.3,18,euclidean,kd_tree,10,1.0,-1.0
0,1.0,0.3,18,euclidean,kd_tree,10,2.0,-1.0
0,1.0,0.3,18,euclidean,kd_tree,20,,-1.0
0,1.0,0.3,18,euclidean,kd_tree,20,1.0,-1.0
0,1.0,0.3,18,euclidean,kd_tree,20,2.0,-1.0
0,1.0,0.3,18,euclidean,kd_tree,30,,-1.0
0,1.0,0.3,18,euclidean,kd_tree,30,1.0,-1.0
0,1.0,0.3,18,euclidean,kd_tree,30,2.0,-1.0
0,1.0,0.3,18,euclidean,kd_tree,40,,-1.0
0,1.0,0.3,18,euclidean,kd_tree,40,1.0,-1.0
0,1.0,0.3,18,euclidean,kd_tree,40,2.0,-1.0
0,1.0,0.3,18,euclidean,kd_tree,50,,-1.0
0,1.0,0.3,18,euclidean,kd_tree,50,1.0,-1.0
0,1.0,0.3,18,euclidean,kd_tree,50,2.0,-1.0
0,1.0,0.3,18,euclidean,brute,10,,-1.0
0,1.0,0.3,18,euclidean,brute,10,1.0,-1.0
0,1.0,0.3,18,euclidean,brute,10,2.0,-1.0
0,1.0,0.3,18,euclidean,brute,20,,-1.0
0,1.0,0.3,18,euclidean,brute,20,1.0,-1.0
0,1.0,0.3,18,euclidean,brute,20,2.0,-1.0
0,1.0,0.3,18,euclidean,brute,30,,-1.0
0,1.0,0.3,18,euclidean,brute,30,1.0,-1.0
0,1.0,0.3,18,euclidean,brute,30,2.0,-1.0
0,1.0,0.3,18,euclidean,brute,40,,-1.0
0,1.0,0.3,18,euclidean,brute,40,1.0,-1.0
0,1.0,0.3,18,euclidean,brute,40,2.0,-1.0
0,1.0,0.3,18,euclidean,brute,50,,-1.0
0,1.0,0.3,18,euclidean,brute,50,1.0,-1.0
0,1.0,0.3,18,euclidean,brute,50,2.0,-1.0
0,1.0,0.3,18,manhattan,auto,10,,-1.0
0,1.0,0.3,18,manhattan,auto,10,1.0,-1.0
0,1.0,0.3,18,manhattan,auto,10,2.0,-1.0
0,1.0,0.3,18,manhattan,auto,20,,-1.0
0,1.0,0.3,18,manhattan,auto,20,1.0,-1.0
0,1.0,0.3,18,manhattan,auto,20,2.0,-1.0
0,1.0,0.3,18,manhattan,auto,30,,-1.0
0,1.0,0.3,18,manhattan,auto,30,1.0,-1.0
0,1.0,0.3,18,manhattan,auto,30,2.0,-1.0
0,1.0,0.3,18,manhattan,auto,40,,-1.0
0,1.0,0.3,18,manhattan,auto,40,1.0,-1.0
0,1.0,0.3,18,manhattan,auto,40,2.0,-1.0
0,1.0,0.3,18,manhattan,auto,50,,-1.0
0,1.0,0.3,18,manhattan,auto,50,1.0,-1.0
0,1.0,0.3,18,manhattan,auto,50,2.0,-1.0
0,1.0,0.3,18,manhattan,ball_tree,10,,-1.0
0,1.0,0.3,18,manhattan,ball_tree,10,1.0,-1.0
0,1.0,0.3,18,manhattan,ball_tree,10,2.0,-1.0
0,1.0,0.3,18,manhattan,ball_tree,20,,-1.0
0,1.0,0.3,18,manhattan,ball_tree,20,1.0,-1.0
0,1.0,0.3,18,manhattan,ball_tree,20,2.0,-1.0
0,1.0,0.3,18,manhattan,ball_tree,30,,-1.0
0,1.0,0.3,18,manhattan,ball_tree,30,1.0,-1.0
0,1.0,0.3,18,manhattan,ball_tree,30,2.0,-1.0
0,1.0,0.3,18,manhattan,ball_tree,40,,-1.0
0,1.0,0.3,18,manhattan,ball_tree,40,1.0,-1.0
0,1.0,0.3,18,manhattan,ball_tree,40,2.0,-1.0
0,1.0,0.3,18,manhattan,ball_tree,50,,-1.0
0,1.0,0.3,18,manhattan,ball_tree,50,1.0,-1.0
0,1.0,0.3,18,manhattan,ball_tree,50,2.0,-1.0
0,1.0,0.3,18,manhattan,kd_tree,10,,-1.0
0,1.0,0.3,18,manhattan,kd_tree,10,1.0,-1.0
0,1.0,0.3,18,manhattan,kd_tree,10,2.0,-1.0
0,1.0,0.3,18,manhattan,kd_tree,20,,-1.0
0,1.0,0.3,18,manhattan,kd_tree,20,1.0,-1.0
0,1.0,0.3,18,manhattan,kd_tree,20,2.0,-1.0
0,1.0,0.3,18,manhattan,kd_tree,30,,-1.0
0,1.0,0.3,18,manhattan,kd_tree,30,1.0,-1.0
0,1.0,0.3,18,manhattan,kd_tree,30,2.0,-1.0
0,1.0,0.3,18,manhattan,kd_tree,40,,-1.0
0,1.0,0.3,18,manhattan,kd_tree,40,1.0,-1.0
0,1.0,0.3,18,manhattan,kd_tree,40,2.0,-1.0
0,1.0,0.3,18,manhattan,kd_tree,50,,-1.0
0,1.0,0.3,18,manhattan,kd_tree,50,1.0,-1.0
0,1.0,0.3,18,manhattan,kd_tree,50,2.0,-1.0
0,1.0,0.3,18,manhattan,brute,10,,-1.0
0,1.0,0.3,18,manhattan,brute,10,1.0,-1.0
0,1.0,0.3,18,manhattan,brute,10,2.0,-1.0
0,1.0,0.3,18,manhattan,brute,20,,-1.0
0,1.0,0.3,18,manhattan,brute,20,1.0,-1.0
0,1.0,0.3,18,manhattan,brute,20,2.0,-1.0
0,1.0,0.3,18,manhattan,brute,30,,-1.0
0,1.0,0.3,18,manhattan,brute,30,1.0,-1.0
0,1.0,0.3,18,manhattan,brute,30,2.0,-1.0
0,1.0,0.3,18,manhattan,brute,40,,-1.0
0,1.0,0.3,18,manhattan,brute,40,1.0,-1.0
0,1.0,0.3,18,manhattan,brute,40,2.0,-1.0
0,1.0,0.3,18,manhattan,brute,50,,-1.0
0,1.0,0.3,18,manhattan,brute,50,1.0,-1.0
0,1.0,0.3,18,manhattan,brute,50,2.0,-1.0
0,1.0,0.3,18,mahalanobis,auto,10,,-1.0
0,1.0,0.3,18,mahalanobis,auto,10,1.0,-1.0
0,1.0,0.3,18,mahalanobis,auto,10,2.0,-1.0
0,1.0,0.3,18,mahalanobis,auto,20,,-1.0
0,1.0,0.3,18,mahalanobis,auto,20,1.0,-1.0
0,1.0,0.3,18,mahalanobis,auto,20,2.0,-1.0
0,1.0,0.3,18,mahalanobis,auto,30,,-1.0
0,1.0,0.3,18,mahalanobis,auto,30,1.0,-1.0
0,1.0,0.3,18,mahalanobis,auto,30,2.0,-1.0
0,1.0,0.3,18,mahalanobis,auto,40,,-1.0
0,1.0,0.3,18,mahalanobis,auto,40,1.0,-1.0
0,1.0,0.3,18,mahalanobis,auto,40,2.0,-1.0
0,1.0,0.3,18,mahalanobis,auto,50,,-1.0
0,1.0,0.3,18,mahalanobis,auto,50,1.0,-1.0
0,1.0,0.3,18,mahalanobis,auto,50,2.0,-1.0
0,1.0,0.3,18,mahalanobis,ball_tree,10,,-1.0
0,1.0,0.3,18,mahalanobis,ball_tree,10,1.0,-1.0
0,1.0,0.3,18,mahalanobis,ball_tree,10,2.0,-1.0
0,1.0,0.3,18,mahalanobis,ball_tree,20,,-1.0
0,1.0,0.3,18,mahalanobis,ball_tree,20,1.0,-1.0
0,1.0,0.3,18,mahalanobis,ball_tree,20,2.0,-1.0
0,1.0,0.3,18,mahalanobis,ball_tree,30,,-1.0
0,1.0,0.3,18,mahalanobis,ball_tree,30,1.0,-1.0
0,1.0,0.3,18,mahalanobis,ball_tree,30,2.0,-1.0
0,1.0,0.3,18,mahalanobis,ball_tree,40,,-1.0
0,1.0,0.3,18,mahalanobis,ball_tree,40,1.0,-1.0
0,1.0,0.3,18,mahalanobis,ball_tree,40,2.0,-1.0
0,1.0,0.3,18,mahalanobis,ball_tree,50,,-1.0
0,1.0,0.3,18,mahalanobis,ball_tree,50,1.0,-1.0
0,1.0,0.3,18,mahalanobis,ball_tree,50,2.0,-1.0
0,1.0,0.3,18,mahalanobis,kd_tree,10,,-1.0
0,1.0,0.3,18,mahalanobis,kd_tree,10,1.0,-1.0
0,1.0,0.3,18,mahalanobis,kd_tree,10,2.0,-1.0
0,1.0,0.3,18,mahalanobis,kd_tree,20,,-1.0
0,1.0,0.3,18,mahalanobis,kd_tree,20,1.0,-1.0
0,1.0,0.3,18,mahalanobis,kd_tree,20,2.0,-1.0
0,1.0,0.3,18,mahalanobis,kd_tree,30,,-1.0
0,1.0,0.3,18,mahalanobis,kd_tree,30,1.0,-1.0
0,1.0,0.3,18,mahalanobis,kd_tree,30,2.0,-1.0
0,1.0,0.3,18,mahalanobis,kd_tree,40,,-1.0
0,1.0,0.3,18,mahalanobis,kd_tree,40,1.0,-1.0
0,1.0,0.3,18,mahalanobis,kd_tree,40,2.0,-1.0
0,1.0,0.3,18,mahalanobis,kd_tree,50,,-1.0
0,1.0,0.3,18,mahalanobis,kd_tree,50,1.0,-1.0
0,1.0,0.3,18,mahalanobis,kd_tree,50,2.0,-1.0
0,1.0,0.3,18,mahalanobis,brute,10,,-1.0
0,1.0,0.3,18,mahalanobis,brute,10,1.0,-1.0
0,1.0,0.3,18,mahalanobis,brute,10,2.0,-1.0
0,1.0,0.3,18,mahalanobis,brute,20,,-1.0
0,1.0,0.3,18,mahalanobis,brute,20,1.0,-1.0
0,1.0,0.3,18,mahalanobis,brute,20,2.0,-1.0
0,1.0,0.3,18,mahalanobis,brute,30,,-1.0
0,1.0,0.3,18,mahalanobis,brute,30,1.0,-1.0
0,1.0,0.3,18,mahalanobis,brute,30,2.0,-1.0
0,1.0,0.3,18,mahalanobis,brute,40,,-1.0
0,1.0,0.3,18,mahalanobis,brute,40,1.0,-1.0
0,1.0,0.3,18,mahalanobis,brute,40,2.0,-1.0
0,1.0,0.3,18,mahalanobis,brute,50,,-1.0
0,1.0,0.3,18,mahalanobis,brute,50,1.0,-1.0
0,1.0,0.3,18,mahalanobis,brute,50,2.0,-1.0
0,1.0,0.3,19,euclidean,auto,10,,-1.0
0,1.0,0.3,19,euclidean,auto,10,1.0,-1.0
0,1.0,0.3,19,euclidean,auto,10,2.0,-1.0
0,1.0,0.3,19,euclidean,auto,20,,-1.0
0,1.0,0.3,19,euclidean,auto,20,1.0,-1.0
0,1.0,0.3,19,euclidean,auto,20,2.0,-1.0
0,1.0,0.3,19,euclidean,auto,30,,-1.0
0,1.0,0.3,19,euclidean,auto,30,1.0,-1.0
0,1.0,0.3,19,euclidean,auto,30,2.0,-1.0
0,1.0,0.3,19,euclidean,auto,40,,-1.0
0,1.0,0.3,19,euclidean,auto,40,1.0,-1.0
0,1.0,0.3,19,euclidean,auto,40,2.0,-1.0
0,1.0,0.3,19,euclidean,auto,50,,-1.0
0,1.0,0.3,19,euclidean,auto,50,1.0,-1.0
0,1.0,0.3,19,euclidean,auto,50,2.0,-1.0
0,1.0,0.3,19,euclidean,ball_tree,10,,-1.0
0,1.0,0.3,19,euclidean,ball_tree,10,1.0,-1.0
0,1.0,0.3,19,euclidean,ball_tree,10,2.0,-1.0
0,1.0,0.3,19,euclidean,ball_tree,20,,-1.0
0,1.0,0.3,19,euclidean,ball_tree,20,1.0,-1.0
0,1.0,0.3,19,euclidean,ball_tree,20,2.0,-1.0
0,1.0,0.3,19,euclidean,ball_tree,30,,-1.0
0,1.0,0.3,19,euclidean,ball_tree,30,1.0,-1.0
0,1.0,0.3,19,euclidean,ball_tree,30,2.0,-1.0
0,1.0,0.3,19,euclidean,ball_tree,40,,-1.0
0,1.0,0.3,19,euclidean,ball_tree,40,1.0,-1.0
0,1.0,0.3,19,euclidean,ball_tree,40,2.0,-1.0
0,1.0,0.3,19,euclidean,ball_tree,50,,-1.0
0,1.0,0.3,19,euclidean,ball_tree,50,1.0,-1.0
0,1.0,0.3,19,euclidean,ball_tree,50,2.0,-1.0
0,1.0,0.3,19,euclidean,kd_tree,10,,-1.0
0,1.0,0.3,19,euclidean,kd_tree,10,1.0,-1.0
0,1.0,0.3,19,euclidean,kd_tree,10,2.0,-1.0
0,1.0,0.3,19,euclidean,kd_tree,20,,-1.0
0,1.0,0.3,19,euclidean,kd_tree,20,1.0,-1.0
0,1.0,0.3,19,euclidean,kd_tree,20,2.0,-1.0
0,1.0,0.3,19,euclidean,kd_tree,30,,-1.0
0,1.0,0.3,19,euclidean,kd_tree,30,1.0,-1.0
0,1.0,0.3,19,euclidean,kd_tree,30,2.0,-1.0
0,1.0,0.3,19,euclidean,kd_tree,40,,-1.0
0,1.0,0.3,19,euclidean,kd_tree,40,1.0,-1.0
0,1.0,0.3,19,euclidean,kd_tree,40,2.0,-1.0
0,1.0,0.3,19,euclidean,kd_tree,50,,-1.0
0,1.0,0.3,19,euclidean,kd_tree,50,1.0,-1.0
0,1.0,0.3,19,euclidean,kd_tree,50,2.0,-1.0
0,1.0,0.3,19,euclidean,brute,10,,-1.0
0,1.0,0.3,19,euclidean,brute,10,1.0,-1.0
0,1.0,0.3,19,euclidean,brute,10,2.0,-1.0
0,1.0,0.3,19,euclidean,brute,20,,-1.0
0,1.0,0.3,19,euclidean,brute,20,1.0,-1.0
0,1.0,0.3,19,euclidean,brute,20,2.0,-1.0
0,1.0,0.3,19,euclidean,brute,30,,-1.0
0,1.0,0.3,19,euclidean,brute,30,1.0,-1.0
0,1.0,0.3,19,euclidean,brute,30,2.0,-1.0
0,1.0,0.3,19,euclidean,brute,40,,-1.0
0,1.0,0.3,19,euclidean,brute,40,1.0,-1.0
0,1.0,0.3,19,euclidean,brute,40,2.0,-1.0
0,1.0,0.3,19,euclidean,brute,50,,-1.0
0,1.0,0.3,19,euclidean,brute,50,1.0,-1.0
0,1.0,0.3,19,euclidean,brute,50,2.0,-1.0
0,1.0,0.3,19,manhattan,auto,10,,-1.0
0,1.0,0.3,19,manhattan,auto,10,1.0,-1.0
0,1.0,0.3,19,manhattan,auto,10,2.0,-1.0
0,1.0,0.3,19,manhattan,auto,20,,-1.0
0,1.0,0.3,19,manhattan,auto,20,1.0,-1.0
0,1.0,0.3,19,manhattan,auto,20,2.0,-1.0
0,1.0,0.3,19,manhattan,auto,30,,-1.0
0,1.0,0.3,19,manhattan,auto,30,1.0,-1.0
0,1.0,0.3,19,manhattan,auto,30,2.0,-1.0
0,1.0,0.3,19,manhattan,auto,40,,-1.0
0,1.0,0.3,19,manhattan,auto,40,1.0,-1.0
0,1.0,0.3,19,manhattan,auto,40,2.0,-1.0
0,1.0,0.3,19,manhattan,auto,50,,-1.0
0,1.0,0.3,19,manhattan,auto,50,1.0,-1.0
0,1.0,0.3,19,manhattan,auto,50,2.0,-1.0
0,1.0,0.3,19,manhattan,ball_tree,10,,-1.0
0,1.0,0.3,19,manhattan,ball_tree,10,1.0,-1.0
0,1.0,0.3,19,manhattan,ball_tree,10,2.0,-1.0
0,1.0,0.3,19,manhattan,ball_tree,20,,-1.0
0,1.0,0.3,19,manhattan,ball_tree,20,1.0,-1.0
0,1.0,0.3,19,manhattan,ball_tree,20,2.0,-1.0
0,1.0,0.3,19,manhattan,ball_tree,30,,-1.0
0,1.0,0.3,19,manhattan,ball_tree,30,1.0,-1.0
0,1.0,0.3,19,manhattan,ball_tree,30,2.0,-1.0
0,1.0,0.3,19,manhattan,ball_tree,40,,-1.0
0,1.0,0.3,19,manhattan,ball_tree,40,1.0,-1.0
0,1.0,0.3,19,manhattan,ball_tree,40,2.0,-1.0
0,1.0,0.3,19,manhattan,ball_tree,50,,-1.0
0,1.0,0.3,19,manhattan,ball_tree,50,1.0,-1.0
0,1.0,0.3,19,manhattan,ball_tree,50,2.0,-1.0
0,1.0,0.3,19,manhattan,kd_tree,10,,-1.0
0,1.0,0.3,19,manhattan,kd_tree,10,1.0,-1.0
0,1.0,0.3,19,manhattan,kd_tree,10,2.0,-1.0
0,1.0,0.3,19,manhattan,kd_tree,20,,-1.0
0,1.0,0.3,19,manhattan,kd_tree,20,1.0,-1.0
0,1.0,0.3,19,manhattan,kd_tree,20,2.0,-1.0
0,1.0,0.3,19,manhattan,kd_tree,30,,-1.0
0,1.0,0.3,19,manhattan,kd_tree,30,1.0,-1.0
0,1.0,0.3,19,manhattan,kd_tree,30,2.0,-1.0
0,1.0,0.3,19,manhattan,kd_tree,40,,-1.0
0,1.0,0.3,19,manhattan,kd_tree,40,1.0,-1.0
0,1.0,0.3,19,manhattan,kd_tree,40,2.0,-1.0
0,1.0,0.3,19,manhattan,kd_tree,50,,-1.0
0,1.0,0.3,19,manhattan,kd_tree,50,1.0,-1.0
0,1.0,0.3,19,manhattan,kd_tree,50,2.0,-1.0
0,1.0,0.3,19,manhattan,brute,10,,-1.0
0,1.0,0.3,19,manhattan,brute,10,1.0,-1.0
0,1.0,0.3,19,manhattan,brute,10,2.0,-1.0
0,1.0,0.3,19,manhattan,brute,20,,-1.0
0,1.0,0.3,19,manhattan,brute,20,1.0,-1.0
0,1.0,0.3,19,manhattan,brute,20,2.0,-1.0
0,1.0,0.3,19,manhattan,brute,30,,-1.0
0,1.0,0.3,19,manhattan,brute,30,1.0,-1.0
0,1.0,0.3,19,manhattan,brute,30,2.0,-1.0
0,1.0,0.3,19,manhattan,brute,40,,-1.0
0,1.0,0.3,19,manhattan,brute,40,1.0,-1.0
0,1.0,0.3,19,manhattan,brute,40,2.0,-1.0
0,1.0,0.3,19,manhattan,brute,50,,-1.0
0,1.0,0.3,19,manhattan,brute,50,1.0,-1.0
0,1.0,0.3,19,manhattan,brute,50,2.0,-1.0
0,1.0,0.3,19,mahalanobis,auto,10,,-1.0
0,1.0,0.3,19,mahalanobis,auto,10,1.0,-1.0
0,1.0,0.3,19,mahalanobis,auto,10,2.0,-1.0
0,1.0,0.3,19,mahalanobis,auto,20,,-1.0
0,1.0,0.3,19,mahalanobis,auto,20,1.0,-1.0
0,1.0,0.3,19,mahalanobis,auto,20,2.0,-1.0
0,1.0,0.3,19,mahalanobis,auto,30,,-1.0
0,1.0,0.3,19,mahalanobis,auto,30,1.0,-1.0
0,1.0,0.3,19,mahalanobis,auto,30,2.0,-1.0
0,1.0,0.3,19,mahalanobis,auto,40,,-1.0
0,1.0,0.3,19,mahalanobis,auto,40,1.0,-1.0
0,1.0,0.3,19,mahalanobis,auto,40,2.0,-1.0
0,1.0,0.3,19,mahalanobis,auto,50,,-1.0
0,1.0,0.3,19,mahalanobis,auto,50,1.0,-1.0
0,1.0,0.3,19,mahalanobis,auto,50,2.0,-1.0
0,1.0,0.3,19,mahalanobis,ball_tree,10,,-1.0
0,1.0,0.3,19,mahalanobis,ball_tree,10,1.0,-1.0
0,1.0,0.3,19,mahalanobis,ball_tree,10,2.0,-1.0
0,1.0,0.3,19,mahalanobis,ball_tree,20,,-1.0
0,1.0,0.3,19,mahalanobis,ball_tree,20,1.0,-1.0
0,1.0,0.3,19,mahalanobis,ball_tree,20,2.0,-1.0
0,1.0,0.3,19,mahalanobis,ball_tree,30,,-1.0
0,1.0,0.3,19,mahalanobis,ball_tree,30,1.0,-1.0
0,1.0,0.3,19,mahalanobis,ball_tree,30,2.0,-1.0
0,1.0,0.3,19,mahalanobis,ball_tree,40,,-1.0
0,1.0,0.3,19,mahalanobis,ball_tree,40,1.0,-1.0
0,1.0,0.3,19,mahalanobis,ball_tree,40,2.0,-1.0
0,1.0,0.3,19,mahalanobis,ball_tree,50,,-1.0
0,1.0,0.3,19,mahalanobis,ball_tree,50,1.0,-1.0
0,1.0,0.3,19,mahalanobis,ball_tree,50,2.0,-1.0
0,1.0,0.3,19,mahalanobis,kd_tree,10,,-1.0
0,1.0,0.3,19,mahalanobis,kd_tree,10,1.0,-1.0
0,1.0,0.3,19,mahalanobis,kd_tree,10,2.0,-1.0
0,1.0,0.3,19,mahalanobis,kd_tree,20,,-1.0
0,1.0,0.3,19,mahalanobis,kd_tree,20,1.0,-1.0
0,1.0,0.3,19,mahalanobis,kd_tree,20,2.0,-1.0
0,1.0,0.3,19,mahalanobis,kd_tree,30,,-1.0
0,1.0,0.3,19,mahalanobis,kd_tree,30,1.0,-1.0
0,1.0,0.3,19,mahalanobis,kd_tree,30,2.0,-1.0
0,1.0,0.3,19,mahalanobis,kd_tree,40,,-1.0
0,1.0,0.3,19,mahalanobis,kd_tree,40,1.0,-1.0
0,1.0,0.3,19,mahalanobis,kd_tree,40,2.0,-1.0
0,1.0,0.3,19,mahalanobis,kd_tree,50,,-1.0
0,1.0,0.3,19,mahalanobis,kd_tree,50,1.0,-1.0
0,1.0,0.3,19,mahalanobis,kd_tree,50,2.0,-1.0
0,1.0,0.3,19,mahalanobis,brute,10,,-1.0
0,1.0,0.3,19,mahalanobis,brute,10,1.0,-1.0
0,1.0,0.3,19,mahalanobis,brute,10,2.0,-1.0
0,1.0,0.3,19,mahalanobis,brute,20,,-1.0
0,1.0,0.3,19,mahalanobis,brute,20,1.0,-1.0
0,1.0,0.3,19,mahalanobis,brute,20,2.0,-1.0
0,1.0,0.3,19,mahalanobis,brute,30,,-1.0
0,1.0,0.3,19,mahalanobis,brute,30,1.0,-1.0
0,1.0,0.3,19,mahalanobis,brute,30,2.0,-1.0
0,1.0,0.3,19,mahalanobis,brute,40,,-1.0
0,1.0,0.3,19,mahalanobis,brute,40,1.0,-1.0
0,1.0,0.3,19,mahalanobis,brute,40,2.0,-1.0
0,1.0,0.3,19,mahalanobis,brute,50,,-1.0
0,1.0,0.3,19,mahalanobis,brute,50,1.0,-1.0
0,1.0,0.3,19,mahalanobis,brute,50,2.0,-1.0
29,0.0,0.5,1,euclidean,auto,10,,-0.009433416356975997
29,0.0,0.5,1,euclidean,auto,10,1.0,-0.009433416356975997
29,0.0,0.5,1,euclidean,auto,10,2.0,-0.009433416356975997
29,0.0,0.5,1,euclidean,auto,20,,-0.009433416356975997
29,0.0,0.5,1,euclidean,auto,20,1.0,-0.009433416356975997
29,0.0,0.5,1,euclidean,auto,20,2.0,-0.009433416356975997
29,0.0,0.5,1,euclidean,auto,30,,-0.009433416356975997
29,0.0,0.5,1,euclidean,auto,30,1.0,-0.009433416356975997
29,0.0,0.5,1,euclidean,auto,30,2.0,-0.009433416356975997
29,0.0,0.5,1,euclidean,auto,40,,-0.009433416356975997
29,0.0,0.5,1,euclidean,auto,40,1.0,-0.009433416356975997
29,0.0,0.5,1,euclidean,auto,40,2.0,-0.009433416356975997
29,0.0,0.5,1,euclidean,auto,50,,-0.009433416356975997
29,0.0,0.5,1,euclidean,auto,50,1.0,-0.009433416356975997
29,0.0,0.5,1,euclidean,auto,50,2.0,-0.009433416356975997
29,0.0,0.5,1,euclidean,ball_tree,10,,-0.009433416356975997
29,0.0,0.5,1,euclidean,ball_tree,10,1.0,-0.009433416356975997
29,0.0,0.5,1,euclidean,ball_tree,10,2.0,-0.009433416356975997
29,0.0,0.5,1,euclidean,ball_tree,20,,-0.009433416356975997
29,0.0,0.5,1,euclidean,ball_tree,20,1.0,-0.009433416356975997
29,0.0,0.5,1,euclidean,ball_tree,20,2.0,-0.009433416356975997
29,0.0,0.5,1,euclidean,ball_tree,30,,-0.009433416356975997
29,0.0,0.5,1,euclidean,ball_tree,30,1.0,-0.009433416356975997
29,0.0,0.5,1,euclidean,ball_tree,30,2.0,-0.009433416356975997
29,0.0,0.5,1,euclidean,ball_tree,40,,-0.009433416356975997
29,0.0,0.5,1,euclidean,ball_tree,40,1.0,-0.009433416356975997
29,0.0,0.5,1,euclidean,ball_tree,40,2.0,-0.009433416356975997
29,0.0,0.5,1,euclidean,ball_tree,50,,-0.009433416356975997
29,0.0,0.5,1,euclidean,ball_tree,50,1.0,-0.009433416356975997
29,0.0,0.5,1,euclidean,ball_tree,50,2.0,-0.009433416356975997
29,0.0,0.5,1,euclidean,kd_tree,10,,-0.009433416356975997
29,0.0,0.5,1,euclidean,kd_tree,10,1.0,-0.009433416356975997
29,0.0,0.5,1,euclidean,kd_tree,10,2.0,-0.009433416356975997
29,0.0,0.5,1,euclidean,kd_tree,20,,-0.009433416356975997
29,0.0,0.5,1,euclidean,kd_tree,20,1.0,-0.009433416356975997
29,0.0,0.5,1,euclidean,kd_tree,20,2.0,-0.009433416356975997
29,0.0,0.5,1,euclidean,kd_tree,30,,-0.009433416356975997
29,0.0,0.5,1,euclidean,kd_tree,30,1.0,-0.009433416356975997
29,0.0,0.5,1,euclidean,kd_tree,30,2.0,-0.009433416356975997
29,0.0,0.5,1,euclidean,kd_tree,40,,-0.009433416356975997
29,0.0,0.5,1,euclidean,kd_tree,40,1.0,-0.009433416356975997
29,0.0,0.5,1,euclidean,kd_tree,40,2.0,-0.009433416356975997
29,0.0,0.5,1,euclidean,kd_tree,50,,-0.009433416356975997
29,0.0,0.5,1,euclidean,kd_tree,50,1.0,-0.009433416356975997
29,0.0,0.5,1,euclidean,kd_tree,50,2.0,-0.009433416356975997
29,0.0,0.5,1,euclidean,brute,10,,-0.009433416356975997
29,0.0,0.5,1,euclidean,brute,10,1.0,-0.009433416356975997
29,0.0,0.5,1,euclidean,brute,10,2.0,-0.009433416356975997
29,0.0,0.5,1,euclidean,brute,20,,-0.009433416356975997
29,0.0,0.5,1,euclidean,brute,20,1.0,-0.009433416356975997
29,0.0,0.5,1,euclidean,brute,20,2.0,-0.009433416356975997
29,0.0,0.5,1,euclidean,brute,30,,-0.009433416356975997
29,0.0,0.5,1,euclidean,brute,30,1.0,-0.009433416356975997
29,0.0,0.5,1,euclidean,brute,30,2.0,-0.009433416356975997
29,0.0,0.5,1,euclidean,brute,40,,-0.009433416356975997
29,0.0,0.5,1,euclidean,brute,40,1.0,-0.009433416356975997
29,0.0,0.5,1,euclidean,brute,40,2.0,-0.009433416356975997
29,0.0,0.5,1,euclidean,brute,50,,-0.009433416356975997
29,0.0,0.5,1,euclidean,brute,50,1.0,-0.009433416356975997
29,0.0,0.5,1,euclidean,brute,50,2.0,-0.009433416356975997
75,0.0,0.5,1,manhattan,auto,10,,0.05629754301838124
75,0.0,0.5,1,manhattan,auto,10,1.0,0.05629754301838124
75,0.0,0.5,1,manhattan,auto,10,2.0,0.05629754301838124
75,0.0,0.5,1,manhattan,auto,20,,0.05629754301838124
75,0.0,0.5,1,manhattan,auto,20,1.0,0.05629754301838124
75,0.0,0.5,1,manhattan,auto,20,2.0,0.05629754301838124
75,0.0,0.5,1,manhattan,auto,30,,0.05629754301838124
75,0.0,0.5,1,manhattan,auto,30,1.0,0.05629754301838124
75,0.0,0.5,1,manhattan,auto,30,2.0,0.05629754301838124
75,0.0,0.5,1,manhattan,auto,40,,0.05629754301838124
75,0.0,0.5,1,manhattan,auto,40,1.0,0.05629754301838124
75,0.0,0.5,1,manhattan,auto,40,2.0,0.05629754301838124
75,0.0,0.5,1,manhattan,auto,50,,0.05629754301838124
75,0.0,0.5,1,manhattan,auto,50,1.0,0.05629754301838124
75,0.0,0.5,1,manhattan,auto,50,2.0,0.05629754301838124
75,0.0,0.5,1,manhattan,ball_tree,10,,0.05629754301838124
75,0.0,0.5,1,manhattan,ball_tree,10,1.0,0.05629754301838124
75,0.0,0.5,1,manhattan,ball_tree,10,2.0,0.05629754301838124
75,0.0,0.5,1,manhattan,ball_tree,20,,0.05629754301838124
75,0.0,0.5,1,manhattan,ball_tree,20,1.0,0.05629754301838124
75,0.0,0.5,1,manhattan,ball_tree,20,2.0,0.05629754301838124
75,0.0,0.5,1,manhattan,ball_tree,30,,0.05629754301838124
75,0.0,0.5,1,manhattan,ball_tree,30,1.0,0.05629754301838124
75,0.0,0.5,1,manhattan,ball_tree,30,2.0,0.05629754301838124
75,0.0,0.5,1,manhattan,ball_tree,40,,0.05629754301838124
75,0.0,0.5,1,manhattan,ball_tree,40,1.0,0.05629754301838124
75,0.0,0.5,1,manhattan,ball_tree,40,2.0,0.05629754301838124
75,0.0,0.5,1,manhattan,ball_tree,50,,0.05629754301838124
75,0.0,0.5,1,manhattan,ball_tree,50,1.0,0.05629754301838124
75,0.0,0.5,1,manhattan,ball_tree,50,2.0,0.05629754301838124
75,0.0,0.5,1,manhattan,kd_tree,10,,0.05629754301838124
75,0.0,0.5,1,manhattan,kd_tree,10,1.0,0.05629754301838124
75,0.0,0.5,1,manhattan,kd_tree,10,2.0,0.05629754301838124
75,0.0,0.5,1,manhattan,kd_tree,20,,0.05629754301838124
75,0.0,0.5,1,manhattan,kd_tree,20,1.0,0.05629754301838124
75,0.0,0.5,1,manhattan,kd_tree,20,2.0,0.05629754301838124
75,0.0,0.5,1,manhattan,kd_tree,30,,0.05629754301838124
75,0.0,0.5,1,manhattan,kd_tree,30,1.0,0.05629754301838124
75,0.0,0.5,1,manhattan,kd_tree,30,2.0,0.05629754301838124
75,0.0,0.5,1,manhattan,kd_tree,40,,0.05629754301838124
75,0.0,0.5,1,manhattan,kd_tree,40,1.0,0.05629754301838124
75,0.0,0.5,1,manhattan,kd_tree,40,2.0,0.05629754301838124
75,0.0,0.5,1,manhattan,kd_tree,50,,0.05629754301838124
75,0.0,0.5,1,manhattan,kd_tree,50,1.0,0.05629754301838124
75,0.0,0.5,1,manhattan,kd_tree,50,2.0,0.05629754301838124
75,0.0,0.5,1,manhattan,brute,10,,0.05629754301838124
75,0.0,0.5,1,manhattan,brute,10,1.0,0.05629754301838124
75,0.0,0.5,1,manhattan,brute,10,2.0,0.05629754301838124
75,0.0,0.5,1,manhattan,brute,20,,0.05629754301838124
75,0.0,0.5,1,manhattan,brute,20,1.0,0.05629754301838124
75,0.0,0.5,1,manhattan,brute,20,2.0,0.05629754301838124
75,0.0,0.5,1,manhattan,brute,30,,0.05629754301838124
75,0.0,0.5,1,manhattan,brute,30,1.0,0.05629754301838124
75,0.0,0.5,1,manhattan,brute,30,2.0,0.05629754301838124
75,0.0,0.5,1,manhattan,brute,40,,0.05629754301838124
75,0.0,0.5,1,manhattan,brute,40,1.0,0.05629754301838124
75,0.0,0.5,1,manhattan,brute,40,2.0,0.05629754301838124
75,0.0,0.5,1,manhattan,brute,50,,0.05629754301838124
75,0.0,0.5,1,manhattan,brute,50,1.0,0.05629754301838124
75,0.0,0.5,1,manhattan,brute,50,2.0,0.05629754301838124
121,0.0,0.5,1,mahalanobis,auto,10,,0.06769698690149864
121,0.0,0.5,1,mahalanobis,auto,10,1.0,0.06769698690149864
121,0.0,0.5,1,mahalanobis,auto,10,2.0,0.06769698690149864
121,0.0,0.5,1,mahalanobis,auto,20,,0.06769698690149864
121,0.0,0.5,1,mahalanobis,auto,20,1.0,0.06769698690149864
121,0.0,0.5,1,mahalanobis,auto,20,2.0,0.06769698690149864
121,0.0,0.5,1,mahalanobis,auto,30,,0.06769698690149864
121,0.0,0.5,1,mahalanobis,auto,30,1.0,0.06769698690149864
121,0.0,0.5,1,mahalanobis,auto,30,2.0,0.06769698690149864
121,0.0,0.5,1,mahalanobis,auto,40,,0.06769698690149864
121,0.0,0.5,1,mahalanobis,auto,40,1.0,0.06769698690149864
121,0.0,0.5,1,mahalanobis,auto,40,2.0,0.06769698690149864
121,0.0,0.5,1,mahalanobis,auto,50,,0.06769698690149864
121,0.0,0.5,1,mahalanobis,auto,50,1.0,0.06769698690149864
121,0.0,0.5,1,mahalanobis,auto,50,2.0,0.06769698690149864
121,0.0,0.5,1,mahalanobis,ball_tree,10,,0.06769698690149864
121,0.0,0.5,1,mahalanobis,ball_tree,10,1.0,0.06769698690149864
121,0.0,0.5,1,mahalanobis,ball_tree,10,2.0,0.06769698690149864
121,0.0,0.5,1,mahalanobis,ball_tree,20,,0.06769698690149864
121,0.0,0.5,1,mahalanobis,ball_tree,20,1.0,0.06769698690149864
121,0.0,0.5,1,mahalanobis,ball_tree,20,2.0,0.06769698690149864
121,0.0,0.5,1,mahalanobis,ball_tree,30,,0.06769698690149864
121,0.0,0.5,1,mahalanobis,ball_tree,30,1.0,0.06769698690149864
121,0.0,0.5,1,mahalanobis,ball_tree,30,2.0,0.06769698690149864
121,0.0,0.5,1,mahalanobis,ball_tree,40,,0.06769698690149864
121,0.0,0.5,1,mahalanobis,ball_tree,40,1.0,0.06769698690149864
121,0.0,0.5,1,mahalanobis,ball_tree,40,2.0,0.06769698690149864
121,0.0,0.5,1,mahalanobis,ball_tree,50,,0.06769698690149864
121,0.0,0.5,1,mahalanobis,ball_tree,50,1.0,0.06769698690149864
121,0.0,0.5,1,mahalanobis,ball_tree,50,2.0,0.06769698690149864
121,0.0,0.5,1,mahalanobis,kd_tree,10,,0.06769698690149864
121,0.0,0.5,1,mahalanobis,kd_tree,10,1.0,0.06769698690149864
121,0.0,0.5,1,mahalanobis,kd_tree,10,2.0,0.06769698690149864
121,0.0,0.5,1,mahalanobis,kd_tree,20,,0.06769698690149864
121,0.0,0.5,1,mahalanobis,kd_tree,20,1.0,0.06769698690149864
121,0.0,0.5,1,mahalanobis,kd_tree,20,2.0,0.06769698690149864
121,0.0,0.5,1,mahalanobis,kd_tree,30,,0.06769698690149864
121,0.0,0.5,1,mahalanobis,kd_tree,30,1.0,0.06769698690149864
121,0.0,0.5,1,mahalanobis,kd_tree,30,2.0,0.06769698690149864
121,0.0,0.5,1,mahalanobis,kd_tree,40,,0.06769698690149864
121,0.0,0.5,1,mahalanobis,kd_tree,40,1.0,0.06769698690149864
121,0.0,0.5,1,mahalanobis,kd_tree,40,2.0,0.06769698690149864
121,0.0,0.5,1,mahalanobis,kd_tree,50,,0.06769698690149864
121,0.0,0.5,1,mahalanobis,kd_tree,50,1.0,0.06769698690149864
121,0.0,0.5,1,mahalanobis,kd_tree,50,2.0,0.06769698690149864
121,0.0,0.5,1,mahalanobis,brute,10,,0.06769698690149864
121,0.0,0.5,1,mahalanobis,brute,10,1.0,0.06769698690149864
121,0.0,0.5,1,mahalanobis,brute,10,2.0,0.06769698690149864
121,0.0,0.5,1,mahalanobis,brute,20,,0.06769698690149864
121,0.0,0.5,1,mahalanobis,brute,20,1.0,0.06769698690149864
121,0.0,0.5,1,mahalanobis,brute,20,2.0,0.06769698690149864
121,0.0,0.5,1,mahalanobis,brute,30,,0.06769698690149864
121,0.0,0.5,1,mahalanobis,brute,30,1.0,0.06769698690149864
121,0.0,0.5,1,mahalanobis,brute,30,2.0,0.06769698690149864
121,0.0,0.5,1,mahalanobis,brute,40,,0.06769698690149864
121,0.0,0.5,1,mahalanobis,brute,40,1.0,0.06769698690149864
121,0.0,0.5,1,mahalanobis,brute,40,2.0,0.06769698690149864
121,0.0,0.5,1,mahalanobis,brute,50,,0.06769698690149864
121,0.0,0.5,1,mahalanobis,brute,50,1.0,0.06769698690149864
121,0.0,0.5,1,mahalanobis,brute,50,2.0,0.06769698690149864
11,0.12,0.5,2,euclidean,auto,10,,0.1829564572352895
11,0.12,0.5,2,euclidean,auto,10,1.0,0.1829564572352895
11,0.12,0.5,2,euclidean,auto,10,2.0,0.1829564572352895
11,0.12,0.5,2,euclidean,auto,20,,0.1829564572352895
11,0.12,0.5,2,euclidean,auto,20,1.0,0.1829564572352895
11,0.12,0.5,2,euclidean,auto,20,2.0,0.1829564572352895
11,0.12,0.5,2,euclidean,auto,30,,0.1829564572352895
11,0.12,0.5,2,euclidean,auto,30,1.0,0.1829564572352895
11,0.12,0.5,2,euclidean,auto,30,2.0,0.1829564572352895
11,0.12,0.5,2,euclidean,auto,40,,0.1829564572352895
11,0.12,0.5,2,euclidean,auto,40,1.0,0.1829564572352895
11,0.12,0.5,2,euclidean,auto,40,2.0,0.1829564572352895
11,0.12,0.5,2,euclidean,auto,50,,0.1829564572352895
11,0.12,0.5,2,euclidean,auto,50,1.0,0.1829564572352895
11,0.12,0.5,2,euclidean,auto,50,2.0,0.1829564572352895
11,0.12,0.5,2,euclidean,ball_tree,10,,0.1829564572352895
11,0.12,0.5,2,euclidean,ball_tree,10,1.0,0.1829564572352895
11,0.12,0.5,2,euclidean,ball_tree,10,2.0,0.1829564572352895
11,0.12,0.5,2,euclidean,ball_tree,20,,0.1829564572352895
11,0.12,0.5,2,euclidean,ball_tree,20,1.0,0.1829564572352895
11,0.12,0.5,2,euclidean,ball_tree,20,2.0,0.1829564572352895
11,0.12,0.5,2,euclidean,ball_tree,30,,0.1829564572352895
11,0.12,0.5,2,euclidean,ball_tree,30,1.0,0.1829564572352895
11,0.12,0.5,2,euclidean,ball_tree,30,2.0,0.1829564572352895
11,0.12,0.5,2,euclidean,ball_tree,40,,0.1829564572352895
11,0.12,0.5,2,euclidean,ball_tree,40,1.0,0.1829564572352895
11,0.12,0.5,2,euclidean,ball_tree,40,2.0,0.1829564572352895
11,0.12,0.5,2,euclidean,ball_tree,50,,0.1829564572352895
11,0.12,0.5,2,euclidean,ball_tree,50,1.0,0.1829564572352895
11,0.12,0.5,2,euclidean,ball_tree,50,2.0,0.1829564572352895
11,0.12,0.5,2,euclidean,kd_tree,10,,0.1829564572352895
11,0.12,0.5,2,euclidean,kd_tree,10,1.0,0.1829564572352895
11,0.12,0.5,2,euclidean,kd_tree,10,2.0,0.1829564572352895
11,0.12,0.5,2,euclidean,kd_tree,20,,0.1829564572352895
11,0.12,0.5,2,euclidean,kd_tree,20,1.0,0.1829564572352895
11,0.12,0.5,2,euclidean,kd_tree,20,2.0,0.1829564572352895
11,0.12,0.5,2,euclidean,kd_tree,30,,0.1829564572352895
11,0.12,0.5,2,euclidean,kd_tree,30,1.0,0.1829564572352895
11,0.12,0.5,2,euclidean,kd_tree,30,2.0,0.1829564572352895
11,0.12,0.5,2,euclidean,kd_tree,40,,0.1829564572352895
11,0.12,0.5,2,euclidean,kd_tree,40,1.0,0.1829564572352895
11,0.12,0.5,2,euclidean,kd_tree,40,2.0,0.1829564572352895
11,0.12,0.5,2,euclidean,kd_tree,50,,0.1829564572352895
11,0.12,0.5,2,euclidean,kd_tree,50,1.0,0.1829564572352895
11,0.12,0.5,2,euclidean,kd_tree,50,2.0,0.1829564572352895
11,0.12,0.5,2,euclidean,brute,10,,0.1829564572352895
11,0.12,0.5,2,euclidean,brute,10,1.0,0.1829564572352895
11,0.12,0.5,2,euclidean,brute,10,2.0,0.1829564572352895
11,0.12,0.5,2,euclidean,brute,20,,0.1829564572352895
11,0.12,0.5,2,euclidean,brute,20,1.0,0.1829564572352895
11,0.12,0.5,2,euclidean,brute,20,2.0,0.1829564572352895
11,0.12,0.5,2,euclidean,brute,30,,0.1829564572352895
11,0.12,0.5,2,euclidean,brute,30,1.0,0.1829564572352895
11,0.12,0.5,2,euclidean,brute,30,2.0,0.1829564572352895
11,0.12,0.5,2,euclidean,brute,40,,0.1829564572352895
11,0.12,0.5,2,euclidean,brute,40,1.0,0.1829564572352895
11,0.12,0.5,2,euclidean,brute,40,2.0,0.1829564572352895
11,0.12,0.5,2,euclidean,brute,50,,0.1829564572352895
11,0.12,0.5,2,euclidean,brute,50,1.0,0.1829564572352895
11,0.12,0.5,2,euclidean,brute,50,2.0,0.1829564572352895
17,0.38666666666666666,0.5,2,manhattan,auto,10,,-0.027161230225189778
17,0.38666666666666666,0.5,2,manhattan,auto,10,1.0,-0.027161230225189778
17,0.38666666666666666,0.5,2,manhattan,auto,10,2.0,-0.027161230225189778
17,0.38666666666666666,0.5,2,manhattan,auto,20,,-0.027161230225189778
17,0.38666666666666666,0.5,2,manhattan,auto,20,1.0,-0.027161230225189778
17,0.38666666666666666,0.5,2,manhattan,auto,20,2.0,-0.027161230225189778
17,0.38666666666666666,0.5,2,manhattan,auto,30,,-0.027161230225189778
17,0.38666666666666666,0.5,2,manhattan,auto,30,1.0,-0.027161230225189778
17,0.38666666666666666,0.5,2,manhattan,auto,30,2.0,-0.027161230225189778
17,0.38666666666666666,0.5,2,manhattan,auto,40,,-0.027161230225189778
17,0.38666666666666666,0.5,2,manhattan,auto,40,1.0,-0.027161230225189778
17,0.38666666666666666,0.5,2,manhattan,auto,40,2.0,-0.027161230225189778
17,0.38666666666666666,0.5,2,manhattan,auto,50,,-0.027161230225189778
17,0.38666666666666666,0.5,2,manhattan,auto,50,1.0,-0.027161230225189778
17,0.38666666666666666,0.5,2,manhattan,auto,50,2.0,-0.027161230225189778
17,0.38666666666666666,0.5,2,manhattan,ball_tree,10,,-0.027161230225189778
17,0.38666666666666666,0.5,2,manhattan,ball_tree,10,1.0,-0.027161230225189778
17,0.38666666666666666,0.5,2,manhattan,ball_tree,10,2.0,-0.027161230225189778
17,0.38666666666666666,0.5,2,manhattan,ball_tree,20,,-0.027161230225189778
17,0.38666666666666666,0.5,2,manhattan,ball_tree,20,1.0,-0.027161230225189778
17,0.38666666666666666,0.5,2,manhattan,ball_tree,20,2.0,-0.027161230225189778
17,0.38666666666666666,0.5,2,manhattan,ball_tree,30,,-0.027161230225189778
17,0.38666666666666666,0.5,2,manhattan,ball_tree,30,1.0,-0.027161230225189778
17,0.38666666666666666,0.5,2,manhattan,ball_tree,30,2.0,-0.027161230225189778
17,0.38666666666666666,0.5,2,manhattan,ball_tree,40,,-0.027161230225189778
17,0.38666666666666666,0.5,2,manhattan,ball_tree,40,1.0,-0.027161230225189778
17,0.38666666666666666,0.5,2,manhattan,ball_tree,40,2.0,-0.027161230225189778
17,0.38666666666666666,0.5,2,manhattan,ball_tree,50,,-0.027161230225189778
17,0.38666666666666666,0.5,2,manhattan,ball_tree,50,1.0,-0.027161230225189778
17,0.38666666666666666,0.5,2,manhattan,ball_tree,50,2.0,-0.027161230225189778
17,0.38666666666666666,0.5,2,manhattan,kd_tree,10,,-0.027161230225189778
17,0.38666666666666666,0.5,2,manhattan,kd_tree,10,1.0,-0.027161230225189778
17,0.38666666666666666,0.5,2,manhattan,kd_tree,10,2.0,-0.027161230225189778
17,0.38666666666666666,0.5,2,manhattan,kd_tree,20,,-0.027161230225189778
17,0.38666666666666666,0.5,2,manhattan,kd_tree,20,1.0,-0.027161230225189778
17,0.38666666666666666,0.5,2,manhattan,kd_tree,20,2.0,-0.027161230225189778
17,0.38666666666666666,0.5,2,manhattan,kd_tree,30,,-0.027161230225189778
17,0.38666666666666666,0.5,2,manhattan,kd_tree,30,1.0,-0.027161230225189778
17,0.38666666666666666,0.5,2,manhattan,kd_tree,30,2.0,-0.027161230225189778
17,0.38666666666666666,0.5,2,manhattan,kd_tree,40,,-0.027161230225189778
17,0.38666666666666666,0.5,2,manhattan,kd_tree,40,1.0,-0.027161230225189778
17,0.38666666666666666,0.5,2,manhattan,kd_tree,40,2.0,-0.027161230225189778
17,0.38666666666666666,0.5,2,manhattan,kd_tree,50,,-0.027161230225189778
17,0.38666666666666666,0.5,2,manhattan,kd_tree,50,1.0,-0.027161230225189778
17,0.38666666666666666,0.5,2,manhattan,kd_tree,50,2.0,-0.027161230225189778
17,0.38666666666666666,0.5,2,manhattan,brute,10,,-0.027161230225189778
17,0.38666666666666666,0.5,2,manhattan,brute,10,1.0,-0.027161230225189778
17,0.38666666666666666,0.5,2,manhattan,brute,10,2.0,-0.027161230225189778
17,0.38666666666666666,0.5,2,manhattan,brute,20,,-0.027161230225189778
17,0.38666666666666666,0.5,2,manhattan,brute,20,1.0,-0.027161230225189778
17,0.38666666666666666,0.5,2,manhattan,brute,20,2.0,-0.027161230225189778
17,0.38666666666666666,0.5,2,manhattan,brute,30,,-0.027161230225189778
17,0.38666666666666666,0.5,2,manhattan,brute,30,1.0,-0.027161230225189778
17,0.38666666666666666,0.5,2,manhattan,brute,30,2.0,-0.027161230225189778
17,0.38666666666666666,0.5,2,manhattan,brute,40,,-0.027161230225189778
17,0.38666666666666666,0.5,2,manhattan,brute,40,1.0,-0.027161230225189778
17,0.38666666666666666,0.5,2,manhattan,brute,40,2.0,-0.027161230225189778
17,0.38666666666666666,0.5,2,manhattan,brute,50,,-0.027161230225189778
17,0.38666666666666666,0.5,2,manhattan,brute,50,1.0,-0.027161230225189778
17,0.38666666666666666,0.5,2,manhattan,brute,50,2.0,-0.027161230225189778
19,0.68,0.5,2,mahalanobis,auto,10,,-0.37570424262755847
19,0.68,0.5,2,mahalanobis,auto,10,1.0,-0.37570424262755847
19,0.68,0.5,2,mahalanobis,auto,10,2.0,-0.37570424262755847
19,0.68,0.5,2,mahalanobis,auto,20,,-0.37570424262755847
19,0.68,0.5,2,mahalanobis,auto,20,1.0,-0.37570424262755847
19,0.68,0.5,2,mahalanobis,auto,20,2.0,-0.37570424262755847
19,0.68,0.5,2,mahalanobis,auto,30,,-0.37570424262755847
19,0.68,0.5,2,mahalanobis,auto,30,1.0,-0.37570424262755847
19,0.68,0.5,2,mahalanobis,auto,30,2.0,-0.37570424262755847
19,0.68,0.5,2,mahalanobis,auto,40,,-0.37570424262755847
19,0.68,0.5,2,mahalanobis,auto,40,1.0,-0.37570424262755847
19,0.68,0.5,2,mahalanobis,auto,40,2.0,-0.37570424262755847
19,0.68,0.5,2,mahalanobis,auto,50,,-0.37570424262755847
19,0.68,0.5,2,mahalanobis,auto,50,1.0,-0.37570424262755847
19,0.68,0.5,2,mahalanobis,auto,50,2.0,-0.37570424262755847
19,0.68,0.5,2,mahalanobis,ball_tree,10,,-0.37570424262755847
19,0.68,0.5,2,mahalanobis,ball_tree,10,1.0,-0.37570424262755847
19,0.68,0.5,2,mahalanobis,ball_tree,10,2.0,-0.37570424262755847
19,0.68,0.5,2,mahalanobis,ball_tree,20,,-0.37570424262755847
19,0.68,0.5,2,mahalanobis,ball_tree,20,1.0,-0.37570424262755847
19,0.68,0.5,2,mahalanobis,ball_tree,20,2.0,-0.37570424262755847
19,0.68,0.5,2,mahalanobis,ball_tree,30,,-0.37570424262755847
19,0.68,0.5,2,mahalanobis,ball_tree,30,1.0,-0.37570424262755847
19,0.68,0.5,2,mahalanobis,ball_tree,30,2.0,-0.37570424262755847
19,0.68,0.5,2,mahalanobis,ball_tree,40,,-0.37570424262755847
19,0.68,0.5,2,mahalanobis,ball_tree,40,1.0,-0.37570424262755847
19,0.68,0.5,2,mahalanobis,ball_tree,40,2.0,-0.37570424262755847
19,0.68,0.5,2,mahalanobis,ball_tree,50,,-0.37570424262755847
19,0.68,0.5,2,mahalanobis,ball_tree,50,1.0,-0.37570424262755847
19,0.68,0.5,2,mahalanobis,ball_tree,50,2.0,-0.37570424262755847
19,0.68,0.5,2,mahalanobis,kd_tree,10,,-0.37570424262755847
19,0.68,0.5,2,mahalanobis,kd_tree,10,1.0,-0.37570424262755847
19,0.68,0.5,2,mahalanobis,kd_tree,10,2.0,-0.37570424262755847
19,0.68,0.5,2,mahalanobis,kd_tree,20,,-0.37570424262755847
19,0.68,0.5,2,mahalanobis,kd_tree,20,1.0,-0.37570424262755847
19,0.68,0.5,2,mahalanobis,kd_tree,20,2.0,-0.37570424262755847
19,0.68,0.5,2,mahalanobis,kd_tree,30,,-0.37570424262755847
19,0.68,0.5,2,mahalanobis,kd_tree,30,1.0,-0.37570424262755847
19,0.68,0.5,2,mahalanobis,kd_tree,30,2.0,-0.37570424262755847
19,0.68,0.5,2,mahalanobis,kd_tree,40,,-0.37570424262755847
19,0.68,0.5,2,mahalanobis,kd_tree,40,1.0,-0.37570424262755847
19,0.68,0.5,2,mahalanobis,kd_tree,40,2.0,-0.37570424262755847
19,0.68,0.5,2,mahalanobis,kd_tree,50,,-0.37570424262755847
19,0.68,0.5,2,mahalanobis,kd_tree,50,1.0,-0.37570424262755847
19,0.68,0.5,2,mahalanobis,kd_tree,50,2.0,-0.37570424262755847
19,0.68,0.5,2,mahalanobis,brute,10,,-0.37570424262755847
19,0.68,0.5,2,mahalanobis,brute,10,1.0,-0.37570424262755847
19,0.68,0.5,2,mahalanobis,brute,10,2.0,-0.37570424262755847
19,0.68,0.5,2,mahalanobis,brute,20,,-0.37570424262755847
19,0.68,0.5,2,mahalanobis,brute,20,1.0,-0.37570424262755847
19,0.68,0.5,2,mahalanobis,brute,20,2.0,-0.37570424262755847
19,0.68,0.5,2,mahalanobis,brute,30,,-0.37570424262755847
19,0.68,0.5,2,mahalanobis,brute,30,1.0,-0.37570424262755847
19,0.68,0.5,2,mahalanobis,brute,30,2.0,-0.37570424262755847
19,0.68,0.5,2,mahalanobis,brute,40,,-0.37570424262755847
19,0.68,0.5,2,mahalanobis,brute,40,1.0,-0.37570424262755847
19,0.68,0.5,2,mahalanobis,brute,40,2.0,-0.37570424262755847
19,0.68,0.5,2,mahalanobis,brute,50,,-0.37570424262755847
19,0.68,0.5,2,mahalanobis,brute,50,1.0,-0.37570424262755847
19,0.68,0.5,2,mahalanobis,brute,50,2.0,-0.37570424262755847
8,0.16,0.5,3,euclidean,auto,10,,0.22094847977203688
8,0.16,0.5,3,euclidean,auto,10,1.0,0.22094847977203688
8,0.16,0.5,3,euclidean,auto,10,2.0,0.22094847977203688
8,0.16,0.5,3,euclidean,auto,20,,0.22094847977203688
8,0.16,0.5,3,euclidean,auto,20,1.0,0.22094847977203688
8,0.16,0.5,3,euclidean,auto,20,2.0,0.22094847977203688
8,0.16,0.5,3,euclidean,auto,30,,0.22094847977203688
8,0.16,0.5,3,euclidean,auto,30,1.0,0.22094847977203688
8,0.16,0.5,3,euclidean,auto,30,2.0,0.22094847977203688
8,0.16,0.5,3,euclidean,auto,40,,0.22094847977203688
8,0.16,0.5,3,euclidean,auto,40,1.0,0.22094847977203688
8,0.16,0.5,3,euclidean,auto,40,2.0,0.22094847977203688
8,0.16,0.5,3,euclidean,auto,50,,0.22094847977203688
8,0.16,0.5,3,euclidean,auto,50,1.0,0.22094847977203688
8,0.16,0.5,3,euclidean,auto,50,2.0,0.22094847977203688
8,0.16,0.5,3,euclidean,ball_tree,10,,0.22094847977203688
8,0.16,0.5,3,euclidean,ball_tree,10,1.0,0.22094847977203688
8,0.16,0.5,3,euclidean,ball_tree,10,2.0,0.22094847977203688
8,0.16,0.5,3,euclidean,ball_tree,20,,0.22094847977203688
8,0.16,0.5,3,euclidean,ball_tree,20,1.0,0.22094847977203688
8,0.16,0.5,3,euclidean,ball_tree,20,2.0,0.22094847977203688
8,0.16,0.5,3,euclidean,ball_tree,30,,0.22094847977203688
8,0.16,0.5,3,euclidean,ball_tree,30,1.0,0.22094847977203688
8,0.16,0.5,3,euclidean,ball_tree,30,2.0,0.22094847977203688
8,0.16,0.5,3,euclidean,ball_tree,40,,0.22094847977203688
8,0.16,0.5,3,euclidean,ball_tree,40,1.0,0.22094847977203688
8,0.16,0.5,3,euclidean,ball_tree,40,2.0,0.22094847977203688
8,0.16,0.5,3,euclidean,ball_tree,50,,0.22094847977203688
8,0.16,0.5,3,euclidean,ball_tree,50,1.0,0.22094847977203688
8,0.16,0.5,3,euclidean,ball_tree,50,2.0,0.22094847977203688
8,0.16,0.5,3,euclidean,kd_tree,10,,0.22094847977203688
8,0.16,0.5,3,euclidean,kd_tree,10,1.0,0.22094847977203688
8,0.16,0.5,3,euclidean,kd_tree,10,2.0,0.22094847977203688
8,0.16,0.5,3,euclidean,kd_tree,20,,0.22094847977203688
8,0.16,0.5,3,euclidean,kd_tree,20,1.0,0.22094847977203688
8,0.16,0.5,3,euclidean,kd_tree,20,2.0,0.22094847977203688
8,0.16,0.5,3,euclidean,kd_tree,30,,0.22094847977203688
8,0.16,0.5,3,euclidean,kd_tree,30,1.0,0.22094847977203688
8,0.16,0.5,3,euclidean,kd_tree,30,2.0,0.22094847977203688
8,0.16,0.5,3,euclidean,kd_tree,40,,0.22094847977203688
8,0.16,0.5,3,euclidean,kd_tree,40,1.0,0.22094847977203688
8,0.16,0.5,3,euclidean,kd_tree,40,2.0,0.22094847977203688
8,0.16,0.5,3,euclidean,kd_tree,50,,0.22094847977203688
8,0.16,0.5,3,euclidean,kd_tree,50,1.0,0.22094847977203688
8,0.16,0.5,3,euclidean,kd_tree,50,2.0,0.22094847977203688
8,0.16,0.5,3,euclidean,brute,10,,0.22094847977203688
8,0.16,0.5,3,euclidean,brute,10,1.0,0.22094847977203688
8,0.16,0.5,3,euclidean,brute,10,2.0,0.22094847977203688
8,0.16,0.5,3,euclidean,brute,20,,0.22094847977203688
8,0.16,0.5,3,euclidean,brute,20,1.0,0.22094847977203688
8,0.16,0.5,3,euclidean,brute,20,2.0,0.22094847977203688
8,0.16,0.5,3,euclidean,brute,30,,0.22094847977203688
8,0.16,0.5,3,euclidean,brute,30,1.0,0.22094847977203688
8,0.16,0.5,3,euclidean,brute,30,2.0,0.22094847977203688
8,0.16,0.5,3,euclidean,brute,40,,0.22094847977203688
8,0.16,0.5,3,euclidean,brute,40,1.0,0.22094847977203688
8,0.16,0.5,3,euclidean,brute,40,2.0,0.22094847977203688
8,0.16,0.5,3,euclidean,brute,50,,0.22094847977203688
8,0.16,0.5,3,euclidean,brute,50,1.0,0.22094847977203688
8,0.16,0.5,3,euclidean,brute,50,2.0,0.22094847977203688
10,0.48,0.5,3,manhattan,auto,10,,-0.11973206371331267
10,0.48,0.5,3,manhattan,auto,10,1.0,-0.11973206371331267
10,0.48,0.5,3,manhattan,auto,10,2.0,-0.11973206371331267
10,0.48,0.5,3,manhattan,auto,20,,-0.11973206371331267
10,0.48,0.5,3,manhattan,auto,20,1.0,-0.11973206371331267
10,0.48,0.5,3,manhattan,auto,20,2.0,-0.11973206371331267
10,0.48,0.5,3,manhattan,auto,30,,-0.11973206371331267
10,0.48,0.5,3,manhattan,auto,30,1.0,-0.11973206371331267
10,0.48,0.5,3,manhattan,auto,30,2.0,-0.11973206371331267
10,0.48,0.5,3,manhattan,auto,40,,-0.11973206371331267
10,0.48,0.5,3,manhattan,auto,40,1.0,-0.11973206371331267
10,0.48,0.5,3,manhattan,auto,40,2.0,-0.11973206371331267
10,0.48,0.5,3,manhattan,auto,50,,-0.11973206371331267
10,0.48,0.5,3,manhattan,auto,50,1.0,-0.11973206371331267
10,0.48,0.5,3,manhattan,auto,50,2.0,-0.11973206371331267
10,0.48,0.5,3,manhattan,ball_tree,10,,-0.11973206371331267
10,0.48,0.5,3,manhattan,ball_tree,10,1.0,-0.11973206371331267
10,0.48,0.5,3,manhattan,ball_tree,10,2.0,-0.11973206371331267
10,0.48,0.5,3,manhattan,ball_tree,20,,-0.11973206371331267
10,0.48,0.5,3,manhattan,ball_tree,20,1.0,-0.11973206371331267
10,0.48,0.5,3,manhattan,ball_tree,20,2.0,-0.11973206371331267
10,0.48,0.5,3,manhattan,ball_tree,30,,-0.11973206371331267
10,0.48,0.5,3,manhattan,ball_tree,30,1.0,-0.11973206371331267
10,0.48,0.5,3,manhattan,ball_tree,30,2.0,-0.11973206371331267
10,0.48,0.5,3,manhattan,ball_tree,40,,-0.11973206371331267
10,0.48,0.5,3,manhattan,ball_tree,40,1.0,-0.11973206371331267
10,0.48,0.5,3,manhattan,ball_tree,40,2.0,-0.11973206371331267
10,0.48,0.5,3,manhattan,ball_tree,50,,-0.11973206371331267
10,0.48,0.5,3,manhattan,ball_tree,50,1.0,-0.11973206371331267
10,0.48,0.5,3,manhattan,ball_tree,50,2.0,-0.11973206371331267
10,0.48,0.5,3,manhattan,kd_tree,10,,-0.11973206371331267
10,0.48,0.5,3,manhattan,kd_tree,10,1.0,-0.11973206371331267
10,0.48,0.5,3,manhattan,kd_tree,10,2.0,-0.11973206371331267
10,0.48,0.5,3,manhattan,kd_tree,20,,-0.11973206371331267
10,0.48,0.5,3,manhattan,kd_tree,20,1.0,-0.11973206371331267
10,0.48,0.5,3,manhattan,kd_tree,20,2.0,-0.11973206371331267
10,0.48,0.5,3,manhattan,kd_tree,30,,-0.11973206371331267
10,0.48,0.5,3,manhattan,kd_tree,30,1.0,-0.11973206371331267
10,0.48,0.5,3,manhattan,kd_tree,30,2.0,-0.11973206371331267
10,0.48,0.5,3,manhattan,kd_tree,40,,-0.11973206371331267
10,0.48,0.5,3,manhattan,kd_tree,40,1.0,-0.11973206371331267
10,0.48,0.5,3,manhattan,kd_tree,40,2.0,-0.11973206371331267
10,0.48,0.5,3,manhattan,kd_tree,50,,-0.11973206371331267
10,0.48,0.5,3,manhattan,kd_tree,50,1.0,-0.11973206371331267
10,0.48,0.5,3,manhattan,kd_tree,50,2.0,-0.11973206371331267
10,0.48,0.5,3,manhattan,brute,10,,-0.11973206371331267
10,0.48,0.5,3,manhattan,brute,10,1.0,-0.11973206371331267
10,0.48,0.5,3,manhattan,brute,10,2.0,-0.11973206371331267
10,0.48,0.5,3,manhattan,brute,20,,-0.11973206371331267
10,0.48,0.5,3,manhattan,brute,20,1.0,-0.11973206371331267
10,0.48,0.5,3,manhattan,brute,20,2.0,-0.11973206371331267
10,0.48,0.5,3,manhattan,brute,30,,-0.11973206371331267
10,0.48,0.5,3,manhattan,brute,30,1.0,-0.11973206371331267
10,0.48,0.5,3,manhattan,brute,30,2.0,-0.11973206371331267
10,0.48,0.5,3,manhattan,brute,40,,-0.11973206371331267
10,0.48,0.5,3,manhattan,brute,40,1.0,-0.11973206371331267
10,0.48,0.5,3,manhattan,brute,40,2.0,-0.11973206371331267
10,0.48,0.5,3,manhattan,brute,50,,-0.11973206371331267
10,0.48,0.5,3,manhattan,brute,50,1.0,-0.11973206371331267
10,0.48,0.5,3,manhattan,brute,50,2.0,-0.11973206371331267
5,0.8666666666666667,0.5,3,mahalanobis,auto,10,,-0.19982180271903247
5,0.8666666666666667,0.5,3,mahalanobis,auto,10,1.0,-0.19982180271903247
5,0.8666666666666667,0.5,3,mahalanobis,auto,10,2.0,-0.19982180271903247
5,0.8666666666666667,0.5,3,mahalanobis,auto,20,,-0.19982180271903247
5,0.8666666666666667,0.5,3,mahalanobis,auto,20,1.0,-0.19982180271903247
5,0.8666666666666667,0.5,3,mahalanobis,auto,20,2.0,-0.19982180271903247
5,0.8666666666666667,0.5,3,mahalanobis,auto,30,,-0.19982180271903247
5,0.8666666666666667,0.5,3,mahalanobis,auto,30,1.0,-0.19982180271903247
5,0.8666666666666667,0.5,3,mahalanobis,auto,30,2.0,-0.19982180271903247
5,0.8666666666666667,0.5,3,mahalanobis,auto,40,,-0.19982180271903247
5,0.8666666666666667,0.5,3,mahalanobis,auto,40,1.0,-0.19982180271903247
5,0.8666666666666667,0.5,3,mahalanobis,auto,40,2.0,-0.19982180271903247
5,0.8666666666666667,0.5,3,mahalanobis,auto,50,,-0.19982180271903247
5,0.8666666666666667,0.5,3,mahalanobis,auto,50,1.0,-0.19982180271903247
5,0.8666666666666667,0.5,3,mahalanobis,auto,50,2.0,-0.19982180271903247
5,0.8666666666666667,0.5,3,mahalanobis,ball_tree,10,,-0.19982180271903247
5,0.8666666666666667,0.5,3,mahalanobis,ball_tree,10,1.0,-0.19982180271903247
5,0.8666666666666667,0.5,3,mahalanobis,ball_tree,10,2.0,-0.19982180271903247
5,0.8666666666666667,0.5,3,mahalanobis,ball_tree,20,,-0.19982180271903247
5,0.8666666666666667,0.5,3,mahalanobis,ball_tree,20,1.0,-0.19982180271903247
5,0.8666666666666667,0.5,3,mahalanobis,ball_tree,20,2.0,-0.19982180271903247
5,0.8666666666666667,0.5,3,mahalanobis,ball_tree,30,,-0.19982180271903247
5,0.8666666666666667,0.5,3,mahalanobis,ball_tree,30,1.0,-0.19982180271903247
5,0.8666666666666667,0.5,3,mahalanobis,ball_tree,30,2.0,-0.19982180271903247
5,0.8666666666666667,0.5,3,mahalanobis,ball_tree,40,,-0.19982180271903247
5,0.8666666666666667,0.5,3,mahalanobis,ball_tree,40,1.0,-0.19982180271903247
5,0.8666666666666667,0.5,3,mahalanobis,ball_tree,40,2.0,-0.19982180271903247
5,0.8666666666666667,0.5,3,mahalanobis,ball_tree,50,,-0.19982180271903247
5,0.8666666666666667,0.5,3,mahalanobis,ball_tree,50,1.0,-0.19982180271903247
5,0.8666666666666667,0.5,3,mahalanobis,ball_tree,50,2.0,-0.19982180271903247
5,0.8666666666666667,0.5,3,mahalanobis,kd_tree,10,,-0.19982180271903247
5,0.8666666666666667,0.5,3,mahalanobis,kd_tree,10,1.0,-0.19982180271903247
5,0.8666666666666667,0.5,3,mahalanobis,kd_tree,10,2.0,-0.19982180271903247
5,0.8666666666666667,0.5,3,mahalanobis,kd_tree,20,,-0.19982180271903247
5,0.8666666666666667,0.5,3,mahalanobis,kd_tree,20,1.0,-0.19982180271903247
5,0.8666666666666667,0.5,3,mahalanobis,kd_tree,20,2.0,-0.19982180271903247
5,0.8666666666666667,0.5,3,mahalanobis,kd_tree,30,,-0.19982180271903247
5,0.8666666666666667,0.5,3,mahalanobis,kd_tree,30,1.0,-0.19982180271903247
5,0.8666666666666667,0.5,3,mahalanobis,kd_tree,30,2.0,-0.19982180271903247
5,0.8666666666666667,0.5,3,mahalanobis,kd_tree,40,,-0.19982180271903247
5,0.8666666666666667,0.5,3,mahalanobis,kd_tree,40,1.0,-0.19982180271903247
5,0.8666666666666667,0.5,3,mahalanobis,kd_tree,40,2.0,-0.19982180271903247
5,0.8666666666666667,0.5,3,mahalanobis,kd_tree,50,,-0.19982180271903247
5,0.8666666666666667,0.5,3,mahalanobis,kd_tree,50,1.0,-0.19982180271903247
5,0.8666666666666667,0.5,3,mahalanobis,kd_tree,50,2.0,-0.19982180271903247
5,0.8666666666666667,0.5,3,mahalanobis,brute,10,,-0.19982180271903247
5,0.8666666666666667,0.5,3,mahalanobis,brute,10,1.0,-0.19982180271903247
5,0.8666666666666667,0.5,3,mahalanobis,brute,10,2.0,-0.19982180271903247
5,0.8666666666666667,0.5,3,mahalanobis,brute,20,,-0.19982180271903247
5,0.8666666666666667,0.5,3,mahalanobis,brute,20,1.0,-0.19982180271903247
5,0.8666666666666667,0.5,3,mahalanobis,brute,20,2.0,-0.19982180271903247
5,0.8666666666666667,0.5,3,mahalanobis,brute,30,,-0.19982180271903247
5,0.8666666666666667,0.5,3,mahalanobis,brute,30,1.0,-0.19982180271903247
5,0.8666666666666667,0.5,3,mahalanobis,brute,30,2.0,-0.19982180271903247
5,0.8666666666666667,0.5,3,mahalanobis,brute,40,,-0.19982180271903247
5,0.8666666666666667,0.5,3,mahalanobis,brute,40,1.0,-0.19982180271903247
5,0.8666666666666667,0.5,3,mahalanobis,brute,40,2.0,-0.19982180271903247
5,0.8666666666666667,0.5,3,mahalanobis,brute,50,,-0.19982180271903247
5,0.8666666666666667,0.5,3,mahalanobis,brute,50,1.0,-0.19982180271903247
5,0.8666666666666667,0.5,3,mahalanobis,brute,50,2.0,-0.19982180271903247
4,0.24666666666666667,0.5,4,euclidean,auto,10,,0.2459273216384146
4,0.24666666666666667,0.5,4,euclidean,auto,10,1.0,0.2459273216384146
4,0.24666666666666667,0.5,4,euclidean,auto,10,2.0,0.2459273216384146
4,0.24666666666666667,0.5,4,euclidean,auto,20,,0.2459273216384146
4,0.24666666666666667,0.5,4,euclidean,auto,20,1.0,0.2459273216384146
4,0.24666666666666667,0.5,4,euclidean,auto,20,2.0,0.2459273216384146
4,0.24666666666666667,0.5,4,euclidean,auto,30,,0.2459273216384146
4,0.24666666666666667,0.5,4,euclidean,auto,30,1.0,0.2459273216384146
4,0.24666666666666667,0.5,4,euclidean,auto,30,2.0,0.2459273216384146
4,0.24666666666666667,0.5,4,euclidean,auto,40,,0.2459273216384146
4,0.24666666666666667,0.5,4,euclidean,auto,40,1.0,0.2459273216384146
4,0.24666666666666667,0.5,4,euclidean,auto,40,2.0,0.2459273216384146
4,0.24666666666666667,0.5,4,euclidean,auto,50,,0.2459273216384146
4,0.24666666666666667,0.5,4,euclidean,auto,50,1.0,0.2459273216384146
4,0.24666666666666667,0.5,4,euclidean,auto,50,2.0,0.2459273216384146
4,0.24666666666666667,0.5,4,euclidean,ball_tree,10,,0.2459273216384146
4,0.24666666666666667,0.5,4,euclidean,ball_tree,10,1.0,0.2459273216384146
4,0.24666666666666667,0.5,4,euclidean,ball_tree,10,2.0,0.2459273216384146
4,0.24666666666666667,0.5,4,euclidean,ball_tree,20,,0.2459273216384146
4,0.24666666666666667,0.5,4,euclidean,ball_tree,20,1.0,0.2459273216384146
4,0.24666666666666667,0.5,4,euclidean,ball_tree,20,2.0,0.2459273216384146
4,0.24666666666666667,0.5,4,euclidean,ball_tree,30,,0.2459273216384146
4,0.24666666666666667,0.5,4,euclidean,ball_tree,30,1.0,0.2459273216384146
4,0.24666666666666667,0.5,4,euclidean,ball_tree,30,2.0,0.2459273216384146
4,0.24666666666666667,0.5,4,euclidean,ball_tree,40,,0.2459273216384146
4,0.24666666666666667,0.5,4,euclidean,ball_tree,40,1.0,0.2459273216384146
4,0.24666666666666667,0.5,4,euclidean,ball_tree,40,2.0,0.2459273216384146
4,0.24666666666666667,0.5,4,euclidean,ball_tree,50,,0.2459273216384146
4,0.24666666666666667,0.5,4,euclidean,ball_tree,50,1.0,0.2459273216384146
4,0.24666666666666667,0.5,4,euclidean,ball_tree,50,2.0,0.2459273216384146
4,0.24666666666666667,0.5,4,euclidean,kd_tree,10,,0.2459273216384146
4,0.24666666666666667,0.5,4,euclidean,kd_tree,10,1.0,0.2459273216384146
4,0.24666666666666667,0.5,4,euclidean,kd_tree,10,2.0,0.2459273216384146
4,0.24666666666666667,0.5,4,euclidean,kd_tree,20,,0.2459273216384146
4,0.24666666666666667,0.5,4,euclidean,kd_tree,20,1.0,0.2459273216384146
4,0.24666666666666667,0.5,4,euclidean,kd_tree,20,2.0,0.2459273216384146
4,0.24666666666666667,0.5,4,euclidean,kd_tree,30,,0.2459273216384146
4,0.24666666666666667,0.5,4,euclidean,kd_tree,30,1.0,0.2459273216384146
4,0.24666666666666667,0.5,4,euclidean,kd_tree,30,2.0,0.2459273216384146
4,0.24666666666666667,0.5,4,euclidean,kd_tree,40,,0.2459273216384146
4,0.24666666666666667,0.5,4,euclidean,kd_tree,40,1.0,0.2459273216384146
4,0.24666666666666667,0.5,4,euclidean,kd_tree,40,2.0,0.2459273216384146
4,0.24666666666666667,0.5,4,euclidean,kd_tree,50,,0.2459273216384146
4,0.24666666666666667,0.5,4,euclidean,kd_tree,50,1.0,0.2459273216384146
4,0.24666666666666667,0.5,4,euclidean,kd_tree,50,2.0,0.2459273216384146
4,0.24666666666666667,0.5,4,euclidean,brute,10,,0.2459273216384146
4,0.24666666666666667,0.5,4,euclidean,brute,10,1.0,0.2459273216384146
4,0.24666666666666667,0.5,4,euclidean,brute,10,2.0,0.2459273216384146
4,0.24666666666666667,0.5,4,euclidean,brute,20,,0.2459273216384146
4,0.24666666666666667,0.5,4,euclidean,brute,20,1.0,0.2459273216384146
4,0.24666666666666667,0.5,4,euclidean,brute,20,2.0,0.2459273216384146
4,0.24666666666666667,0.5,4,euclidean,brute,30,,0.2459273216384146
4,0.24666666666666667,0.5,4,euclidean,brute,30,1.0,0.2459273216384146
4,0.24666666666666667,0.5,4,euclidean,brute,30,2.0,0.2459273216384146
4,0.24666666666666667,0.5,4,euclidean,brute,40,,0.2459273216384146
4,0.24666666666666667,0.5,4,euclidean,brute,40,1.0,0.2459273216384146
4,0.24666666666666667,0.5,4,euclidean,brute,40,2.0,0.2459273216384146
4,0.24666666666666667,0.5,4,euclidean,brute,50,,0.2459273216384146
4,0.24666666666666667,0.5,4,euclidean,brute,50,1.0,0.2459273216384146
4,0.24666666666666667,0.5,4,euclidean,brute,50,2.0,0.2459273216384146
5,0.66,0.5,4,manhattan,auto,10,,-0.08770419713690342
5,0.66,0.5,4,manhattan,auto,10,1.0,-0.08770419713690342
5,0.66,0.5,4,manhattan,auto,10,2.0,-0.08770419713690342
5,0.66,0.5,4,manhattan,auto,20,,-0.08770419713690342
5,0.66,0.5,4,manhattan,auto,20,1.0,-0.08770419713690342
5,0.66,0.5,4,manhattan,auto,20,2.0,-0.08770419713690342
5,0.66,0.5,4,manhattan,auto,30,,-0.08770419713690342
5,0.66,0.5,4,manhattan,auto,30,1.0,-0.08770419713690342
5,0.66,0.5,4,manhattan,auto,30,2.0,-0.08770419713690342
5,0.66,0.5,4,manhattan,auto,40,,-0.08770419713690342
5,0.66,0.5,4,manhattan,auto,40,1.0,-0.08770419713690342
5,0.66,0.5,4,manhattan,auto,40,2.0,-0.08770419713690342
5,0.66,0.5,4,manhattan,auto,50,,-0.08770419713690342
5,0.66,0.5,4,manhattan,auto,50,1.0,-0.08770419713690342
5,0.66,0.5,4,manhattan,auto,50,2.0,-0.08770419713690342
5,0.66,0.5,4,manhattan,ball_tree,10,,-0.08770419713690342
5,0.66,0.5,4,manhattan,ball_tree,10,1.0,-0.08770419713690342
5,0.66,0.5,4,manhattan,ball_tree,10,2.0,-0.08770419713690342
5,0.66,0.5,4,manhattan,ball_tree,20,,-0.08770419713690342
5,0.66,0.5,4,manhattan,ball_tree,20,1.0,-0.08770419713690342
5,0.66,0.5,4,manhattan,ball_tree,20,2.0,-0.08770419713690342
5,0.66,0.5,4,manhattan,ball_tree,30,,-0.08770419713690342
5,0.66,0.5,4,manhattan,ball_tree,30,1.0,-0.08770419713690342
5,0.66,0.5,4,manhattan,ball_tree,30,2.0,-0.08770419713690342
5,0.66,0.5,4,manhattan,ball_tree,40,,-0.08770419713690342
5,0.66,0.5,4,manhattan,ball_tree,40,1.0,-0.08770419713690342
5,0.66,0.5,4,manhattan,ball_tree,40,2.0,-0.08770419713690342
5,0.66,0.5,4,manhattan,ball_tree,50,,-0.08770419713690342
5,0.66,0.5,4,manhattan,ball_tree,50,1.0,-0.08770419713690342
5,0.66,0.5,4,manhattan,ball_tree,50,2.0,-0.08770419713690342
5,0.66,0.5,4,manhattan,kd_tree,10,,-0.08770419713690342
5,0.66,0.5,4,manhattan,kd_tree,10,1.0,-0.08770419713690342
5,0.66,0.5,4,manhattan,kd_tree,10,2.0,-0.08770419713690342
5,0.66,0.5,4,manhattan,kd_tree,20,,-0.08770419713690342
5,0.66,0.5,4,manhattan,kd_tree,20,1.0,-0.08770419713690342
5,0.66,0.5,4,manhattan,kd_tree,20,2.0,-0.08770419713690342
5,0.66,0.5,4,manhattan,kd_tree,30,,-0.08770419713690342
5,0.66,0.5,4,manhattan,kd_tree,30,1.0,-0.08770419713690342
5,0.66,0.5,4,manhattan,kd_tree,30,2.0,-0.08770419713690342
5,0.66,0.5,4,manhattan,kd_tree,40,,-0.08770419713690342
5,0.66,0.5,4,manhattan,kd_tree,40,1.0,-0.08770419713690342
5,0.66,0.5,4,manhattan,kd_tree,40,2.0,-0.08770419713690342
5,0.66,0.5,4,manhattan,kd_tree,50,,-0.08770419713690342
5,0.66,0.5,4,manhattan,kd_tree,50,1.0,-0.08770419713690342
5,0.66,0.5,4,manhattan,kd_tree,50,2.0,-0.08770419713690342
5,0.66,0.5,4,manhattan,brute,10,,-0.08770419713690342
5,0.66,0.5,4,manhattan,brute,10,1.0,-0.08770419713690342
5,0.66,0.5,4,manhattan,brute,10,2.0,-0.08770419713690342
5,0.66,0.5,4,manhattan,brute,20,,-0.08770419713690342
5,0.66,0.5,4,manhattan,brute,20,1.0,-0.08770419713690342
5,0.66,0.5,4,manhattan,brute,20,2.0,-0.08770419713690342
5,0.66,0.5,4,manhattan,brute,30,,-0.08770419713690342
5,0.66,0.5,4,manhattan,brute,30,1.0,-0.08770419713690342
5,0.66,0.5,4,manhattan,brute,30,2.0,-0.08770419713690342
5,0.66,0.5,4,manhattan,brute,40,,-0.08770419713690342
5,0.66,0.5,4,manhattan,brute,40,1.0,-0.08770419713690342
5,0.66,0.5,4,manhattan,brute,40,2.0,-0.08770419713690342
5,0.66,0.5,4,manhattan,brute,50,,-0.08770419713690342
5,0.66,0.5,4,manhattan,brute,50,1.0,-0.08770419713690342
5,0.66,0.5,4,manhattan,brute,50,2.0,-0.08770419713690342
3,0.9066666666666666,0.5,4,mahalanobis,auto,10,,0.0869653590298407
3,0.9066666666666666,0.5,4,mahalanobis,auto,10,1.0,0.0869653590298407
3,0.9066666666666666,0.5,4,mahalanobis,auto,10,2.0,0.0869653590298407
3,0.9066666666666666,0.5,4,mahalanobis,auto,20,,0.0869653590298407
3,0.9066666666666666,0.5,4,mahalanobis,auto,20,1.0,0.0869653590298407
3,0.9066666666666666,0.5,4,mahalanobis,auto,20,2.0,0.0869653590298407
3,0.9066666666666666,0.5,4,mahalanobis,auto,30,,0.0869653590298407
3,0.9066666666666666,0.5,4,mahalanobis,auto,30,1.0,0.0869653590298407
3,0.9066666666666666,0.5,4,mahalanobis,auto,30,2.0,0.0869653590298407
3,0.9066666666666666,0.5,4,mahalanobis,auto,40,,0.0869653590298407
3,0.9066666666666666,0.5,4,mahalanobis,auto,40,1.0,0.0869653590298407
3,0.9066666666666666,0.5,4,mahalanobis,auto,40,2.0,0.0869653590298407
3,0.9066666666666666,0.5,4,mahalanobis,auto,50,,0.0869653590298407
3,0.9066666666666666,0.5,4,mahalanobis,auto,50,1.0,0.0869653590298407
3,0.9066666666666666,0.5,4,mahalanobis,auto,50,2.0,0.0869653590298407
3,0.9066666666666666,0.5,4,mahalanobis,ball_tree,10,,0.0869653590298407
3,0.9066666666666666,0.5,4,mahalanobis,ball_tree,10,1.0,0.0869653590298407
3,0.9066666666666666,0.5,4,mahalanobis,ball_tree,10,2.0,0.0869653590298407
3,0.9066666666666666,0.5,4,mahalanobis,ball_tree,20,,0.0869653590298407
3,0.9066666666666666,0.5,4,mahalanobis,ball_tree,20,1.0,0.0869653590298407
3,0.9066666666666666,0.5,4,mahalanobis,ball_tree,20,2.0,0.0869653590298407
3,0.9066666666666666,0.5,4,mahalanobis,ball_tree,30,,0.0869653590298407
3,0.9066666666666666,0.5,4,mahalanobis,ball_tree,30,1.0,0.0869653590298407
3,0.9066666666666666,0.5,4,mahalanobis,ball_tree,30,2.0,0.0869653590298407
3,0.9066666666666666,0.5,4,mahalanobis,ball_tree,40,,0.0869653590298407
3,0.9066666666666666,0.5,4,mahalanobis,ball_tree,40,1.0,0.0869653590298407
3,0.9066666666666666,0.5,4,mahalanobis,ball_tree,40,2.0,0.0869653590298407
3,0.9066666666666666,0.5,4,mahalanobis,ball_tree,50,,0.0869653590298407
3,0.9066666666666666,0.5,4,mahalanobis,ball_tree,50,1.0,0.0869653590298407
3,0.9066666666666666,0.5,4,mahalanobis,ball_tree,50,2.0,0.0869653590298407
3,0.9066666666666666,0.5,4,mahalanobis,kd_tree,10,,0.0869653590298407
3,0.9066666666666666,0.5,4,mahalanobis,kd_tree,10,1.0,0.0869653590298407
3,0.9066666666666666,0.5,4,mahalanobis,kd_tree,10,2.0,0.0869653590298407
3,0.9066666666666666,0.5,4,mahalanobis,kd_tree,20,,0.0869653590298407
3,0.9066666666666666,0.5,4,mahalanobis,kd_tree,20,1.0,0.0869653590298407
3,0.9066666666666666,0.5,4,mahalanobis,kd_tree,20,2.0,0.0869653590298407
3,0.9066666666666666,0.5,4,mahalanobis,kd_tree,30,,0.0869653590298407
3,0.9066666666666666,0.5,4,mahalanobis,kd_tree,30,1.0,0.0869653590298407
3,0.9066666666666666,0.5,4,mahalanobis,kd_tree,30,2.0,0.0869653590298407
3,0.9066666666666666,0.5,4,mahalanobis,kd_tree,40,,0.0869653590298407
3,0.9066666666666666,0.5,4,mahalanobis,kd_tree,40,1.0,0.0869653590298407
3,0.9066666666666666,0.5,4,mahalanobis,kd_tree,40,2.0,0.0869653590298407
3,0.9066666666666666,0.5,4,mahalanobis,kd_tree,50,,0.0869653590298407
3,0.9066666666666666,0.5,4,mahalanobis,kd_tree,50,1.0,0.0869653590298407
3,0.9066666666666666,0.5,4,mahalanobis,kd_tree,50,2.0,0.0869653590298407
3,0.9066666666666666,0.5,4,mahalanobis,brute,10,,0.0869653590298407
3,0.9066666666666666,0.5,4,mahalanobis,brute,10,1.0,0.0869653590298407
3,0.9066666666666666,0.5,4,mahalanobis,brute,10,2.0,0.0869653590298407
3,0.9066666666666666,0.5,4,mahalanobis,brute,20,,0.0869653590298407
3,0.9066666666666666,0.5,4,mahalanobis,brute,20,1.0,0.0869653590298407
3,0.9066666666666666,0.5,4,mahalanobis,brute,20,2.0,0.0869653590298407
3,0.9066666666666666,0.5,4,mahalanobis,brute,30,,0.0869653590298407
3,0.9066666666666666,0.5,4,mahalanobis,brute,30,1.0,0.0869653590298407
3,0.9066666666666666,0.5,4,mahalanobis,brute,30,2.0,0.0869653590298407
3,0.9066666666666666,0.5,4,mahalanobis,brute,40,,0.0869653590298407
3,0.9066666666666666,0.5,4,mahalanobis,brute,40,1.0,0.0869653590298407
3,0.9066666666666666,0.5,4,mahalanobis,brute,40,2.0,0.0869653590298407
3,0.9066666666666666,0.5,4,mahalanobis,brute,50,,0.0869653590298407
3,0.9066666666666666,0.5,4,mahalanobis,brute,50,1.0,0.0869653590298407
3,0.9066666666666666,0.5,4,mahalanobis,brute,50,2.0,0.0869653590298407
4,0.29333333333333333,0.5,5,euclidean,auto,10,,0.2109421525627111
4,0.29333333333333333,0.5,5,euclidean,auto,10,1.0,0.2109421525627111
4,0.29333333333333333,0.5,5,euclidean,auto,10,2.0,0.2109421525627111
4,0.29333333333333333,0.5,5,euclidean,auto,20,,0.2109421525627111
4,0.29333333333333333,0.5,5,euclidean,auto,20,1.0,0.2109421525627111
4,0.29333333333333333,0.5,5,euclidean,auto,20,2.0,0.2109421525627111
4,0.29333333333333333,0.5,5,euclidean,auto,30,,0.2109421525627111
4,0.29333333333333333,0.5,5,euclidean,auto,30,1.0,0.2109421525627111
4,0.29333333333333333,0.5,5,euclidean,auto,30,2.0,0.2109421525627111
4,0.29333333333333333,0.5,5,euclidean,auto,40,,0.2109421525627111
4,0.29333333333333333,0.5,5,euclidean,auto,40,1.0,0.2109421525627111
4,0.29333333333333333,0.5,5,euclidean,auto,40,2.0,0.2109421525627111
4,0.29333333333333333,0.5,5,euclidean,auto,50,,0.2109421525627111
4,0.29333333333333333,0.5,5,euclidean,auto,50,1.0,0.2109421525627111
4,0.29333333333333333,0.5,5,euclidean,auto,50,2.0,0.2109421525627111
4,0.29333333333333333,0.5,5,euclidean,ball_tree,10,,0.2109421525627111
4,0.29333333333333333,0.5,5,euclidean,ball_tree,10,1.0,0.2109421525627111
4,0.29333333333333333,0.5,5,euclidean,ball_tree,10,2.0,0.2109421525627111
4,0.29333333333333333,0.5,5,euclidean,ball_tree,20,,0.2109421525627111
4,0.29333333333333333,0.5,5,euclidean,ball_tree,20,1.0,0.2109421525627111
4,0.29333333333333333,0.5,5,euclidean,ball_tree,20,2.0,0.2109421525627111
4,0.29333333333333333,0.5,5,euclidean,ball_tree,30,,0.2109421525627111
4,0.29333333333333333,0.5,5,euclidean,ball_tree,30,1.0,0.2109421525627111
4,0.29333333333333333,0.5,5,euclidean,ball_tree,30,2.0,0.2109421525627111
4,0.29333333333333333,0.5,5,euclidean,ball_tree,40,,0.2109421525627111
4,0.29333333333333333,0.5,5,euclidean,ball_tree,40,1.0,0.2109421525627111
4,0.29333333333333333,0.5,5,euclidean,ball_tree,40,2.0,0.2109421525627111
4,0.29333333333333333,0.5,5,euclidean,ball_tree,50,,0.2109421525627111
4,0.29333333333333333,0.5,5,euclidean,ball_tree,50,1.0,0.2109421525627111
4,0.29333333333333333,0.5,5,euclidean,ball_tree,50,2.0,0.2109421525627111
4,0.29333333333333333,0.5,5,euclidean,kd_tree,10,,0.2109421525627111
4,0.29333333333333333,0.5,5,euclidean,kd_tree,10,1.0,0.2109421525627111
4,0.29333333333333333,0.5,5,euclidean,kd_tree,10,2.0,0.2109421525627111
4,0.29333333333333333,0.5,5,euclidean,kd_tree,20,,0.2109421525627111
4,0.29333333333333333,0.5,5,euclidean,kd_tree,20,1.0,0.2109421525627111
4,0.29333333333333333,0.5,5,euclidean,kd_tree,20,2.0,0.2109421525627111
4,0.29333333333333333,0.5,5,euclidean,kd_tree,30,,0.2109421525627111
4,0.29333333333333333,0.5,5,euclidean,kd_tree,30,1.0,0.2109421525627111
4,0.29333333333333333,0.5,5,euclidean,kd_tree,30,2.0,0.2109421525627111
4,0.29333333333333333,0.5,5,euclidean,kd_tree,40,,0.2109421525627111
4,0.29333333333333333,0.5,5,euclidean,kd_tree,40,1.0,0.2109421525627111
4,0.29333333333333333,0.5,5,euclidean,kd_tree,40,2.0,0.2109421525627111
4,0.29333333333333333,0.5,5,euclidean,kd_tree,50,,0.2109421525627111
4,0.29333333333333333,0.5,5,euclidean,kd_tree,50,1.0,0.2109421525627111
4,0.29333333333333333,0.5,5,euclidean,kd_tree,50,2.0,0.2109421525627111
4,0.29333333333333333,0.5,5,euclidean,brute,10,,0.2109421525627111
4,0.29333333333333333,0.5,5,euclidean,brute,10,1.0,0.2109421525627111
4,0.29333333333333333,0.5,5,euclidean,brute,10,2.0,0.2109421525627111
4,0.29333333333333333,0.5,5,euclidean,brute,20,,0.2109421525627111
4,0.29333333333333333,0.5,5,euclidean,brute,20,1.0,0.2109421525627111
4,0.29333333333333333,0.5,5,euclidean,brute,20,2.0,0.2109421525627111
4,0.29333333333333333,0.5,5,euclidean,brute,30,,0.2109421525627111
4,0.29333333333333333,0.5,5,euclidean,brute,30,1.0,0.2109421525627111
4,0.29333333333333333,0.5,5,euclidean,brute,30,2.0,0.2109421525627111
4,0.29333333333333333,0.5,5,euclidean,brute,40,,0.2109421525627111
4,0.29333333333333333,0.5,5,euclidean,brute,40,1.0,0.2109421525627111
4,0.29333333333333333,0.5,5,euclidean,brute,40,2.0,0.2109421525627111
4,0.29333333333333333,0.5,5,euclidean,brute,50,,0.2109421525627111
4,0.29333333333333333,0.5,5,euclidean,brute,50,1.0,0.2109421525627111
4,0.29333333333333333,0.5,5,euclidean,brute,50,2.0,0.2109421525627111
4,0.7333333333333333,0.5,5,manhattan,auto,10,,-0.18650195286350482
4,0.7333333333333333,0.5,5,manhattan,auto,10,1.0,-0.18650195286350482
4,0.7333333333333333,0.5,5,manhattan,auto,10,2.0,-0.18650195286350482
4,0.7333333333333333,0.5,5,manhattan,auto,20,,-0.18650195286350482
4,0.7333333333333333,0.5,5,manhattan,auto,20,1.0,-0.18650195286350482
4,0.7333333333333333,0.5,5,manhattan,auto,20,2.0,-0.18650195286350482
4,0.7333333333333333,0.5,5,manhattan,auto,30,,-0.18650195286350482
4,0.7333333333333333,0.5,5,manhattan,auto,30,1.0,-0.18650195286350482
4,0.7333333333333333,0.5,5,manhattan,auto,30,2.0,-0.18650195286350482
4,0.7333333333333333,0.5,5,manhattan,auto,40,,-0.18650195286350482
4,0.7333333333333333,0.5,5,manhattan,auto,40,1.0,-0.18650195286350482
4,0.7333333333333333,0.5,5,manhattan,auto,40,2.0,-0.18650195286350482
4,0.7333333333333333,0.5,5,manhattan,auto,50,,-0.18650195286350482
4,0.7333333333333333,0.5,5,manhattan,auto,50,1.0,-0.18650195286350482
4,0.7333333333333333,0.5,5,manhattan,auto,50,2.0,-0.18650195286350482
4,0.7333333333333333,0.5,5,manhattan,ball_tree,10,,-0.18650195286350482
4,0.7333333333333333,0.5,5,manhattan,ball_tree,10,1.0,-0.18650195286350482
4,0.7333333333333333,0.5,5,manhattan,ball_tree,10,2.0,-0.18650195286350482
4,0.7333333333333333,0.5,5,manhattan,ball_tree,20,,-0.18650195286350482
4,0.7333333333333333,0.5,5,manhattan,ball_tree,20,1.0,-0.18650195286350482
4,0.7333333333333333,0.5,5,manhattan,ball_tree,20,2.0,-0.18650195286350482
4,0.7333333333333333,0.5,5,manhattan,ball_tree,30,,-0.18650195286350482
4,0.7333333333333333,0.5,5,manhattan,ball_tree,30,1.0,-0.18650195286350482
4,0.7333333333333333,0.5,5,manhattan,ball_tree,30,2.0,-0.18650195286350482
4,0.7333333333333333,0.5,5,manhattan,ball_tree,40,,-0.18650195286350482
4,0.7333333333333333,0.5,5,manhattan,ball_tree,40,1.0,-0.18650195286350482
4,0.7333333333333333,0.5,5,manhattan,ball_tree,40,2.0,-0.18650195286350482
4,0.7333333333333333,0.5,5,manhattan,ball_tree,50,,-0.18650195286350482
4,0.7333333333333333,0.5,5,manhattan,ball_tree,50,1.0,-0.18650195286350482
4,0.7333333333333333,0.5,5,manhattan,ball_tree,50,2.0,-0.18650195286350482
4,0.7333333333333333,0.5,5,manhattan,kd_tree,10,,-0.18650195286350482
4,0.7333333333333333,0.5,5,manhattan,kd_tree,10,1.0,-0.18650195286350482
4,0.7333333333333333,0.5,5,manhattan,kd_tree,10,2.0,-0.18650195286350482
4,0.7333333333333333,0.5,5,manhattan,kd_tree,20,,-0.18650195286350482
4,0.7333333333333333,0.5,5,manhattan,kd_tree,20,1.0,-0.18650195286350482
4,0.7333333333333333,0.5,5,manhattan,kd_tree,20,2.0,-0.18650195286350482
4,0.7333333333333333,0.5,5,manhattan,kd_tree,30,,-0.18650195286350482
4,0.7333333333333333,0.5,5,manhattan,kd_tree,30,1.0,-0.18650195286350482
4,0.7333333333333333,0.5,5,manhattan,kd_tree,30,2.0,-0.18650195286350482
4,0.7333333333333333,0.5,5,manhattan,kd_tree,40,,-0.18650195286350482
4,0.7333333333333333,0.5,5,manhattan,kd_tree,40,1.0,-0.18650195286350482
4,0.7333333333333333,0.5,5,manhattan,kd_tree,40,2.0,-0.18650195286350482
4,0.7333333333333333,0.5,5,manhattan,kd_tree,50,,-0.18650195286350482
4,0.7333333333333333,0.5,5,manhattan,kd_tree,50,1.0,-0.18650195286350482
4,0.7333333333333333,0.5,5,manhattan,kd_tree,50,2.0,-0.18650195286350482
4,0.7333333333333333,0.5,5,manhattan,brute,10,,-0.18650195286350482
4,0.7333333333333333,0.5,5,manhattan,brute,10,1.0,-0.18650195286350482
4,0.7333333333333333,0.5,5,manhattan,brute,10,2.0,-0.18650195286350482
4,0.7333333333333333,0.5,5,manhattan,brute,20,,-0.18650195286350482
4,0.7333333333333333,0.5,5,manhattan,brute,20,1.0,-0.18650195286350482
4,0.7333333333333333,0.5,5,manhattan,brute,20,2.0,-0.18650195286350482
4,0.7333333333333333,0.5,5,manhattan,brute,30,,-0.18650195286350482
4,0.7333333333333333,0.5,5,manhattan,brute,30,1.0,-0.18650195286350482
4,0.7333333333333333,0.5,5,manhattan,brute,30,2.0,-0.18650195286350482
4,0.7333333333333333,0.5,5,manhattan,brute,40,,-0.18650195286350482
4,0.7333333333333333,0.5,5,manhattan,brute,40,1.0,-0.18650195286350482
4,0.7333333333333333,0.5,5,manhattan,brute,40,2.0,-0.18650195286350482
4,0.7333333333333333,0.5,5,manhattan,brute,50,,-0.18650195286350482
4,0.7333333333333333,0.5,5,manhattan,brute,50,1.0,-0.18650195286350482
4,0.7333333333333333,0.5,5,manhattan,brute,50,2.0,-0.18650195286350482
1,0.9666666666666667,0.5,5,mahalanobis,auto,10,,0.0415077863963346
1,0.9666666666666667,0.5,5,mahalanobis,auto,10,1.0,0.0415077863963346
1,0.9666666666666667,0.5,5,mahalanobis,auto,10,2.0,0.0415077863963346
1,0.9666666666666667,0.5,5,mahalanobis,auto,20,,0.0415077863963346
1,0.9666666666666667,0.5,5,mahalanobis,auto,20,1.0,0.0415077863963346
1,0.9666666666666667,0.5,5,mahalanobis,auto,20,2.0,0.0415077863963346
1,0.9666666666666667,0.5,5,mahalanobis,auto,30,,0.0415077863963346
1,0.9666666666666667,0.5,5,mahalanobis,auto,30,1.0,0.0415077863963346
1,0.9666666666666667,0.5,5,mahalanobis,auto,30,2.0,0.0415077863963346
1,0.9666666666666667,0.5,5,mahalanobis,auto,40,,0.0415077863963346
1,0.9666666666666667,0.5,5,mahalanobis,auto,40,1.0,0.0415077863963346
1,0.9666666666666667,0.5,5,mahalanobis,auto,40,2.0,0.0415077863963346
1,0.9666666666666667,0.5,5,mahalanobis,auto,50,,0.0415077863963346
1,0.9666666666666667,0.5,5,mahalanobis,auto,50,1.0,0.0415077863963346
1,0.9666666666666667,0.5,5,mahalanobis,auto,50,2.0,0.0415077863963346
1,0.9666666666666667,0.5,5,mahalanobis,ball_tree,10,,0.0415077863963346
1,0.9666666666666667,0.5,5,mahalanobis,ball_tree,10,1.0,0.0415077863963346
1,0.9666666666666667,0.5,5,mahalanobis,ball_tree,10,2.0,0.0415077863963346
1,0.9666666666666667,0.5,5,mahalanobis,ball_tree,20,,0.0415077863963346
1,0.9666666666666667,0.5,5,mahalanobis,ball_tree,20,1.0,0.0415077863963346
1,0.9666666666666667,0.5,5,mahalanobis,ball_tree,20,2.0,0.0415077863963346
1,0.9666666666666667,0.5,5,mahalanobis,ball_tree,30,,0.0415077863963346
1,0.9666666666666667,0.5,5,mahalanobis,ball_tree,30,1.0,0.0415077863963346
1,0.9666666666666667,0.5,5,mahalanobis,ball_tree,30,2.0,0.0415077863963346
1,0.9666666666666667,0.5,5,mahalanobis,ball_tree,40,,0.0415077863963346
1,0.9666666666666667,0.5,5,mahalanobis,ball_tree,40,1.0,0.0415077863963346
1,0.9666666666666667,0.5,5,mahalanobis,ball_tree,40,2.0,0.0415077863963346
1,0.9666666666666667,0.5,5,mahalanobis,ball_tree,50,,0.0415077863963346
1,0.9666666666666667,0.5,5,mahalanobis,ball_tree,50,1.0,0.0415077863963346
1,0.9666666666666667,0.5,5,mahalanobis,ball_tree,50,2.0,0.0415077863963346
1,0.9666666666666667,0.5,5,mahalanobis,kd_tree,10,,0.0415077863963346
1,0.9666666666666667,0.5,5,mahalanobis,kd_tree,10,1.0,0.0415077863963346
1,0.9666666666666667,0.5,5,mahalanobis,kd_tree,10,2.0,0.0415077863963346
1,0.9666666666666667,0.5,5,mahalanobis,kd_tree,20,,0.0415077863963346
1,0.9666666666666667,0.5,5,mahalanobis,kd_tree,20,1.0,0.0415077863963346
1,0.9666666666666667,0.5,5,mahalanobis,kd_tree,20,2.0,0.0415077863963346
1,0.9666666666666667,0.5,5,mahalanobis,kd_tree,30,,0.0415077863963346
1,0.9666666666666667,0.5,5,mahalanobis,kd_tree,30,1.0,0.0415077863963346
1,0.9666666666666667,0.5,5,mahalanobis,kd_tree,30,2.0,0.0415077863963346
1,0.9666666666666667,0.5,5,mahalanobis,kd_tree,40,,0.0415077863963346
1,0.9666666666666667,0.5,5,mahalanobis,kd_tree,40,1.0,0.0415077863963346
1,0.9666666666666667,0.5,5,mahalanobis,kd_tree,40,2.0,0.0415077863963346
1,0.9666666666666667,0.5,5,mahalanobis,kd_tree,50,,0.0415077863963346
1,0.9666666666666667,0.5,5,mahalanobis,kd_tree,50,1.0,0.0415077863963346
1,0.9666666666666667,0.5,5,mahalanobis,kd_tree,50,2.0,0.0415077863963346
1,0.9666666666666667,0.5,5,mahalanobis,brute,10,,0.0415077863963346
1,0.9666666666666667,0.5,5,mahalanobis,brute,10,1.0,0.0415077863963346
1,0.9666666666666667,0.5,5,mahalanobis,brute,10,2.0,0.0415077863963346
1,0.9666666666666667,0.5,5,mahalanobis,brute,20,,0.0415077863963346
1,0.9666666666666667,0.5,5,mahalanobis,brute,20,1.0,0.0415077863963346
1,0.9666666666666667,0.5,5,mahalanobis,brute,20,2.0,0.0415077863963346
1,0.9666666666666667,0.5,5,mahalanobis,brute,30,,0.0415077863963346
1,0.9666666666666667,0.5,5,mahalanobis,brute,30,1.0,0.0415077863963346
1,0.9666666666666667,0.5,5,mahalanobis,brute,30,2.0,0.0415077863963346
1,0.9666666666666667,0.5,5,mahalanobis,brute,40,,0.0415077863963346
1,0.9666666666666667,0.5,5,mahalanobis,brute,40,1.0,0.0415077863963346
1,0.9666666666666667,0.5,5,mahalanobis,brute,40,2.0,0.0415077863963346
1,0.9666666666666667,0.5,5,mahalanobis,brute,50,,0.0415077863963346
1,0.9666666666666667,0.5,5,mahalanobis,brute,50,1.0,0.0415077863963346
1,0.9666666666666667,0.5,5,mahalanobis,brute,50,2.0,0.0415077863963346
4,0.36,0.5,6,euclidean,auto,10,,0.1875498195390103
4,0.36,0.5,6,euclidean,auto,10,1.0,0.1875498195390103
4,0.36,0.5,6,euclidean,auto,10,2.0,0.1875498195390103
4,0.36,0.5,6,euclidean,auto,20,,0.1875498195390103
4,0.36,0.5,6,euclidean,auto,20,1.0,0.1875498195390103
4,0.36,0.5,6,euclidean,auto,20,2.0,0.1875498195390103
4,0.36,0.5,6,euclidean,auto,30,,0.1875498195390103
4,0.36,0.5,6,euclidean,auto,30,1.0,0.1875498195390103
4,0.36,0.5,6,euclidean,auto,30,2.0,0.1875498195390103
4,0.36,0.5,6,euclidean,auto,40,,0.1875498195390103
4,0.36,0.5,6,euclidean,auto,40,1.0,0.1875498195390103
4,0.36,0.5,6,euclidean,auto,40,2.0,0.1875498195390103
4,0.36,0.5,6,euclidean,auto,50,,0.1875498195390103
4,0.36,0.5,6,euclidean,auto,50,1.0,0.1875498195390103
4,0.36,0.5,6,euclidean,auto,50,2.0,0.1875498195390103
4,0.36,0.5,6,euclidean,ball_tree,10,,0.1875498195390103
4,0.36,0.5,6,euclidean,ball_tree,10,1.0,0.1875498195390103
4,0.36,0.5,6,euclidean,ball_tree,10,2.0,0.1875498195390103
4,0.36,0.5,6,euclidean,ball_tree,20,,0.1875498195390103
4,0.36,0.5,6,euclidean,ball_tree,20,1.0,0.1875498195390103
4,0.36,0.5,6,euclidean,ball_tree,20,2.0,0.1875498195390103
4,0.36,0.5,6,euclidean,ball_tree,30,,0.1875498195390103
4,0.36,0.5,6,euclidean,ball_tree,30,1.0,0.1875498195390103
4,0.36,0.5,6,euclidean,ball_tree,30,2.0,0.1875498195390103
4,0.36,0.5,6,euclidean,ball_tree,40,,0.1875498195390103
4,0.36,0.5,6,euclidean,ball_tree,40,1.0,0.1875498195390103
4,0.36,0.5,6,euclidean,ball_tree,40,2.0,0.1875498195390103
4,0.36,0.5,6,euclidean,ball_tree,50,,0.1875498195390103
4,0.36,0.5,6,euclidean,ball_tree,50,1.0,0.1875498195390103
4,0.36,0.5,6,euclidean,ball_tree,50,2.0,0.1875498195390103
4,0.36,0.5,6,euclidean,kd_tree,10,,0.1875498195390103
4,0.36,0.5,6,euclidean,kd_tree,10,1.0,0.1875498195390103
4,0.36,0.5,6,euclidean,kd_tree,10,2.0,0.1875498195390103
4,0.36,0.5,6,euclidean,kd_tree,20,,0.1875498195390103
4,0.36,0.5,6,euclidean,kd_tree,20,1.0,0.1875498195390103
4,0.36,0.5,6,euclidean,kd_tree,20,2.0,0.1875498195390103
4,0.36,0.5,6,euclidean,kd_tree,30,,0.1875498195390103
4,0.36,0.5,6,euclidean,kd_tree,30,1.0,0.1875498195390103
4,0.36,0.5,6,euclidean,kd_tree,30,2.0,0.1875498195390103
4,0.36,0.5,6,euclidean,kd_tree,40,,0.1875498195390103
4,0.36,0.5,6,euclidean,kd_tree,40,1.0,0.1875498195390103
4,0.36,0.5,6,euclidean,kd_tree,40,2.0,0.1875498195390103
4,0.36,0.5,6,euclidean,kd_tree,50,,0.1875498195390103
4,0.36,0.5,6,euclidean,kd_tree,50,1.0,0.1875498195390103
4,0.36,0.5,6,euclidean,kd_tree,50,2.0,0.1875498195390103
4,0.36,0.5,6,euclidean,brute,10,,0.1875498195390103
4,0.36,0.5,6,euclidean,brute,10,1.0,0.1875498195390103
4,0.36,0.5,6,euclidean,brute,10,2.0,0.1875498195390103
4,0.36,0.5,6,euclidean,brute,20,,0.1875498195390103
4,0.36,0.5,6,euclidean,brute,20,1.0,0.1875498195390103
4,0.36,0.5,6,euclidean,brute,20,2.0,0.1875498195390103
4,0.36,0.5,6,euclidean,brute,30,,0.1875498195390103
4,0.36,0.5,6,euclidean,brute,30,1.0,0.1875498195390103
4,0.36,0.5,6,euclidean,brute,30,2.0,0.1875498195390103
4,0.36,0.5,6,euclidean,brute,40,,0.1875498195390103
4,0.36,0.5,6,euclidean,brute,40,1.0,0.1875498195390103
4,0.36,0.5,6,euclidean,brute,40,2.0,0.1875498195390103
4,0.36,0.5,6,euclidean,brute,50,,0.1875498195390103
4,0.36,0.5,6,euclidean,brute,50,1.0,0.1875498195390103
4,0.36,0.5,6,euclidean,brute,50,2.0,0.1875498195390103
3,0.7733333333333333,0.5,6,manhattan,auto,10,,-0.14399606882799895
3,0.7733333333333333,0.5,6,manhattan,auto,10,1.0,-0.14399606882799895
3,0.7733333333333333,0.5,6,manhattan,auto,10,2.0,-0.14399606882799895
3,0.7733333333333333,0.5,6,manhattan,auto,20,,-0.14399606882799895
3,0.7733333333333333,0.5,6,manhattan,auto,20,1.0,-0.14399606882799895
3,0.7733333333333333,0.5,6,manhattan,auto,20,2.0,-0.14399606882799895
3,0.7733333333333333,0.5,6,manhattan,auto,30,,-0.14399606882799895
3,0.7733333333333333,0.5,6,manhattan,auto,30,1.0,-0.14399606882799895
3,0.7733333333333333,0.5,6,manhattan,auto,30,2.0,-0.14399606882799895
3,0.7733333333333333,0.5,6,manhattan,auto,40,,-0.14399606882799895
3,0.7733333333333333,0.5,6,manhattan,auto,40,1.0,-0.14399606882799895
3,0.7733333333333333,0.5,6,manhattan,auto,40,2.0,-0.14399606882799895
3,0.7733333333333333,0.5,6,manhattan,auto,50,,-0.14399606882799895
3,0.7733333333333333,0.5,6,manhattan,auto,50,1.0,-0.14399606882799895
3,0.7733333333333333,0.5,6,manhattan,auto,50,2.0,-0.14399606882799895
3,0.7733333333333333,0.5,6,manhattan,ball_tree,10,,-0.14399606882799895
3,0.7733333333333333,0.5,6,manhattan,ball_tree,10,1.0,-0.14399606882799895
3,0.7733333333333333,0.5,6,manhattan,ball_tree,10,2.0,-0.14399606882799895
3,0.7733333333333333,0.5,6,manhattan,ball_tree,20,,-0.14399606882799895
3,0.7733333333333333,0.5,6,manhattan,ball_tree,20,1.0,-0.14399606882799895
3,0.7733333333333333,0.5,6,manhattan,ball_tree,20,2.0,-0.14399606882799895
3,0.7733333333333333,0.5,6,manhattan,ball_tree,30,,-0.14399606882799895
3,0.7733333333333333,0.5,6,manhattan,ball_tree,30,1.0,-0.14399606882799895
3,0.7733333333333333,0.5,6,manhattan,ball_tree,30,2.0,-0.14399606882799895
3,0.7733333333333333,0.5,6,manhattan,ball_tree,40,,-0.14399606882799895
3,0.7733333333333333,0.5,6,manhattan,ball_tree,40,1.0,-0.14399606882799895
3,0.7733333333333333,0.5,6,manhattan,ball_tree,40,2.0,-0.14399606882799895
3,0.7733333333333333,0.5,6,manhattan,ball_tree,50,,-0.14399606882799895
3,0.7733333333333333,0.5,6,manhattan,ball_tree,50,1.0,-0.14399606882799895
3,0.7733333333333333,0.5,6,manhattan,ball_tree,50,2.0,-0.14399606882799895
3,0.7733333333333333,0.5,6,manhattan,kd_tree,10,,-0.14399606882799895
3,0.7733333333333333,0.5,6,manhattan,kd_tree,10,1.0,-0.14399606882799895
3,0.7733333333333333,0.5,6,manhattan,kd_tree,10,2.0,-0.14399606882799895
3,0.7733333333333333,0.5,6,manhattan,kd_tree,20,,-0.14399606882799895
3,0.7733333333333333,0.5,6,manhattan,kd_tree,20,1.0,-0.14399606882799895
3,0.7733333333333333,0.5,6,manhattan,kd_tree,20,2.0,-0.14399606882799895
3,0.7733333333333333,0.5,6,manhattan,kd_tree,30,,-0.14399606882799895
3,0.7733333333333333,0.5,6,manhattan,kd_tree,30,1.0,-0.14399606882799895
3,0.7733333333333333,0.5,6,manhattan,kd_tree,30,2.0,-0.14399606882799895
3,0.7733333333333333,0.5,6,manhattan,kd_tree,40,,-0.14399606882799895
3,0.7733333333333333,0.5,6,manhattan,kd_tree,40,1.0,-0.14399606882799895
3,0.7733333333333333,0.5,6,manhattan,kd_tree,40,2.0,-0.14399606882799895
3,0.7733333333333333,0.5,6,manhattan,kd_tree,50,,-0.14399606882799895
3,0.7733333333333333,0.5,6,manhattan,kd_tree,50,1.0,-0.14399606882799895
3,0.7733333333333333,0.5,6,manhattan,kd_tree,50,2.0,-0.14399606882799895
3,0.7733333333333333,0.5,6,manhattan,brute,10,,-0.14399606882799895
3,0.7733333333333333,0.5,6,manhattan,brute,10,1.0,-0.14399606882799895
3,0.7733333333333333,0.5,6,manhattan,brute,10,2.0,-0.14399606882799895
3,0.7733333333333333,0.5,6,manhattan,brute,20,,-0.14399606882799895
3,0.7733333333333333,0.5,6,manhattan,brute,20,1.0,-0.14399606882799895
3,0.7733333333333333,0.5,6,manhattan,brute,20,2.0,-0.14399606882799895
3,0.7733333333333333,0.5,6,manhattan,brute,30,,-0.14399606882799895
3,0.7733333333333333,0.5,6,manhattan,brute,30,1.0,-0.14399606882799895
3,0.7733333333333333,0.5,6,manhattan,brute,30,2.0,-0.14399606882799895
3,0.7733333333333333,0.5,6,manhattan,brute,40,,-0.14399606882799895
3,0.7733333333333333,0.5,6,manhattan,brute,40,1.0,-0.14399606882799895
3,0.7733333333333333,0.5,6,manhattan,brute,40,2.0,-0.14399606882799895
3,0.7733333333333333,0.5,6,manhattan,brute,50,,-0.14399606882799895
3,0.7733333333333333,0.5,6,manhattan,brute,50,1.0,-0.14399606882799895
3,0.7733333333333333,0.5,6,manhattan,brute,50,2.0,-0.14399606882799895
0,1.0,0.5,6,mahalanobis,auto,10,,-1.0
0,1.0,0.5,6,mahalanobis,auto,10,1.0,-1.0
0,1.0,0.5,6,mahalanobis,auto,10,2.0,-1.0
0,1.0,0.5,6,mahalanobis,auto,20,,-1.0
0,1.0,0.5,6,mahalanobis,auto,20,1.0,-1.0
0,1.0,0.5,6,mahalanobis,auto,20,2.0,-1.0
0,1.0,0.5,6,mahalanobis,auto,30,,-1.0
0,1.0,0.5,6,mahalanobis,auto,30,1.0,-1.0
0,1.0,0.5,6,mahalanobis,auto,30,2.0,-1.0
0,1.0,0.5,6,mahalanobis,auto,40,,-1.0
0,1.0,0.5,6,mahalanobis,auto,40,1.0,-1.0
0,1.0,0.5,6,mahalanobis,auto,40,2.0,-1.0
0,1.0,0.5,6,mahalanobis,auto,50,,-1.0
0,1.0,0.5,6,mahalanobis,auto,50,1.0,-1.0
0,1.0,0.5,6,mahalanobis,auto,50,2.0,-1.0
0,1.0,0.5,6,mahalanobis,ball_tree,10,,-1.0
0,1.0,0.5,6,mahalanobis,ball_tree,10,1.0,-1.0
0,1.0,0.5,6,mahalanobis,ball_tree,10,2.0,-1.0
0,1.0,0.5,6,mahalanobis,ball_tree,20,,-1.0
0,1.0,0.5,6,mahalanobis,ball_tree,20,1.0,-1.0
0,1.0,0.5,6,mahalanobis,ball_tree,20,2.0,-1.0
0,1.0,0.5,6,mahalanobis,ball_tree,30,,-1.0
0,1.0,0.5,6,mahalanobis,ball_tree,30,1.0,-1.0
0,1.0,0.5,6,mahalanobis,ball_tree,30,2.0,-1.0
0,1.0,0.5,6,mahalanobis,ball_tree,40,,-1.0
0,1.0,0.5,6,mahalanobis,ball_tree,40,1.0,-1.0
0,1.0,0.5,6,mahalanobis,ball_tree,40,2.0,-1.0
0,1.0,0.5,6,mahalanobis,ball_tree,50,,-1.0
0,1.0,0.5,6,mahalanobis,ball_tree,50,1.0,-1.0
0,1.0,0.5,6,mahalanobis,ball_tree,50,2.0,-1.0
0,1.0,0.5,6,mahalanobis,kd_tree,10,,-1.0
0,1.0,0.5,6,mahalanobis,kd_tree,10,1.0,-1.0
0,1.0,0.5,6,mahalanobis,kd_tree,10,2.0,-1.0
0,1.0,0.5,6,mahalanobis,kd_tree,20,,-1.0
0,1.0,0.5,6,mahalanobis,kd_tree,20,1.0,-1.0
0,1.0,0.5,6,mahalanobis,kd_tree,20,2.0,-1.0
0,1.0,0.5,6,mahalanobis,kd_tree,30,,-1.0
0,1.0,0.5,6,mahalanobis,kd_tree,30,1.0,-1.0
0,1.0,0.5,6,mahalanobis,kd_tree,30,2.0,-1.0
0,1.0,0.5,6,mahalanobis,kd_tree,40,,-1.0
0,1.0,0.5,6,mahalanobis,kd_tree,40,1.0,-1.0
0,1.0,0.5,6,mahalanobis,kd_tree,40,2.0,-1.0
0,1.0,0.5,6,mahalanobis,kd_tree,50,,-1.0
0,1.0,0.5,6,mahalanobis,kd_tree,50,1.0,-1.0
0,1.0,0.5,6,mahalanobis,kd_tree,50,2.0,-1.0
0,1.0,0.5,6,mahalanobis,brute,10,,-1.0
0,1.0,0.5,6,mahalanobis,brute,10,1.0,-1.0
0,1.0,0.5,6,mahalanobis,brute,10,2.0,-1.0
0,1.0,0.5,6,mahalanobis,brute,20,,-1.0
0,1.0,0.5,6,mahalanobis,brute,20,1.0,-1.0
0,1.0,0.5,6,mahalanobis,brute,20,2.0,-1.0
0,1.0,0.5,6,mahalanobis,brute,30,,-1.0
0,1.0,0.5,6,mahalanobis,brute,30,1.0,-1.0
0,1.0,0.5,6,mahalanobis,brute,30,2.0,-1.0
0,1.0,0.5,6,mahalanobis,brute,40,,-1.0
0,1.0,0.5,6,mahalanobis,brute,40,1.0,-1.0
0,1.0,0.5,6,mahalanobis,brute,40,2.0,-1.0
0,1.0,0.5,6,mahalanobis,brute,50,,-1.0
0,1.0,0.5,6,mahalanobis,brute,50,1.0,-1.0
0,1.0,0.5,6,mahalanobis,brute,50,2.0,-1.0
4,0.36666666666666664,0.5,7,euclidean,auto,10,,0.1827384304489861
4,0.36666666666666664,0.5,7,euclidean,auto,10,1.0,0.1827384304489861
4,0.36666666666666664,0.5,7,euclidean,auto,10,2.0,0.1827384304489861
4,0.36666666666666664,0.5,7,euclidean,auto,20,,0.1827384304489861
4,0.36666666666666664,0.5,7,euclidean,auto,20,1.0,0.1827384304489861
4,0.36666666666666664,0.5,7,euclidean,auto,20,2.0,0.1827384304489861
4,0.36666666666666664,0.5,7,euclidean,auto,30,,0.1827384304489861
4,0.36666666666666664,0.5,7,euclidean,auto,30,1.0,0.1827384304489861
4,0.36666666666666664,0.5,7,euclidean,auto,30,2.0,0.1827384304489861
4,0.36666666666666664,0.5,7,euclidean,auto,40,,0.1827384304489861
4,0.36666666666666664,0.5,7,euclidean,auto,40,1.0,0.1827384304489861
4,0.36666666666666664,0.5,7,euclidean,auto,40,2.0,0.1827384304489861
4,0.36666666666666664,0.5,7,euclidean,auto,50,,0.1827384304489861
4,0.36666666666666664,0.5,7,euclidean,auto,50,1.0,0.1827384304489861
4,0.36666666666666664,0.5,7,euclidean,auto,50,2.0,0.1827384304489861
4,0.36666666666666664,0.5,7,euclidean,ball_tree,10,,0.1827384304489861
4,0.36666666666666664,0.5,7,euclidean,ball_tree,10,1.0,0.1827384304489861
4,0.36666666666666664,0.5,7,euclidean,ball_tree,10,2.0,0.1827384304489861
4,0.36666666666666664,0.5,7,euclidean,ball_tree,20,,0.1827384304489861
4,0.36666666666666664,0.5,7,euclidean,ball_tree,20,1.0,0.1827384304489861
4,0.36666666666666664,0.5,7,euclidean,ball_tree,20,2.0,0.1827384304489861
4,0.36666666666666664,0.5,7,euclidean,ball_tree,30,,0.1827384304489861
4,0.36666666666666664,0.5,7,euclidean,ball_tree,30,1.0,0.1827384304489861
4,0.36666666666666664,0.5,7,euclidean,ball_tree,30,2.0,0.1827384304489861
4,0.36666666666666664,0.5,7,euclidean,ball_tree,40,,0.1827384304489861
4,0.36666666666666664,0.5,7,euclidean,ball_tree,40,1.0,0.1827384304489861
4,0.36666666666666664,0.5,7,euclidean,ball_tree,40,2.0,0.1827384304489861
4,0.36666666666666664,0.5,7,euclidean,ball_tree,50,,0.1827384304489861
4,0.36666666666666664,0.5,7,euclidean,ball_tree,50,1.0,0.1827384304489861
4,0.36666666666666664,0.5,7,euclidean,ball_tree,50,2.0,0.1827384304489861
4,0.36666666666666664,0.5,7,euclidean,kd_tree,10,,0.1827384304489861
4,0.36666666666666664,0.5,7,euclidean,kd_tree,10,1.0,0.1827384304489861
4,0.36666666666666664,0.5,7,euclidean,kd_tree,10,2.0,0.1827384304489861
4,0.36666666666666664,0.5,7,euclidean,kd_tree,20,,0.1827384304489861
4,0.36666666666666664,0.5,7,euclidean,kd_tree,20,1.0,0.1827384304489861
4,0.36666666666666664,0.5,7,euclidean,kd_tree,20,2.0,0.1827384304489861
4,0.36666666666666664,0.5,7,euclidean,kd_tree,30,,0.1827384304489861
4,0.36666666666666664,0.5,7,euclidean,kd_tree,30,1.0,0.1827384304489861
4,0.36666666666666664,0.5,7,euclidean,kd_tree,30,2.0,0.1827384304489861
4,0.36666666666666664,0.5,7,euclidean,kd_tree,40,,0.1827384304489861
4,0.36666666666666664,0.5,7,euclidean,kd_tree,40,1.0,0.1827384304489861
4,0.36666666666666664,0.5,7,euclidean,kd_tree,40,2.0,0.1827384304489861
4,0.36666666666666664,0.5,7,euclidean,kd_tree,50,,0.1827384304489861
4,0.36666666666666664,0.5,7,euclidean,kd_tree,50,1.0,0.1827384304489861
4,0.36666666666666664,0.5,7,euclidean,kd_tree,50,2.0,0.1827384304489861
4,0.36666666666666664,0.5,7,euclidean,brute,10,,0.1827384304489861
4,0.36666666666666664,0.5,7,euclidean,brute,10,1.0,0.1827384304489861
4,0.36666666666666664,0.5,7,euclidean,brute,10,2.0,0.1827384304489861
4,0.36666666666666664,0.5,7,euclidean,brute,20,,0.1827384304489861
4,0.36666666666666664,0.5,7,euclidean,brute,20,1.0,0.1827384304489861
4,0.36666666666666664,0.5,7,euclidean,brute,20,2.0,0.1827384304489861
4,0.36666666666666664,0.5,7,euclidean,brute,30,,0.1827384304489861
4,0.36666666666666664,0.5,7,euclidean,brute,30,1.0,0.1827384304489861
4,0.36666666666666664,0.5,7,euclidean,brute,30,2.0,0.1827384304489861
4,0.36666666666666664,0.5,7,euclidean,brute,40,,0.1827384304489861
4,0.36666666666666664,0.5,7,euclidean,brute,40,1.0,0.1827384304489861
4,0.36666666666666664,0.5,7,euclidean,brute,40,2.0,0.1827384304489861
4,0.36666666666666664,0.5,7,euclidean,brute,50,,0.1827384304489861
4,0.36666666666666664,0.5,7,euclidean,brute,50,1.0,0.1827384304489861
4,0.36666666666666664,0.5,7,euclidean,brute,50,2.0,0.1827384304489861
2,0.8266666666666667,0.5,7,manhattan,auto,10,,0.23295772983830343
2,0.8266666666666667,0.5,7,manhattan,auto,10,1.0,0.23295772983830343
2,0.8266666666666667,0.5,7,manhattan,auto,10,2.0,0.23295772983830343
2,0.8266666666666667,0.5,7,manhattan,auto,20,,0.23295772983830343
2,0.8266666666666667,0.5,7,manhattan,auto,20,1.0,0.23295772983830343
2,0.8266666666666667,0.5,7,manhattan,auto,20,2.0,0.23295772983830343
2,0.8266666666666667,0.5,7,manhattan,auto,30,,0.23295772983830343
2,0.8266666666666667,0.5,7,manhattan,auto,30,1.0,0.23295772983830343
2,0.8266666666666667,0.5,7,manhattan,auto,30,2.0,0.23295772983830343
2,0.8266666666666667,0.5,7,manhattan,auto,40,,0.23295772983830343
2,0.8266666666666667,0.5,7,manhattan,auto,40,1.0,0.23295772983830343
2,0.8266666666666667,0.5,7,manhattan,auto,40,2.0,0.23295772983830343
2,0.8266666666666667,0.5,7,manhattan,auto,50,,0.23295772983830343
2,0.8266666666666667,0.5,7,manhattan,auto,50,1.0,0.23295772983830343
2,0.8266666666666667,0.5,7,manhattan,auto,50,2.0,0.23295772983830343
2,0.8266666666666667,0.5,7,manhattan,ball_tree,10,,0.23295772983830343
2,0.8266666666666667,0.5,7,manhattan,ball_tree,10,1.0,0.23295772983830343
2,0.8266666666666667,0.5,7,manhattan,ball_tree,10,2.0,0.23295772983830343
2,0.8266666666666667,0.5,7,manhattan,ball_tree,20,,0.23295772983830343
2,0.8266666666666667,0.5,7,manhattan,ball_tree,20,1.0,0.23295772983830343
2,0.8266666666666667,0.5,7,manhattan,ball_tree,20,2.0,0.23295772983830343
2,0.8266666666666667,0.5,7,manhattan,ball_tree,30,,0.23295772983830343
2,0.8266666666666667,0.5,7,manhattan,ball_tree,30,1.0,0.23295772983830343
2,0.8266666666666667,0.5,7,manhattan,ball_tree,30,2.0,0.23295772983830343
2,0.8266666666666667,0.5,7,manhattan,ball_tree,40,,0.23295772983830343
2,0.8266666666666667,0.5,7,manhattan,ball_tree,40,1.0,0.23295772983830343
2,0.8266666666666667,0.5,7,manhattan,ball_tree,40,2.0,0.23295772983830343
2,0.8266666666666667,0.5,7,manhattan,ball_tree,50,,0.23295772983830343
2,0.8266666666666667,0.5,7,manhattan,ball_tree,50,1.0,0.23295772983830343
2,0.8266666666666667,0.5,7,manhattan,ball_tree,50,2.0,0.23295772983830343
2,0.8266666666666667,0.5,7,manhattan,kd_tree,10,,0.23295772983830343
2,0.8266666666666667,0.5,7,manhattan,kd_tree,10,1.0,0.23295772983830343
2,0.8266666666666667,0.5,7,manhattan,kd_tree,10,2.0,0.23295772983830343
2,0.8266666666666667,0.5,7,manhattan,kd_tree,20,,0.23295772983830343
2,0.8266666666666667,0.5,7,manhattan,kd_tree,20,1.0,0.23295772983830343
2,0.8266666666666667,0.5,7,manhattan,kd_tree,20,2.0,0.23295772983830343
2,0.8266666666666667,0.5,7,manhattan,kd_tree,30,,0.23295772983830343
2,0.8266666666666667,0.5,7,manhattan,kd_tree,30,1.0,0.23295772983830343
2,0.8266666666666667,0.5,7,manhattan,kd_tree,30,2.0,0.23295772983830343
2,0.8266666666666667,0.5,7,manhattan,kd_tree,40,,0.23295772983830343
2,0.8266666666666667,0.5,7,manhattan,kd_tree,40,1.0,0.23295772983830343
2,0.8266666666666667,0.5,7,manhattan,kd_tree,40,2.0,0.23295772983830343
2,0.8266666666666667,0.5,7,manhattan,kd_tree,50,,0.23295772983830343
2,0.8266666666666667,0.5,7,manhattan,kd_tree,50,1.0,0.23295772983830343
2,0.8266666666666667,0.5,7,manhattan,kd_tree,50,2.0,0.23295772983830343
2,0.8266666666666667,0.5,7,manhattan,brute,10,,0.23295772983830343
2,0.8266666666666667,0.5,7,manhattan,brute,10,1.0,0.23295772983830343
2,0.8266666666666667,0.5,7,manhattan,brute,10,2.0,0.23295772983830343
2,0.8266666666666667,0.5,7,manhattan,brute,20,,0.23295772983830343
2,0.8266666666666667,0.5,7,manhattan,brute,20,1.0,0.23295772983830343
2,0.8266666666666667,0.5,7,manhattan,brute,20,2.0,0.23295772983830343
2,0.8266666666666667,0.5,7,manhattan,brute,30,,0.23295772983830343
2,0.8266666666666667,0.5,7,manhattan,brute,30,1.0,0.23295772983830343
2,0.8266666666666667,0.5,7,manhattan,brute,30,2.0,0.23295772983830343
2,0.8266666666666667,0.5,7,manhattan,brute,40,,0.23295772983830343
2,0.8266666666666667,0.5,7,manhattan,brute,40,1.0,0.23295772983830343
2,0.8266666666666667,0.5,7,manhattan,brute,40,2.0,0.23295772983830343
2,0.8266666666666667,0.5,7,manhattan,brute,50,,0.23295772983830343
2,0.8266666666666667,0.5,7,manhattan,brute,50,1.0,0.23295772983830343
2,0.8266666666666667,0.5,7,manhattan,brute,50,2.0,0.23295772983830343
0,1.0,0.5,7,mahalanobis,auto,10,,-1.0
0,1.0,0.5,7,mahalanobis,auto,10,1.0,-1.0
0,1.0,0.5,7,mahalanobis,auto,10,2.0,-1.0
0,1.0,0.5,7,mahalanobis,auto,20,,-1.0
0,1.0,0.5,7,mahalanobis,auto,20,1.0,-1.0
0,1.0,0.5,7,mahalanobis,auto,20,2.0,-1.0
0,1.0,0.5,7,mahalanobis,auto,30,,-1.0
0,1.0,0.5,7,mahalanobis,auto,30,1.0,-1.0
0,1.0,0.5,7,mahalanobis,auto,30,2.0,-1.0
0,1.0,0.5,7,mahalanobis,auto,40,,-1.0
0,1.0,0.5,7,mahalanobis,auto,40,1.0,-1.0
0,1.0,0.5,7,mahalanobis,auto,40,2.0,-1.0
0,1.0,0.5,7,mahalanobis,auto,50,,-1.0
0,1.0,0.5,7,mahalanobis,auto,50,1.0,-1.0
0,1.0,0.5,7,mahalanobis,auto,50,2.0,-1.0
0,1.0,0.5,7,mahalanobis,ball_tree,10,,-1.0
0,1.0,0.5,7,mahalanobis,ball_tree,10,1.0,-1.0
0,1.0,0.5,7,mahalanobis,ball_tree,10,2.0,-1.0
0,1.0,0.5,7,mahalanobis,ball_tree,20,,-1.0
0,1.0,0.5,7,mahalanobis,ball_tree,20,1.0,-1.0
0,1.0,0.5,7,mahalanobis,ball_tree,20,2.0,-1.0
0,1.0,0.5,7,mahalanobis,ball_tree,30,,-1.0
0,1.0,0.5,7,mahalanobis,ball_tree,30,1.0,-1.0
0,1.0,0.5,7,mahalanobis,ball_tree,30,2.0,-1.0
0,1.0,0.5,7,mahalanobis,ball_tree,40,,-1.0
0,1.0,0.5,7,mahalanobis,ball_tree,40,1.0,-1.0
0,1.0,0.5,7,mahalanobis,ball_tree,40,2.0,-1.0
0,1.0,0.5,7,mahalanobis,ball_tree,50,,-1.0
0,1.0,0.5,7,mahalanobis,ball_tree,50,1.0,-1.0
0,1.0,0.5,7,mahalanobis,ball_tree,50,2.0,-1.0
0,1.0,0.5,7,mahalanobis,kd_tree,10,,-1.0
0,1.0,0.5,7,mahalanobis,kd_tree,10,1.0,-1.0
0,1.0,0.5,7,mahalanobis,kd_tree,10,2.0,-1.0
0,1.0,0.5,7,mahalanobis,kd_tree,20,,-1.0
0,1.0,0.5,7,mahalanobis,kd_tree,20,1.0,-1.0
0,1.0,0.5,7,mahalanobis,kd_tree,20,2.0,-1.0
0,1.0,0.5,7,mahalanobis,kd_tree,30,,-1.0
0,1.0,0.5,7,mahalanobis,kd_tree,30,1.0,-1.0
0,1.0,0.5,7,mahalanobis,kd_tree,30,2.0,-1.0
0,1.0,0.5,7,mahalanobis,kd_tree,40,,-1.0
0,1.0,0.5,7,mahalanobis,kd_tree,40,1.0,-1.0
0,1.0,0.5,7,mahalanobis,kd_tree,40,2.0,-1.0
0,1.0,0.5,7,mahalanobis,kd_tree,50,,-1.0
0,1.0,0.5,7,mahalanobis,kd_tree,50,1.0,-1.0
0,1.0,0.5,7,mahalanobis,kd_tree,50,2.0,-1.0
0,1.0,0.5,7,mahalanobis,brute,10,,-1.0
0,1.0,0.5,7,mahalanobis,brute,10,1.0,-1.0
0,1.0,0.5,7,mahalanobis,brute,10,2.0,-1.0
0,1.0,0.5,7,mahalanobis,brute,20,,-1.0
0,1.0,0.5,7,mahalanobis,brute,20,1.0,-1.0
0,1.0,0.5,7,mahalanobis,brute,20,2.0,-1.0
0,1.0,0.5,7,mahalanobis,brute,30,,-1.0
0,1.0,0.5,7,mahalanobis,brute,30,1.0,-1.0
0,1.0,0.5,7,mahalanobis,brute,30,2.0,-1.0
0,1.0,0.5,7,mahalanobis,brute,40,,-1.0
0,1.0,0.5,7,mahalanobis,brute,40,1.0,-1.0
0,1.0,0.5,7,mahalanobis,brute,40,2.0,-1.0
0,1.0,0.5,7,mahalanobis,brute,50,,-1.0
0,1.0,0.5,7,mahalanobis,brute,50,1.0,-1.0
0,1.0,0.5,7,mahalanobis,brute,50,2.0,-1.0
3,0.42,0.5,8,euclidean,auto,10,,0.19570130633148144
3,0.42,0.5,8,euclidean,auto,10,1.0,0.19570130633148144
3,0.42,0.5,8,euclidean,auto,10,2.0,0.19570130633148144
3,0.42,0.5,8,euclidean,auto,20,,0.19570130633148144
3,0.42,0.5,8,euclidean,auto,20,1.0,0.19570130633148144
3,0.42,0.5,8,euclidean,auto,20,2.0,0.19570130633148144
3,0.42,0.5,8,euclidean,auto,30,,0.19570130633148144
3,0.42,0.5,8,euclidean,auto,30,1.0,0.19570130633148144
3,0.42,0.5,8,euclidean,auto,30,2.0,0.19570130633148144
3,0.42,0.5,8,euclidean,auto,40,,0.19570130633148144
3,0.42,0.5,8,euclidean,auto,40,1.0,0.19570130633148144
3,0.42,0.5,8,euclidean,auto,40,2.0,0.19570130633148144
3,0.42,0.5,8,euclidean,auto,50,,0.19570130633148144
3,0.42,0.5,8,euclidean,auto,50,1.0,0.19570130633148144
3,0.42,0.5,8,euclidean,auto,50,2.0,0.19570130633148144
3,0.42,0.5,8,euclidean,ball_tree,10,,0.19570130633148144
3,0.42,0.5,8,euclidean,ball_tree,10,1.0,0.19570130633148144
3,0.42,0.5,8,euclidean,ball_tree,10,2.0,0.19570130633148144
3,0.42,0.5,8,euclidean,ball_tree,20,,0.19570130633148144
3,0.42,0.5,8,euclidean,ball_tree,20,1.0,0.19570130633148144
3,0.42,0.5,8,euclidean,ball_tree,20,2.0,0.19570130633148144
3,0.42,0.5,8,euclidean,ball_tree,30,,0.19570130633148144
3,0.42,0.5,8,euclidean,ball_tree,30,1.0,0.19570130633148144
3,0.42,0.5,8,euclidean,ball_tree,30,2.0,0.19570130633148144
3,0.42,0.5,8,euclidean,ball_tree,40,,0.19570130633148144
3,0.42,0.5,8,euclidean,ball_tree,40,1.0,0.19570130633148144
3,0.42,0.5,8,euclidean,ball_tree,40,2.0,0.19570130633148144
3,0.42,0.5,8,euclidean,ball_tree,50,,0.19570130633148144
3,0.42,0.5,8,euclidean,ball_tree,50,1.0,0.19570130633148144
3,0.42,0.5,8,euclidean,ball_tree,50,2.0,0.19570130633148144
3,0.42,0.5,8,euclidean,kd_tree,10,,0.19570130633148144
3,0.42,0.5,8,euclidean,kd_tree,10,1.0,0.19570130633148144
3,0.42,0.5,8,euclidean,kd_tree,10,2.0,0.19570130633148144
3,0.42,0.5,8,euclidean,kd_tree,20,,0.19570130633148144
3,0.42,0.5,8,euclidean,kd_tree,20,1.0,0.19570130633148144
3,0.42,0.5,8,euclidean,kd_tree,20,2.0,0.19570130633148144
3,0.42,0.5,8,euclidean,kd_tree,30,,0.19570130633148144
3,0.42,0.5,8,euclidean,kd_tree,30,1.0,0.19570130633148144
3,0.42,0.5,8,euclidean,kd_tree,30,2.0,0.19570130633148144
3,0.42,0.5,8,euclidean,kd_tree,40,,0.19570130633148144
3,0.42,0.5,8,euclidean,kd_tree,40,1.0,0.19570130633148144
3,0.42,0.5,8,euclidean,kd_tree,40,2.0,0.19570130633148144
3,0.42,0.5,8,euclidean,kd_tree,50,,0.19570130633148144
3,0.42,0.5,8,euclidean,kd_tree,50,1.0,0.19570130633148144
3,0.42,0.5,8,euclidean,kd_tree,50,2.0,0.19570130633148144
3,0.42,0.5,8,euclidean,brute,10,,0.19570130633148144
3,0.42,0.5,8,euclidean,brute,10,1.0,0.19570130633148144
3,0.42,0.5,8,euclidean,brute,10,2.0,0.19570130633148144
3,0.42,0.5,8,euclidean,brute,20,,0.19570130633148144
3,0.42,0.5,8,euclidean,brute,20,1.0,0.19570130633148144
3,0.42,0.5,8,euclidean,brute,20,2.0,0.19570130633148144
3,0.42,0.5,8,euclidean,brute,30,,0.19570130633148144
3,0.42,0.5,8,euclidean,brute,30,1.0,0.19570130633148144
3,0.42,0.5,8,euclidean,brute,30,2.0,0.19570130633148144
3,0.42,0.5,8,euclidean,brute,40,,0.19570130633148144
3,0.42,0.5,8,euclidean,brute,40,1.0,0.19570130633148144
3,0.42,0.5,8,euclidean,brute,40,2.0,0.19570130633148144
3,0.42,0.5,8,euclidean,brute,50,,0.19570130633148144
3,0.42,0.5,8,euclidean,brute,50,1.0,0.19570130633148144
3,0.42,0.5,8,euclidean,brute,50,2.0,0.19570130633148144
2,0.8266666666666667,0.5,8,manhattan,auto,10,,0.23295772983830343
2,0.8266666666666667,0.5,8,manhattan,auto,10,1.0,0.23295772983830343
2,0.8266666666666667,0.5,8,manhattan,auto,10,2.0,0.23295772983830343
2,0.8266666666666667,0.5,8,manhattan,auto,20,,0.23295772983830343
2,0.8266666666666667,0.5,8,manhattan,auto,20,1.0,0.23295772983830343
2,0.8266666666666667,0.5,8,manhattan,auto,20,2.0,0.23295772983830343
2,0.8266666666666667,0.5,8,manhattan,auto,30,,0.23295772983830343
2,0.8266666666666667,0.5,8,manhattan,auto,30,1.0,0.23295772983830343
2,0.8266666666666667,0.5,8,manhattan,auto,30,2.0,0.23295772983830343
2,0.8266666666666667,0.5,8,manhattan,auto,40,,0.23295772983830343
2,0.8266666666666667,0.5,8,manhattan,auto,40,1.0,0.23295772983830343
2,0.8266666666666667,0.5,8,manhattan,auto,40,2.0,0.23295772983830343
2,0.8266666666666667,0.5,8,manhattan,auto,50,,0.23295772983830343
2,0.8266666666666667,0.5,8,manhattan,auto,50,1.0,0.23295772983830343
2,0.8266666666666667,0.5,8,manhattan,auto,50,2.0,0.23295772983830343
2,0.8266666666666667,0.5,8,manhattan,ball_tree,10,,0.23295772983830343
2,0.8266666666666667,0.5,8,manhattan,ball_tree,10,1.0,0.23295772983830343
2,0.8266666666666667,0.5,8,manhattan,ball_tree,10,2.0,0.23295772983830343
2,0.8266666666666667,0.5,8,manhattan,ball_tree,20,,0.23295772983830343
2,0.8266666666666667,0.5,8,manhattan,ball_tree,20,1.0,0.23295772983830343
2,0.8266666666666667,0.5,8,manhattan,ball_tree,20,2.0,0.23295772983830343
2,0.8266666666666667,0.5,8,manhattan,ball_tree,30,,0.23295772983830343
2,0.8266666666666667,0.5,8,manhattan,ball_tree,30,1.0,0.23295772983830343
2,0.8266666666666667,0.5,8,manhattan,ball_tree,30,2.0,0.23295772983830343
2,0.8266666666666667,0.5,8,manhattan,ball_tree,40,,0.23295772983830343
2,0.8266666666666667,0.5,8,manhattan,ball_tree,40,1.0,0.23295772983830343
2,0.8266666666666667,0.5,8,manhattan,ball_tree,40,2.0,0.23295772983830343
2,0.8266666666666667,0.5,8,manhattan,ball_tree,50,,0.23295772983830343
2,0.8266666666666667,0.5,8,manhattan,ball_tree,50,1.0,0.23295772983830343
2,0.8266666666666667,0.5,8,manhattan,ball_tree,50,2.0,0.23295772983830343
2,0.8266666666666667,0.5,8,manhattan,kd_tree,10,,0.23295772983830343
2,0.8266666666666667,0.5,8,manhattan,kd_tree,10,1.0,0.23295772983830343
2,0.8266666666666667,0.5,8,manhattan,kd_tree,10,2.0,0.23295772983830343
2,0.8266666666666667,0.5,8,manhattan,kd_tree,20,,0.23295772983830343
2,0.8266666666666667,0.5,8,manhattan,kd_tree,20,1.0,0.23295772983830343
2,0.8266666666666667,0.5,8,manhattan,kd_tree,20,2.0,0.23295772983830343
2,0.8266666666666667,0.5,8,manhattan,kd_tree,30,,0.23295772983830343
2,0.8266666666666667,0.5,8,manhattan,kd_tree,30,1.0,0.23295772983830343
2,0.8266666666666667,0.5,8,manhattan,kd_tree,30,2.0,0.23295772983830343
2,0.8266666666666667,0.5,8,manhattan,kd_tree,40,,0.23295772983830343
2,0.8266666666666667,0.5,8,manhattan,kd_tree,40,1.0,0.23295772983830343
2,0.8266666666666667,0.5,8,manhattan,kd_tree,40,2.0,0.23295772983830343
2,0.8266666666666667,0.5,8,manhattan,kd_tree,50,,0.23295772983830343
2,0.8266666666666667,0.5,8,manhattan,kd_tree,50,1.0,0.23295772983830343
2,0.8266666666666667,0.5,8,manhattan,kd_tree,50,2.0,0.23295772983830343
2,0.8266666666666667,0.5,8,manhattan,brute,10,,0.23295772983830343
2,0.8266666666666667,0.5,8,manhattan,brute,10,1.0,0.23295772983830343
2,0.8266666666666667,0.5,8,manhattan,brute,10,2.0,0.23295772983830343
2,0.8266666666666667,0.5,8,manhattan,brute,20,,0.23295772983830343
2,0.8266666666666667,0.5,8,manhattan,brute,20,1.0,0.23295772983830343
2,0.8266666666666667,0.5,8,manhattan,brute,20,2.0,0.23295772983830343
2,0.8266666666666667,0.5,8,manhattan,brute,30,,0.23295772983830343
2,0.8266666666666667,0.5,8,manhattan,brute,30,1.0,0.23295772983830343
2,0.8266666666666667,0.5,8,manhattan,brute,30,2.0,0.23295772983830343
2,0.8266666666666667,0.5,8,manhattan,brute,40,,0.23295772983830343
2,0.8266666666666667,0.5,8,manhattan,brute,40,1.0,0.23295772983830343
2,0.8266666666666667,0.5,8,manhattan,brute,40,2.0,0.23295772983830343
2,0.8266666666666667,0.5,8,manhattan,brute,50,,0.23295772983830343
2,0.8266666666666667,0.5,8,manhattan,brute,50,1.0,0.23295772983830343
2,0.8266666666666667,0.5,8,manhattan,brute,50,2.0,0.23295772983830343
0,1.0,0.5,8,mahalanobis,auto,10,,-1.0
0,1.0,0.5,8,mahalanobis,auto,10,1.0,-1.0
0,1.0,0.5,8,mahalanobis,auto,10,2.0,-1.0
0,1.0,0.5,8,mahalanobis,auto,20,,-1.0
0,1.0,0.5,8,mahalanobis,auto,20,1.0,-1.0
0,1.0,0.5,8,mahalanobis,auto,20,2.0,-1.0
0,1.0,0.5,8,mahalanobis,auto,30,,-1.0
0,1.0,0.5,8,mahalanobis,auto,30,1.0,-1.0
0,1.0,0.5,8,mahalanobis,auto,30,2.0,-1.0
0,1.0,0.5,8,mahalanobis,auto,40,,-1.0
0,1.0,0.5,8,mahalanobis,auto,40,1.0,-1.0
0,1.0,0.5,8,mahalanobis,auto,40,2.0,-1.0
0,1.0,0.5,8,mahalanobis,auto,50,,-1.0
0,1.0,0.5,8,mahalanobis,auto,50,1.0,-1.0
0,1.0,0.5,8,mahalanobis,auto,50,2.0,-1.0
0,1.0,0.5,8,mahalanobis,ball_tree,10,,-1.0
0,1.0,0.5,8,mahalanobis,ball_tree,10,1.0,-1.0
0,1.0,0.5,8,mahalanobis,ball_tree,10,2.0,-1.0
0,1.0,0.5,8,mahalanobis,ball_tree,20,,-1.0
0,1.0,0.5,8,mahalanobis,ball_tree,20,1.0,-1.0
0,1.0,0.5,8,mahalanobis,ball_tree,20,2.0,-1.0
0,1.0,0.5,8,mahalanobis,ball_tree,30,,-1.0
0,1.0,0.5,8,mahalanobis,ball_tree,30,1.0,-1.0
0,1.0,0.5,8,mahalanobis,ball_tree,30,2.0,-1.0
0,1.0,0.5,8,mahalanobis,ball_tree,40,,-1.0
0,1.0,0.5,8,mahalanobis,ball_tree,40,1.0,-1.0
0,1.0,0.5,8,mahalanobis,ball_tree,40,2.0,-1.0
0,1.0,0.5,8,mahalanobis,ball_tree,50,,-1.0
0,1.0,0.5,8,mahalanobis,ball_tree,50,1.0,-1.0
0,1.0,0.5,8,mahalanobis,ball_tree,50,2.0,-1.0
0,1.0,0.5,8,mahalanobis,kd_tree,10,,-1.0
0,1.0,0.5,8,mahalanobis,kd_tree,10,1.0,-1.0
0,1.0,0.5,8,mahalanobis,kd_tree,10,2.0,-1.0
0,1.0,0.5,8,mahalanobis,kd_tree,20,,-1.0
0,1.0,0.5,8,mahalanobis,kd_tree,20,1.0,-1.0
0,1.0,0.5,8,mahalanobis,kd_tree,20,2.0,-1.0
0,1.0,0.5,8,mahalanobis,kd_tree,30,,-1.0
0,1.0,0.5,8,mahalanobis,kd_tree,30,1.0,-1.0
0,1.0,0.5,8,mahalanobis,kd_tree,30,2.0,-1.0
0,1.0,0.5,8,mahalanobis,kd_tree,40,,-1.0
0,1.0,0.5,8,mahalanobis,kd_tree,40,1.0,-1.0
0,1.0,0.5,8,mahalanobis,kd_tree,40,2.0,-1.0
0,1.0,0.5,8,mahalanobis,kd_tree,50,,-1.0
0,1.0,0.5,8,mahalanobis,kd_tree,50,1.0,-1.0
0,1.0,0.5,8,mahalanobis,kd_tree,50,2.0,-1.0
0,1.0,0.5,8,mahalanobis,brute,10,,-1.0
0,1.0,0.5,8,mahalanobis,brute,10,1.0,-1.0
0,1.0,0.5,8,mahalanobis,brute,10,2.0,-1.0
0,1.0,0.5,8,mahalanobis,brute,20,,-1.0
0,1.0,0.5,8,mahalanobis,brute,20,1.0,-1.0
0,1.0,0.5,8,mahalanobis,brute,20,2.0,-1.0
0,1.0,0.5,8,mahalanobis,brute,30,,-1.0
0,1.0,0.5,8,mahalanobis,brute,30,1.0,-1.0
0,1.0,0.5,8,mahalanobis,brute,30,2.0,-1.0
0,1.0,0.5,8,mahalanobis,brute,40,,-1.0
0,1.0,0.5,8,mahalanobis,brute,40,1.0,-1.0
0,1.0,0.5,8,mahalanobis,brute,40,2.0,-1.0
0,1.0,0.5,8,mahalanobis,brute,50,,-1.0
0,1.0,0.5,8,mahalanobis,brute,50,1.0,-1.0
0,1.0,0.5,8,mahalanobis,brute,50,2.0,-1.0
3,0.54,0.5,9,euclidean,auto,10,,0.08383893001969939
3,0.54,0.5,9,euclidean,auto,10,1.0,0.08383893001969939
3,0.54,0.5,9,euclidean,auto,10,2.0,0.08383893001969939
3,0.54,0.5,9,euclidean,auto,20,,0.08383893001969939
3,0.54,0.5,9,euclidean,auto,20,1.0,0.08383893001969939
3,0.54,0.5,9,euclidean,auto,20,2.0,0.08383893001969939
3,0.54,0.5,9,euclidean,auto,30,,0.08383893001969939
3,0.54,0.5,9,euclidean,auto,30,1.0,0.08383893001969939
3,0.54,0.5,9,euclidean,auto,30,2.0,0.08383893001969939
3,0.54,0.5,9,euclidean,auto,40,,0.08383893001969939
3,0.54,0.5,9,euclidean,auto,40,1.0,0.08383893001969939
3,0.54,0.5,9,euclidean,auto,40,2.0,0.08383893001969939
3,0.54,0.5,9,euclidean,auto,50,,0.08383893001969939
3,0.54,0.5,9,euclidean,auto,50,1.0,0.08383893001969939
3,0.54,0.5,9,euclidean,auto,50,2.0,0.08383893001969939
3,0.54,0.5,9,euclidean,ball_tree,10,,0.08383893001969939
3,0.54,0.5,9,euclidean,ball_tree,10,1.0,0.08383893001969939
3,0.54,0.5,9,euclidean,ball_tree,10,2.0,0.08383893001969939
3,0.54,0.5,9,euclidean,ball_tree,20,,0.08383893001969939
3,0.54,0.5,9,euclidean,ball_tree,20,1.0,0.08383893001969939
3,0.54,0.5,9,euclidean,ball_tree,20,2.0,0.08383893001969939
3,0.54,0.5,9,euclidean,ball_tree,30,,0.08383893001969939
3,0.54,0.5,9,euclidean,ball_tree,30,1.0,0.08383893001969939
3,0.54,0.5,9,euclidean,ball_tree,30,2.0,0.08383893001969939
3,0.54,0.5,9,euclidean,ball_tree,40,,0.08383893001969939
3,0.54,0.5,9,euclidean,ball_tree,40,1.0,0.08383893001969939
3,0.54,0.5,9,euclidean,ball_tree,40,2.0,0.08383893001969939
3,0.54,0.5,9,euclidean,ball_tree,50,,0.08383893001969939
3,0.54,0.5,9,euclidean,ball_tree,50,1.0,0.08383893001969939
3,0.54,0.5,9,euclidean,ball_tree,50,2.0,0.08383893001969939
3,0.54,0.5,9,euclidean,kd_tree,10,,0.08383893001969939
3,0.54,0.5,9,euclidean,kd_tree,10,1.0,0.08383893001969939
3,0.54,0.5,9,euclidean,kd_tree,10,2.0,0.08383893001969939
3,0.54,0.5,9,euclidean,kd_tree,20,,0.08383893001969939
3,0.54,0.5,9,euclidean,kd_tree,20,1.0,0.08383893001969939
3,0.54,0.5,9,euclidean,kd_tree,20,2.0,0.08383893001969939
3,0.54,0.5,9,euclidean,kd_tree,30,,0.08383893001969939
3,0.54,0.5,9,euclidean,kd_tree,30,1.0,0.08383893001969939
3,0.54,0.5,9,euclidean,kd_tree,30,2.0,0.08383893001969939
3,0.54,0.5,9,euclidean,kd_tree,40,,0.08383893001969939
3,0.54,0.5,9,euclidean,kd_tree,40,1.0,0.08383893001969939
3,0.54,0.5,9,euclidean,kd_tree,40,2.0,0.08383893001969939
3,0.54,0.5,9,euclidean,kd_tree,50,,0.08383893001969939
3,0.54,0.5,9,euclidean,kd_tree,50,1.0,0.08383893001969939
3,0.54,0.5,9,euclidean,kd_tree,50,2.0,0.08383893001969939
3,0.54,0.5,9,euclidean,brute,10,,0.08383893001969939
3,0.54,0.5,9,euclidean,brute,10,1.0,0.08383893001969939
3,0.54,0.5,9,euclidean,brute,10,2.0,0.08383893001969939
3,0.54,0.5,9,euclidean,brute,20,,0.08383893001969939
3,0.54,0.5,9,euclidean,brute,20,1.0,0.08383893001969939
3,0.54,0.5,9,euclidean,brute,20,2.0,0.08383893001969939
3,0.54,0.5,9,euclidean,brute,30,,0.08383893001969939
3,0.54,0.5,9,euclidean,brute,30,1.0,0.08383893001969939
3,0.54,0.5,9,euclidean,brute,30,2.0,0.08383893001969939
3,0.54,0.5,9,euclidean,brute,40,,0.08383893001969939
3,0.54,0.5,9,euclidean,brute,40,1.0,0.08383893001969939
3,0.54,0.5,9,euclidean,brute,40,2.0,0.08383893001969939
3,0.54,0.5,9,euclidean,brute,50,,0.08383893001969939
3,0.54,0.5,9,euclidean,brute,50,1.0,0.08383893001969939
3,0.54,0.5,9,euclidean,brute,50,2.0,0.08383893001969939
2,0.8533333333333334,0.5,9,manhattan,auto,10,,0.18917530944459474
2,0.8533333333333334,0.5,9,manhattan,auto,10,1.0,0.18917530944459474
2,0.8533333333333334,0.5,9,manhattan,auto,10,2.0,0.18917530944459474
2,0.8533333333333334,0.5,9,manhattan,auto,20,,0.18917530944459474
2,0.8533333333333334,0.5,9,manhattan,auto,20,1.0,0.18917530944459474
2,0.8533333333333334,0.5,9,manhattan,auto,20,2.0,0.18917530944459474
2,0.8533333333333334,0.5,9,manhattan,auto,30,,0.18917530944459474
2,0.8533333333333334,0.5,9,manhattan,auto,30,1.0,0.18917530944459474
2,0.8533333333333334,0.5,9,manhattan,auto,30,2.0,0.18917530944459474
2,0.8533333333333334,0.5,9,manhattan,auto,40,,0.18917530944459474
2,0.8533333333333334,0.5,9,manhattan,auto,40,1.0,0.18917530944459474
2,0.8533333333333334,0.5,9,manhattan,auto,40,2.0,0.18917530944459474
2,0.8533333333333334,0.5,9,manhattan,auto,50,,0.18917530944459474
2,0.8533333333333334,0.5,9,manhattan,auto,50,1.0,0.18917530944459474
2,0.8533333333333334,0.5,9,manhattan,auto,50,2.0,0.18917530944459474
2,0.8533333333333334,0.5,9,manhattan,ball_tree,10,,0.18917530944459474
2,0.8533333333333334,0.5,9,manhattan,ball_tree,10,1.0,0.18917530944459474
2,0.8533333333333334,0.5,9,manhattan,ball_tree,10,2.0,0.18917530944459474
2,0.8533333333333334,0.5,9,manhattan,ball_tree,20,,0.18917530944459474
2,0.8533333333333334,0.5,9,manhattan,ball_tree,20,1.0,0.18917530944459474
2,0.8533333333333334,0.5,9,manhattan,ball_tree,20,2.0,0.18917530944459474
2,0.8533333333333334,0.5,9,manhattan,ball_tree,30,,0.18917530944459474
2,0.8533333333333334,0.5,9,manhattan,ball_tree,30,1.0,0.18917530944459474
2,0.8533333333333334,0.5,9,manhattan,ball_tree,30,2.0,0.18917530944459474
2,0.8533333333333334,0.5,9,manhattan,ball_tree,40,,0.18917530944459474
2,0.8533333333333334,0.5,9,manhattan,ball_tree,40,1.0,0.18917530944459474
2,0.8533333333333334,0.5,9,manhattan,ball_tree,40,2.0,0.18917530944459474
2,0.8533333333333334,0.5,9,manhattan,ball_tree,50,,0.18917530944459474
2,0.8533333333333334,0.5,9,manhattan,ball_tree,50,1.0,0.18917530944459474
2,0.8533333333333334,0.5,9,manhattan,ball_tree,50,2.0,0.18917530944459474
2,0.8533333333333334,0.5,9,manhattan,kd_tree,10,,0.18917530944459474
2,0.8533333333333334,0.5,9,manhattan,kd_tree,10,1.0,0.18917530944459474
2,0.8533333333333334,0.5,9,manhattan,kd_tree,10,2.0,0.18917530944459474
2,0.8533333333333334,0.5,9,manhattan,kd_tree,20,,0.18917530944459474
2,0.8533333333333334,0.5,9,manhattan,kd_tree,20,1.0,0.18917530944459474
2,0.8533333333333334,0.5,9,manhattan,kd_tree,20,2.0,0.18917530944459474
2,0.8533333333333334,0.5,9,manhattan,kd_tree,30,,0.18917530944459474
2,0.8533333333333334,0.5,9,manhattan,kd_tree,30,1.0,0.18917530944459474
2,0.8533333333333334,0.5,9,manhattan,kd_tree,30,2.0,0.18917530944459474
2,0.8533333333333334,0.5,9,manhattan,kd_tree,40,,0.18917530944459474
2,0.8533333333333334,0.5,9,manhattan,kd_tree,40,1.0,0.18917530944459474
2,0.8533333333333334,0.5,9,manhattan,kd_tree,40,2.0,0.18917530944459474
2,0.8533333333333334,0.5,9,manhattan,kd_tree,50,,0.18917530944459474
2,0.8533333333333334,0.5,9,manhattan,kd_tree,50,1.0,0.18917530944459474
2,0.8533333333333334,0.5,9,manhattan,kd_tree,50,2.0,0.18917530944459474
2,0.8533333333333334,0.5,9,manhattan,brute,10,,0.18917530944459474
2,0.8533333333333334,0.5,9,manhattan,brute,10,1.0,0.18917530944459474
2,0.8533333333333334,0.5,9,manhattan,brute,10,2.0,0.18917530944459474
2,0.8533333333333334,0.5,9,manhattan,brute,20,,0.18917530944459474
2,0.8533333333333334,0.5,9,manhattan,brute,20,1.0,0.18917530944459474
2,0.8533333333333334,0.5,9,manhattan,brute,20,2.0,0.18917530944459474
2,0.8533333333333334,0.5,9,manhattan,brute,30,,0.18917530944459474
2,0.8533333333333334,0.5,9,manhattan,brute,30,1.0,0.18917530944459474
2,0.8533333333333334,0.5,9,manhattan,brute,30,2.0,0.18917530944459474
2,0.8533333333333334,0.5,9,manhattan,brute,40,,0.18917530944459474
2,0.8533333333333334,0.5,9,manhattan,brute,40,1.0,0.18917530944459474
2,0.8533333333333334,0.5,9,manhattan,brute,40,2.0,0.18917530944459474
2,0.8533333333333334,0.5,9,manhattan,brute,50,,0.18917530944459474
2,0.8533333333333334,0.5,9,manhattan,brute,50,1.0,0.18917530944459474
2,0.8533333333333334,0.5,9,manhattan,brute,50,2.0,0.18917530944459474
0,1.0,0.5,9,mahalanobis,auto,10,,-1.0
0,1.0,0.5,9,mahalanobis,auto,10,1.0,-1.0
0,1.0,0.5,9,mahalanobis,auto,10,2.0,-1.0
0,1.0,0.5,9,mahalanobis,auto,20,,-1.0
0,1.0,0.5,9,mahalanobis,auto,20,1.0,-1.0
0,1.0,0.5,9,mahalanobis,auto,20,2.0,-1.0
0,1.0,0.5,9,mahalanobis,auto,30,,-1.0
0,1.0,0.5,9,mahalanobis,auto,30,1.0,-1.0
0,1.0,0.5,9,mahalanobis,auto,30,2.0,-1.0
0,1.0,0.5,9,mahalanobis,auto,40,,-1.0
0,1.0,0.5,9,mahalanobis,auto,40,1.0,-1.0
0,1.0,0.5,9,mahalanobis,auto,40,2.0,-1.0
0,1.0,0.5,9,mahalanobis,auto,50,,-1.0
0,1.0,0.5,9,mahalanobis,auto,50,1.0,-1.0
0,1.0,0.5,9,mahalanobis,auto,50,2.0,-1.0
0,1.0,0.5,9,mahalanobis,ball_tree,10,,-1.0
0,1.0,0.5,9,mahalanobis,ball_tree,10,1.0,-1.0
0,1.0,0.5,9,mahalanobis,ball_tree,10,2.0,-1.0
0,1.0,0.5,9,mahalanobis,ball_tree,20,,-1.0
0,1.0,0.5,9,mahalanobis,ball_tree,20,1.0,-1.0
0,1.0,0.5,9,mahalanobis,ball_tree,20,2.0,-1.0
0,1.0,0.5,9,mahalanobis,ball_tree,30,,-1.0
0,1.0,0.5,9,mahalanobis,ball_tree,30,1.0,-1.0
0,1.0,0.5,9,mahalanobis,ball_tree,30,2.0,-1.0
0,1.0,0.5,9,mahalanobis,ball_tree,40,,-1.0
0,1.0,0.5,9,mahalanobis,ball_tree,40,1.0,-1.0
0,1.0,0.5,9,mahalanobis,ball_tree,40,2.0,-1.0
0,1.0,0.5,9,mahalanobis,ball_tree,50,,-1.0
0,1.0,0.5,9,mahalanobis,ball_tree,50,1.0,-1.0
0,1.0,0.5,9,mahalanobis,ball_tree,50,2.0,-1.0
0,1.0,0.5,9,mahalanobis,kd_tree,10,,-1.0
0,1.0,0.5,9,mahalanobis,kd_tree,10,1.0,-1.0
0,1.0,0.5,9,mahalanobis,kd_tree,10,2.0,-1.0
0,1.0,0.5,9,mahalanobis,kd_tree,20,,-1.0
0,1.0,0.5,9,mahalanobis,kd_tree,20,1.0,-1.0
0,1.0,0.5,9,mahalanobis,kd_tree,20,2.0,-1.0
0,1.0,0.5,9,mahalanobis,kd_tree,30,,-1.0
0,1.0,0.5,9,mahalanobis,kd_tree,30,1.0,-1.0
0,1.0,0.5,9,mahalanobis,kd_tree,30,2.0,-1.0
0,1.0,0.5,9,mahalanobis,kd_tree,40,,-1.0
0,1.0,0.5,9,mahalanobis,kd_tree,40,1.0,-1.0
0,1.0,0.5,9,mahalanobis,kd_tree,40,2.0,-1.0
0,1.0,0.5,9,mahalanobis,kd_tree,50,,-1.0
0,1.0,0.5,9,mahalanobis,kd_tree,50,1.0,-1.0
0,1.0,0.5,9,mahalanobis,kd_tree,50,2.0,-1.0
0,1.0,0.5,9,mahalanobis,brute,10,,-1.0
0,1.0,0.5,9,mahalanobis,brute,10,1.0,-1.0
0,1.0,0.5,9,mahalanobis,brute,10,2.0,-1.0
0,1.0,0.5,9,mahalanobis,brute,20,,-1.0
0,1.0,0.5,9,mahalanobis,brute,20,1.0,-1.0
0,1.0,0.5,9,mahalanobis,brute,20,2.0,-1.0
0,1.0,0.5,9,mahalanobis,brute,30,,-1.0
0,1.0,0.5,9,mahalanobis,brute,30,1.0,-1.0
0,1.0,0.5,9,mahalanobis,brute,30,2.0,-1.0
0,1.0,0.5,9,mahalanobis,brute,40,,-1.0
0,1.0,0.5,9,mahalanobis,brute,40,1.0,-1.0
0,1.0,0.5,9,mahalanobis,brute,40,2.0,-1.0
0,1.0,0.5,9,mahalanobis,brute,50,,-1.0
0,1.0,0.5,9,mahalanobis,brute,50,1.0,-1.0
0,1.0,0.5,9,mahalanobis,brute,50,2.0,-1.0
3,0.5933333333333334,0.5,10,euclidean,auto,10,,0.010775946391855272
3,0.5933333333333334,0.5,10,euclidean,auto,10,1.0,0.010775946391855272
3,0.5933333333333334,0.5,10,euclidean,auto,10,2.0,0.010775946391855272
3,0.5933333333333334,0.5,10,euclidean,auto,20,,0.010775946391855272
3,0.5933333333333334,0.5,10,euclidean,auto,20,1.0,0.010775946391855272
3,0.5933333333333334,0.5,10,euclidean,auto,20,2.0,0.010775946391855272
3,0.5933333333333334,0.5,10,euclidean,auto,30,,0.010775946391855272
3,0.5933333333333334,0.5,10,euclidean,auto,30,1.0,0.010775946391855272
3,0.5933333333333334,0.5,10,euclidean,auto,30,2.0,0.010775946391855272
3,0.5933333333333334,0.5,10,euclidean,auto,40,,0.010775946391855272
3,0.5933333333333334,0.5,10,euclidean,auto,40,1.0,0.010775946391855272
3,0.5933333333333334,0.5,10,euclidean,auto,40,2.0,0.010775946391855272
3,0.5933333333333334,0.5,10,euclidean,auto,50,,0.010775946391855272
3,0.5933333333333334,0.5,10,euclidean,auto,50,1.0,0.010775946391855272
3,0.5933333333333334,0.5,10,euclidean,auto,50,2.0,0.010775946391855272
3,0.5933333333333334,0.5,10,euclidean,ball_tree,10,,0.010775946391855272
3,0.5933333333333334,0.5,10,euclidean,ball_tree,10,1.0,0.010775946391855272
3,0.5933333333333334,0.5,10,euclidean,ball_tree,10,2.0,0.010775946391855272
3,0.5933333333333334,0.5,10,euclidean,ball_tree,20,,0.010775946391855272
3,0.5933333333333334,0.5,10,euclidean,ball_tree,20,1.0,0.010775946391855272
3,0.5933333333333334,0.5,10,euclidean,ball_tree,20,2.0,0.010775946391855272
3,0.5933333333333334,0.5,10,euclidean,ball_tree,30,,0.010775946391855272
3,0.5933333333333334,0.5,10,euclidean,ball_tree,30,1.0,0.010775946391855272
3,0.5933333333333334,0.5,10,euclidean,ball_tree,30,2.0,0.010775946391855272
3,0.5933333333333334,0.5,10,euclidean,ball_tree,40,,0.010775946391855272
3,0.5933333333333334,0.5,10,euclidean,ball_tree,40,1.0,0.010775946391855272
3,0.5933333333333334,0.5,10,euclidean,ball_tree,40,2.0,0.010775946391855272
3,0.5933333333333334,0.5,10,euclidean,ball_tree,50,,0.010775946391855272
3,0.5933333333333334,0.5,10,euclidean,ball_tree,50,1.0,0.010775946391855272
3,0.5933333333333334,0.5,10,euclidean,ball_tree,50,2.0,0.010775946391855272
3,0.5933333333333334,0.5,10,euclidean,kd_tree,10,,0.010775946391855272
3,0.5933333333333334,0.5,10,euclidean,kd_tree,10,1.0,0.010775946391855272
3,0.5933333333333334,0.5,10,euclidean,kd_tree,10,2.0,0.010775946391855272
3,0.5933333333333334,0.5,10,euclidean,kd_tree,20,,0.010775946391855272
3,0.5933333333333334,0.5,10,euclidean,kd_tree,20,1.0,0.010775946391855272
3,0.5933333333333334,0.5,10,euclidean,kd_tree,20,2.0,0.010775946391855272
3,0.5933333333333334,0.5,10,euclidean,kd_tree,30,,0.010775946391855272
3,0.5933333333333334,0.5,10,euclidean,kd_tree,30,1.0,0.010775946391855272
3,0.5933333333333334,0.5,10,euclidean,kd_tree,30,2.0,0.010775946391855272
3,0.5933333333333334,0.5,10,euclidean,kd_tree,40,,0.010775946391855272
3,0.5933333333333334,0.5,10,euclidean,kd_tree,40,1.0,0.010775946391855272
3,0.5933333333333334,0.5,10,euclidean,kd_tree,40,2.0,0.010775946391855272
3,0.5933333333333334,0.5,10,euclidean,kd_tree,50,,0.010775946391855272
3,0.5933333333333334,0.5,10,euclidean,kd_tree,50,1.0,0.010775946391855272
3,0.5933333333333334,0.5,10,euclidean,kd_tree,50,2.0,0.010775946391855272
3,0.5933333333333334,0.5,10,euclidean,brute,10,,0.010775946391855272
3,0.5933333333333334,0.5,10,euclidean,brute,10,1.0,0.010775946391855272
3,0.5933333333333334,0.5,10,euclidean,brute,10,2.0,0.010775946391855272
3,0.5933333333333334,0.5,10,euclidean,brute,20,,0.010775946391855272
3,0.5933333333333334,0.5,10,euclidean,brute,20,1.0,0.010775946391855272
3,0.5933333333333334,0.5,10,euclidean,brute,20,2.0,0.010775946391855272
3,0.5933333333333334,0.5,10,euclidean,brute,30,,0.010775946391855272
3,0.5933333333333334,0.5,10,euclidean,brute,30,1.0,0.010775946391855272
3,0.5933333333333334,0.5,10,euclidean,brute,30,2.0,0.010775946391855272
3,0.5933333333333334,0.5,10,euclidean,brute,40,,0.010775946391855272
3,0.5933333333333334,0.5,10,euclidean,brute,40,1.0,0.010775946391855272
3,0.5933333333333334,0.5,10,euclidean,brute,40,2.0,0.010775946391855272
3,0.5933333333333334,0.5,10,euclidean,brute,50,,0.010775946391855272
3,0.5933333333333334,0.5,10,euclidean,brute,50,1.0,0.010775946391855272
3,0.5933333333333334,0.5,10,euclidean,brute,50,2.0,0.010775946391855272
2,0.8533333333333334,0.5,10,manhattan,auto,10,,0.18917530944459474
2,0.8533333333333334,0.5,10,manhattan,auto,10,1.0,0.18917530944459474
2,0.8533333333333334,0.5,10,manhattan,auto,10,2.0,0.18917530944459474
2,0.8533333333333334,0.5,10,manhattan,auto,20,,0.18917530944459474
2,0.8533333333333334,0.5,10,manhattan,auto,20,1.0,0.18917530944459474
2,0.8533333333333334,0.5,10,manhattan,auto,20,2.0,0.18917530944459474
2,0.8533333333333334,0.5,10,manhattan,auto,30,,0.18917530944459474
2,0.8533333333333334,0.5,10,manhattan,auto,30,1.0,0.18917530944459474
2,0.8533333333333334,0.5,10,manhattan,auto,30,2.0,0.18917530944459474
2,0.8533333333333334,0.5,10,manhattan,auto,40,,0.18917530944459474
2,0.8533333333333334,0.5,10,manhattan,auto,40,1.0,0.18917530944459474
2,0.8533333333333334,0.5,10,manhattan,auto,40,2.0,0.18917530944459474
2,0.8533333333333334,0.5,10,manhattan,auto,50,,0.18917530944459474
2,0.8533333333333334,0.5,10,manhattan,auto,50,1.0,0.18917530944459474
2,0.8533333333333334,0.5,10,manhattan,auto,50,2.0,0.18917530944459474
2,0.8533333333333334,0.5,10,manhattan,ball_tree,10,,0.18917530944459474
2,0.8533333333333334,0.5,10,manhattan,ball_tree,10,1.0,0.18917530944459474
2,0.8533333333333334,0.5,10,manhattan,ball_tree,10,2.0,0.18917530944459474
2,0.8533333333333334,0.5,10,manhattan,ball_tree,20,,0.18917530944459474
2,0.8533333333333334,0.5,10,manhattan,ball_tree,20,1.0,0.18917530944459474
2,0.8533333333333334,0.5,10,manhattan,ball_tree,20,2.0,0.18917530944459474
2,0.8533333333333334,0.5,10,manhattan,ball_tree,30,,0.18917530944459474
2,0.8533333333333334,0.5,10,manhattan,ball_tree,30,1.0,0.18917530944459474
2,0.8533333333333334,0.5,10,manhattan,ball_tree,30,2.0,0.18917530944459474
2,0.8533333333333334,0.5,10,manhattan,ball_tree,40,,0.18917530944459474
2,0.8533333333333334,0.5,10,manhattan,ball_tree,40,1.0,0.18917530944459474
2,0.8533333333333334,0.5,10,manhattan,ball_tree,40,2.0,0.18917530944459474
2,0.8533333333333334,0.5,10,manhattan,ball_tree,50,,0.18917530944459474
2,0.8533333333333334,0.5,10,manhattan,ball_tree,50,1.0,0.18917530944459474
2,0.8533333333333334,0.5,10,manhattan,ball_tree,50,2.0,0.18917530944459474
2,0.8533333333333334,0.5,10,manhattan,kd_tree,10,,0.18917530944459474
2,0.8533333333333334,0.5,10,manhattan,kd_tree,10,1.0,0.18917530944459474
2,0.8533333333333334,0.5,10,manhattan,kd_tree,10,2.0,0.18917530944459474
2,0.8533333333333334,0.5,10,manhattan,kd_tree,20,,0.18917530944459474
2,0.8533333333333334,0.5,10,manhattan,kd_tree,20,1.0,0.18917530944459474
2,0.8533333333333334,0.5,10,manhattan,kd_tree,20,2.0,0.18917530944459474
2,0.8533333333333334,0.5,10,manhattan,kd_tree,30,,0.18917530944459474
2,0.8533333333333334,0.5,10,manhattan,kd_tree,30,1.0,0.18917530944459474
2,0.8533333333333334,0.5,10,manhattan,kd_tree,30,2.0,0.18917530944459474
2,0.8533333333333334,0.5,10,manhattan,kd_tree,40,,0.18917530944459474
2,0.8533333333333334,0.5,10,manhattan,kd_tree,40,1.0,0.18917530944459474
2,0.8533333333333334,0.5,10,manhattan,kd_tree,40,2.0,0.18917530944459474
2,0.8533333333333334,0.5,10,manhattan,kd_tree,50,,0.18917530944459474
2,0.8533333333333334,0.5,10,manhattan,kd_tree,50,1.0,0.18917530944459474
2,0.8533333333333334,0.5,10,manhattan,kd_tree,50,2.0,0.18917530944459474
2,0.8533333333333334,0.5,10,manhattan,brute,10,,0.18917530944459474
2,0.8533333333333334,0.5,10,manhattan,brute,10,1.0,0.18917530944459474
2,0.8533333333333334,0.5,10,manhattan,brute,10,2.0,0.18917530944459474
2,0.8533333333333334,0.5,10,manhattan,brute,20,,0.18917530944459474
2,0.8533333333333334,0.5,10,manhattan,brute,20,1.0,0.18917530944459474
2,0.8533333333333334,0.5,10,manhattan,brute,20,2.0,0.18917530944459474
2,0.8533333333333334,0.5,10,manhattan,brute,30,,0.18917530944459474
2,0.8533333333333334,0.5,10,manhattan,brute,30,1.0,0.18917530944459474
2,0.8533333333333334,0.5,10,manhattan,brute,30,2.0,0.18917530944459474
2,0.8533333333333334,0.5,10,manhattan,brute,40,,0.18917530944459474
2,0.8533333333333334,0.5,10,manhattan,brute,40,1.0,0.18917530944459474
2,0.8533333333333334,0.5,10,manhattan,brute,40,2.0,0.18917530944459474
2,0.8533333333333334,0.5,10,manhattan,brute,50,,0.18917530944459474
2,0.8533333333333334,0.5,10,manhattan,brute,50,1.0,0.18917530944459474
2,0.8533333333333334,0.5,10,manhattan,brute,50,2.0,0.18917530944459474
0,1.0,0.5,10,mahalanobis,auto,10,,-1.0
0,1.0,0.5,10,mahalanobis,auto,10,1.0,-1.0
0,1.0,0.5,10,mahalanobis,auto,10,2.0,-1.0
0,1.0,0.5,10,mahalanobis,auto,20,,-1.0
0,1.0,0.5,10,mahalanobis,auto,20,1.0,-1.0
0,1.0,0.5,10,mahalanobis,auto,20,2.0,-1.0
0,1.0,0.5,10,mahalanobis,auto,30,,-1.0
0,1.0,0.5,10,mahalanobis,auto,30,1.0,-1.0
0,1.0,0.5,10,mahalanobis,auto,30,2.0,-1.0
0,1.0,0.5,10,mahalanobis,auto,40,,-1.0
0,1.0,0.5,10,mahalanobis,auto,40,1.0,-1.0
0,1.0,0.5,10,mahalanobis,auto,40,2.0,-1.0
0,1.0,0.5,10,mahalanobis,auto,50,,-1.0
0,1.0,0.5,10,mahalanobis,auto,50,1.0,-1.0
0,1.0,0.5,10,mahalanobis,auto,50,2.0,-1.0
0,1.0,0.5,10,mahalanobis,ball_tree,10,,-1.0
0,1.0,0.5,10,mahalanobis,ball_tree,10,1.0,-1.0
0,1.0,0.5,10,mahalanobis,ball_tree,10,2.0,-1.0
0,1.0,0.5,10,mahalanobis,ball_tree,20,,-1.0
0,1.0,0.5,10,mahalanobis,ball_tree,20,1.0,-1.0
0,1.0,0.5,10,mahalanobis,ball_tree,20,2.0,-1.0
0,1.0,0.5,10,mahalanobis,ball_tree,30,,-1.0
0,1.0,0.5,10,mahalanobis,ball_tree,30,1.0,-1.0
0,1.0,0.5,10,mahalanobis,ball_tree,30,2.0,-1.0
0,1.0,0.5,10,mahalanobis,ball_tree,40,,-1.0
0,1.0,0.5,10,mahalanobis,ball_tree,40,1.0,-1.0
0,1.0,0.5,10,mahalanobis,ball_tree,40,2.0,-1.0
0,1.0,0.5,10,mahalanobis,ball_tree,50,,-1.0
0,1.0,0.5,10,mahalanobis,ball_tree,50,1.0,-1.0
0,1.0,0.5,10,mahalanobis,ball_tree,50,2.0,-1.0
0,1.0,0.5,10,mahalanobis,kd_tree,10,,-1.0
0,1.0,0.5,10,mahalanobis,kd_tree,10,1.0,-1.0
0,1.0,0.5,10,mahalanobis,kd_tree,10,2.0,-1.0
0,1.0,0.5,10,mahalanobis,kd_tree,20,,-1.0
0,1.0,0.5,10,mahalanobis,kd_tree,20,1.0,-1.0
0,1.0,0.5,10,mahalanobis,kd_tree,20,2.0,-1.0
0,1.0,0.5,10,mahalanobis,kd_tree,30,,-1.0
0,1.0,0.5,10,mahalanobis,kd_tree,30,1.0,-1.0
0,1.0,0.5,10,mahalanobis,kd_tree,30,2.0,-1.0
0,1.0,0.5,10,mahalanobis,kd_tree,40,,-1.0
0,1.0,0.5,10,mahalanobis,kd_tree,40,1.0,-1.0
0,1.0,0.5,10,mahalanobis,kd_tree,40,2.0,-1.0
0,1.0,0.5,10,mahalanobis,kd_tree,50,,-1.0
0,1.0,0.5,10,mahalanobis,kd_tree,50,1.0,-1.0
0,1.0,0.5,10,mahalanobis,kd_tree,50,2.0,-1.0
0,1.0,0.5,10,mahalanobis,brute,10,,-1.0
0,1.0,0.5,10,mahalanobis,brute,10,1.0,-1.0
0,1.0,0.5,10,mahalanobis,brute,10,2.0,-1.0
0,1.0,0.5,10,mahalanobis,brute,20,,-1.0
0,1.0,0.5,10,mahalanobis,brute,20,1.0,-1.0
0,1.0,0.5,10,mahalanobis,brute,20,2.0,-1.0
0,1.0,0.5,10,mahalanobis,brute,30,,-1.0
0,1.0,0.5,10,mahalanobis,brute,30,1.0,-1.0
0,1.0,0.5,10,mahalanobis,brute,30,2.0,-1.0
0,1.0,0.5,10,mahalanobis,brute,40,,-1.0
0,1.0,0.5,10,mahalanobis,brute,40,1.0,-1.0
0,1.0,0.5,10,mahalanobis,brute,40,2.0,-1.0
0,1.0,0.5,10,mahalanobis,brute,50,,-1.0
0,1.0,0.5,10,mahalanobis,brute,50,1.0,-1.0
0,1.0,0.5,10,mahalanobis,brute,50,2.0,-1.0
2,0.68,0.5,11,euclidean,auto,10,,0.06191505457294774
2,0.68,0.5,11,euclidean,auto,10,1.0,0.06191505457294774
2,0.68,0.5,11,euclidean,auto,10,2.0,0.06191505457294774
2,0.68,0.5,11,euclidean,auto,20,,0.06191505457294774
2,0.68,0.5,11,euclidean,auto,20,1.0,0.06191505457294774
2,0.68,0.5,11,euclidean,auto,20,2.0,0.06191505457294774
2,0.68,0.5,11,euclidean,auto,30,,0.06191505457294774
2,0.68,0.5,11,euclidean,auto,30,1.0,0.06191505457294774
2,0.68,0.5,11,euclidean,auto,30,2.0,0.06191505457294774
2,0.68,0.5,11,euclidean,auto,40,,0.06191505457294774
2,0.68,0.5,11,euclidean,auto,40,1.0,0.06191505457294774
2,0.68,0.5,11,euclidean,auto,40,2.0,0.06191505457294774
2,0.68,0.5,11,euclidean,auto,50,,0.06191505457294774
2,0.68,0.5,11,euclidean,auto,50,1.0,0.06191505457294774
2,0.68,0.5,11,euclidean,auto,50,2.0,0.06191505457294774
2,0.68,0.5,11,euclidean,ball_tree,10,,0.06191505457294774
2,0.68,0.5,11,euclidean,ball_tree,10,1.0,0.06191505457294774
2,0.68,0.5,11,euclidean,ball_tree,10,2.0,0.06191505457294774
2,0.68,0.5,11,euclidean,ball_tree,20,,0.06191505457294774
2,0.68,0.5,11,euclidean,ball_tree,20,1.0,0.06191505457294774
2,0.68,0.5,11,euclidean,ball_tree,20,2.0,0.06191505457294774
2,0.68,0.5,11,euclidean,ball_tree,30,,0.06191505457294774
2,0.68,0.5,11,euclidean,ball_tree,30,1.0,0.06191505457294774
2,0.68,0.5,11,euclidean,ball_tree,30,2.0,0.06191505457294774
2,0.68,0.5,11,euclidean,ball_tree,40,,0.06191505457294774
2,0.68,0.5,11,euclidean,ball_tree,40,1.0,0.06191505457294774
2,0.68,0.5,11,euclidean,ball_tree,40,2.0,0.06191505457294774
2,0.68,0.5,11,euclidean,ball_tree,50,,0.06191505457294774
2,0.68,0.5,11,euclidean,ball_tree,50,1.0,0.06191505457294774
2,0.68,0.5,11,euclidean,ball_tree,50,2.0,0.06191505457294774
2,0.68,0.5,11,euclidean,kd_tree,10,,0.06191505457294774
2,0.68,0.5,11,euclidean,kd_tree,10,1.0,0.06191505457294774
2,0.68,0.5,11,euclidean,kd_tree,10,2.0,0.06191505457294774
2,0.68,0.5,11,euclidean,kd_tree,20,,0.06191505457294774
2,0.68,0.5,11,euclidean,kd_tree,20,1.0,0.06191505457294774
2,0.68,0.5,11,euclidean,kd_tree,20,2.0,0.06191505457294774
2,0.68,0.5,11,euclidean,kd_tree,30,,0.06191505457294774
2,0.68,0.5,11,euclidean,kd_tree,30,1.0,0.06191505457294774
2,0.68,0.5,11,euclidean,kd_tree,30,2.0,0.06191505457294774
2,0.68,0.5,11,euclidean,kd_tree,40,,0.06191505457294774
2,0.68,0.5,11,euclidean,kd_tree,40,1.0,0.06191505457294774
2,0.68,0.5,11,euclidean,kd_tree,40,2.0,0.06191505457294774
2,0.68,0.5,11,euclidean,kd_tree,50,,0.06191505457294774
2,0.68,0.5,11,euclidean,kd_tree,50,1.0,0.06191505457294774
2,0.68,0.5,11,euclidean,kd_tree,50,2.0,0.06191505457294774
2,0.68,0.5,11,euclidean,brute,10,,0.06191505457294774
2,0.68,0.5,11,euclidean,brute,10,1.0,0.06191505457294774
2,0.68,0.5,11,euclidean,brute,10,2.0,0.06191505457294774
2,0.68,0.5,11,euclidean,brute,20,,0.06191505457294774
2,0.68,0.5,11,euclidean,brute,20,1.0,0.06191505457294774
2,0.68,0.5,11,euclidean,brute,20,2.0,0.06191505457294774
2,0.68,0.5,11,euclidean,brute,30,,0.06191505457294774
2,0.68,0.5,11,euclidean,brute,30,1.0,0.06191505457294774
2,0.68,0.5,11,euclidean,brute,30,2.0,0.06191505457294774
2,0.68,0.5,11,euclidean,brute,40,,0.06191505457294774
2,0.68,0.5,11,euclidean,brute,40,1.0,0.06191505457294774
2,0.68,0.5,11,euclidean,brute,40,2.0,0.06191505457294774
2,0.68,0.5,11,euclidean,brute,50,,0.06191505457294774
2,0.68,0.5,11,euclidean,brute,50,1.0,0.06191505457294774
2,0.68,0.5,11,euclidean,brute,50,2.0,0.06191505457294774
0,1.0,0.5,11,manhattan,auto,10,,-1.0
0,1.0,0.5,11,manhattan,auto,10,1.0,-1.0
0,1.0,0.5,11,manhattan,auto,10,2.0,-1.0
0,1.0,0.5,11,manhattan,auto,20,,-1.0
0,1.0,0.5,11,manhattan,auto,20,1.0,-1.0
0,1.0,0.5,11,manhattan,auto,20,2.0,-1.0
0,1.0,0.5,11,manhattan,auto,30,,-1.0
0,1.0,0.5,11,manhattan,auto,30,1.0,-1.0
0,1.0,0.5,11,manhattan,auto,30,2.0,-1.0
0,1.0,0.5,11,manhattan,auto,40,,-1.0
0,1.0,0.5,11,manhattan,auto,40,1.0,-1.0
0,1.0,0.5,11,manhattan,auto,40,2.0,-1.0
0,1.0,0.5,11,manhattan,auto,50,,-1.0
0,1.0,0.5,11,manhattan,auto,50,1.0,-1.0
0,1.0,0.5,11,manhattan,auto,50,2.0,-1.0
0,1.0,0.5,11,manhattan,ball_tree,10,,-1.0
0,1.0,0.5,11,manhattan,ball_tree,10,1.0,-1.0
0,1.0,0.5,11,manhattan,ball_tree,10,2.0,-1.0
0,1.0,0.5,11,manhattan,ball_tree,20,,-1.0
0,1.0,0.5,11,manhattan,ball_tree,20,1.0,-1.0
0,1.0,0.5,11,manhattan,ball_tree,20,2.0,-1.0
0,1.0,0.5,11,manhattan,ball_tree,30,,-1.0
0,1.0,0.5,11,manhattan,ball_tree,30,1.0,-1.0
0,1.0,0.5,11,manhattan,ball_tree,30,2.0,-1.0
0,1.0,0.5,11,manhattan,ball_tree,40,,-1.0
0,1.0,0.5,11,manhattan,ball_tree,40,1.0,-1.0
0,1.0,0.5,11,manhattan,ball_tree,40,2.0,-1.0
0,1.0,0.5,11,manhattan,ball_tree,50,,-1.0
0,1.0,0.5,11,manhattan,ball_tree,50,1.0,-1.0
0,1.0,0.5,11,manhattan,ball_tree,50,2.0,-1.0
0,1.0,0.5,11,manhattan,kd_tree,10,,-1.0
0,1.0,0.5,11,manhattan,kd_tree,10,1.0,-1.0
0,1.0,0.5,11,manhattan,kd_tree,10,2.0,-1.0
0,1.0,0.5,11,manhattan,kd_tree,20,,-1.0
0,1.0,0.5,11,manhattan,kd_tree,20,1.0,-1.0
0,1.0,0.5,11,manhattan,kd_tree,20,2.0,-1.0
0,1.0,0.5,11,manhattan,kd_tree,30,,-1.0
0,1.0,0.5,11,manhattan,kd_tree,30,1.0,-1.0
0,1.0,0.5,11,manhattan,kd_tree,30,2.0,-1.0
0,1.0,0.5,11,manhattan,kd_tree,40,,-1.0
0,1.0,0.5,11,manhattan,kd_tree,40,1.0,-1.0
0,1.0,0.5,11,manhattan,kd_tree,40,2.0,-1.0
0,1.0,0.5,11,manhattan,kd_tree,50,,-1.0
0,1.0,0.5,11,manhattan,kd_tree,50,1.0,-1.0
0,1.0,0.5,11,manhattan,kd_tree,50,2.0,-1.0
0,1.0,0.5,11,manhattan,brute,10,,-1.0
0,1.0,0.5,11,manhattan,brute,10,1.0,-1.0
0,1.0,0.5,11,manhattan,brute,10,2.0,-1.0
0,1.0,0.5,11,manhattan,brute,20,,-1.0
0,1.0,0.5,11,manhattan,brute,20,1.0,-1.0
0,1.0,0.5,11,manhattan,brute,20,2.0,-1.0
0,1.0,0.5,11,manhattan,brute,30,,-1.0
0,1.0,0.5,11,manhattan,brute,30,1.0,-1.0
0,1.0,0.5,11,manhattan,brute,30,2.0,-1.0
0,1.0,0.5,11,manhattan,brute,40,,-1.0
0,1.0,0.5,11,manhattan,brute,40,1.0,-1.0
0,1.0,0.5,11,manhattan,brute,40,2.0,-1.0
0,1.0,0.5,11,manhattan,brute,50,,-1.0
0,1.0,0.5,11,manhattan,brute,50,1.0,-1.0
0,1.0,0.5,11,manhattan,brute,50,2.0,-1.0
0,1.0,0.5,11,mahalanobis,auto,10,,-1.0
0,1.0,0.5,11,mahalanobis,auto,10,1.0,-1.0
0,1.0,0.5,11,mahalanobis,auto,10,2.0,-1.0
0,1.0,0.5,11,mahalanobis,auto,20,,-1.0
0,1.0,0.5,11,mahalanobis,auto,20,1.0,-1.0
0,1.0,0.5,11,mahalanobis,auto,20,2.0,-1.0
0,1.0,0.5,11,mahalanobis,auto,30,,-1.0
0,1.0,0.5,11,mahalanobis,auto,30,1.0,-1.0
0,1.0,0.5,11,mahalanobis,auto,30,2.0,-1.0
0,1.0,0.5,11,mahalanobis,auto,40,,-1.0
0,1.0,0.5,11,mahalanobis,auto,40,1.0,-1.0
0,1.0,0.5,11,mahalanobis,auto,40,2.0,-1.0
0,1.0,0.5,11,mahalanobis,auto,50,,-1.0
0,1.0,0.5,11,mahalanobis,auto,50,1.0,-1.0
0,1.0,0.5,11,mahalanobis,auto,50,2.0,-1.0
0,1.0,0.5,11,mahalanobis,ball_tree,10,,-1.0
0,1.0,0.5,11,mahalanobis,ball_tree,10,1.0,-1.0
0,1.0,0.5,11,mahalanobis,ball_tree,10,2.0,-1.0
0,1.0,0.5,11,mahalanobis,ball_tree,20,,-1.0
0,1.0,0.5,11,mahalanobis,ball_tree,20,1.0,-1.0
0,1.0,0.5,11,mahalanobis,ball_tree,20,2.0,-1.0
0,1.0,0.5,11,mahalanobis,ball_tree,30,,-1.0
0,1.0,0.5,11,mahalanobis,ball_tree,30,1.0,-1.0
0,1.0,0.5,11,mahalanobis,ball_tree,30,2.0,-1.0
0,1.0,0.5,11,mahalanobis,ball_tree,40,,-1.0
0,1.0,0.5,11,mahalanobis,ball_tree,40,1.0,-1.0
0,1.0,0.5,11,mahalanobis,ball_tree,40,2.0,-1.0
0,1.0,0.5,11,mahalanobis,ball_tree,50,,-1.0
0,1.0,0.5,11,mahalanobis,ball_tree,50,1.0,-1.0
0,1.0,0.5,11,mahalanobis,ball_tree,50,2.0,-1.0
0,1.0,0.5,11,mahalanobis,kd_tree,10,,-1.0
0,1.0,0.5,11,mahalanobis,kd_tree,10,1.0,-1.0
0,1.0,0.5,11,mahalanobis,kd_tree,10,2.0,-1.0
0,1.0,0.5,11,mahalanobis,kd_tree,20,,-1.0
0,1.0,0.5,11,mahalanobis,kd_tree,20,1.0,-1.0
0,1.0,0.5,11,mahalanobis,kd_tree,20,2.0,-1.0
0,1.0,0.5,11,mahalanobis,kd_tree,30,,-1.0
0,1.0,0.5,11,mahalanobis,kd_tree,30,1.0,-1.0
0,1.0,0.5,11,mahalanobis,kd_tree,30,2.0,-1.0
0,1.0,0.5,11,mahalanobis,kd_tree,40,,-1.0
0,1.0,0.5,11,mahalanobis,kd_tree,40,1.0,-1.0
0,1.0,0.5,11,mahalanobis,kd_tree,40,2.0,-1.0
0,1.0,0.5,11,mahalanobis,kd_tree,50,,-1.0
0,1.0,0.5,11,mahalanobis,kd_tree,50,1.0,-1.0
0,1.0,0.5,11,mahalanobis,kd_tree,50,2.0,-1.0
0,1.0,0.5,11,mahalanobis,brute,10,,-1.0
0,1.0,0.5,11,mahalanobis,brute,10,1.0,-1.0
0,1.0,0.5,11,mahalanobis,brute,10,2.0,-1.0
0,1.0,0.5,11,mahalanobis,brute,20,,-1.0
0,1.0,0.5,11,mahalanobis,brute,20,1.0,-1.0
0,1.0,0.5,11,mahalanobis,brute,20,2.0,-1.0
0,1.0,0.5,11,mahalanobis,brute,30,,-1.0
0,1.0,0.5,11,mahalanobis,brute,30,1.0,-1.0
0,1.0,0.5,11,mahalanobis,brute,30,2.0,-1.0
0,1.0,0.5,11,mahalanobis,brute,40,,-1.0
0,1.0,0.5,11,mahalanobis,brute,40,1.0,-1.0
0,1.0,0.5,11,mahalanobis,brute,40,2.0,-1.0
0,1.0,0.5,11,mahalanobis,brute,50,,-1.0
0,1.0,0.5,11,mahalanobis,brute,50,1.0,-1.0
0,1.0,0.5,11,mahalanobis,brute,50,2.0,-1.0
1,0.7666666666666667,0.5,12,euclidean,auto,10,,0.40942296357291935
1,0.7666666666666667,0.5,12,euclidean,auto,10,1.0,0.40942296357291935
1,0.7666666666666667,0.5,12,euclidean,auto,10,2.0,0.40942296357291935
1,0.7666666666666667,0.5,12,euclidean,auto,20,,0.40942296357291935
1,0.7666666666666667,0.5,12,euclidean,auto,20,1.0,0.40942296357291935
1,0.7666666666666667,0.5,12,euclidean,auto,20,2.0,0.40942296357291935
1,0.7666666666666667,0.5,12,euclidean,auto,30,,0.40942296357291935
1,0.7666666666666667,0.5,12,euclidean,auto,30,1.0,0.40942296357291935
1,0.7666666666666667,0.5,12,euclidean,auto,30,2.0,0.40942296357291935
1,0.7666666666666667,0.5,12,euclidean,auto,40,,0.40942296357291935
1,0.7666666666666667,0.5,12,euclidean,auto,40,1.0,0.40942296357291935
1,0.7666666666666667,0.5,12,euclidean,auto,40,2.0,0.40942296357291935
1,0.7666666666666667,0.5,12,euclidean,auto,50,,0.40942296357291935
1,0.7666666666666667,0.5,12,euclidean,auto,50,1.0,0.40942296357291935
1,0.7666666666666667,0.5,12,euclidean,auto,50,2.0,0.40942296357291935
1,0.7666666666666667,0.5,12,euclidean,ball_tree,10,,0.40942296357291935
1,0.7666666666666667,0.5,12,euclidean,ball_tree,10,1.0,0.40942296357291935
1,0.7666666666666667,0.5,12,euclidean,ball_tree,10,2.0,0.40942296357291935
1,0.7666666666666667,0.5,12,euclidean,ball_tree,20,,0.40942296357291935
1,0.7666666666666667,0.5,12,euclidean,ball_tree,20,1.0,0.40942296357291935
1,0.7666666666666667,0.5,12,euclidean,ball_tree,20,2.0,0.40942296357291935
1,0.7666666666666667,0.5,12,euclidean,ball_tree,30,,0.40942296357291935
1,0.7666666666666667,0.5,12,euclidean,ball_tree,30,1.0,0.40942296357291935
1,0.7666666666666667,0.5,12,euclidean,ball_tree,30,2.0,0.40942296357291935
1,0.7666666666666667,0.5,12,euclidean,ball_tree,40,,0.40942296357291935
1,0.7666666666666667,0.5,12,euclidean,ball_tree,40,1.0,0.40942296357291935
1,0.7666666666666667,0.5,12,euclidean,ball_tree,40,2.0,0.40942296357291935
1,0.7666666666666667,0.5,12,euclidean,ball_tree,50,,0.40942296357291935
1,0.7666666666666667,0.5,12,euclidean,ball_tree,50,1.0,0.40942296357291935
1,0.7666666666666667,0.5,12,euclidean,ball_tree,50,2.0,0.40942296357291935
1,0.7666666666666667,0.5,12,euclidean,kd_tree,10,,0.40942296357291935
1,0.7666666666666667,0.5,12,euclidean,kd_tree,10,1.0,0.40942296357291935
1,0.7666666666666667,0.5,12,euclidean,kd_tree,10,2.0,0.40942296357291935
1,0.7666666666666667,0.5,12,euclidean,kd_tree,20,,0.40942296357291935
1,0.7666666666666667,0.5,12,euclidean,kd_tree,20,1.0,0.40942296357291935
1,0.7666666666666667,0.5,12,euclidean,kd_tree,20,2.0,0.40942296357291935
1,0.7666666666666667,0.5,12,euclidean,kd_tree,30,,0.40942296357291935
1,0.7666666666666667,0.5,12,euclidean,kd_tree,30,1.0,0.40942296357291935
1,0.7666666666666667,0.5,12,euclidean,kd_tree,30,2.0,0.40942296357291935
1,0.7666666666666667,0.5,12,euclidean,kd_tree,40,,0.40942296357291935
1,0.7666666666666667,0.5,12,euclidean,kd_tree,40,1.0,0.40942296357291935
1,0.7666666666666667,0.5,12,euclidean,kd_tree,40,2.0,0.40942296357291935
1,0.7666666666666667,0.5,12,euclidean,kd_tree,50,,0.40942296357291935
1,0.7666666666666667,0.5,12,euclidean,kd_tree,50,1.0,0.40942296357291935
1,0.7666666666666667,0.5,12,euclidean,kd_tree,50,2.0,0.40942296357291935
1,0.7666666666666667,0.5,12,euclidean,brute,10,,0.40942296357291935
1,0.7666666666666667,0.5,12,euclidean,brute,10,1.0,0.40942296357291935
1,0.7666666666666667,0.5,12,euclidean,brute,10,2.0,0.40942296357291935
1,0.7666666666666667,0.5,12,euclidean,brute,20,,0.40942296357291935
1,0.7666666666666667,0.5,12,euclidean,brute,20,1.0,0.40942296357291935
1,0.7666666666666667,0.5,12,euclidean,brute,20,2.0,0.40942296357291935
1,0.7666666666666667,0.5,12,euclidean,brute,30,,0.40942296357291935
1,0.7666666666666667,0.5,12,euclidean,brute,30,1.0,0.40942296357291935
1,0.7666666666666667,0.5,12,euclidean,brute,30,2.0,0.40942296357291935
1,0.7666666666666667,0.5,12,euclidean,brute,40,,0.40942296357291935
1,0.7666666666666667,0.5,12,euclidean,brute,40,1.0,0.40942296357291935
1,0.7666666666666667,0.5,12,euclidean,brute,40,2.0,0.40942296357291935
1,0.7666666666666667,0.5,12,euclidean,brute,50,,0.40942296357291935
1,0.7666666666666667,0.5,12,euclidean,brute,50,1.0,0.40942296357291935
1,0.7666666666666667,0.5,12,euclidean,brute,50,2.0,0.40942296357291935
0,1.0,0.5,12,manhattan,auto,10,,-1.0
0,1.0,0.5,12,manhattan,auto,10,1.0,-1.0
0,1.0,0.5,12,manhattan,auto,10,2.0,-1.0
0,1.0,0.5,12,manhattan,auto,20,,-1.0
0,1.0,0.5,12,manhattan,auto,20,1.0,-1.0
0,1.0,0.5,12,manhattan,auto,20,2.0,-1.0
0,1.0,0.5,12,manhattan,auto,30,,-1.0
0,1.0,0.5,12,manhattan,auto,30,1.0,-1.0
0,1.0,0.5,12,manhattan,auto,30,2.0,-1.0
0,1.0,0.5,12,manhattan,auto,40,,-1.0
0,1.0,0.5,12,manhattan,auto,40,1.0,-1.0
0,1.0,0.5,12,manhattan,auto,40,2.0,-1.0
0,1.0,0.5,12,manhattan,auto,50,,-1.0
0,1.0,0.5,12,manhattan,auto,50,1.0,-1.0
0,1.0,0.5,12,manhattan,auto,50,2.0,-1.0
0,1.0,0.5,12,manhattan,ball_tree,10,,-1.0
0,1.0,0.5,12,manhattan,ball_tree,10,1.0,-1.0
0,1.0,0.5,12,manhattan,ball_tree,10,2.0,-1.0
0,1.0,0.5,12,manhattan,ball_tree,20,,-1.0
0,1.0,0.5,12,manhattan,ball_tree,20,1.0,-1.0
0,1.0,0.5,12,manhattan,ball_tree,20,2.0,-1.0
0,1.0,0.5,12,manhattan,ball_tree,30,,-1.0
0,1.0,0.5,12,manhattan,ball_tree,30,1.0,-1.0
0,1.0,0.5,12,manhattan,ball_tree,30,2.0,-1.0
0,1.0,0.5,12,manhattan,ball_tree,40,,-1.0
0,1.0,0.5,12,manhattan,ball_tree,40,1.0,-1.0
0,1.0,0.5,12,manhattan,ball_tree,40,2.0,-1.0
0,1.0,0.5,12,manhattan,ball_tree,50,,-1.0
0,1.0,0.5,12,manhattan,ball_tree,50,1.0,-1.0
0,1.0,0.5,12,manhattan,ball_tree,50,2.0,-1.0
0,1.0,0.5,12,manhattan,kd_tree,10,,-1.0
0,1.0,0.5,12,manhattan,kd_tree,10,1.0,-1.0
0,1.0,0.5,12,manhattan,kd_tree,10,2.0,-1.0
0,1.0,0.5,12,manhattan,kd_tree,20,,-1.0
0,1.0,0.5,12,manhattan,kd_tree,20,1.0,-1.0
0,1.0,0.5,12,manhattan,kd_tree,20,2.0,-1.0
0,1.0,0.5,12,manhattan,kd_tree,30,,-1.0
0,1.0,0.5,12,manhattan,kd_tree,30,1.0,-1.0
0,1.0,0.5,12,manhattan,kd_tree,30,2.0,-1.0
0,1.0,0.5,12,manhattan,kd_tree,40,,-1.0
0,1.0,0.5,12,manhattan,kd_tree,40,1.0,-1.0
0,1.0,0.5,12,manhattan,kd_tree,40,2.0,-1.0
0,1.0,0.5,12,manhattan,kd_tree,50,,-1.0
0,1.0,0.5,12,manhattan,kd_tree,50,1.0,-1.0
0,1.0,0.5,12,manhattan,kd_tree,50,2.0,-1.0
0,1.0,0.5,12,manhattan,brute,10,,-1.0
0,1.0,0.5,12,manhattan,brute,10,1.0,-1.0
0,1.0,0.5,12,manhattan,brute,10,2.0,-1.0
0,1.0,0.5,12,manhattan,brute,20,,-1.0
0,1.0,0.5,12,manhattan,brute,20,1.0,-1.0
0,1.0,0.5,12,manhattan,brute,20,2.0,-1.0
0,1.0,0.5,12,manhattan,brute,30,,-1.0
0,1.0,0.5,12,manhattan,brute,30,1.0,-1.0
0,1.0,0.5,12,manhattan,brute,30,2.0,-1.0
0,1.0,0.5,12,manhattan,brute,40,,-1.0
0,1.0,0.5,12,manhattan,brute,40,1.0,-1.0
0,1.0,0.5,12,manhattan,brute,40,2.0,-1.0
0,1.0,0.5,12,manhattan,brute,50,,-1.0
0,1.0,0.5,12,manhattan,brute,50,1.0,-1.0
0,1.0,0.5,12,manhattan,brute,50,2.0,-1.0
0,1.0,0.5,12,mahalanobis,auto,10,,-1.0
0,1.0,0.5,12,mahalanobis,auto,10,1.0,-1.0
0,1.0,0.5,12,mahalanobis,auto,10,2.0,-1.0
0,1.0,0.5,12,mahalanobis,auto,20,,-1.0
0,1.0,0.5,12,mahalanobis,auto,20,1.0,-1.0
0,1.0,0.5,12,mahalanobis,auto,20,2.0,-1.0
0,1.0,0.5,12,mahalanobis,auto,30,,-1.0
0,1.0,0.5,12,mahalanobis,auto,30,1.0,-1.0
0,1.0,0.5,12,mahalanobis,auto,30,2.0,-1.0
0,1.0,0.5,12,mahalanobis,auto,40,,-1.0
0,1.0,0.5,12,mahalanobis,auto,40,1.0,-1.0
0,1.0,0.5,12,mahalanobis,auto,40,2.0,-1.0
0,1.0,0.5,12,mahalanobis,auto,50,,-1.0
0,1.0,0.5,12,mahalanobis,auto,50,1.0,-1.0
0,1.0,0.5,12,mahalanobis,auto,50,2.0,-1.0
0,1.0,0.5,12,mahalanobis,ball_tree,10,,-1.0
0,1.0,0.5,12,mahalanobis,ball_tree,10,1.0,-1.0
0,1.0,0.5,12,mahalanobis,ball_tree,10,2.0,-1.0
0,1.0,0.5,12,mahalanobis,ball_tree,20,,-1.0
0,1.0,0.5,12,mahalanobis,ball_tree,20,1.0,-1.0
0,1.0,0.5,12,mahalanobis,ball_tree,20,2.0,-1.0
0,1.0,0.5,12,mahalanobis,ball_tree,30,,-1.0
0,1.0,0.5,12,mahalanobis,ball_tree,30,1.0,-1.0
0,1.0,0.5,12,mahalanobis,ball_tree,30,2.0,-1.0
0,1.0,0.5,12,mahalanobis,ball_tree,40,,-1.0
0,1.0,0.5,12,mahalanobis,ball_tree,40,1.0,-1.0
0,1.0,0.5,12,mahalanobis,ball_tree,40,2.0,-1.0
0,1.0,0.5,12,mahalanobis,ball_tree,50,,-1.0
0,1.0,0.5,12,mahalanobis,ball_tree,50,1.0,-1.0
0,1.0,0.5,12,mahalanobis,ball_tree,50,2.0,-1.0
0,1.0,0.5,12,mahalanobis,kd_tree,10,,-1.0
0,1.0,0.5,12,mahalanobis,kd_tree,10,1.0,-1.0
0,1.0,0.5,12,mahalanobis,kd_tree,10,2.0,-1.0
0,1.0,0.5,12,mahalanobis,kd_tree,20,,-1.0
0,1.0,0.5,12,mahalanobis,kd_tree,20,1.0,-1.0
0,1.0,0.5,12,mahalanobis,kd_tree,20,2.0,-1.0
0,1.0,0.5,12,mahalanobis,kd_tree,30,,-1.0
0,1.0,0.5,12,mahalanobis,kd_tree,30,1.0,-1.0
0,1.0,0.5,12,mahalanobis,kd_tree,30,2.0,-1.0
0,1.0,0.5,12,mahalanobis,kd_tree,40,,-1.0
0,1.0,0.5,12,mahalanobis,kd_tree,40,1.0,-1.0
0,1.0,0.5,12,mahalanobis,kd_tree,40,2.0,-1.0
0,1.0,0.5,12,mahalanobis,kd_tree,50,,-1.0
0,1.0,0.5,12,mahalanobis,kd_tree,50,1.0,-1.0
0,1.0,0.5,12,mahalanobis,kd_tree,50,2.0,-1.0
0,1.0,0.5,12,mahalanobis,brute,10,,-1.0
0,1.0,0.5,12,mahalanobis,brute,10,1.0,-1.0
0,1.0,0.5,12,mahalanobis,brute,10,2.0,-1.0
0,1.0,0.5,12,mahalanobis,brute,20,,-1.0
0,1.0,0.5,12,mahalanobis,brute,20,1.0,-1.0
0,1.0,0.5,12,mahalanobis,brute,20,2.0,-1.0
0,1.0,0.5,12,mahalanobis,brute,30,,-1.0
0,1.0,0.5,12,mahalanobis,brute,30,1.0,-1.0
0,1.0,0.5,12,mahalanobis,brute,30,2.0,-1.0
0,1.0,0.5,12,mahalanobis,brute,40,,-1.0
0,1.0,0.5,12,mahalanobis,brute,40,1.0,-1.0
0,1.0,0.5,12,mahalanobis,brute,40,2.0,-1.0
0,1.0,0.5,12,mahalanobis,brute,50,,-1.0
0,1.0,0.5,12,mahalanobis,brute,50,1.0,-1.0
0,1.0,0.5,12,mahalanobis,brute,50,2.0,-1.0
1,0.7666666666666667,0.5,13,euclidean,auto,10,,0.40942296357291935
1,0.7666666666666667,0.5,13,euclidean,auto,10,1.0,0.40942296357291935
1,0.7666666666666667,0.5,13,euclidean,auto,10,2.0,0.40942296357291935
1,0.7666666666666667,0.5,13,euclidean,auto,20,,0.40942296357291935
1,0.7666666666666667,0.5,13,euclidean,auto,20,1.0,0.40942296357291935
1,0.7666666666666667,0.5,13,euclidean,auto,20,2.0,0.40942296357291935
1,0.7666666666666667,0.5,13,euclidean,auto,30,,0.40942296357291935
1,0.7666666666666667,0.5,13,euclidean,auto,30,1.0,0.40942296357291935
1,0.7666666666666667,0.5,13,euclidean,auto,30,2.0,0.40942296357291935
1,0.7666666666666667,0.5,13,euclidean,auto,40,,0.40942296357291935
1,0.7666666666666667,0.5,13,euclidean,auto,40,1.0,0.40942296357291935
1,0.7666666666666667,0.5,13,euclidean,auto,40,2.0,0.40942296357291935
1,0.7666666666666667,0.5,13,euclidean,auto,50,,0.40942296357291935
1,0.7666666666666667,0.5,13,euclidean,auto,50,1.0,0.40942296357291935
1,0.7666666666666667,0.5,13,euclidean,auto,50,2.0,0.40942296357291935
1,0.7666666666666667,0.5,13,euclidean,ball_tree,10,,0.40942296357291935
1,0.7666666666666667,0.5,13,euclidean,ball_tree,10,1.0,0.40942296357291935
1,0.7666666666666667,0.5,13,euclidean,ball_tree,10,2.0,0.40942296357291935
1,0.7666666666666667,0.5,13,euclidean,ball_tree,20,,0.40942296357291935
1,0.7666666666666667,0.5,13,euclidean,ball_tree,20,1.0,0.40942296357291935
1,0.7666666666666667,0.5,13,euclidean,ball_tree,20,2.0,0.40942296357291935
1,0.7666666666666667,0.5,13,euclidean,ball_tree,30,,0.40942296357291935
1,0.7666666666666667,0.5,13,euclidean,ball_tree,30,1.0,0.40942296357291935
1,0.7666666666666667,0.5,13,euclidean,ball_tree,30,2.0,0.40942296357291935
1,0.7666666666666667,0.5,13,euclidean,ball_tree,40,,0.40942296357291935
1,0.7666666666666667,0.5,13,euclidean,ball_tree,40,1.0,0.40942296357291935
1,0.7666666666666667,0.5,13,euclidean,ball_tree,40,2.0,0.40942296357291935
1,0.7666666666666667,0.5,13,euclidean,ball_tree,50,,0.40942296357291935
1,0.7666666666666667,0.5,13,euclidean,ball_tree,50,1.0,0.40942296357291935
1,0.7666666666666667,0.5,13,euclidean,ball_tree,50,2.0,0.40942296357291935
1,0.7666666666666667,0.5,13,euclidean,kd_tree,10,,0.40942296357291935
1,0.7666666666666667,0.5,13,euclidean,kd_tree,10,1.0,0.40942296357291935
1,0.7666666666666667,0.5,13,euclidean,kd_tree,10,2.0,0.40942296357291935
1,0.7666666666666667,0.5,13,euclidean,kd_tree,20,,0.40942296357291935
1,0.7666666666666667,0.5,13,euclidean,kd_tree,20,1.0,0.40942296357291935
1,0.7666666666666667,0.5,13,euclidean,kd_tree,20,2.0,0.40942296357291935
1,0.7666666666666667,0.5,13,euclidean,kd_tree,30,,0.40942296357291935
1,0.7666666666666667,0.5,13,euclidean,kd_tree,30,1.0,0.40942296357291935
1,0.7666666666666667,0.5,13,euclidean,kd_tree,30,2.0,0.40942296357291935
1,0.7666666666666667,0.5,13,euclidean,kd_tree,40,,0.40942296357291935
1,0.7666666666666667,0.5,13,euclidean,kd_tree,40,1.0,0.40942296357291935
1,0.7666666666666667,0.5,13,euclidean,kd_tree,40,2.0,0.40942296357291935
1,0.7666666666666667,0.5,13,euclidean,kd_tree,50,,0.40942296357291935
1,0.7666666666666667,0.5,13,euclidean,kd_tree,50,1.0,0.40942296357291935
1,0.7666666666666667,0.5,13,euclidean,kd_tree,50,2.0,0.40942296357291935
1,0.7666666666666667,0.5,13,euclidean,brute,10,,0.40942296357291935
1,0.7666666666666667,0.5,13,euclidean,brute,10,1.0,0.40942296357291935
1,0.7666666666666667,0.5,13,euclidean,brute,10,2.0,0.40942296357291935
1,0.7666666666666667,0.5,13,euclidean,brute,20,,0.40942296357291935
1,0.7666666666666667,0.5,13,euclidean,brute,20,1.0,0.40942296357291935
1,0.7666666666666667,0.5,13,euclidean,brute,20,2.0,0.40942296357291935
1,0.7666666666666667,0.5,13,euclidean,brute,30,,0.40942296357291935
1,0.7666666666666667,0.5,13,euclidean,brute,30,1.0,0.40942296357291935
1,0.7666666666666667,0.5,13,euclidean,brute,30,2.0,0.40942296357291935
1,0.7666666666666667,0.5,13,euclidean,brute,40,,0.40942296357291935
1,0.7666666666666667,0.5,13,euclidean,brute,40,1.0,0.40942296357291935
1,0.7666666666666667,0.5,13,euclidean,brute,40,2.0,0.40942296357291935
1,0.7666666666666667,0.5,13,euclidean,brute,50,,0.40942296357291935
1,0.7666666666666667,0.5,13,euclidean,brute,50,1.0,0.40942296357291935
1,0.7666666666666667,0.5,13,euclidean,brute,50,2.0,0.40942296357291935
0,1.0,0.5,13,manhattan,auto,10,,-1.0
0,1.0,0.5,13,manhattan,auto,10,1.0,-1.0
0,1.0,0.5,13,manhattan,auto,10,2.0,-1.0
0,1.0,0.5,13,manhattan,auto,20,,-1.0
0,1.0,0.5,13,manhattan,auto,20,1.0,-1.0
0,1.0,0.5,13,manhattan,auto,20,2.0,-1.0
0,1.0,0.5,13,manhattan,auto,30,,-1.0
0,1.0,0.5,13,manhattan,auto,30,1.0,-1.0
0,1.0,0.5,13,manhattan,auto,30,2.0,-1.0
0,1.0,0.5,13,manhattan,auto,40,,-1.0
0,1.0,0.5,13,manhattan,auto,40,1.0,-1.0
0,1.0,0.5,13,manhattan,auto,40,2.0,-1.0
0,1.0,0.5,13,manhattan,auto,50,,-1.0
0,1.0,0.5,13,manhattan,auto,50,1.0,-1.0
0,1.0,0.5,13,manhattan,auto,50,2.0,-1.0
0,1.0,0.5,13,manhattan,ball_tree,10,,-1.0
0,1.0,0.5,13,manhattan,ball_tree,10,1.0,-1.0
0,1.0,0.5,13,manhattan,ball_tree,10,2.0,-1.0
0,1.0,0.5,13,manhattan,ball_tree,20,,-1.0
0,1.0,0.5,13,manhattan,ball_tree,20,1.0,-1.0
0,1.0,0.5,13,manhattan,ball_tree,20,2.0,-1.0
0,1.0,0.5,13,manhattan,ball_tree,30,,-1.0
0,1.0,0.5,13,manhattan,ball_tree,30,1.0,-1.0
0,1.0,0.5,13,manhattan,ball_tree,30,2.0,-1.0
0,1.0,0.5,13,manhattan,ball_tree,40,,-1.0
0,1.0,0.5,13,manhattan,ball_tree,40,1.0,-1.0
0,1.0,0.5,13,manhattan,ball_tree,40,2.0,-1.0
0,1.0,0.5,13,manhattan,ball_tree,50,,-1.0
0,1.0,0.5,13,manhattan,ball_tree,50,1.0,-1.0
0,1.0,0.5,13,manhattan,ball_tree,50,2.0,-1.0
0,1.0,0.5,13,manhattan,kd_tree,10,,-1.0
0,1.0,0.5,13,manhattan,kd_tree,10,1.0,-1.0
0,1.0,0.5,13,manhattan,kd_tree,10,2.0,-1.0
0,1.0,0.5,13,manhattan,kd_tree,20,,-1.0
0,1.0,0.5,13,manhattan,kd_tree,20,1.0,-1.0
0,1.0,0.5,13,manhattan,kd_tree,20,2.0,-1.0
0,1.0,0.5,13,manhattan,kd_tree,30,,-1.0
0,1.0,0.5,13,manhattan,kd_tree,30,1.0,-1.0
0,1.0,0.5,13,manhattan,kd_tree,30,2.0,-1.0
0,1.0,0.5,13,manhattan,kd_tree,40,,-1.0
0,1.0,0.5,13,manhattan,kd_tree,40,1.0,-1.0
0,1.0,0.5,13,manhattan,kd_tree,40,2.0,-1.0
0,1.0,0.5,13,manhattan,kd_tree,50,,-1.0
0,1.0,0.5,13,manhattan,kd_tree,50,1.0,-1.0
0,1.0,0.5,13,manhattan,kd_tree,50,2.0,-1.0
0,1.0,0.5,13,manhattan,brute,10,,-1.0
0,1.0,0.5,13,manhattan,brute,10,1.0,-1.0
0,1.0,0.5,13,manhattan,brute,10,2.0,-1.0
0,1.0,0.5,13,manhattan,brute,20,,-1.0
0,1.0,0.5,13,manhattan,brute,20,1.0,-1.0
0,1.0,0.5,13,manhattan,brute,20,2.0,-1.0
0,1.0,0.5,13,manhattan,brute,30,,-1.0
0,1.0,0.5,13,manhattan,brute,30,1.0,-1.0
0,1.0,0.5,13,manhattan,brute,30,2.0,-1.0
0,1.0,0.5,13,manhattan,brute,40,,-1.0
0,1.0,0.5,13,manhattan,brute,40,1.0,-1.0
0,1.0,0.5,13,manhattan,brute,40,2.0,-1.0
0,1.0,0.5,13,manhattan,brute,50,,-1.0
0,1.0,0.5,13,manhattan,brute,50,1.0,-1.0
0,1.0,0.5,13,manhattan,brute,50,2.0,-1.0
0,1.0,0.5,13,mahalanobis,auto,10,,-1.0
0,1.0,0.5,13,mahalanobis,auto,10,1.0,-1.0
0,1.0,0.5,13,mahalanobis,auto,10,2.0,-1.0
0,1.0,0.5,13,mahalanobis,auto,20,,-1.0
0,1.0,0.5,13,mahalanobis,auto,20,1.0,-1.0
0,1.0,0.5,13,mahalanobis,auto,20,2.0,-1.0
0,1.0,0.5,13,mahalanobis,auto,30,,-1.0
0,1.0,0.5,13,mahalanobis,auto,30,1.0,-1.0
0,1.0,0.5,13,mahalanobis,auto,30,2.0,-1.0
0,1.0,0.5,13,mahalanobis,auto,40,,-1.0
0,1.0,0.5,13,mahalanobis,auto,40,1.0,-1.0
0,1.0,0.5,13,mahalanobis,auto,40,2.0,-1.0
0,1.0,0.5,13,mahalanobis,auto,50,,-1.0
0,1.0,0.5,13,mahalanobis,auto,50,1.0,-1.0
0,1.0,0.5,13,mahalanobis,auto,50,2.0,-1.0
0,1.0,0.5,13,mahalanobis,ball_tree,10,,-1.0
0,1.0,0.5,13,mahalanobis,ball_tree,10,1.0,-1.0
0,1.0,0.5,13,mahalanobis,ball_tree,10,2.0,-1.0
0,1.0,0.5,13,mahalanobis,ball_tree,20,,-1.0
0,1.0,0.5,13,mahalanobis,ball_tree,20,1.0,-1.0
0,1.0,0.5,13,mahalanobis,ball_tree,20,2.0,-1.0
0,1.0,0.5,13,mahalanobis,ball_tree,30,,-1.0
0,1.0,0.5,13,mahalanobis,ball_tree,30,1.0,-1.0
0,1.0,0.5,13,mahalanobis,ball_tree,30,2.0,-1.0
0,1.0,0.5,13,mahalanobis,ball_tree,40,,-1.0
0,1.0,0.5,13,mahalanobis,ball_tree,40,1.0,-1.0
0,1.0,0.5,13,mahalanobis,ball_tree,40,2.0,-1.0
0,1.0,0.5,13,mahalanobis,ball_tree,50,,-1.0
0,1.0,0.5,13,mahalanobis,ball_tree,50,1.0,-1.0
0,1.0,0.5,13,mahalanobis,ball_tree,50,2.0,-1.0
0,1.0,0.5,13,mahalanobis,kd_tree,10,,-1.0
0,1.0,0.5,13,mahalanobis,kd_tree,10,1.0,-1.0
0,1.0,0.5,13,mahalanobis,kd_tree,10,2.0,-1.0
0,1.0,0.5,13,mahalanobis,kd_tree,20,,-1.0
0,1.0,0.5,13,mahalanobis,kd_tree,20,1.0,-1.0
0,1.0,0.5,13,mahalanobis,kd_tree,20,2.0,-1.0
0,1.0,0.5,13,mahalanobis,kd_tree,30,,-1.0
0,1.0,0.5,13,mahalanobis,kd_tree,30,1.0,-1.0
0,1.0,0.5,13,mahalanobis,kd_tree,30,2.0,-1.0
0,1.0,0.5,13,mahalanobis,kd_tree,40,,-1.0
0,1.0,0.5,13,mahalanobis,kd_tree,40,1.0,-1.0
0,1.0,0.5,13,mahalanobis,kd_tree,40,2.0,-1.0
0,1.0,0.5,13,mahalanobis,kd_tree,50,,-1.0
0,1.0,0.5,13,mahalanobis,kd_tree,50,1.0,-1.0
0,1.0,0.5,13,mahalanobis,kd_tree,50,2.0,-1.0
0,1.0,0.5,13,mahalanobis,brute,10,,-1.0
0,1.0,0.5,13,mahalanobis,brute,10,1.0,-1.0
0,1.0,0.5,13,mahalanobis,brute,10,2.0,-1.0
0,1.0,0.5,13,mahalanobis,brute,20,,-1.0
0,1.0,0.5,13,mahalanobis,brute,20,1.0,-1.0
0,1.0,0.5,13,mahalanobis,brute,20,2.0,-1.0
0,1.0,0.5,13,mahalanobis,brute,30,,-1.0
0,1.0,0.5,13,mahalanobis,brute,30,1.0,-1.0
0,1.0,0.5,13,mahalanobis,brute,30,2.0,-1.0
0,1.0,0.5,13,mahalanobis,brute,40,,-1.0
0,1.0,0.5,13,mahalanobis,brute,40,1.0,-1.0
0,1.0,0.5,13,mahalanobis,brute,40,2.0,-1.0
0,1.0,0.5,13,mahalanobis,brute,50,,-1.0
0,1.0,0.5,13,mahalanobis,brute,50,1.0,-1.0
0,1.0,0.5,13,mahalanobis,brute,50,2.0,-1.0
1,0.7866666666666666,0.5,14,euclidean,auto,10,,0.37256281432041044
1,0.7866666666666666,0.5,14,euclidean,auto,10,1.0,0.37256281432041044
1,0.7866666666666666,0.5,14,euclidean,auto,10,2.0,0.37256281432041044
1,0.7866666666666666,0.5,14,euclidean,auto,20,,0.37256281432041044
1,0.7866666666666666,0.5,14,euclidean,auto,20,1.0,0.37256281432041044
1,0.7866666666666666,0.5,14,euclidean,auto,20,2.0,0.37256281432041044
1,0.7866666666666666,0.5,14,euclidean,auto,30,,0.37256281432041044
1,0.7866666666666666,0.5,14,euclidean,auto,30,1.0,0.37256281432041044
1,0.7866666666666666,0.5,14,euclidean,auto,30,2.0,0.37256281432041044
1,0.7866666666666666,0.5,14,euclidean,auto,40,,0.37256281432041044
1,0.7866666666666666,0.5,14,euclidean,auto,40,1.0,0.37256281432041044
1,0.7866666666666666,0.5,14,euclidean,auto,40,2.0,0.37256281432041044
1,0.7866666666666666,0.5,14,euclidean,auto,50,,0.37256281432041044
1,0.7866666666666666,0.5,14,euclidean,auto,50,1.0,0.37256281432041044
1,0.7866666666666666,0.5,14,euclidean,auto,50,2.0,0.37256281432041044
1,0.7866666666666666,0.5,14,euclidean,ball_tree,10,,0.37256281432041044
1,0.7866666666666666,0.5,14,euclidean,ball_tree,10,1.0,0.37256281432041044
1,0.7866666666666666,0.5,14,euclidean,ball_tree,10,2.0,0.37256281432041044
1,0.7866666666666666,0.5,14,euclidean,ball_tree,20,,0.37256281432041044
1,0.7866666666666666,0.5,14,euclidean,ball_tree,20,1.0,0.37256281432041044
1,0.7866666666666666,0.5,14,euclidean,ball_tree,20,2.0,0.37256281432041044
1,0.7866666666666666,0.5,14,euclidean,ball_tree,30,,0.37256281432041044
1,0.7866666666666666,0.5,14,euclidean,ball_tree,30,1.0,0.37256281432041044
1,0.7866666666666666,0.5,14,euclidean,ball_tree,30,2.0,0.37256281432041044
1,0.7866666666666666,0.5,14,euclidean,ball_tree,40,,0.37256281432041044
1,0.7866666666666666,0.5,14,euclidean,ball_tree,40,1.0,0.37256281432041044
1,0.7866666666666666,0.5,14,euclidean,ball_tree,40,2.0,0.37256281432041044
1,0.7866666666666666,0.5,14,euclidean,ball_tree,50,,0.37256281432041044
1,0.7866666666666666,0.5,14,euclidean,ball_tree,50,1.0,0.37256281432041044
1,0.7866666666666666,0.5,14,euclidean,ball_tree,50,2.0,0.37256281432041044
1,0.7866666666666666,0.5,14,euclidean,kd_tree,10,,0.37256281432041044
1,0.7866666666666666,0.5,14,euclidean,kd_tree,10,1.0,0.37256281432041044
1,0.7866666666666666,0.5,14,euclidean,kd_tree,10,2.0,0.37256281432041044
1,0.7866666666666666,0.5,14,euclidean,kd_tree,20,,0.37256281432041044
1,0.7866666666666666,0.5,14,euclidean,kd_tree,20,1.0,0.37256281432041044
1,0.7866666666666666,0.5,14,euclidean,kd_tree,20,2.0,0.37256281432041044
1,0.7866666666666666,0.5,14,euclidean,kd_tree,30,,0.37256281432041044
1,0.7866666666666666,0.5,14,euclidean,kd_tree,30,1.0,0.37256281432041044
1,0.7866666666666666,0.5,14,euclidean,kd_tree,30,2.0,0.37256281432041044
1,0.7866666666666666,0.5,14,euclidean,kd_tree,40,,0.37256281432041044
1,0.7866666666666666,0.5,14,euclidean,kd_tree,40,1.0,0.37256281432041044
1,0.7866666666666666,0.5,14,euclidean,kd_tree,40,2.0,0.37256281432041044
1,0.7866666666666666,0.5,14,euclidean,kd_tree,50,,0.37256281432041044
1,0.7866666666666666,0.5,14,euclidean,kd_tree,50,1.0,0.37256281432041044
1,0.7866666666666666,0.5,14,euclidean,kd_tree,50,2.0,0.37256281432041044
1,0.7866666666666666,0.5,14,euclidean,brute,10,,0.37256281432041044
1,0.7866666666666666,0.5,14,euclidean,brute,10,1.0,0.37256281432041044
1,0.7866666666666666,0.5,14,euclidean,brute,10,2.0,0.37256281432041044
1,0.7866666666666666,0.5,14,euclidean,brute,20,,0.37256281432041044
1,0.7866666666666666,0.5,14,euclidean,brute,20,1.0,0.37256281432041044
1,0.7866666666666666,0.5,14,euclidean,brute,20,2.0,0.37256281432041044
1,0.7866666666666666,0.5,14,euclidean,brute,30,,0.37256281432041044
1,0.7866666666666666,0.5,14,euclidean,brute,30,1.0,0.37256281432041044
1,0.7866666666666666,0.5,14,euclidean,brute,30,2.0,0.37256281432041044
1,0.7866666666666666,0.5,14,euclidean,brute,40,,0.37256281432041044
1,0.7866666666666666,0.5,14,euclidean,brute,40,1.0,0.37256281432041044
1,0.7866666666666666,0.5,14,euclidean,brute,40,2.0,0.37256281432041044
1,0.7866666666666666,0.5,14,euclidean,brute,50,,0.37256281432041044
1,0.7866666666666666,0.5,14,euclidean,brute,50,1.0,0.37256281432041044
1,0.7866666666666666,0.5,14,euclidean,brute,50,2.0,0.37256281432041044
0,1.0,0.5,14,manhattan,auto,10,,-1.0
0,1.0,0.5,14,manhattan,auto,10,1.0,-1.0
0,1.0,0.5,14,manhattan,auto,10,2.0,-1.0
0,1.0,0.5,14,manhattan,auto,20,,-1.0
0,1.0,0.5,14,manhattan,auto,20,1.0,-1.0
0,1.0,0.5,14,manhattan,auto,20,2.0,-1.0
0,1.0,0.5,14,manhattan,auto,30,,-1.0
0,1.0,0.5,14,manhattan,auto,30,1.0,-1.0
0,1.0,0.5,14,manhattan,auto,30,2.0,-1.0
0,1.0,0.5,14,manhattan,auto,40,,-1.0
0,1.0,0.5,14,manhattan,auto,40,1.0,-1.0
0,1.0,0.5,14,manhattan,auto,40,2.0,-1.0
0,1.0,0.5,14,manhattan,auto,50,,-1.0
0,1.0,0.5,14,manhattan,auto,50,1.0,-1.0
0,1.0,0.5,14,manhattan,auto,50,2.0,-1.0
0,1.0,0.5,14,manhattan,ball_tree,10,,-1.0
0,1.0,0.5,14,manhattan,ball_tree,10,1.0,-1.0
0,1.0,0.5,14,manhattan,ball_tree,10,2.0,-1.0
0,1.0,0.5,14,manhattan,ball_tree,20,,-1.0
0,1.0,0.5,14,manhattan,ball_tree,20,1.0,-1.0
0,1.0,0.5,14,manhattan,ball_tree,20,2.0,-1.0
0,1.0,0.5,14,manhattan,ball_tree,30,,-1.0
0,1.0,0.5,14,manhattan,ball_tree,30,1.0,-1.0
0,1.0,0.5,14,manhattan,ball_tree,30,2.0,-1.0
0,1.0,0.5,14,manhattan,ball_tree,40,,-1.0
0,1.0,0.5,14,manhattan,ball_tree,40,1.0,-1.0
0,1.0,0.5,14,manhattan,ball_tree,40,2.0,-1.0
0,1.0,0.5,14,manhattan,ball_tree,50,,-1.0
0,1.0,0.5,14,manhattan,ball_tree,50,1.0,-1.0
0,1.0,0.5,14,manhattan,ball_tree,50,2.0,-1.0
0,1.0,0.5,14,manhattan,kd_tree,10,,-1.0
0,1.0,0.5,14,manhattan,kd_tree,10,1.0,-1.0
0,1.0,0.5,14,manhattan,kd_tree,10,2.0,-1.0
0,1.0,0.5,14,manhattan,kd_tree,20,,-1.0
0,1.0,0.5,14,manhattan,kd_tree,20,1.0,-1.0
0,1.0,0.5,14,manhattan,kd_tree,20,2.0,-1.0
0,1.0,0.5,14,manhattan,kd_tree,30,,-1.0
0,1.0,0.5,14,manhattan,kd_tree,30,1.0,-1.0
0,1.0,0.5,14,manhattan,kd_tree,30,2.0,-1.0
0,1.0,0.5,14,manhattan,kd_tree,40,,-1.0
0,1.0,0.5,14,manhattan,kd_tree,40,1.0,-1.0
0,1.0,0.5,14,manhattan,kd_tree,40,2.0,-1.0
0,1.0,0.5,14,manhattan,kd_tree,50,,-1.0
0,1.0,0.5,14,manhattan,kd_tree,50,1.0,-1.0
0,1.0,0.5,14,manhattan,kd_tree,50,2.0,-1.0
0,1.0,0.5,14,manhattan,brute,10,,-1.0
0,1.0,0.5,14,manhattan,brute,10,1.0,-1.0
0,1.0,0.5,14,manhattan,brute,10,2.0,-1.0
0,1.0,0.5,14,manhattan,brute,20,,-1.0
0,1.0,0.5,14,manhattan,brute,20,1.0,-1.0
0,1.0,0.5,14,manhattan,brute,20,2.0,-1.0
0,1.0,0.5,14,manhattan,brute,30,,-1.0
0,1.0,0.5,14,manhattan,brute,30,1.0,-1.0
0,1.0,0.5,14,manhattan,brute,30,2.0,-1.0
0,1.0,0.5,14,manhattan,brute,40,,-1.0
0,1.0,0.5,14,manhattan,brute,40,1.0,-1.0
0,1.0,0.5,14,manhattan,brute,40,2.0,-1.0
0,1.0,0.5,14,manhattan,brute,50,,-1.0
0,1.0,0.5,14,manhattan,brute,50,1.0,-1.0
0,1.0,0.5,14,manhattan,brute,50,2.0,-1.0
0,1.0,0.5,14,mahalanobis,auto,10,,-1.0
0,1.0,0.5,14,mahalanobis,auto,10,1.0,-1.0
0,1.0,0.5,14,mahalanobis,auto,10,2.0,-1.0
0,1.0,0.5,14,mahalanobis,auto,20,,-1.0
0,1.0,0.5,14,mahalanobis,auto,20,1.0,-1.0
0,1.0,0.5,14,mahalanobis,auto,20,2.0,-1.0
0,1.0,0.5,14,mahalanobis,auto,30,,-1.0
0,1.0,0.5,14,mahalanobis,auto,30,1.0,-1.0
0,1.0,0.5,14,mahalanobis,auto,30,2.0,-1.0
0,1.0,0.5,14,mahalanobis,auto,40,,-1.0
0,1.0,0.5,14,mahalanobis,auto,40,1.0,-1.0
0,1.0,0.5,14,mahalanobis,auto,40,2.0,-1.0
0,1.0,0.5,14,mahalanobis,auto,50,,-1.0
0,1.0,0.5,14,mahalanobis,auto,50,1.0,-1.0
0,1.0,0.5,14,mahalanobis,auto,50,2.0,-1.0
0,1.0,0.5,14,mahalanobis,ball_tree,10,,-1.0
0,1.0,0.5,14,mahalanobis,ball_tree,10,1.0,-1.0
0,1.0,0.5,14,mahalanobis,ball_tree,10,2.0,-1.0
0,1.0,0.5,14,mahalanobis,ball_tree,20,,-1.0
0,1.0,0.5,14,mahalanobis,ball_tree,20,1.0,-1.0
0,1.0,0.5,14,mahalanobis,ball_tree,20,2.0,-1.0
0,1.0,0.5,14,mahalanobis,ball_tree,30,,-1.0
0,1.0,0.5,14,mahalanobis,ball_tree,30,1.0,-1.0
0,1.0,0.5,14,mahalanobis,ball_tree,30,2.0,-1.0
0,1.0,0.5,14,mahalanobis,ball_tree,40,,-1.0
0,1.0,0.5,14,mahalanobis,ball_tree,40,1.0,-1.0
0,1.0,0.5,14,mahalanobis,ball_tree,40,2.0,-1.0
0,1.0,0.5,14,mahalanobis,ball_tree,50,,-1.0
0,1.0,0.5,14,mahalanobis,ball_tree,50,1.0,-1.0
0,1.0,0.5,14,mahalanobis,ball_tree,50,2.0,-1.0
0,1.0,0.5,14,mahalanobis,kd_tree,10,,-1.0
0,1.0,0.5,14,mahalanobis,kd_tree,10,1.0,-1.0
0,1.0,0.5,14,mahalanobis,kd_tree,10,2.0,-1.0
0,1.0,0.5,14,mahalanobis,kd_tree,20,,-1.0
0,1.0,0.5,14,mahalanobis,kd_tree,20,1.0,-1.0
0,1.0,0.5,14,mahalanobis,kd_tree,20,2.0,-1.0
0,1.0,0.5,14,mahalanobis,kd_tree,30,,-1.0
0,1.0,0.5,14,mahalanobis,kd_tree,30,1.0,-1.0
0,1.0,0.5,14,mahalanobis,kd_tree,30,2.0,-1.0
0,1.0,0.5,14,mahalanobis,kd_tree,40,,-1.0
0,1.0,0.5,14,mahalanobis,kd_tree,40,1.0,-1.0
0,1.0,0.5,14,mahalanobis,kd_tree,40,2.0,-1.0
0,1.0,0.5,14,mahalanobis,kd_tree,50,,-1.0
0,1.0,0.5,14,mahalanobis,kd_tree,50,1.0,-1.0
0,1.0,0.5,14,mahalanobis,kd_tree,50,2.0,-1.0
0,1.0,0.5,14,mahalanobis,brute,10,,-1.0
0,1.0,0.5,14,mahalanobis,brute,10,1.0,-1.0
0,1.0,0.5,14,mahalanobis,brute,10,2.0,-1.0
0,1.0,0.5,14,mahalanobis,brute,20,,-1.0
0,1.0,0.5,14,mahalanobis,brute,20,1.0,-1.0
0,1.0,0.5,14,mahalanobis,brute,20,2.0,-1.0
0,1.0,0.5,14,mahalanobis,brute,30,,-1.0
0,1.0,0.5,14,mahalanobis,brute,30,1.0,-1.0
0,1.0,0.5,14,mahalanobis,brute,30,2.0,-1.0
0,1.0,0.5,14,mahalanobis,brute,40,,-1.0
0,1.0,0.5,14,mahalanobis,brute,40,1.0,-1.0
0,1.0,0.5,14,mahalanobis,brute,40,2.0,-1.0
0,1.0,0.5,14,mahalanobis,brute,50,,-1.0
0,1.0,0.5,14,mahalanobis,brute,50,1.0,-1.0
0,1.0,0.5,14,mahalanobis,brute,50,2.0,-1.0
1,0.8466666666666667,0.5,15,euclidean,auto,10,,0.26043428037902855
1,0.8466666666666667,0.5,15,euclidean,auto,10,1.0,0.26043428037902855
1,0.8466666666666667,0.5,15,euclidean,auto,10,2.0,0.26043428037902855
1,0.8466666666666667,0.5,15,euclidean,auto,20,,0.26043428037902855
1,0.8466666666666667,0.5,15,euclidean,auto,20,1.0,0.26043428037902855
1,0.8466666666666667,0.5,15,euclidean,auto,20,2.0,0.26043428037902855
1,0.8466666666666667,0.5,15,euclidean,auto,30,,0.26043428037902855
1,0.8466666666666667,0.5,15,euclidean,auto,30,1.0,0.26043428037902855
1,0.8466666666666667,0.5,15,euclidean,auto,30,2.0,0.26043428037902855
1,0.8466666666666667,0.5,15,euclidean,auto,40,,0.26043428037902855
1,0.8466666666666667,0.5,15,euclidean,auto,40,1.0,0.26043428037902855
1,0.8466666666666667,0.5,15,euclidean,auto,40,2.0,0.26043428037902855
1,0.8466666666666667,0.5,15,euclidean,auto,50,,0.26043428037902855
1,0.8466666666666667,0.5,15,euclidean,auto,50,1.0,0.26043428037902855
1,0.8466666666666667,0.5,15,euclidean,auto,50,2.0,0.26043428037902855
1,0.8466666666666667,0.5,15,euclidean,ball_tree,10,,0.26043428037902855
1,0.8466666666666667,0.5,15,euclidean,ball_tree,10,1.0,0.26043428037902855
1,0.8466666666666667,0.5,15,euclidean,ball_tree,10,2.0,0.26043428037902855
1,0.8466666666666667,0.5,15,euclidean,ball_tree,20,,0.26043428037902855
1,0.8466666666666667,0.5,15,euclidean,ball_tree,20,1.0,0.26043428037902855
1,0.8466666666666667,0.5,15,euclidean,ball_tree,20,2.0,0.26043428037902855
1,0.8466666666666667,0.5,15,euclidean,ball_tree,30,,0.26043428037902855
1,0.8466666666666667,0.5,15,euclidean,ball_tree,30,1.0,0.26043428037902855
1,0.8466666666666667,0.5,15,euclidean,ball_tree,30,2.0,0.26043428037902855
1,0.8466666666666667,0.5,15,euclidean,ball_tree,40,,0.26043428037902855
1,0.8466666666666667,0.5,15,euclidean,ball_tree,40,1.0,0.26043428037902855
1,0.8466666666666667,0.5,15,euclidean,ball_tree,40,2.0,0.26043428037902855
1,0.8466666666666667,0.5,15,euclidean,ball_tree,50,,0.26043428037902855
1,0.8466666666666667,0.5,15,euclidean,ball_tree,50,1.0,0.26043428037902855
1,0.8466666666666667,0.5,15,euclidean,ball_tree,50,2.0,0.26043428037902855
1,0.8466666666666667,0.5,15,euclidean,kd_tree,10,,0.26043428037902855
1,0.8466666666666667,0.5,15,euclidean,kd_tree,10,1.0,0.26043428037902855
1,0.8466666666666667,0.5,15,euclidean,kd_tree,10,2.0,0.26043428037902855
1,0.8466666666666667,0.5,15,euclidean,kd_tree,20,,0.26043428037902855
1,0.8466666666666667,0.5,15,euclidean,kd_tree,20,1.0,0.26043428037902855
1,0.8466666666666667,0.5,15,euclidean,kd_tree,20,2.0,0.26043428037902855
1,0.8466666666666667,0.5,15,euclidean,kd_tree,30,,0.26043428037902855
1,0.8466666666666667,0.5,15,euclidean,kd_tree,30,1.0,0.26043428037902855
1,0.8466666666666667,0.5,15,euclidean,kd_tree,30,2.0,0.26043428037902855
1,0.8466666666666667,0.5,15,euclidean,kd_tree,40,,0.26043428037902855
1,0.8466666666666667,0.5,15,euclidean,kd_tree,40,1.0,0.26043428037902855
1,0.8466666666666667,0.5,15,euclidean,kd_tree,40,2.0,0.26043428037902855
1,0.8466666666666667,0.5,15,euclidean,kd_tree,50,,0.26043428037902855
1,0.8466666666666667,0.5,15,euclidean,kd_tree,50,1.0,0.26043428037902855
1,0.8466666666666667,0.5,15,euclidean,kd_tree,50,2.0,0.26043428037902855
1,0.8466666666666667,0.5,15,euclidean,brute,10,,0.26043428037902855
1,0.8466666666666667,0.5,15,euclidean,brute,10,1.0,0.26043428037902855
1,0.8466666666666667,0.5,15,euclidean,brute,10,2.0,0.26043428037902855
1,0.8466666666666667,0.5,15,euclidean,brute,20,,0.26043428037902855
1,0.8466666666666667,0.5,15,euclidean,brute,20,1.0,0.26043428037902855
1,0.8466666666666667,0.5,15,euclidean,brute,20,2.0,0.26043428037902855
1,0.8466666666666667,0.5,15,euclidean,brute,30,,0.26043428037902855
1,0.8466666666666667,0.5,15,euclidean,brute,30,1.0,0.26043428037902855
1,0.8466666666666667,0.5,15,euclidean,brute,30,2.0,0.26043428037902855
1,0.8466666666666667,0.5,15,euclidean,brute,40,,0.26043428037902855
1,0.8466666666666667,0.5,15,euclidean,brute,40,1.0,0.26043428037902855
1,0.8466666666666667,0.5,15,euclidean,brute,40,2.0,0.26043428037902855
1,0.8466666666666667,0.5,15,euclidean,brute,50,,0.26043428037902855
1,0.8466666666666667,0.5,15,euclidean,brute,50,1.0,0.26043428037902855
1,0.8466666666666667,0.5,15,euclidean,brute,50,2.0,0.26043428037902855
0,1.0,0.5,15,manhattan,auto,10,,-1.0
0,1.0,0.5,15,manhattan,auto,10,1.0,-1.0
0,1.0,0.5,15,manhattan,auto,10,2.0,-1.0
0,1.0,0.5,15,manhattan,auto,20,,-1.0
0,1.0,0.5,15,manhattan,auto,20,1.0,-1.0
0,1.0,0.5,15,manhattan,auto,20,2.0,-1.0
0,1.0,0.5,15,manhattan,auto,30,,-1.0
0,1.0,0.5,15,manhattan,auto,30,1.0,-1.0
0,1.0,0.5,15,manhattan,auto,30,2.0,-1.0
0,1.0,0.5,15,manhattan,auto,40,,-1.0
0,1.0,0.5,15,manhattan,auto,40,1.0,-1.0
0,1.0,0.5,15,manhattan,auto,40,2.0,-1.0
0,1.0,0.5,15,manhattan,auto,50,,-1.0
0,1.0,0.5,15,manhattan,auto,50,1.0,-1.0
0,1.0,0.5,15,manhattan,auto,50,2.0,-1.0
0,1.0,0.5,15,manhattan,ball_tree,10,,-1.0
0,1.0,0.5,15,manhattan,ball_tree,10,1.0,-1.0
0,1.0,0.5,15,manhattan,ball_tree,10,2.0,-1.0
0,1.0,0.5,15,manhattan,ball_tree,20,,-1.0
0,1.0,0.5,15,manhattan,ball_tree,20,1.0,-1.0
0,1.0,0.5,15,manhattan,ball_tree,20,2.0,-1.0
0,1.0,0.5,15,manhattan,ball_tree,30,,-1.0
0,1.0,0.5,15,manhattan,ball_tree,30,1.0,-1.0
0,1.0,0.5,15,manhattan,ball_tree,30,2.0,-1.0
0,1.0,0.5,15,manhattan,ball_tree,40,,-1.0
0,1.0,0.5,15,manhattan,ball_tree,40,1.0,-1.0
0,1.0,0.5,15,manhattan,ball_tree,40,2.0,-1.0
0,1.0,0.5,15,manhattan,ball_tree,50,,-1.0
0,1.0,0.5,15,manhattan,ball_tree,50,1.0,-1.0
0,1.0,0.5,15,manhattan,ball_tree,50,2.0,-1.0
0,1.0,0.5,15,manhattan,kd_tree,10,,-1.0
0,1.0,0.5,15,manhattan,kd_tree,10,1.0,-1.0
0,1.0,0.5,15,manhattan,kd_tree,10,2.0,-1.0
0,1.0,0.5,15,manhattan,kd_tree,20,,-1.0
0,1.0,0.5,15,manhattan,kd_tree,20,1.0,-1.0
0,1.0,0.5,15,manhattan,kd_tree,20,2.0,-1.0
0,1.0,0.5,15,manhattan,kd_tree,30,,-1.0
0,1.0,0.5,15,manhattan,kd_tree,30,1.0,-1.0
0,1.0,0.5,15,manhattan,kd_tree,30,2.0,-1.0
0,1.0,0.5,15,manhattan,kd_tree,40,,-1.0
0,1.0,0.5,15,manhattan,kd_tree,40,1.0,-1.0
0,1.0,0.5,15,manhattan,kd_tree,40,2.0,-1.0
0,1.0,0.5,15,manhattan,kd_tree,50,,-1.0
0,1.0,0.5,15,manhattan,kd_tree,50,1.0,-1.0
0,1.0,0.5,15,manhattan,kd_tree,50,2.0,-1.0
0,1.0,0.5,15,manhattan,brute,10,,-1.0
0,1.0,0.5,15,manhattan,brute,10,1.0,-1.0
0,1.0,0.5,15,manhattan,brute,10,2.0,-1.0
0,1.0,0.5,15,manhattan,brute,20,,-1.0
0,1.0,0.5,15,manhattan,brute,20,1.0,-1.0
0,1.0,0.5,15,manhattan,brute,20,2.0,-1.0
0,1.0,0.5,15,manhattan,brute,30,,-1.0
0,1.0,0.5,15,manhattan,brute,30,1.0,-1.0
0,1.0,0.5,15,manhattan,brute,30,2.0,-1.0
0,1.0,0.5,15,manhattan,brute,40,,-1.0
0,1.0,0.5,15,manhattan,brute,40,1.0,-1.0
0,1.0,0.5,15,manhattan,brute,40,2.0,-1.0
0,1.0,0.5,15,manhattan,brute,50,,-1.0
0,1.0,0.5,15,manhattan,brute,50,1.0,-1.0
0,1.0,0.5,15,manhattan,brute,50,2.0,-1.0
0,1.0,0.5,15,mahalanobis,auto,10,,-1.0
0,1.0,0.5,15,mahalanobis,auto,10,1.0,-1.0
0,1.0,0.5,15,mahalanobis,auto,10,2.0,-1.0
0,1.0,0.5,15,mahalanobis,auto,20,,-1.0
0,1.0,0.5,15,mahalanobis,auto,20,1.0,-1.0
0,1.0,0.5,15,mahalanobis,auto,20,2.0,-1.0
0,1.0,0.5,15,mahalanobis,auto,30,,-1.0
0,1.0,0.5,15,mahalanobis,auto,30,1.0,-1.0
0,1.0,0.5,15,mahalanobis,auto,30,2.0,-1.0
0,1.0,0.5,15,mahalanobis,auto,40,,-1.0
0,1.0,0.5,15,mahalanobis,auto,40,1.0,-1.0
0,1.0,0.5,15,mahalanobis,auto,40,2.0,-1.0
0,1.0,0.5,15,mahalanobis,auto,50,,-1.0
0,1.0,0.5,15,mahalanobis,auto,50,1.0,-1.0
0,1.0,0.5,15,mahalanobis,auto,50,2.0,-1.0
0,1.0,0.5,15,mahalanobis,ball_tree,10,,-1.0
0,1.0,0.5,15,mahalanobis,ball_tree,10,1.0,-1.0
0,1.0,0.5,15,mahalanobis,ball_tree,10,2.0,-1.0
0,1.0,0.5,15,mahalanobis,ball_tree,20,,-1.0
0,1.0,0.5,15,mahalanobis,ball_tree,20,1.0,-1.0
0,1.0,0.5,15,mahalanobis,ball_tree,20,2.0,-1.0
0,1.0,0.5,15,mahalanobis,ball_tree,30,,-1.0
0,1.0,0.5,15,mahalanobis,ball_tree,30,1.0,-1.0
0,1.0,0.5,15,mahalanobis,ball_tree,30,2.0,-1.0
0,1.0,0.5,15,mahalanobis,ball_tree,40,,-1.0
0,1.0,0.5,15,mahalanobis,ball_tree,40,1.0,-1.0
0,1.0,0.5,15,mahalanobis,ball_tree,40,2.0,-1.0
0,1.0,0.5,15,mahalanobis,ball_tree,50,,-1.0
0,1.0,0.5,15,mahalanobis,ball_tree,50,1.0,-1.0
0,1.0,0.5,15,mahalanobis,ball_tree,50,2.0,-1.0
0,1.0,0.5,15,mahalanobis,kd_tree,10,,-1.0
0,1.0,0.5,15,mahalanobis,kd_tree,10,1.0,-1.0
0,1.0,0.5,15,mahalanobis,kd_tree,10,2.0,-1.0
0,1.0,0.5,15,mahalanobis,kd_tree,20,,-1.0
0,1.0,0.5,15,mahalanobis,kd_tree,20,1.0,-1.0
0,1.0,0.5,15,mahalanobis,kd_tree,20,2.0,-1.0
0,1.0,0.5,15,mahalanobis,kd_tree,30,,-1.0
0,1.0,0.5,15,mahalanobis,kd_tree,30,1.0,-1.0
0,1.0,0.5,15,mahalanobis,kd_tree,30,2.0,-1.0
0,1.0,0.5,15,mahalanobis,kd_tree,40,,-1.0
0,1.0,0.5,15,mahalanobis,kd_tree,40,1.0,-1.0
0,1.0,0.5,15,mahalanobis,kd_tree,40,2.0,-1.0
0,1.0,0.5,15,mahalanobis,kd_tree,50,,-1.0
0,1.0,0.5,15,mahalanobis,kd_tree,50,1.0,-1.0
0,1.0,0.5,15,mahalanobis,kd_tree,50,2.0,-1.0
0,1.0,0.5,15,mahalanobis,brute,10,,-1.0
0,1.0,0.5,15,mahalanobis,brute,10,1.0,-1.0
0,1.0,0.5,15,mahalanobis,brute,10,2.0,-1.0
0,1.0,0.5,15,mahalanobis,brute,20,,-1.0
0,1.0,0.5,15,mahalanobis,brute,20,1.0,-1.0
0,1.0,0.5,15,mahalanobis,brute,20,2.0,-1.0
0,1.0,0.5,15,mahalanobis,brute,30,,-1.0
0,1.0,0.5,15,mahalanobis,brute,30,1.0,-1.0
0,1.0,0.5,15,mahalanobis,brute,30,2.0,-1.0
0,1.0,0.5,15,mahalanobis,brute,40,,-1.0
0,1.0,0.5,15,mahalanobis,brute,40,1.0,-1.0
0,1.0,0.5,15,mahalanobis,brute,40,2.0,-1.0
0,1.0,0.5,15,mahalanobis,brute,50,,-1.0
0,1.0,0.5,15,mahalanobis,brute,50,1.0,-1.0
0,1.0,0.5,15,mahalanobis,brute,50,2.0,-1.0
1,0.8866666666666667,0.5,16,euclidean,auto,10,,0.18763602875325314
1,0.8866666666666667,0.5,16,euclidean,auto,10,1.0,0.18763602875325314
1,0.8866666666666667,0.5,16,euclidean,auto,10,2.0,0.18763602875325314
1,0.8866666666666667,0.5,16,euclidean,auto,20,,0.18763602875325314
1,0.8866666666666667,0.5,16,euclidean,auto,20,1.0,0.18763602875325314
1,0.8866666666666667,0.5,16,euclidean,auto,20,2.0,0.18763602875325314
1,0.8866666666666667,0.5,16,euclidean,auto,30,,0.18763602875325314
1,0.8866666666666667,0.5,16,euclidean,auto,30,1.0,0.18763602875325314
1,0.8866666666666667,0.5,16,euclidean,auto,30,2.0,0.18763602875325314
1,0.8866666666666667,0.5,16,euclidean,auto,40,,0.18763602875325314
1,0.8866666666666667,0.5,16,euclidean,auto,40,1.0,0.18763602875325314
1,0.8866666666666667,0.5,16,euclidean,auto,40,2.0,0.18763602875325314
1,0.8866666666666667,0.5,16,euclidean,auto,50,,0.18763602875325314
1,0.8866666666666667,0.5,16,euclidean,auto,50,1.0,0.18763602875325314
1,0.8866666666666667,0.5,16,euclidean,auto,50,2.0,0.18763602875325314
1,0.8866666666666667,0.5,16,euclidean,ball_tree,10,,0.18763602875325314
1,0.8866666666666667,0.5,16,euclidean,ball_tree,10,1.0,0.18763602875325314
1,0.8866666666666667,0.5,16,euclidean,ball_tree,10,2.0,0.18763602875325314
1,0.8866666666666667,0.5,16,euclidean,ball_tree,20,,0.18763602875325314
1,0.8866666666666667,0.5,16,euclidean,ball_tree,20,1.0,0.18763602875325314
1,0.8866666666666667,0.5,16,euclidean,ball_tree,20,2.0,0.18763602875325314
1,0.8866666666666667,0.5,16,euclidean,ball_tree,30,,0.18763602875325314
1,0.8866666666666667,0.5,16,euclidean,ball_tree,30,1.0,0.18763602875325314
1,0.8866666666666667,0.5,16,euclidean,ball_tree,30,2.0,0.18763602875325314
1,0.8866666666666667,0.5,16,euclidean,ball_tree,40,,0.18763602875325314
1,0.8866666666666667,0.5,16,euclidean,ball_tree,40,1.0,0.18763602875325314
1,0.8866666666666667,0.5,16,euclidean,ball_tree,40,2.0,0.18763602875325314
1,0.8866666666666667,0.5,16,euclidean,ball_tree,50,,0.18763602875325314
1,0.8866666666666667,0.5,16,euclidean,ball_tree,50,1.0,0.18763602875325314
1,0.8866666666666667,0.5,16,euclidean,ball_tree,50,2.0,0.18763602875325314
1,0.8866666666666667,0.5,16,euclidean,kd_tree,10,,0.18763602875325314
1,0.8866666666666667,0.5,16,euclidean,kd_tree,10,1.0,0.18763602875325314
1,0.8866666666666667,0.5,16,euclidean,kd_tree,10,2.0,0.18763602875325314
1,0.8866666666666667,0.5,16,euclidean,kd_tree,20,,0.18763602875325314
1,0.8866666666666667,0.5,16,euclidean,kd_tree,20,1.0,0.18763602875325314
1,0.8866666666666667,0.5,16,euclidean,kd_tree,20,2.0,0.18763602875325314
1,0.8866666666666667,0.5,16,euclidean,kd_tree,30,,0.18763602875325314
1,0.8866666666666667,0.5,16,euclidean,kd_tree,30,1.0,0.18763602875325314
1,0.8866666666666667,0.5,16,euclidean,kd_tree,30,2.0,0.18763602875325314
1,0.8866666666666667,0.5,16,euclidean,kd_tree,40,,0.18763602875325314
1,0.8866666666666667,0.5,16,euclidean,kd_tree,40,1.0,0.18763602875325314
1,0.8866666666666667,0.5,16,euclidean,kd_tree,40,2.0,0.18763602875325314
1,0.8866666666666667,0.5,16,euclidean,kd_tree,50,,0.18763602875325314
1,0.8866666666666667,0.5,16,euclidean,kd_tree,50,1.0,0.18763602875325314
1,0.8866666666666667,0.5,16,euclidean,kd_tree,50,2.0,0.18763602875325314
1,0.8866666666666667,0.5,16,euclidean,brute,10,,0.18763602875325314
1,0.8866666666666667,0.5,16,euclidean,brute,10,1.0,0.18763602875325314
1,0.8866666666666667,0.5,16,euclidean,brute,10,2.0,0.18763602875325314
1,0.8866666666666667,0.5,16,euclidean,brute,20,,0.18763602875325314
1,0.8866666666666667,0.5,16,euclidean,brute,20,1.0,0.18763602875325314
1,0.8866666666666667,0.5,16,euclidean,brute,20,2.0,0.18763602875325314
1,0.8866666666666667,0.5,16,euclidean,brute,30,,0.18763602875325314
1,0.8866666666666667,0.5,16,euclidean,brute,30,1.0,0.18763602875325314
1,0.8866666666666667,0.5,16,euclidean,brute,30,2.0,0.18763602875325314
1,0.8866666666666667,0.5,16,euclidean,brute,40,,0.18763602875325314
1,0.8866666666666667,0.5,16,euclidean,brute,40,1.0,0.18763602875325314
1,0.8866666666666667,0.5,16,euclidean,brute,40,2.0,0.18763602875325314
1,0.8866666666666667,0.5,16,euclidean,brute,50,,0.18763602875325314
1,0.8866666666666667,0.5,16,euclidean,brute,50,1.0,0.18763602875325314
1,0.8866666666666667,0.5,16,euclidean,brute,50,2.0,0.18763602875325314
0,1.0,0.5,16,manhattan,auto,10,,-1.0
0,1.0,0.5,16,manhattan,auto,10,1.0,-1.0
0,1.0,0.5,16,manhattan,auto,10,2.0,-1.0
0,1.0,0.5,16,manhattan,auto,20,,-1.0
0,1.0,0.5,16,manhattan,auto,20,1.0,-1.0
0,1.0,0.5,16,manhattan,auto,20,2.0,-1.0
0,1.0,0.5,16,manhattan,auto,30,,-1.0
0,1.0,0.5,16,manhattan,auto,30,1.0,-1.0
0,1.0,0.5,16,manhattan,auto,30,2.0,-1.0
0,1.0,0.5,16,manhattan,auto,40,,-1.0
0,1.0,0.5,16,manhattan,auto,40,1.0,-1.0
0,1.0,0.5,16,manhattan,auto,40,2.0,-1.0
0,1.0,0.5,16,manhattan,auto,50,,-1.0
0,1.0,0.5,16,manhattan,auto,50,1.0,-1.0
0,1.0,0.5,16,manhattan,auto,50,2.0,-1.0
0,1.0,0.5,16,manhattan,ball_tree,10,,-1.0
0,1.0,0.5,16,manhattan,ball_tree,10,1.0,-1.0
0,1.0,0.5,16,manhattan,ball_tree,10,2.0,-1.0
0,1.0,0.5,16,manhattan,ball_tree,20,,-1.0
0,1.0,0.5,16,manhattan,ball_tree,20,1.0,-1.0
0,1.0,0.5,16,manhattan,ball_tree,20,2.0,-1.0
0,1.0,0.5,16,manhattan,ball_tree,30,,-1.0
0,1.0,0.5,16,manhattan,ball_tree,30,1.0,-1.0
0,1.0,0.5,16,manhattan,ball_tree,30,2.0,-1.0
0,1.0,0.5,16,manhattan,ball_tree,40,,-1.0
0,1.0,0.5,16,manhattan,ball_tree,40,1.0,-1.0
0,1.0,0.5,16,manhattan,ball_tree,40,2.0,-1.0
0,1.0,0.5,16,manhattan,ball_tree,50,,-1.0
0,1.0,0.5,16,manhattan,ball_tree,50,1.0,-1.0
0,1.0,0.5,16,manhattan,ball_tree,50,2.0,-1.0
0,1.0,0.5,16,manhattan,kd_tree,10,,-1.0
0,1.0,0.5,16,manhattan,kd_tree,10,1.0,-1.0
0,1.0,0.5,16,manhattan,kd_tree,10,2.0,-1.0
0,1.0,0.5,16,manhattan,kd_tree,20,,-1.0
0,1.0,0.5,16,manhattan,kd_tree,20,1.0,-1.0
0,1.0,0.5,16,manhattan,kd_tree,20,2.0,-1.0
0,1.0,0.5,16,manhattan,kd_tree,30,,-1.0
0,1.0,0.5,16,manhattan,kd_tree,30,1.0,-1.0
0,1.0,0.5,16,manhattan,kd_tree,30,2.0,-1.0
0,1.0,0.5,16,manhattan,kd_tree,40,,-1.0
0,1.0,0.5,16,manhattan,kd_tree,40,1.0,-1.0
0,1.0,0.5,16,manhattan,kd_tree,40,2.0,-1.0
0,1.0,0.5,16,manhattan,kd_tree,50,,-1.0
0,1.0,0.5,16,manhattan,kd_tree,50,1.0,-1.0
0,1.0,0.5,16,manhattan,kd_tree,50,2.0,-1.0
0,1.0,0.5,16,manhattan,brute,10,,-1.0
0,1.0,0.5,16,manhattan,brute,10,1.0,-1.0
0,1.0,0.5,16,manhattan,brute,10,2.0,-1.0
0,1.0,0.5,16,manhattan,brute,20,,-1.0
0,1.0,0.5,16,manhattan,brute,20,1.0,-1.0
0,1.0,0.5,16,manhattan,brute,20,2.0,-1.0
0,1.0,0.5,16,manhattan,brute,30,,-1.0
0,1.0,0.5,16,manhattan,brute,30,1.0,-1.0
0,1.0,0.5,16,manhattan,brute,30,2.0,-1.0
0,1.0,0.5,16,manhattan,brute,40,,-1.0
0,1.0,0.5,16,manhattan,brute,40,1.0,-1.0
0,1.0,0.5,16,manhattan,brute,40,2.0,-1.0
0,1.0,0.5,16,manhattan,brute,50,,-1.0
0,1.0,0.5,16,manhattan,brute,50,1.0,-1.0
0,1.0,0.5,16,manhattan,brute,50,2.0,-1.0
0,1.0,0.5,16,mahalanobis,auto,10,,-1.0
0,1.0,0.5,16,mahalanobis,auto,10,1.0,-1.0
0,1.0,0.5,16,mahalanobis,auto,10,2.0,-1.0
0,1.0,0.5,16,mahalanobis,auto,20,,-1.0
0,1.0,0.5,16,mahalanobis,auto,20,1.0,-1.0
0,1.0,0.5,16,mahalanobis,auto,20,2.0,-1.0
0,1.0,0.5,16,mahalanobis,auto,30,,-1.0
0,1.0,0.5,16,mahalanobis,auto,30,1.0,-1.0
0,1.0,0.5,16,mahalanobis,auto,30,2.0,-1.0
0,1.0,0.5,16,mahalanobis,auto,40,,-1.0
0,1.0,0.5,16,mahalanobis,auto,40,1.0,-1.0
0,1.0,0.5,16,mahalanobis,auto,40,2.0,-1.0
0,1.0,0.5,16,mahalanobis,auto,50,,-1.0
0,1.0,0.5,16,mahalanobis,auto,50,1.0,-1.0
0,1.0,0.5,16,mahalanobis,auto,50,2.0,-1.0
0,1.0,0.5,16,mahalanobis,ball_tree,10,,-1.0
0,1.0,0.5,16,mahalanobis,ball_tree,10,1.0,-1.0
0,1.0,0.5,16,mahalanobis,ball_tree,10,2.0,-1.0
0,1.0,0.5,16,mahalanobis,ball_tree,20,,-1.0
0,1.0,0.5,16,mahalanobis,ball_tree,20,1.0,-1.0
0,1.0,0.5,16,mahalanobis,ball_tree,20,2.0,-1.0
0,1.0,0.5,16,mahalanobis,ball_tree,30,,-1.0
0,1.0,0.5,16,mahalanobis,ball_tree,30,1.0,-1.0
0,1.0,0.5,16,mahalanobis,ball_tree,30,2.0,-1.0
0,1.0,0.5,16,mahalanobis,ball_tree,40,,-1.0
0,1.0,0.5,16,mahalanobis,ball_tree,40,1.0,-1.0
0,1.0,0.5,16,mahalanobis,ball_tree,40,2.0,-1.0
0,1.0,0.5,16,mahalanobis,ball_tree,50,,-1.0
0,1.0,0.5,16,mahalanobis,ball_tree,50,1.0,-1.0
0,1.0,0.5,16,mahalanobis,ball_tree,50,2.0,-1.0
0,1.0,0.5,16,mahalanobis,kd_tree,10,,-1.0
0,1.0,0.5,16,mahalanobis,kd_tree,10,1.0,-1.0
0,1.0,0.5,16,mahalanobis,kd_tree,10,2.0,-1.0
0,1.0,0.5,16,mahalanobis,kd_tree,20,,-1.0
0,1.0,0.5,16,mahalanobis,kd_tree,20,1.0,-1.0
0,1.0,0.5,16,mahalanobis,kd_tree,20,2.0,-1.0
0,1.0,0.5,16,mahalanobis,kd_tree,30,,-1.0
0,1.0,0.5,16,mahalanobis,kd_tree,30,1.0,-1.0
0,1.0,0.5,16,mahalanobis,kd_tree,30,2.0,-1.0
0,1.0,0.5,16,mahalanobis,kd_tree,40,,-1.0
0,1.0,0.5,16,mahalanobis,kd_tree,40,1.0,-1.0
0,1.0,0.5,16,mahalanobis,kd_tree,40,2.0,-1.0
0,1.0,0.5,16,mahalanobis,kd_tree,50,,-1.0
0,1.0,0.5,16,mahalanobis,kd_tree,50,1.0,-1.0
0,1.0,0.5,16,mahalanobis,kd_tree,50,2.0,-1.0
0,1.0,0.5,16,mahalanobis,brute,10,,-1.0
0,1.0,0.5,16,mahalanobis,brute,10,1.0,-1.0
0,1.0,0.5,16,mahalanobis,brute,10,2.0,-1.0
0,1.0,0.5,16,mahalanobis,brute,20,,-1.0
0,1.0,0.5,16,mahalanobis,brute,20,1.0,-1.0
0,1.0,0.5,16,mahalanobis,brute,20,2.0,-1.0
0,1.0,0.5,16,mahalanobis,brute,30,,-1.0
0,1.0,0.5,16,mahalanobis,brute,30,1.0,-1.0
0,1.0,0.5,16,mahalanobis,brute,30,2.0,-1.0
0,1.0,0.5,16,mahalanobis,brute,40,,-1.0
0,1.0,0.5,16,mahalanobis,brute,40,1.0,-1.0
0,1.0,0.5,16,mahalanobis,brute,40,2.0,-1.0
0,1.0,0.5,16,mahalanobis,brute,50,,-1.0
0,1.0,0.5,16,mahalanobis,brute,50,1.0,-1.0
0,1.0,0.5,16,mahalanobis,brute,50,2.0,-1.0
1,0.8866666666666667,0.5,17,euclidean,auto,10,,0.18763602875325314
1,0.8866666666666667,0.5,17,euclidean,auto,10,1.0,0.18763602875325314
1,0.8866666666666667,0.5,17,euclidean,auto,10,2.0,0.18763602875325314
1,0.8866666666666667,0.5,17,euclidean,auto,20,,0.18763602875325314
1,0.8866666666666667,0.5,17,euclidean,auto,20,1.0,0.18763602875325314
1,0.8866666666666667,0.5,17,euclidean,auto,20,2.0,0.18763602875325314
1,0.8866666666666667,0.5,17,euclidean,auto,30,,0.18763602875325314
1,0.8866666666666667,0.5,17,euclidean,auto,30,1.0,0.18763602875325314
1,0.8866666666666667,0.5,17,euclidean,auto,30,2.0,0.18763602875325314
1,0.8866666666666667,0.5,17,euclidean,auto,40,,0.18763602875325314
1,0.8866666666666667,0.5,17,euclidean,auto,40,1.0,0.18763602875325314
1,0.8866666666666667,0.5,17,euclidean,auto,40,2.0,0.18763602875325314
1,0.8866666666666667,0.5,17,euclidean,auto,50,,0.18763602875325314
1,0.8866666666666667,0.5,17,euclidean,auto,50,1.0,0.18763602875325314
1,0.8866666666666667,0.5,17,euclidean,auto,50,2.0,0.18763602875325314
1,0.8866666666666667,0.5,17,euclidean,ball_tree,10,,0.18763602875325314
1,0.8866666666666667,0.5,17,euclidean,ball_tree,10,1.0,0.18763602875325314
1,0.8866666666666667,0.5,17,euclidean,ball_tree,10,2.0,0.18763602875325314
1,0.8866666666666667,0.5,17,euclidean,ball_tree,20,,0.18763602875325314
1,0.8866666666666667,0.5,17,euclidean,ball_tree,20,1.0,0.18763602875325314
1,0.8866666666666667,0.5,17,euclidean,ball_tree,20,2.0,0.18763602875325314
1,0.8866666666666667,0.5,17,euclidean,ball_tree,30,,0.18763602875325314
1,0.8866666666666667,0.5,17,euclidean,ball_tree,30,1.0,0.18763602875325314
1,0.8866666666666667,0.5,17,euclidean,ball_tree,30,2.0,0.18763602875325314
1,0.8866666666666667,0.5,17,euclidean,ball_tree,40,,0.18763602875325314
1,0.8866666666666667,0.5,17,euclidean,ball_tree,40,1.0,0.18763602875325314
1,0.8866666666666667,0.5,17,euclidean,ball_tree,40,2.0,0.18763602875325314
1,0.8866666666666667,0.5,17,euclidean,ball_tree,50,,0.18763602875325314
1,0.8866666666666667,0.5,17,euclidean,ball_tree,50,1.0,0.18763602875325314
1,0.8866666666666667,0.5,17,euclidean,ball_tree,50,2.0,0.18763602875325314
1,0.8866666666666667,0.5,17,euclidean,kd_tree,10,,0.18763602875325314
1,0.8866666666666667,0.5,17,euclidean,kd_tree,10,1.0,0.18763602875325314
1,0.8866666666666667,0.5,17,euclidean,kd_tree,10,2.0,0.18763602875325314
1,0.8866666666666667,0.5,17,euclidean,kd_tree,20,,0.18763602875325314
1,0.8866666666666667,0.5,17,euclidean,kd_tree,20,1.0,0.18763602875325314
1,0.8866666666666667,0.5,17,euclidean,kd_tree,20,2.0,0.18763602875325314
1,0.8866666666666667,0.5,17,euclidean,kd_tree,30,,0.18763602875325314
1,0.8866666666666667,0.5,17,euclidean,kd_tree,30,1.0,0.18763602875325314
1,0.8866666666666667,0.5,17,euclidean,kd_tree,30,2.0,0.18763602875325314
1,0.8866666666666667,0.5,17,euclidean,kd_tree,40,,0.18763602875325314
1,0.8866666666666667,0.5,17,euclidean,kd_tree,40,1.0,0.18763602875325314
1,0.8866666666666667,0.5,17,euclidean,kd_tree,40,2.0,0.18763602875325314
1,0.8866666666666667,0.5,17,euclidean,kd_tree,50,,0.18763602875325314
1,0.8866666666666667,0.5,17,euclidean,kd_tree,50,1.0,0.18763602875325314
1,0.8866666666666667,0.5,17,euclidean,kd_tree,50,2.0,0.18763602875325314
1,0.8866666666666667,0.5,17,euclidean,brute,10,,0.18763602875325314
1,0.8866666666666667,0.5,17,euclidean,brute,10,1.0,0.18763602875325314
1,0.8866666666666667,0.5,17,euclidean,brute,10,2.0,0.18763602875325314
1,0.8866666666666667,0.5,17,euclidean,brute,20,,0.18763602875325314
1,0.8866666666666667,0.5,17,euclidean,brute,20,1.0,0.18763602875325314
1,0.8866666666666667,0.5,17,euclidean,brute,20,2.0,0.18763602875325314
1,0.8866666666666667,0.5,17,euclidean,brute,30,,0.18763602875325314
1,0.8866666666666667,0.5,17,euclidean,brute,30,1.0,0.18763602875325314
1,0.8866666666666667,0.5,17,euclidean,brute,30,2.0,0.18763602875325314
1,0.8866666666666667,0.5,17,euclidean,brute,40,,0.18763602875325314
1,0.8866666666666667,0.5,17,euclidean,brute,40,1.0,0.18763602875325314
1,0.8866666666666667,0.5,17,euclidean,brute,40,2.0,0.18763602875325314
1,0.8866666666666667,0.5,17,euclidean,brute,50,,0.18763602875325314
1,0.8866666666666667,0.5,17,euclidean,brute,50,1.0,0.18763602875325314
1,0.8866666666666667,0.5,17,euclidean,brute,50,2.0,0.18763602875325314
0,1.0,0.5,17,manhattan,auto,10,,-1.0
0,1.0,0.5,17,manhattan,auto,10,1.0,-1.0
0,1.0,0.5,17,manhattan,auto,10,2.0,-1.0
0,1.0,0.5,17,manhattan,auto,20,,-1.0
0,1.0,0.5,17,manhattan,auto,20,1.0,-1.0
0,1.0,0.5,17,manhattan,auto,20,2.0,-1.0
0,1.0,0.5,17,manhattan,auto,30,,-1.0
0,1.0,0.5,17,manhattan,auto,30,1.0,-1.0
0,1.0,0.5,17,manhattan,auto,30,2.0,-1.0
0,1.0,0.5,17,manhattan,auto,40,,-1.0
0,1.0,0.5,17,manhattan,auto,40,1.0,-1.0
0,1.0,0.5,17,manhattan,auto,40,2.0,-1.0
0,1.0,0.5,17,manhattan,auto,50,,-1.0
0,1.0,0.5,17,manhattan,auto,50,1.0,-1.0
0,1.0,0.5,17,manhattan,auto,50,2.0,-1.0
0,1.0,0.5,17,manhattan,ball_tree,10,,-1.0
0,1.0,0.5,17,manhattan,ball_tree,10,1.0,-1.0
0,1.0,0.5,17,manhattan,ball_tree,10,2.0,-1.0
0,1.0,0.5,17,manhattan,ball_tree,20,,-1.0
0,1.0,0.5,17,manhattan,ball_tree,20,1.0,-1.0
0,1.0,0.5,17,manhattan,ball_tree,20,2.0,-1.0
0,1.0,0.5,17,manhattan,ball_tree,30,,-1.0
0,1.0,0.5,17,manhattan,ball_tree,30,1.0,-1.0
0,1.0,0.5,17,manhattan,ball_tree,30,2.0,-1.0
0,1.0,0.5,17,manhattan,ball_tree,40,,-1.0
0,1.0,0.5,17,manhattan,ball_tree,40,1.0,-1.0
0,1.0,0.5,17,manhattan,ball_tree,40,2.0,-1.0
0,1.0,0.5,17,manhattan,ball_tree,50,,-1.0
0,1.0,0.5,17,manhattan,ball_tree,50,1.0,-1.0
0,1.0,0.5,17,manhattan,ball_tree,50,2.0,-1.0
0,1.0,0.5,17,manhattan,kd_tree,10,,-1.0
0,1.0,0.5,17,manhattan,kd_tree,10,1.0,-1.0
0,1.0,0.5,17,manhattan,kd_tree,10,2.0,-1.0
0,1.0,0.5,17,manhattan,kd_tree,20,,-1.0
0,1.0,0.5,17,manhattan,kd_tree,20,1.0,-1.0
0,1.0,0.5,17,manhattan,kd_tree,20,2.0,-1.0
0,1.0,0.5,17,manhattan,kd_tree,30,,-1.0
0,1.0,0.5,17,manhattan,kd_tree,30,1.0,-1.0
0,1.0,0.5,17,manhattan,kd_tree,30,2.0,-1.0
0,1.0,0.5,17,manhattan,kd_tree,40,,-1.0
0,1.0,0.5,17,manhattan,kd_tree,40,1.0,-1.0
0,1.0,0.5,17,manhattan,kd_tree,40,2.0,-1.0
0,1.0,0.5,17,manhattan,kd_tree,50,,-1.0
0,1.0,0.5,17,manhattan,kd_tree,50,1.0,-1.0
0,1.0,0.5,17,manhattan,kd_tree,50,2.0,-1.0
0,1.0,0.5,17,manhattan,brute,10,,-1.0
0,1.0,0.5,17,manhattan,brute,10,1.0,-1.0
0,1.0,0.5,17,manhattan,brute,10,2.0,-1.0
0,1.0,0.5,17,manhattan,brute,20,,-1.0
0,1.0,0.5,17,manhattan,brute,20,1.0,-1.0
0,1.0,0.5,17,manhattan,brute,20,2.0,-1.0
0,1.0,0.5,17,manhattan,brute,30,,-1.0
0,1.0,0.5,17,manhattan,brute,30,1.0,-1.0
0,1.0,0.5,17,manhattan,brute,30,2.0,-1.0
0,1.0,0.5,17,manhattan,brute,40,,-1.0
0,1.0,0.5,17,manhattan,brute,40,1.0,-1.0
0,1.0,0.5,17,manhattan,brute,40,2.0,-1.0
0,1.0,0.5,17,manhattan,brute,50,,-1.0
0,1.0,0.5,17,manhattan,brute,50,1.0,-1.0
0,1.0,0.5,17,manhattan,brute,50,2.0,-1.0
0,1.0,0.5,17,mahalanobis,auto,10,,-1.0
0,1.0,0.5,17,mahalanobis,auto,10,1.0,-1.0
0,1.0,0.5,17,mahalanobis,auto,10,2.0,-1.0
0,1.0,0.5,17,mahalanobis,auto,20,,-1.0
0,1.0,0.5,17,mahalanobis,auto,20,1.0,-1.0
0,1.0,0.5,17,mahalanobis,auto,20,2.0,-1.0
0,1.0,0.5,17,mahalanobis,auto,30,,-1.0
0,1.0,0.5,17,mahalanobis,auto,30,1.0,-1.0
0,1.0,0.5,17,mahalanobis,auto,30,2.0,-1.0
0,1.0,0.5,17,mahalanobis,auto,40,,-1.0
0,1.0,0.5,17,mahalanobis,auto,40,1.0,-1.0
0,1.0,0.5,17,mahalanobis,auto,40,2.0,-1.0
0,1.0,0.5,17,mahalanobis,auto,50,,-1.0
0,1.0,0.5,17,mahalanobis,auto,50,1.0,-1.0
0,1.0,0.5,17,mahalanobis,auto,50,2.0,-1.0
0,1.0,0.5,17,mahalanobis,ball_tree,10,,-1.0
0,1.0,0.5,17,mahalanobis,ball_tree,10,1.0,-1.0
0,1.0,0.5,17,mahalanobis,ball_tree,10,2.0,-1.0
0,1.0,0.5,17,mahalanobis,ball_tree,20,,-1.0
0,1.0,0.5,17,mahalanobis,ball_tree,20,1.0,-1.0
0,1.0,0.5,17,mahalanobis,ball_tree,20,2.0,-1.0
0,1.0,0.5,17,mahalanobis,ball_tree,30,,-1.0
0,1.0,0.5,17,mahalanobis,ball_tree,30,1.0,-1.0
0,1.0,0.5,17,mahalanobis,ball_tree,30,2.0,-1.0
0,1.0,0.5,17,mahalanobis,ball_tree,40,,-1.0
0,1.0,0.5,17,mahalanobis,ball_tree,40,1.0,-1.0
0,1.0,0.5,17,mahalanobis,ball_tree,40,2.0,-1.0
0,1.0,0.5,17,mahalanobis,ball_tree,50,,-1.0
0,1.0,0.5,17,mahalanobis,ball_tree,50,1.0,-1.0
0,1.0,0.5,17,mahalanobis,ball_tree,50,2.0,-1.0
0,1.0,0.5,17,mahalanobis,kd_tree,10,,-1.0
0,1.0,0.5,17,mahalanobis,kd_tree,10,1.0,-1.0
0,1.0,0.5,17,mahalanobis,kd_tree,10,2.0,-1.0
0,1.0,0.5,17,mahalanobis,kd_tree,20,,-1.0
0,1.0,0.5,17,mahalanobis,kd_tree,20,1.0,-1.0
0,1.0,0.5,17,mahalanobis,kd_tree,20,2.0,-1.0
0,1.0,0.5,17,mahalanobis,kd_tree,30,,-1.0
0,1.0,0.5,17,mahalanobis,kd_tree,30,1.0,-1.0
0,1.0,0.5,17,mahalanobis,kd_tree,30,2.0,-1.0
0,1.0,0.5,17,mahalanobis,kd_tree,40,,-1.0
0,1.0,0.5,17,mahalanobis,kd_tree,40,1.0,-1.0
0,1.0,0.5,17,mahalanobis,kd_tree,40,2.0,-1.0
0,1.0,0.5,17,mahalanobis,kd_tree,50,,-1.0
0,1.0,0.5,17,mahalanobis,kd_tree,50,1.0,-1.0
0,1.0,0.5,17,mahalanobis,kd_tree,50,2.0,-1.0
0,1.0,0.5,17,mahalanobis,brute,10,,-1.0
0,1.0,0.5,17,mahalanobis,brute,10,1.0,-1.0
0,1.0,0.5,17,mahalanobis,brute,10,2.0,-1.0
0,1.0,0.5,17,mahalanobis,brute,20,,-1.0
0,1.0,0.5,17,mahalanobis,brute,20,1.0,-1.0
0,1.0,0.5,17,mahalanobis,brute,20,2.0,-1.0
0,1.0,0.5,17,mahalanobis,brute,30,,-1.0
0,1.0,0.5,17,mahalanobis,brute,30,1.0,-1.0
0,1.0,0.5,17,mahalanobis,brute,30,2.0,-1.0
0,1.0,0.5,17,mahalanobis,brute,40,,-1.0
0,1.0,0.5,17,mahalanobis,brute,40,1.0,-1.0
0,1.0,0.5,17,mahalanobis,brute,40,2.0,-1.0
0,1.0,0.5,17,mahalanobis,brute,50,,-1.0
0,1.0,0.5,17,mahalanobis,brute,50,1.0,-1.0
0,1.0,0.5,17,mahalanobis,brute,50,2.0,-1.0
0,1.0,0.5,18,euclidean,auto,10,,-1.0
0,1.0,0.5,18,euclidean,auto,10,1.0,-1.0
0,1.0,0.5,18,euclidean,auto,10,2.0,-1.0
0,1.0,0.5,18,euclidean,auto,20,,-1.0
0,1.0,0.5,18,euclidean,auto,20,1.0,-1.0
0,1.0,0.5,18,euclidean,auto,20,2.0,-1.0
0,1.0,0.5,18,euclidean,auto,30,,-1.0
0,1.0,0.5,18,euclidean,auto,30,1.0,-1.0
0,1.0,0.5,18,euclidean,auto,30,2.0,-1.0
0,1.0,0.5,18,euclidean,auto,40,,-1.0
0,1.0,0.5,18,euclidean,auto,40,1.0,-1.0
0,1.0,0.5,18,euclidean,auto,40,2.0,-1.0
0,1.0,0.5,18,euclidean,auto,50,,-1.0
0,1.0,0.5,18,euclidean,auto,50,1.0,-1.0
0,1.0,0.5,18,euclidean,auto,50,2.0,-1.0
0,1.0,0.5,18,euclidean,ball_tree,10,,-1.0
0,1.0,0.5,18,euclidean,ball_tree,10,1.0,-1.0
0,1.0,0.5,18,euclidean,ball_tree,10,2.0,-1.0
0,1.0,0.5,18,euclidean,ball_tree,20,,-1.0
0,1.0,0.5,18,euclidean,ball_tree,20,1.0,-1.0
0,1.0,0.5,18,euclidean,ball_tree,20,2.0,-1.0
0,1.0,0.5,18,euclidean,ball_tree,30,,-1.0
0,1.0,0.5,18,euclidean,ball_tree,30,1.0,-1.0
0,1.0,0.5,18,euclidean,ball_tree,30,2.0,-1.0
0,1.0,0.5,18,euclidean,ball_tree,40,,-1.0
0,1.0,0.5,18,euclidean,ball_tree,40,1.0,-1.0
0,1.0,0.5,18,euclidean,ball_tree,40,2.0,-1.0
0,1.0,0.5,18,euclidean,ball_tree,50,,-1.0
0,1.0,0.5,18,euclidean,ball_tree,50,1.0,-1.0
0,1.0,0.5,18,euclidean,ball_tree,50,2.0,-1.0
0,1.0,0.5,18,euclidean,kd_tree,10,,-1.0
0,1.0,0.5,18,euclidean,kd_tree,10,1.0,-1.0
0,1.0,0.5,18,euclidean,kd_tree,10,2.0,-1.0
0,1.0,0.5,18,euclidean,kd_tree,20,,-1.0
0,1.0,0.5,18,euclidean,kd_tree,20,1.0,-1.0
0,1.0,0.5,18,euclidean,kd_tree,20,2.0,-1.0
0,1.0,0.5,18,euclidean,kd_tree,30,,-1.0
0,1.0,0.5,18,euclidean,kd_tree,30,1.0,-1.0
0,1.0,0.5,18,euclidean,kd_tree,30,2.0,-1.0
0,1.0,0.5,18,euclidean,kd_tree,40,,-1.0
0,1.0,0.5,18,euclidean,kd_tree,40,1.0,-1.0
0,1.0,0.5,18,euclidean,kd_tree,40,2.0,-1.0
0,1.0,0.5,18,euclidean,kd_tree,50,,-1.0
0,1.0,0.5,18,euclidean,kd_tree,50,1.0,-1.0
0,1.0,0.5,18,euclidean,kd_tree,50,2.0,-1.0
0,1.0,0.5,18,euclidean,brute,10,,-1.0
0,1.0,0.5,18,euclidean,brute,10,1.0,-1.0
0,1.0,0.5,18,euclidean,brute,10,2.0,-1.0
0,1.0,0.5,18,euclidean,brute,20,,-1.0
0,1.0,0.5,18,euclidean,brute,20,1.0,-1.0
0,1.0,0.5,18,euclidean,brute,20,2.0,-1.0
0,1.0,0.5,18,euclidean,brute,30,,-1.0
0,1.0,0.5,18,euclidean,brute,30,1.0,-1.0
0,1.0,0.5,18,euclidean,brute,30,2.0,-1.0
0,1.0,0.5,18,euclidean,brute,40,,-1.0
0,1.0,0.5,18,euclidean,brute,40,1.0,-1.0
0,1.0,0.5,18,euclidean,brute,40,2.0,-1.0
0,1.0,0.5,18,euclidean,brute,50,,-1.0
0,1.0,0.5,18,euclidean,brute,50,1.0,-1.0
0,1.0,0.5,18,euclidean,brute,50,2.0,-1.0
0,1.0,0.5,18,manhattan,auto,10,,-1.0
0,1.0,0.5,18,manhattan,auto,10,1.0,-1.0
0,1.0,0.5,18,manhattan,auto,10,2.0,-1.0
0,1.0,0.5,18,manhattan,auto,20,,-1.0
0,1.0,0.5,18,manhattan,auto,20,1.0,-1.0
0,1.0,0.5,18,manhattan,auto,20,2.0,-1.0
0,1.0,0.5,18,manhattan,auto,30,,-1.0
0,1.0,0.5,18,manhattan,auto,30,1.0,-1.0
0,1.0,0.5,18,manhattan,auto,30,2.0,-1.0
0,1.0,0.5,18,manhattan,auto,40,,-1.0
0,1.0,0.5,18,manhattan,auto,40,1.0,-1.0
0,1.0,0.5,18,manhattan,auto,40,2.0,-1.0
0,1.0,0.5,18,manhattan,auto,50,,-1.0
0,1.0,0.5,18,manhattan,auto,50,1.0,-1.0
0,1.0,0.5,18,manhattan,auto,50,2.0,-1.0
0,1.0,0.5,18,manhattan,ball_tree,10,,-1.0
0,1.0,0.5,18,manhattan,ball_tree,10,1.0,-1.0
0,1.0,0.5,18,manhattan,ball_tree,10,2.0,-1.0
0,1.0,0.5,18,manhattan,ball_tree,20,,-1.0
0,1.0,0.5,18,manhattan,ball_tree,20,1.0,-1.0
0,1.0,0.5,18,manhattan,ball_tree,20,2.0,-1.0
0,1.0,0.5,18,manhattan,ball_tree,30,,-1.0
0,1.0,0.5,18,manhattan,ball_tree,30,1.0,-1.0
0,1.0,0.5,18,manhattan,ball_tree,30,2.0,-1.0
0,1.0,0.5,18,manhattan,ball_tree,40,,-1.0
0,1.0,0.5,18,manhattan,ball_tree,40,1.0,-1.0
0,1.0,0.5,18,manhattan,ball_tree,40,2.0,-1.0
0,1.0,0.5,18,manhattan,ball_tree,50,,-1.0
0,1.0,0.5,18,manhattan,ball_tree,50,1.0,-1.0
0,1.0,0.5,18,manhattan,ball_tree,50,2.0,-1.0
0,1.0,0.5,18,manhattan,kd_tree,10,,-1.0
0,1.0,0.5,18,manhattan,kd_tree,10,1.0,-1.0
0,1.0,0.5,18,manhattan,kd_tree,10,2.0,-1.0
0,1.0,0.5,18,manhattan,kd_tree,20,,-1.0
0,1.0,0.5,18,manhattan,kd_tree,20,1.0,-1.0
0,1.0,0.5,18,manhattan,kd_tree,20,2.0,-1.0
0,1.0,0.5,18,manhattan,kd_tree,30,,-1.0
0,1.0,0.5,18,manhattan,kd_tree,30,1.0,-1.0
0,1.0,0.5,18,manhattan,kd_tree,30,2.0,-1.0
0,1.0,0.5,18,manhattan,kd_tree,40,,-1.0
0,1.0,0.5,18,manhattan,kd_tree,40,1.0,-1.0
0,1.0,0.5,18,manhattan,kd_tree,40,2.0,-1.0
0,1.0,0.5,18,manhattan,kd_tree,50,,-1.0
0,1.0,0.5,18,manhattan,kd_tree,50,1.0,-1.0
0,1.0,0.5,18,manhattan,kd_tree,50,2.0,-1.0
0,1.0,0.5,18,manhattan,brute,10,,-1.0
0,1.0,0.5,18,manhattan,brute,10,1.0,-1.0
0,1.0,0.5,18,manhattan,brute,10,2.0,-1.0
0,1.0,0.5,18,manhattan,brute,20,,-1.0
0,1.0,0.5,18,manhattan,brute,20,1.0,-1.0
0,1.0,0.5,18,manhattan,brute,20,2.0,-1.0
0,1.0,0.5,18,manhattan,brute,30,,-1.0
0,1.0,0.5,18,manhattan,brute,30,1.0,-1.0
0,1.0,0.5,18,manhattan,brute,30,2.0,-1.0
0,1.0,0.5,18,manhattan,brute,40,,-1.0
0,1.0,0.5,18,manhattan,brute,40,1.0,-1.0
0,1.0,0.5,18,manhattan,brute,40,2.0,-1.0
0,1.0,0.5,18,manhattan,brute,50,,-1.0
0,1.0,0.5,18,manhattan,brute,50,1.0,-1.0
0,1.0,0.5,18,manhattan,brute,50,2.0,-1.0
0,1.0,0.5,18,mahalanobis,auto,10,,-1.0
0,1.0,0.5,18,mahalanobis,auto,10,1.0,-1.0
0,1.0,0.5,18,mahalanobis,auto,10,2.0,-1.0
0,1.0,0.5,18,mahalanobis,auto,20,,-1.0
0,1.0,0.5,18,mahalanobis,auto,20,1.0,-1.0
0,1.0,0.5,18,mahalanobis,auto,20,2.0,-1.0
0,1.0,0.5,18,mahalanobis,auto,30,,-1.0
0,1.0,0.5,18,mahalanobis,auto,30,1.0,-1.0
0,1.0,0.5,18,mahalanobis,auto,30,2.0,-1.0
0,1.0,0.5,18,mahalanobis,auto,40,,-1.0
0,1.0,0.5,18,mahalanobis,auto,40,1.0,-1.0
0,1.0,0.5,18,mahalanobis,auto,40,2.0,-1.0
0,1.0,0.5,18,mahalanobis,auto,50,,-1.0
0,1.0,0.5,18,mahalanobis,auto,50,1.0,-1.0
0,1.0,0.5,18,mahalanobis,auto,50,2.0,-1.0
0,1.0,0.5,18,mahalanobis,ball_tree,10,,-1.0
0,1.0,0.5,18,mahalanobis,ball_tree,10,1.0,-1.0
0,1.0,0.5,18,mahalanobis,ball_tree,10,2.0,-1.0
0,1.0,0.5,18,mahalanobis,ball_tree,20,,-1.0
0,1.0,0.5,18,mahalanobis,ball_tree,20,1.0,-1.0
0,1.0,0.5,18,mahalanobis,ball_tree,20,2.0,-1.0
0,1.0,0.5,18,mahalanobis,ball_tree,30,,-1.0
0,1.0,0.5,18,mahalanobis,ball_tree,30,1.0,-1.0
0,1.0,0.5,18,mahalanobis,ball_tree,30,2.0,-1.0
0,1.0,0.5,18,mahalanobis,ball_tree,40,,-1.0
0,1.0,0.5,18,mahalanobis,ball_tree,40,1.0,-1.0
0,1.0,0.5,18,mahalanobis,ball_tree,40,2.0,-1.0
0,1.0,0.5,18,mahalanobis,ball_tree,50,,-1.0
0,1.0,0.5,18,mahalanobis,ball_tree,50,1.0,-1.0
0,1.0,0.5,18,mahalanobis,ball_tree,50,2.0,-1.0
0,1.0,0.5,18,mahalanobis,kd_tree,10,,-1.0
0,1.0,0.5,18,mahalanobis,kd_tree,10,1.0,-1.0
0,1.0,0.5,18,mahalanobis,kd_tree,10,2.0,-1.0
0,1.0,0.5,18,mahalanobis,kd_tree,20,,-1.0
0,1.0,0.5,18,mahalanobis,kd_tree,20,1.0,-1.0
0,1.0,0.5,18,mahalanobis,kd_tree,20,2.0,-1.0
0,1.0,0.5,18,mahalanobis,kd_tree,30,,-1.0
0,1.0,0.5,18,mahalanobis,kd_tree,30,1.0,-1.0
0,1.0,0.5,18,mahalanobis,kd_tree,30,2.0,-1.0
0,1.0,0.5,18,mahalanobis,kd_tree,40,,-1.0
0,1.0,0.5,18,mahalanobis,kd_tree,40,1.0,-1.0
0,1.0,0.5,18,mahalanobis,kd_tree,40,2.0,-1.0
0,1.0,0.5,18,mahalanobis,kd_tree,50,,-1.0
0,1.0,0.5,18,mahalanobis,kd_tree,50,1.0,-1.0
0,1.0,0.5,18,mahalanobis,kd_tree,50,2.0,-1.0
0,1.0,0.5,18,mahalanobis,brute,10,,-1.0
0,1.0,0.5,18,mahalanobis,brute,10,1.0,-1.0
0,1.0,0.5,18,mahalanobis,brute,10,2.0,-1.0
0,1.0,0.5,18,mahalanobis,brute,20,,-1.0
0,1.0,0.5,18,mahalanobis,brute,20,1.0,-1.0
0,1.0,0.5,18,mahalanobis,brute,20,2.0,-1.0
0,1.0,0.5,18,mahalanobis,brute,30,,-1.0
0,1.0,0.5,18,mahalanobis,brute,30,1.0,-1.0
0,1.0,0.5,18,mahalanobis,brute,30,2.0,-1.0
0,1.0,0.5,18,mahalanobis,brute,40,,-1.0
0,1.0,0.5,18,mahalanobis,brute,40,1.0,-1.0
0,1.0,0.5,18,mahalanobis,brute,40,2.0,-1.0
0,1.0,0.5,18,mahalanobis,brute,50,,-1.0
0,1.0,0.5,18,mahalanobis,brute,50,1.0,-1.0
0,1.0,0.5,18,mahalanobis,brute,50,2.0,-1.0
0,1.0,0.5,19,euclidean,auto,10,,-1.0
0,1.0,0.5,19,euclidean,auto,10,1.0,-1.0
0,1.0,0.5,19,euclidean,auto,10,2.0,-1.0
0,1.0,0.5,19,euclidean,auto,20,,-1.0
0,1.0,0.5,19,euclidean,auto,20,1.0,-1.0
0,1.0,0.5,19,euclidean,auto,20,2.0,-1.0
0,1.0,0.5,19,euclidean,auto,30,,-1.0
0,1.0,0.5,19,euclidean,auto,30,1.0,-1.0
0,1.0,0.5,19,euclidean,auto,30,2.0,-1.0
0,1.0,0.5,19,euclidean,auto,40,,-1.0
0,1.0,0.5,19,euclidean,auto,40,1.0,-1.0
0,1.0,0.5,19,euclidean,auto,40,2.0,-1.0
0,1.0,0.5,19,euclidean,auto,50,,-1.0
0,1.0,0.5,19,euclidean,auto,50,1.0,-1.0
0,1.0,0.5,19,euclidean,auto,50,2.0,-1.0
0,1.0,0.5,19,euclidean,ball_tree,10,,-1.0
0,1.0,0.5,19,euclidean,ball_tree,10,1.0,-1.0
0,1.0,0.5,19,euclidean,ball_tree,10,2.0,-1.0
0,1.0,0.5,19,euclidean,ball_tree,20,,-1.0
0,1.0,0.5,19,euclidean,ball_tree,20,1.0,-1.0
0,1.0,0.5,19,euclidean,ball_tree,20,2.0,-1.0
0,1.0,0.5,19,euclidean,ball_tree,30,,-1.0
0,1.0,0.5,19,euclidean,ball_tree,30,1.0,-1.0
0,1.0,0.5,19,euclidean,ball_tree,30,2.0,-1.0
0,1.0,0.5,19,euclidean,ball_tree,40,,-1.0
0,1.0,0.5,19,euclidean,ball_tree,40,1.0,-1.0
0,1.0,0.5,19,euclidean,ball_tree,40,2.0,-1.0
0,1.0,0.5,19,euclidean,ball_tree,50,,-1.0
0,1.0,0.5,19,euclidean,ball_tree,50,1.0,-1.0
0,1.0,0.5,19,euclidean,ball_tree,50,2.0,-1.0
0,1.0,0.5,19,euclidean,kd_tree,10,,-1.0
0,1.0,0.5,19,euclidean,kd_tree,10,1.0,-1.0
0,1.0,0.5,19,euclidean,kd_tree,10,2.0,-1.0
0,1.0,0.5,19,euclidean,kd_tree,20,,-1.0
0,1.0,0.5,19,euclidean,kd_tree,20,1.0,-1.0
0,1.0,0.5,19,euclidean,kd_tree,20,2.0,-1.0
0,1.0,0.5,19,euclidean,kd_tree,30,,-1.0
0,1.0,0.5,19,euclidean,kd_tree,30,1.0,-1.0
0,1.0,0.5,19,euclidean,kd_tree,30,2.0,-1.0
0,1.0,0.5,19,euclidean,kd_tree,40,,-1.0
0,1.0,0.5,19,euclidean,kd_tree,40,1.0,-1.0
0,1.0,0.5,19,euclidean,kd_tree,40,2.0,-1.0
0,1.0,0.5,19,euclidean,kd_tree,50,,-1.0
0,1.0,0.5,19,euclidean,kd_tree,50,1.0,-1.0
0,1.0,0.5,19,euclidean,kd_tree,50,2.0,-1.0
0,1.0,0.5,19,euclidean,brute,10,,-1.0
0,1.0,0.5,19,euclidean,brute,10,1.0,-1.0
0,1.0,0.5,19,euclidean,brute,10,2.0,-1.0
0,1.0,0.5,19,euclidean,brute,20,,-1.0
0,1.0,0.5,19,euclidean,brute,20,1.0,-1.0
0,1.0,0.5,19,euclidean,brute,20,2.0,-1.0
0,1.0,0.5,19,euclidean,brute,30,,-1.0
0,1.0,0.5,19,euclidean,brute,30,1.0,-1.0
0,1.0,0.5,19,euclidean,brute,30,2.0,-1.0
0,1.0,0.5,19,euclidean,brute,40,,-1.0
0,1.0,0.5,19,euclidean,brute,40,1.0,-1.0
0,1.0,0.5,19,euclidean,brute,40,2.0,-1.0
0,1.0,0.5,19,euclidean,brute,50,,-1.0
0,1.0,0.5,19,euclidean,brute,50,1.0,-1.0
0,1.0,0.5,19,euclidean,brute,50,2.0,-1.0
0,1.0,0.5,19,manhattan,auto,10,,-1.0
0,1.0,0.5,19,manhattan,auto,10,1.0,-1.0
0,1.0,0.5,19,manhattan,auto,10,2.0,-1.0
0,1.0,0.5,19,manhattan,auto,20,,-1.0
0,1.0,0.5,19,manhattan,auto,20,1.0,-1.0
0,1.0,0.5,19,manhattan,auto,20,2.0,-1.0
0,1.0,0.5,19,manhattan,auto,30,,-1.0
0,1.0,0.5,19,manhattan,auto,30,1.0,-1.0
0,1.0,0.5,19,manhattan,auto,30,2.0,-1.0
0,1.0,0.5,19,manhattan,auto,40,,-1.0
0,1.0,0.5,19,manhattan,auto,40,1.0,-1.0
0,1.0,0.5,19,manhattan,auto,40,2.0,-1.0
0,1.0,0.5,19,manhattan,auto,50,,-1.0
0,1.0,0.5,19,manhattan,auto,50,1.0,-1.0
0,1.0,0.5,19,manhattan,auto,50,2.0,-1.0
0,1.0,0.5,19,manhattan,ball_tree,10,,-1.0
0,1.0,0.5,19,manhattan,ball_tree,10,1.0,-1.0
0,1.0,0.5,19,manhattan,ball_tree,10,2.0,-1.0
0,1.0,0.5,19,manhattan,ball_tree,20,,-1.0
0,1.0,0.5,19,manhattan,ball_tree,20,1.0,-1.0
0,1.0,0.5,19,manhattan,ball_tree,20,2.0,-1.0
0,1.0,0.5,19,manhattan,ball_tree,30,,-1.0
0,1.0,0.5,19,manhattan,ball_tree,30,1.0,-1.0
0,1.0,0.5,19,manhattan,ball_tree,30,2.0,-1.0
0,1.0,0.5,19,manhattan,ball_tree,40,,-1.0
0,1.0,0.5,19,manhattan,ball_tree,40,1.0,-1.0
0,1.0,0.5,19,manhattan,ball_tree,40,2.0,-1.0
0,1.0,0.5,19,manhattan,ball_tree,50,,-1.0
0,1.0,0.5,19,manhattan,ball_tree,50,1.0,-1.0
0,1.0,0.5,19,manhattan,ball_tree,50,2.0,-1.0
0,1.0,0.5,19,manhattan,kd_tree,10,,-1.0
0,1.0,0.5,19,manhattan,kd_tree,10,1.0,-1.0
0,1.0,0.5,19,manhattan,kd_tree,10,2.0,-1.0
0,1.0,0.5,19,manhattan,kd_tree,20,,-1.0
0,1.0,0.5,19,manhattan,kd_tree,20,1.0,-1.0
0,1.0,0.5,19,manhattan,kd_tree,20,2.0,-1.0
0,1.0,0.5,19,manhattan,kd_tree,30,,-1.0
0,1.0,0.5,19,manhattan,kd_tree,30,1.0,-1.0
0,1.0,0.5,19,manhattan,kd_tree,30,2.0,-1.0
0,1.0,0.5,19,manhattan,kd_tree,40,,-1.0
0,1.0,0.5,19,manhattan,kd_tree,40,1.0,-1.0
0,1.0,0.5,19,manhattan,kd_tree,40,2.0,-1.0
0,1.0,0.5,19,manhattan,kd_tree,50,,-1.0
0,1.0,0.5,19,manhattan,kd_tree,50,1.0,-1.0
0,1.0,0.5,19,manhattan,kd_tree,50,2.0,-1.0
0,1.0,0.5,19,manhattan,brute,10,,-1.0
0,1.0,0.5,19,manhattan,brute,10,1.0,-1.0
0,1.0,0.5,19,manhattan,brute,10,2.0,-1.0
0,1.0,0.5,19,manhattan,brute,20,,-1.0
0,1.0,0.5,19,manhattan,brute,20,1.0,-1.0
0,1.0,0.5,19,manhattan,brute,20,2.0,-1.0
0,1.0,0.5,19,manhattan,brute,30,,-1.0
0,1.0,0.5,19,manhattan,brute,30,1.0,-1.0
0,1.0,0.5,19,manhattan,brute,30,2.0,-1.0
0,1.0,0.5,19,manhattan,brute,40,,-1.0
0,1.0,0.5,19,manhattan,brute,40,1.0,-1.0
0,1.0,0.5,19,manhattan,brute,40,2.0,-1.0
0,1.0,0.5,19,manhattan,brute,50,,-1.0
0,1.0,0.5,19,manhattan,brute,50,1.0,-1.0
0,1.0,0.5,19,manhattan,brute,50,2.0,-1.0
0,1.0,0.5,19,mahalanobis,auto,10,,-1.0
0,1.0,0.5,19,mahalanobis,auto,10,1.0,-1.0
0,1.0,0.5,19,mahalanobis,auto,10,2.0,-1.0
0,1.0,0.5,19,mahalanobis,auto,20,,-1.0
0,1.0,0.5,19,mahalanobis,auto,20,1.0,-1.0
0,1.0,0.5,19,mahalanobis,auto,20,2.0,-1.0
0,1.0,0.5,19,mahalanobis,auto,30,,-1.0
0,1.0,0.5,19,mahalanobis,auto,30,1.0,-1.0
0,1.0,0.5,19,mahalanobis,auto,30,2.0,-1.0
0,1.0,0.5,19,mahalanobis,auto,40,,-1.0
0,1.0,0.5,19,mahalanobis,auto,40,1.0,-1.0
0,1.0,0.5,19,mahalanobis,auto,40,2.0,-1.0
0,1.0,0.5,19,mahalanobis,auto,50,,-1.0
0,1.0,0.5,19,mahalanobis,auto,50,1.0,-1.0
0,1.0,0.5,19,mahalanobis,auto,50,2.0,-1.0
0,1.0,0.5,19,mahalanobis,ball_tree,10,,-1.0
0,1.0,0.5,19,mahalanobis,ball_tree,10,1.0,-1.0
0,1.0,0.5,19,mahalanobis,ball_tree,10,2.0,-1.0
0,1.0,0.5,19,mahalanobis,ball_tree,20,,-1.0
0,1.0,0.5,19,mahalanobis,ball_tree,20,1.0,-1.0
0,1.0,0.5,19,mahalanobis,ball_tree,20,2.0,-1.0
0,1.0,0.5,19,mahalanobis,ball_tree,30,,-1.0
0,1.0,0.5,19,mahalanobis,ball_tree,30,1.0,-1.0
0,1.0,0.5,19,mahalanobis,ball_tree,30,2.0,-1.0
0,1.0,0.5,19,mahalanobis,ball_tree,40,,-1.0
0,1.0,0.5,19,mahalanobis,ball_tree,40,1.0,-1.0
0,1.0,0.5,19,mahalanobis,ball_tree,40,2.0,-1.0
0,1.0,0.5,19,mahalanobis,ball_tree,50,,-1.0
0,1.0,0.5,19,mahalanobis,ball_tree,50,1.0,-1.0
0,1.0,0.5,19,mahalanobis,ball_tree,50,2.0,-1.0
0,1.0,0.5,19,mahalanobis,kd_tree,10,,-1.0
0,1.0,0.5,19,mahalanobis,kd_tree,10,1.0,-1.0
0,1.0,0.5,19,mahalanobis,kd_tree,10,2.0,-1.0
0,1.0,0.5,19,mahalanobis,kd_tree,20,,-1.0
0,1.0,0.5,19,mahalanobis,kd_tree,20,1.0,-1.0
0,1.0,0.5,19,mahalanobis,kd_tree,20,2.0,-1.0
0,1.0,0.5,19,mahalanobis,kd_tree,30,,-1.0
0,1.0,0.5,19,mahalanobis,kd_tree,30,1.0,-1.0
0,1.0,0.5,19,mahalanobis,kd_tree,30,2.0,-1.0
0,1.0,0.5,19,mahalanobis,kd_tree,40,,-1.0
0,1.0,0.5,19,mahalanobis,kd_tree,40,1.0,-1.0
0,1.0,0.5,19,mahalanobis,kd_tree,40,2.0,-1.0
0,1.0,0.5,19,mahalanobis,kd_tree,50,,-1.0
0,1.0,0.5,19,mahalanobis,kd_tree,50,1.0,-1.0
0,1.0,0.5,19,mahalanobis,kd_tree,50,2.0,-1.0
0,1.0,0.5,19,mahalanobis,brute,10,,-1.0
0,1.0,0.5,19,mahalanobis,brute,10,1.0,-1.0
0,1.0,0.5,19,mahalanobis,brute,10,2.0,-1.0
0,1.0,0.5,19,mahalanobis,brute,20,,-1.0
0,1.0,0.5,19,mahalanobis,brute,20,1.0,-1.0
0,1.0,0.5,19,mahalanobis,brute,20,2.0,-1.0
0,1.0,0.5,19,mahalanobis,brute,30,,-1.0
0,1.0,0.5,19,mahalanobis,brute,30,1.0,-1.0
0,1.0,0.5,19,mahalanobis,brute,30,2.0,-1.0
0,1.0,0.5,19,mahalanobis,brute,40,,-1.0
0,1.0,0.5,19,mahalanobis,brute,40,1.0,-1.0
0,1.0,0.5,19,mahalanobis,brute,40,2.0,-1.0
0,1.0,0.5,19,mahalanobis,brute,50,,-1.0
0,1.0,0.5,19,mahalanobis,brute,50,1.0,-1.0
0,1.0,0.5,19,mahalanobis,brute,50,2.0,-1.0
9,0.0,0.7,1,euclidean,auto,10,,0.3023093635427457
9,0.0,0.7,1,euclidean,auto,10,1.0,0.3023093635427457
9,0.0,0.7,1,euclidean,auto,10,2.0,0.3023093635427457
9,0.0,0.7,1,euclidean,auto,20,,0.3023093635427457
9,0.0,0.7,1,euclidean,auto,20,1.0,0.3023093635427457
9,0.0,0.7,1,euclidean,auto,20,2.0,0.3023093635427457
9,0.0,0.7,1,euclidean,auto,30,,0.3023093635427457
9,0.0,0.7,1,euclidean,auto,30,1.0,0.3023093635427457
9,0.0,0.7,1,euclidean,auto,30,2.0,0.3023093635427457
9,0.0,0.7,1,euclidean,auto,40,,0.3023093635427457
9,0.0,0.7,1,euclidean,auto,40,1.0,0.3023093635427457
9,0.0,0.7,1,euclidean,auto,40,2.0,0.3023093635427457
9,0.0,0.7,1,euclidean,auto,50,,0.3023093635427457
9,0.0,0.7,1,euclidean,auto,50,1.0,0.3023093635427457
9,0.0,0.7,1,euclidean,auto,50,2.0,0.3023093635427457
9,0.0,0.7,1,euclidean,ball_tree,10,,0.3023093635427457
9,0.0,0.7,1,euclidean,ball_tree,10,1.0,0.3023093635427457
9,0.0,0.7,1,euclidean,ball_tree,10,2.0,0.3023093635427457
9,0.0,0.7,1,euclidean,ball_tree,20,,0.3023093635427457
9,0.0,0.7,1,euclidean,ball_tree,20,1.0,0.3023093635427457
9,0.0,0.7,1,euclidean,ball_tree,20,2.0,0.3023093635427457
9,0.0,0.7,1,euclidean,ball_tree,30,,0.3023093635427457
9,0.0,0.7,1,euclidean,ball_tree,30,1.0,0.3023093635427457
9,0.0,0.7,1,euclidean,ball_tree,30,2.0,0.3023093635427457
9,0.0,0.7,1,euclidean,ball_tree,40,,0.3023093635427457
9,0.0,0.7,1,euclidean,ball_tree,40,1.0,0.3023093635427457
9,0.0,0.7,1,euclidean,ball_tree,40,2.0,0.3023093635427457
9,0.0,0.7,1,euclidean,ball_tree,50,,0.3023093635427457
9,0.0,0.7,1,euclidean,ball_tree,50,1.0,0.3023093635427457
9,0.0,0.7,1,euclidean,ball_tree,50,2.0,0.3023093635427457
9,0.0,0.7,1,euclidean,kd_tree,10,,0.3023093635427457
9,0.0,0.7,1,euclidean,kd_tree,10,1.0,0.3023093635427457
9,0.0,0.7,1,euclidean,kd_tree,10,2.0,0.3023093635427457
9,0.0,0.7,1,euclidean,kd_tree,20,,0.3023093635427457
9,0.0,0.7,1,euclidean,kd_tree,20,1.0,0.3023093635427457
9,0.0,0.7,1,euclidean,kd_tree,20,2.0,0.3023093635427457
9,0.0,0.7,1,euclidean,kd_tree,30,,0.3023093635427457
9,0.0,0.7,1,euclidean,kd_tree,30,1.0,0.3023093635427457
9,0.0,0.7,1,euclidean,kd_tree,30,2.0,0.3023093635427457
9,0.0,0.7,1,euclidean,kd_tree,40,,0.3023093635427457
9,0.0,0.7,1,euclidean,kd_tree,40,1.0,0.3023093635427457
9,0.0,0.7,1,euclidean,kd_tree,40,2.0,0.3023093635427457
9,0.0,0.7,1,euclidean,kd_tree,50,,0.3023093635427457
9,0.0,0.7,1,euclidean,kd_tree,50,1.0,0.3023093635427457
9,0.0,0.7,1,euclidean,kd_tree,50,2.0,0.3023093635427457
9,0.0,0.7,1,euclidean,brute,10,,0.3023093635427457
9,0.0,0.7,1,euclidean,brute,10,1.0,0.3023093635427457
9,0.0,0.7,1,euclidean,brute,10,2.0,0.3023093635427457
9,0.0,0.7,1,euclidean,brute,20,,0.3023093635427457
9,0.0,0.7,1,euclidean,brute,20,1.0,0.3023093635427457
9,0.0,0.7,1,euclidean,brute,20,2.0,0.3023093635427457
9,0.0,0.7,1,euclidean,brute,30,,0.3023093635427457
9,0.0,0.7,1,euclidean,brute,30,1.0,0.3023093635427457
9,0.0,0.7,1,euclidean,brute,30,2.0,0.3023093635427457
9,0.0,0.7,1,euclidean,brute,40,,0.3023093635427457
9,0.0,0.7,1,euclidean,brute,40,1.0,0.3023093635427457
9,0.0,0.7,1,euclidean,brute,40,2.0,0.3023093635427457
9,0.0,0.7,1,euclidean,brute,50,,0.3023093635427457
9,0.0,0.7,1,euclidean,brute,50,1.0,0.3023093635427457
9,0.0,0.7,1,euclidean,brute,50,2.0,0.3023093635427457
38,0.0,0.7,1,manhattan,auto,10,,-0.011342883733187988
38,0.0,0.7,1,manhattan,auto,10,1.0,-0.011342883733187988
38,0.0,0.7,1,manhattan,auto,10,2.0,-0.011342883733187988
38,0.0,0.7,1,manhattan,auto,20,,-0.011342883733187988
38,0.0,0.7,1,manhattan,auto,20,1.0,-0.011342883733187988
38,0.0,0.7,1,manhattan,auto,20,2.0,-0.011342883733187988
38,0.0,0.7,1,manhattan,auto,30,,-0.011342883733187988
38,0.0,0.7,1,manhattan,auto,30,1.0,-0.011342883733187988
38,0.0,0.7,1,manhattan,auto,30,2.0,-0.011342883733187988
38,0.0,0.7,1,manhattan,auto,40,,-0.011342883733187988
38,0.0,0.7,1,manhattan,auto,40,1.0,-0.011342883733187988
38,0.0,0.7,1,manhattan,auto,40,2.0,-0.011342883733187988
38,0.0,0.7,1,manhattan,auto,50,,-0.011342883733187988
38,0.0,0.7,1,manhattan,auto,50,1.0,-0.011342883733187988
38,0.0,0.7,1,manhattan,auto,50,2.0,-0.011342883733187988
38,0.0,0.7,1,manhattan,ball_tree,10,,-0.011342883733187988
38,0.0,0.7,1,manhattan,ball_tree,10,1.0,-0.011342883733187988
38,0.0,0.7,1,manhattan,ball_tree,10,2.0,-0.011342883733187988
38,0.0,0.7,1,manhattan,ball_tree,20,,-0.011342883733187988
38,0.0,0.7,1,manhattan,ball_tree,20,1.0,-0.011342883733187988
38,0.0,0.7,1,manhattan,ball_tree,20,2.0,-0.011342883733187988
38,0.0,0.7,1,manhattan,ball_tree,30,,-0.011342883733187988
38,0.0,0.7,1,manhattan,ball_tree,30,1.0,-0.011342883733187988
38,0.0,0.7,1,manhattan,ball_tree,30,2.0,-0.011342883733187988
38,0.0,0.7,1,manhattan,ball_tree,40,,-0.011342883733187988
38,0.0,0.7,1,manhattan,ball_tree,40,1.0,-0.011342883733187988
38,0.0,0.7,1,manhattan,ball_tree,40,2.0,-0.011342883733187988
38,0.0,0.7,1,manhattan,ball_tree,50,,-0.011342883733187988
38,0.0,0.7,1,manhattan,ball_tree,50,1.0,-0.011342883733187988
38,0.0,0.7,1,manhattan,ball_tree,50,2.0,-0.011342883733187988
38,0.0,0.7,1,manhattan,kd_tree,10,,-0.011342883733187988
38,0.0,0.7,1,manhattan,kd_tree,10,1.0,-0.011342883733187988
38,0.0,0.7,1,manhattan,kd_tree,10,2.0,-0.011342883733187988
38,0.0,0.7,1,manhattan,kd_tree,20,,-0.011342883733187988
38,0.0,0.7,1,manhattan,kd_tree,20,1.0,-0.011342883733187988
38,0.0,0.7,1,manhattan,kd_tree,20,2.0,-0.011342883733187988
38,0.0,0.7,1,manhattan,kd_tree,30,,-0.011342883733187988
38,0.0,0.7,1,manhattan,kd_tree,30,1.0,-0.011342883733187988
38,0.0,0.7,1,manhattan,kd_tree,30,2.0,-0.011342883733187988
38,0.0,0.7,1,manhattan,kd_tree,40,,-0.011342883733187988
38,0.0,0.7,1,manhattan,kd_tree,40,1.0,-0.011342883733187988
38,0.0,0.7,1,manhattan,kd_tree,40,2.0,-0.011342883733187988
38,0.0,0.7,1,manhattan,kd_tree,50,,-0.011342883733187988
38,0.0,0.7,1,manhattan,kd_tree,50,1.0,-0.011342883733187988
38,0.0,0.7,1,manhattan,kd_tree,50,2.0,-0.011342883733187988
38,0.0,0.7,1,manhattan,brute,10,,-0.011342883733187988
38,0.0,0.7,1,manhattan,brute,10,1.0,-0.011342883733187988
38,0.0,0.7,1,manhattan,brute,10,2.0,-0.011342883733187988
38,0.0,0.7,1,manhattan,brute,20,,-0.011342883733187988
38,0.0,0.7,1,manhattan,brute,20,1.0,-0.011342883733187988
38,0.0,0.7,1,manhattan,brute,20,2.0,-0.011342883733187988
38,0.0,0.7,1,manhattan,brute,30,,-0.011342883733187988
38,0.0,0.7,1,manhattan,brute,30,1.0,-0.011342883733187988
38,0.0,0.7,1,manhattan,brute,30,2.0,-0.011342883733187988
38,0.0,0.7,1,manhattan,brute,40,,-0.011342883733187988
38,0.0,0.7,1,manhattan,brute,40,1.0,-0.011342883733187988
38,0.0,0.7,1,manhattan,brute,40,2.0,-0.011342883733187988
38,0.0,0.7,1,manhattan,brute,50,,-0.011342883733187988
38,0.0,0.7,1,manhattan,brute,50,1.0,-0.011342883733187988
38,0.0,0.7,1,manhattan,brute,50,2.0,-0.011342883733187988
91,0.0,0.7,1,mahalanobis,auto,10,,-0.07989578551009963
91,0.0,0.7,1,mahalanobis,auto,10,1.0,-0.07989578551009963
91,0.0,0.7,1,mahalanobis,auto,10,2.0,-0.07989578551009963
91,0.0,0.7,1,mahalanobis,auto,20,,-0.07989578551009963
91,0.0,0.7,1,mahalanobis,auto,20,1.0,-0.07989578551009963
91,0.0,0.7,1,mahalanobis,auto,20,2.0,-0.07989578551009963
91,0.0,0.7,1,mahalanobis,auto,30,,-0.07989578551009963
91,0.0,0.7,1,mahalanobis,auto,30,1.0,-0.07989578551009963
91,0.0,0.7,1,mahalanobis,auto,30,2.0,-0.07989578551009963
91,0.0,0.7,1,mahalanobis,auto,40,,-0.07989578551009963
91,0.0,0.7,1,mahalanobis,auto,40,1.0,-0.07989578551009963
91,0.0,0.7,1,mahalanobis,auto,40,2.0,-0.07989578551009963
91,0.0,0.7,1,mahalanobis,auto,50,,-0.07989578551009963
91,0.0,0.7,1,mahalanobis,auto,50,1.0,-0.07989578551009963
91,0.0,0.7,1,mahalanobis,auto,50,2.0,-0.07989578551009963
91,0.0,0.7,1,mahalanobis,ball_tree,10,,-0.07989578551009963
91,0.0,0.7,1,mahalanobis,ball_tree,10,1.0,-0.07989578551009963
91,0.0,0.7,1,mahalanobis,ball_tree,10,2.0,-0.07989578551009963
91,0.0,0.7,1,mahalanobis,ball_tree,20,,-0.07989578551009963
91,0.0,0.7,1,mahalanobis,ball_tree,20,1.0,-0.07989578551009963
91,0.0,0.7,1,mahalanobis,ball_tree,20,2.0,-0.07989578551009963
91,0.0,0.7,1,mahalanobis,ball_tree,30,,-0.07989578551009963
91,0.0,0.7,1,mahalanobis,ball_tree,30,1.0,-0.07989578551009963
91,0.0,0.7,1,mahalanobis,ball_tree,30,2.0,-0.07989578551009963
91,0.0,0.7,1,mahalanobis,ball_tree,40,,-0.07989578551009963
91,0.0,0.7,1,mahalanobis,ball_tree,40,1.0,-0.07989578551009963
91,0.0,0.7,1,mahalanobis,ball_tree,40,2.0,-0.07989578551009963
91,0.0,0.7,1,mahalanobis,ball_tree,50,,-0.07989578551009963
91,0.0,0.7,1,mahalanobis,ball_tree,50,1.0,-0.07989578551009963
91,0.0,0.7,1,mahalanobis,ball_tree,50,2.0,-0.07989578551009963
91,0.0,0.7,1,mahalanobis,kd_tree,10,,-0.07989578551009963
91,0.0,0.7,1,mahalanobis,kd_tree,10,1.0,-0.07989578551009963
91,0.0,0.7,1,mahalanobis,kd_tree,10,2.0,-0.07989578551009963
91,0.0,0.7,1,mahalanobis,kd_tree,20,,-0.07989578551009963
91,0.0,0.7,1,mahalanobis,kd_tree,20,1.0,-0.07989578551009963
91,0.0,0.7,1,mahalanobis,kd_tree,20,2.0,-0.07989578551009963
91,0.0,0.7,1,mahalanobis,kd_tree,30,,-0.07989578551009963
91,0.0,0.7,1,mahalanobis,kd_tree,30,1.0,-0.07989578551009963
91,0.0,0.7,1,mahalanobis,kd_tree,30,2.0,-0.07989578551009963
91,0.0,0.7,1,mahalanobis,kd_tree,40,,-0.07989578551009963
91,0.0,0.7,1,mahalanobis,kd_tree,40,1.0,-0.07989578551009963
91,0.0,0.7,1,mahalanobis,kd_tree,40,2.0,-0.07989578551009963
91,0.0,0.7,1,mahalanobis,kd_tree,50,,-0.07989578551009963
91,0.0,0.7,1,mahalanobis,kd_tree,50,1.0,-0.07989578551009963
91,0.0,0.7,1,mahalanobis,kd_tree,50,2.0,-0.07989578551009963
91,0.0,0.7,1,mahalanobis,brute,10,,-0.07989578551009963
91,0.0,0.7,1,mahalanobis,brute,10,1.0,-0.07989578551009963
91,0.0,0.7,1,mahalanobis,brute,10,2.0,-0.07989578551009963
91,0.0,0.7,1,mahalanobis,brute,20,,-0.07989578551009963
91,0.0,0.7,1,mahalanobis,brute,20,1.0,-0.07989578551009963
91,0.0,0.7,1,mahalanobis,brute,20,2.0,-0.07989578551009963
91,0.0,0.7,1,mahalanobis,brute,30,,-0.07989578551009963
91,0.0,0.7,1,mahalanobis,brute,30,1.0,-0.07989578551009963
91,0.0,0.7,1,mahalanobis,brute,30,2.0,-0.07989578551009963
91,0.0,0.7,1,mahalanobis,brute,40,,-0.07989578551009963
91,0.0,0.7,1,mahalanobis,brute,40,1.0,-0.07989578551009963
91,0.0,0.7,1,mahalanobis,brute,40,2.0,-0.07989578551009963
91,0.0,0.7,1,mahalanobis,brute,50,,-0.07989578551009963
91,0.0,0.7,1,mahalanobis,brute,50,1.0,-0.07989578551009963
91,0.0,0.7,1,mahalanobis,brute,50,2.0,-0.07989578551009963
4,0.03333333333333333,0.7,2,euclidean,auto,10,,0.45931867066884174
4,0.03333333333333333,0.7,2,euclidean,auto,10,1.0,0.45931867066884174
4,0.03333333333333333,0.7,2,euclidean,auto,10,2.0,0.45931867066884174
4,0.03333333333333333,0.7,2,euclidean,auto,20,,0.45931867066884174
4,0.03333333333333333,0.7,2,euclidean,auto,20,1.0,0.45931867066884174
4,0.03333333333333333,0.7,2,euclidean,auto,20,2.0,0.45931867066884174
4,0.03333333333333333,0.7,2,euclidean,auto,30,,0.45931867066884174
4,0.03333333333333333,0.7,2,euclidean,auto,30,1.0,0.45931867066884174
4,0.03333333333333333,0.7,2,euclidean,auto,30,2.0,0.45931867066884174
4,0.03333333333333333,0.7,2,euclidean,auto,40,,0.45931867066884174
4,0.03333333333333333,0.7,2,euclidean,auto,40,1.0,0.45931867066884174
4,0.03333333333333333,0.7,2,euclidean,auto,40,2.0,0.45931867066884174
4,0.03333333333333333,0.7,2,euclidean,auto,50,,0.45931867066884174
4,0.03333333333333333,0.7,2,euclidean,auto,50,1.0,0.45931867066884174
4,0.03333333333333333,0.7,2,euclidean,auto,50,2.0,0.45931867066884174
4,0.03333333333333333,0.7,2,euclidean,ball_tree,10,,0.45931867066884174
4,0.03333333333333333,0.7,2,euclidean,ball_tree,10,1.0,0.45931867066884174
4,0.03333333333333333,0.7,2,euclidean,ball_tree,10,2.0,0.45931867066884174
4,0.03333333333333333,0.7,2,euclidean,ball_tree,20,,0.45931867066884174
4,0.03333333333333333,0.7,2,euclidean,ball_tree,20,1.0,0.45931867066884174
4,0.03333333333333333,0.7,2,euclidean,ball_tree,20,2.0,0.45931867066884174
4,0.03333333333333333,0.7,2,euclidean,ball_tree,30,,0.45931867066884174
4,0.03333333333333333,0.7,2,euclidean,ball_tree,30,1.0,0.45931867066884174
4,0.03333333333333333,0.7,2,euclidean,ball_tree,30,2.0,0.45931867066884174
4,0.03333333333333333,0.7,2,euclidean,ball_tree,40,,0.45931867066884174
4,0.03333333333333333,0.7,2,euclidean,ball_tree,40,1.0,0.45931867066884174
4,0.03333333333333333,0.7,2,euclidean,ball_tree,40,2.0,0.45931867066884174
4,0.03333333333333333,0.7,2,euclidean,ball_tree,50,,0.45931867066884174
4,0.03333333333333333,0.7,2,euclidean,ball_tree,50,1.0,0.45931867066884174
4,0.03333333333333333,0.7,2,euclidean,ball_tree,50,2.0,0.45931867066884174
4,0.03333333333333333,0.7,2,euclidean,kd_tree,10,,0.45931867066884174
4,0.03333333333333333,0.7,2,euclidean,kd_tree,10,1.0,0.45931867066884174
4,0.03333333333333333,0.7,2,euclidean,kd_tree,10,2.0,0.45931867066884174
4,0.03333333333333333,0.7,2,euclidean,kd_tree,20,,0.45931867066884174
4,0.03333333333333333,0.7,2,euclidean,kd_tree,20,1.0,0.45931867066884174
4,0.03333333333333333,0.7,2,euclidean,kd_tree,20,2.0,0.45931867066884174
4,0.03333333333333333,0.7,2,euclidean,kd_tree,30,,0.45931867066884174
4,0.03333333333333333,0.7,2,euclidean,kd_tree,30,1.0,0.45931867066884174
4,0.03333333333333333,0.7,2,euclidean,kd_tree,30,2.0,0.45931867066884174
4,0.03333333333333333,0.7,2,euclidean,kd_tree,40,,0.45931867066884174
4,0.03333333333333333,0.7,2,euclidean,kd_tree,40,1.0,0.45931867066884174
4,0.03333333333333333,0.7,2,euclidean,kd_tree,40,2.0,0.45931867066884174
4,0.03333333333333333,0.7,2,euclidean,kd_tree,50,,0.45931867066884174
4,0.03333333333333333,0.7,2,euclidean,kd_tree,50,1.0,0.45931867066884174
4,0.03333333333333333,0.7,2,euclidean,kd_tree,50,2.0,0.45931867066884174
4,0.03333333333333333,0.7,2,euclidean,brute,10,,0.45931867066884174
4,0.03333333333333333,0.7,2,euclidean,brute,10,1.0,0.45931867066884174
4,0.03333333333333333,0.7,2,euclidean,brute,10,2.0,0.45931867066884174
4,0.03333333333333333,0.7,2,euclidean,brute,20,,0.45931867066884174
4,0.03333333333333333,0.7,2,euclidean,brute,20,1.0,0.45931867066884174
4,0.03333333333333333,0.7,2,euclidean,brute,20,2.0,0.45931867066884174
4,0.03333333333333333,0.7,2,euclidean,brute,30,,0.45931867066884174
4,0.03333333333333333,0.7,2,euclidean,brute,30,1.0,0.45931867066884174
4,0.03333333333333333,0.7,2,euclidean,brute,30,2.0,0.45931867066884174
4,0.03333333333333333,0.7,2,euclidean,brute,40,,0.45931867066884174
4,0.03333333333333333,0.7,2,euclidean,brute,40,1.0,0.45931867066884174
4,0.03333333333333333,0.7,2,euclidean,brute,40,2.0,0.45931867066884174
4,0.03333333333333333,0.7,2,euclidean,brute,50,,0.45931867066884174
4,0.03333333333333333,0.7,2,euclidean,brute,50,1.0,0.45931867066884174
4,0.03333333333333333,0.7,2,euclidean,brute,50,2.0,0.45931867066884174
11,0.18,0.7,2,manhattan,auto,10,,0.044342264502313954
11,0.18,0.7,2,manhattan,auto,10,1.0,0.044342264502313954
11,0.18,0.7,2,manhattan,auto,10,2.0,0.044342264502313954
11,0.18,0.7,2,manhattan,auto,20,,0.044342264502313954
11,0.18,0.7,2,manhattan,auto,20,1.0,0.044342264502313954
11,0.18,0.7,2,manhattan,auto,20,2.0,0.044342264502313954
11,0.18,0.7,2,manhattan,auto,30,,0.044342264502313954
11,0.18,0.7,2,manhattan,auto,30,1.0,0.044342264502313954
11,0.18,0.7,2,manhattan,auto,30,2.0,0.044342264502313954
11,0.18,0.7,2,manhattan,auto,40,,0.044342264502313954
11,0.18,0.7,2,manhattan,auto,40,1.0,0.044342264502313954
11,0.18,0.7,2,manhattan,auto,40,2.0,0.044342264502313954
11,0.18,0.7,2,manhattan,auto,50,,0.044342264502313954
11,0.18,0.7,2,manhattan,auto,50,1.0,0.044342264502313954
11,0.18,0.7,2,manhattan,auto,50,2.0,0.044342264502313954
11,0.18,0.7,2,manhattan,ball_tree,10,,0.044342264502313954
11,0.18,0.7,2,manhattan,ball_tree,10,1.0,0.044342264502313954
11,0.18,0.7,2,manhattan,ball_tree,10,2.0,0.044342264502313954
11,0.18,0.7,2,manhattan,ball_tree,20,,0.044342264502313954
11,0.18,0.7,2,manhattan,ball_tree,20,1.0,0.044342264502313954
11,0.18,0.7,2,manhattan,ball_tree,20,2.0,0.044342264502313954
11,0.18,0.7,2,manhattan,ball_tree,30,,0.044342264502313954
11,0.18,0.7,2,manhattan,ball_tree,30,1.0,0.044342264502313954
11,0.18,0.7,2,manhattan,ball_tree,30,2.0,0.044342264502313954
11,0.18,0.7,2,manhattan,ball_tree,40,,0.044342264502313954
11,0.18,0.7,2,manhattan,ball_tree,40,1.0,0.044342264502313954
11,0.18,0.7,2,manhattan,ball_tree,40,2.0,0.044342264502313954
11,0.18,0.7,2,manhattan,ball_tree,50,,0.044342264502313954
11,0.18,0.7,2,manhattan,ball_tree,50,1.0,0.044342264502313954
11,0.18,0.7,2,manhattan,ball_tree,50,2.0,0.044342264502313954
11,0.18,0.7,2,manhattan,kd_tree,10,,0.044342264502313954
11,0.18,0.7,2,manhattan,kd_tree,10,1.0,0.044342264502313954
11,0.18,0.7,2,manhattan,kd_tree,10,2.0,0.044342264502313954
11,0.18,0.7,2,manhattan,kd_tree,20,,0.044342264502313954
11,0.18,0.7,2,manhattan,kd_tree,20,1.0,0.044342264502313954
11,0.18,0.7,2,manhattan,kd_tree,20,2.0,0.044342264502313954
11,0.18,0.7,2,manhattan,kd_tree,30,,0.044342264502313954
11,0.18,0.7,2,manhattan,kd_tree,30,1.0,0.044342264502313954
11,0.18,0.7,2,manhattan,kd_tree,30,2.0,0.044342264502313954
11,0.18,0.7,2,manhattan,kd_tree,40,,0.044342264502313954
11,0.18,0.7,2,manhattan,kd_tree,40,1.0,0.044342264502313954
11,0.18,0.7,2,manhattan,kd_tree,40,2.0,0.044342264502313954
11,0.18,0.7,2,manhattan,kd_tree,50,,0.044342264502313954
11,0.18,0.7,2,manhattan,kd_tree,50,1.0,0.044342264502313954
11,0.18,0.7,2,manhattan,kd_tree,50,2.0,0.044342264502313954
11,0.18,0.7,2,manhattan,brute,10,,0.044342264502313954
11,0.18,0.7,2,manhattan,brute,10,1.0,0.044342264502313954
11,0.18,0.7,2,manhattan,brute,10,2.0,0.044342264502313954
11,0.18,0.7,2,manhattan,brute,20,,0.044342264502313954
11,0.18,0.7,2,manhattan,brute,20,1.0,0.044342264502313954
11,0.18,0.7,2,manhattan,brute,20,2.0,0.044342264502313954
11,0.18,0.7,2,manhattan,brute,30,,0.044342264502313954
11,0.18,0.7,2,manhattan,brute,30,1.0,0.044342264502313954
11,0.18,0.7,2,manhattan,brute,30,2.0,0.044342264502313954
11,0.18,0.7,2,manhattan,brute,40,,0.044342264502313954
11,0.18,0.7,2,manhattan,brute,40,1.0,0.044342264502313954
11,0.18,0.7,2,manhattan,brute,40,2.0,0.044342264502313954
11,0.18,0.7,2,manhattan,brute,50,,0.044342264502313954
11,0.18,0.7,2,manhattan,brute,50,1.0,0.044342264502313954
11,0.18,0.7,2,manhattan,brute,50,2.0,0.044342264502313954
17,0.49333333333333335,0.7,2,mahalanobis,auto,10,,-0.1041160869653154
17,0.49333333333333335,0.7,2,mahalanobis,auto,10,1.0,-0.1041160869653154
17,0.49333333333333335,0.7,2,mahalanobis,auto,10,2.0,-0.1041160869653154
17,0.49333333333333335,0.7,2,mahalanobis,auto,20,,-0.1041160869653154
17,0.49333333333333335,0.7,2,mahalanobis,auto,20,1.0,-0.1041160869653154
17,0.49333333333333335,0.7,2,mahalanobis,auto,20,2.0,-0.1041160869653154
17,0.49333333333333335,0.7,2,mahalanobis,auto,30,,-0.1041160869653154
17,0.49333333333333335,0.7,2,mahalanobis,auto,30,1.0,-0.1041160869653154
17,0.49333333333333335,0.7,2,mahalanobis,auto,30,2.0,-0.1041160869653154
17,0.49333333333333335,0.7,2,mahalanobis,auto,40,,-0.1041160869653154
17,0.49333333333333335,0.7,2,mahalanobis,auto,40,1.0,-0.1041160869653154
17,0.49333333333333335,0.7,2,mahalanobis,auto,40,2.0,-0.1041160869653154
17,0.49333333333333335,0.7,2,mahalanobis,auto,50,,-0.1041160869653154
17,0.49333333333333335,0.7,2,mahalanobis,auto,50,1.0,-0.1041160869653154
17,0.49333333333333335,0.7,2,mahalanobis,auto,50,2.0,-0.1041160869653154
17,0.49333333333333335,0.7,2,mahalanobis,ball_tree,10,,-0.1041160869653154
17,0.49333333333333335,0.7,2,mahalanobis,ball_tree,10,1.0,-0.1041160869653154
17,0.49333333333333335,0.7,2,mahalanobis,ball_tree,10,2.0,-0.1041160869653154
17,0.49333333333333335,0.7,2,mahalanobis,ball_tree,20,,-0.1041160869653154
17,0.49333333333333335,0.7,2,mahalanobis,ball_tree,20,1.0,-0.1041160869653154
17,0.49333333333333335,0.7,2,mahalanobis,ball_tree,20,2.0,-0.1041160869653154
17,0.49333333333333335,0.7,2,mahalanobis,ball_tree,30,,-0.1041160869653154
17,0.49333333333333335,0.7,2,mahalanobis,ball_tree,30,1.0,-0.1041160869653154
17,0.49333333333333335,0.7,2,mahalanobis,ball_tree,30,2.0,-0.1041160869653154
17,0.49333333333333335,0.7,2,mahalanobis,ball_tree,40,,-0.1041160869653154
17,0.49333333333333335,0.7,2,mahalanobis,ball_tree,40,1.0,-0.1041160869653154
17,0.49333333333333335,0.7,2,mahalanobis,ball_tree,40,2.0,-0.1041160869653154
17,0.49333333333333335,0.7,2,mahalanobis,ball_tree,50,,-0.1041160869653154
17,0.49333333333333335,0.7,2,mahalanobis,ball_tree,50,1.0,-0.1041160869653154
17,0.49333333333333335,0.7,2,mahalanobis,ball_tree,50,2.0,-0.1041160869653154
17,0.49333333333333335,0.7,2,mahalanobis,kd_tree,10,,-0.1041160869653154
17,0.49333333333333335,0.7,2,mahalanobis,kd_tree,10,1.0,-0.1041160869653154
17,0.49333333333333335,0.7,2,mahalanobis,kd_tree,10,2.0,-0.1041160869653154
17,0.49333333333333335,0.7,2,mahalanobis,kd_tree,20,,-0.1041160869653154
17,0.49333333333333335,0.7,2,mahalanobis,kd_tree,20,1.0,-0.1041160869653154
17,0.49333333333333335,0.7,2,mahalanobis,kd_tree,20,2.0,-0.1041160869653154
17,0.49333333333333335,0.7,2,mahalanobis,kd_tree,30,,-0.1041160869653154
17,0.49333333333333335,0.7,2,mahalanobis,kd_tree,30,1.0,-0.1041160869653154
17,0.49333333333333335,0.7,2,mahalanobis,kd_tree,30,2.0,-0.1041160869653154
17,0.49333333333333335,0.7,2,mahalanobis,kd_tree,40,,-0.1041160869653154
17,0.49333333333333335,0.7,2,mahalanobis,kd_tree,40,1.0,-0.1041160869653154
17,0.49333333333333335,0.7,2,mahalanobis,kd_tree,40,2.0,-0.1041160869653154
17,0.49333333333333335,0.7,2,mahalanobis,kd_tree,50,,-0.1041160869653154
17,0.49333333333333335,0.7,2,mahalanobis,kd_tree,50,1.0,-0.1041160869653154
17,0.49333333333333335,0.7,2,mahalanobis,kd_tree,50,2.0,-0.1041160869653154
17,0.49333333333333335,0.7,2,mahalanobis,brute,10,,-0.1041160869653154
17,0.49333333333333335,0.7,2,mahalanobis,brute,10,1.0,-0.1041160869653154
17,0.49333333333333335,0.7,2,mahalanobis,brute,10,2.0,-0.1041160869653154
17,0.49333333333333335,0.7,2,mahalanobis,brute,20,,-0.1041160869653154
17,0.49333333333333335,0.7,2,mahalanobis,brute,20,1.0,-0.1041160869653154
17,0.49333333333333335,0.7,2,mahalanobis,brute,20,2.0,-0.1041160869653154
17,0.49333333333333335,0.7,2,mahalanobis,brute,30,,-0.1041160869653154
17,0.49333333333333335,0.7,2,mahalanobis,brute,30,1.0,-0.1041160869653154
17,0.49333333333333335,0.7,2,mahalanobis,brute,30,2.0,-0.1041160869653154
17,0.49333333333333335,0.7,2,mahalanobis,brute,40,,-0.1041160869653154
17,0.49333333333333335,0.7,2,mahalanobis,brute,40,1.0,-0.1041160869653154
17,0.49333333333333335,0.7,2,mahalanobis,brute,40,2.0,-0.1041160869653154
17,0.49333333333333335,0.7,2,mahalanobis,brute,50,,-0.1041160869653154
17,0.49333333333333335,0.7,2,mahalanobis,brute,50,1.0,-0.1041160869653154
17,0.49333333333333335,0.7,2,mahalanobis,brute,50,2.0,-0.1041160869653154
3,0.04666666666666667,0.7,3,euclidean,auto,10,,0.46794302865739495
3,0.04666666666666667,0.7,3,euclidean,auto,10,1.0,0.46794302865739495
3,0.04666666666666667,0.7,3,euclidean,auto,10,2.0,0.46794302865739495
3,0.04666666666666667,0.7,3,euclidean,auto,20,,0.46794302865739495
3,0.04666666666666667,0.7,3,euclidean,auto,20,1.0,0.46794302865739495
3,0.04666666666666667,0.7,3,euclidean,auto,20,2.0,0.46794302865739495
3,0.04666666666666667,0.7,3,euclidean,auto,30,,0.46794302865739495
3,0.04666666666666667,0.7,3,euclidean,auto,30,1.0,0.46794302865739495
3,0.04666666666666667,0.7,3,euclidean,auto,30,2.0,0.46794302865739495
3,0.04666666666666667,0.7,3,euclidean,auto,40,,0.46794302865739495
3,0.04666666666666667,0.7,3,euclidean,auto,40,1.0,0.46794302865739495
3,0.04666666666666667,0.7,3,euclidean,auto,40,2.0,0.46794302865739495
3,0.04666666666666667,0.7,3,euclidean,auto,50,,0.46794302865739495
3,0.04666666666666667,0.7,3,euclidean,auto,50,1.0,0.46794302865739495
3,0.04666666666666667,0.7,3,euclidean,auto,50,2.0,0.46794302865739495
3,0.04666666666666667,0.7,3,euclidean,ball_tree,10,,0.46794302865739495
3,0.04666666666666667,0.7,3,euclidean,ball_tree,10,1.0,0.46794302865739495
3,0.04666666666666667,0.7,3,euclidean,ball_tree,10,2.0,0.46794302865739495
3,0.04666666666666667,0.7,3,euclidean,ball_tree,20,,0.46794302865739495
3,0.04666666666666667,0.7,3,euclidean,ball_tree,20,1.0,0.46794302865739495
3,0.04666666666666667,0.7,3,euclidean,ball_tree,20,2.0,0.46794302865739495
3,0.04666666666666667,0.7,3,euclidean,ball_tree,30,,0.46794302865739495
3,0.04666666666666667,0.7,3,euclidean,ball_tree,30,1.0,0.46794302865739495
3,0.04666666666666667,0.7,3,euclidean,ball_tree,30,2.0,0.46794302865739495
3,0.04666666666666667,0.7,3,euclidean,ball_tree,40,,0.46794302865739495
3,0.04666666666666667,0.7,3,euclidean,ball_tree,40,1.0,0.46794302865739495
3,0.04666666666666667,0.7,3,euclidean,ball_tree,40,2.0,0.46794302865739495
3,0.04666666666666667,0.7,3,euclidean,ball_tree,50,,0.46794302865739495
3,0.04666666666666667,0.7,3,euclidean,ball_tree,50,1.0,0.46794302865739495
3,0.04666666666666667,0.7,3,euclidean,ball_tree,50,2.0,0.46794302865739495
3,0.04666666666666667,0.7,3,euclidean,kd_tree,10,,0.46794302865739495
3,0.04666666666666667,0.7,3,euclidean,kd_tree,10,1.0,0.46794302865739495
3,0.04666666666666667,0.7,3,euclidean,kd_tree,10,2.0,0.46794302865739495
3,0.04666666666666667,0.7,3,euclidean,kd_tree,20,,0.46794302865739495
3,0.04666666666666667,0.7,3,euclidean,kd_tree,20,1.0,0.46794302865739495
3,0.04666666666666667,0.7,3,euclidean,kd_tree,20,2.0,0.46794302865739495
3,0.04666666666666667,0.7,3,euclidean,kd_tree,30,,0.46794302865739495
3,0.04666666666666667,0.7,3,euclidean,kd_tree,30,1.0,0.46794302865739495
3,0.04666666666666667,0.7,3,euclidean,kd_tree,30,2.0,0.46794302865739495
3,0.04666666666666667,0.7,3,euclidean,kd_tree,40,,0.46794302865739495
3,0.04666666666666667,0.7,3,euclidean,kd_tree,40,1.0,0.46794302865739495
3,0.04666666666666667,0.7,3,euclidean,kd_tree,40,2.0,0.46794302865739495
3,0.04666666666666667,0.7,3,euclidean,kd_tree,50,,0.46794302865739495
3,0.04666666666666667,0.7,3,euclidean,kd_tree,50,1.0,0.46794302865739495
3,0.04666666666666667,0.7,3,euclidean,kd_tree,50,2.0,0.46794302865739495
3,0.04666666666666667,0.7,3,euclidean,brute,10,,0.46794302865739495
3,0.04666666666666667,0.7,3,euclidean,brute,10,1.0,0.46794302865739495
3,0.04666666666666667,0.7,3,euclidean,brute,10,2.0,0.46794302865739495
3,0.04666666666666667,0.7,3,euclidean,brute,20,,0.46794302865739495
3,0.04666666666666667,0.7,3,euclidean,brute,20,1.0,0.46794302865739495
3,0.04666666666666667,0.7,3,euclidean,brute,20,2.0,0.46794302865739495
3,0.04666666666666667,0.7,3,euclidean,brute,30,,0.46794302865739495
3,0.04666666666666667,0.7,3,euclidean,brute,30,1.0,0.46794302865739495
3,0.04666666666666667,0.7,3,euclidean,brute,30,2.0,0.46794302865739495
3,0.04666666666666667,0.7,3,euclidean,brute,40,,0.46794302865739495
3,0.04666666666666667,0.7,3,euclidean,brute,40,1.0,0.46794302865739495
3,0.04666666666666667,0.7,3,euclidean,brute,40,2.0,0.46794302865739495
3,0.04666666666666667,0.7,3,euclidean,brute,50,,0.46794302865739495
3,0.04666666666666667,0.7,3,euclidean,brute,50,1.0,0.46794302865739495
3,0.04666666666666667,0.7,3,euclidean,brute,50,2.0,0.46794302865739495
3,0.2866666666666667,0.7,3,manhattan,auto,10,,0.2862485391082113
3,0.2866666666666667,0.7,3,manhattan,auto,10,1.0,0.2862485391082113
3,0.2866666666666667,0.7,3,manhattan,auto,10,2.0,0.2862485391082113
3,0.2866666666666667,0.7,3,manhattan,auto,20,,0.2862485391082113
3,0.2866666666666667,0.7,3,manhattan,auto,20,1.0,0.2862485391082113
3,0.2866666666666667,0.7,3,manhattan,auto,20,2.0,0.2862485391082113
3,0.2866666666666667,0.7,3,manhattan,auto,30,,0.2862485391082113
3,0.2866666666666667,0.7,3,manhattan,auto,30,1.0,0.2862485391082113
3,0.2866666666666667,0.7,3,manhattan,auto,30,2.0,0.2862485391082113
3,0.2866666666666667,0.7,3,manhattan,auto,40,,0.2862485391082113
3,0.2866666666666667,0.7,3,manhattan,auto,40,1.0,0.2862485391082113
3,0.2866666666666667,0.7,3,manhattan,auto,40,2.0,0.2862485391082113
3,0.2866666666666667,0.7,3,manhattan,auto,50,,0.2862485391082113
3,0.2866666666666667,0.7,3,manhattan,auto,50,1.0,0.2862485391082113
3,0.2866666666666667,0.7,3,manhattan,auto,50,2.0,0.2862485391082113
3,0.2866666666666667,0.7,3,manhattan,ball_tree,10,,0.2862485391082113
3,0.2866666666666667,0.7,3,manhattan,ball_tree,10,1.0,0.2862485391082113
3,0.2866666666666667,0.7,3,manhattan,ball_tree,10,2.0,0.2862485391082113
3,0.2866666666666667,0.7,3,manhattan,ball_tree,20,,0.2862485391082113
3,0.2866666666666667,0.7,3,manhattan,ball_tree,20,1.0,0.2862485391082113
3,0.2866666666666667,0.7,3,manhattan,ball_tree,20,2.0,0.2862485391082113
3,0.2866666666666667,0.7,3,manhattan,ball_tree,30,,0.2862485391082113
3,0.2866666666666667,0.7,3,manhattan,ball_tree,30,1.0,0.2862485391082113
3,0.2866666666666667,0.7,3,manhattan,ball_tree,30,2.0,0.2862485391082113
3,0.2866666666666667,0.7,3,manhattan,ball_tree,40,,0.2862485391082113
3,0.2866666666666667,0.7,3,manhattan,ball_tree,40,1.0,0.2862485391082113
3,0.2866666666666667,0.7,3,manhattan,ball_tree,40,2.0,0.2862485391082113
3,0.2866666666666667,0.7,3,manhattan,ball_tree,50,,0.2862485391082113
3,0.2866666666666667,0.7,3,manhattan,ball_tree,50,1.0,0.2862485391082113
3,0.2866666666666667,0.7,3,manhattan,ball_tree,50,2.0,0.2862485391082113
3,0.2866666666666667,0.7,3,manhattan,kd_tree,10,,0.2862485391082113
3,0.2866666666666667,0.7,3,manhattan,kd_tree,10,1.0,0.2862485391082113
3,0.2866666666666667,0.7,3,manhattan,kd_tree,10,2.0,0.2862485391082113
3,0.2866666666666667,0.7,3,manhattan,kd_tree,20,,0.2862485391082113
3,0.2866666666666667,0.7,3,manhattan,kd_tree,20,1.0,0.2862485391082113
3,0.2866666666666667,0.7,3,manhattan,kd_tree,20,2.0,0.2862485391082113
3,0.2866666666666667,0.7,3,manhattan,kd_tree,30,,0.2862485391082113
3,0.2866666666666667,0.7,3,manhattan,kd_tree,30,1.0,0.2862485391082113
3,0.2866666666666667,0.7,3,manhattan,kd_tree,30,2.0,0.2862485391082113
3,0.2866666666666667,0.7,3,manhattan,kd_tree,40,,0.2862485391082113
3,0.2866666666666667,0.7,3,manhattan,kd_tree,40,1.0,0.2862485391082113
3,0.2866666666666667,0.7,3,manhattan,kd_tree,40,2.0,0.2862485391082113
3,0.2866666666666667,0.7,3,manhattan,kd_tree,50,,0.2862485391082113
3,0.2866666666666667,0.7,3,manhattan,kd_tree,50,1.0,0.2862485391082113
3,0.2866666666666667,0.7,3,manhattan,kd_tree,50,2.0,0.2862485391082113
3,0.2866666666666667,0.7,3,manhattan,brute,10,,0.2862485391082113
3,0.2866666666666667,0.7,3,manhattan,brute,10,1.0,0.2862485391082113
3,0.2866666666666667,0.7,3,manhattan,brute,10,2.0,0.2862485391082113
3,0.2866666666666667,0.7,3,manhattan,brute,20,,0.2862485391082113
3,0.2866666666666667,0.7,3,manhattan,brute,20,1.0,0.2862485391082113
3,0.2866666666666667,0.7,3,manhattan,brute,20,2.0,0.2862485391082113
3,0.2866666666666667,0.7,3,manhattan,brute,30,,0.2862485391082113
3,0.2866666666666667,0.7,3,manhattan,brute,30,1.0,0.2862485391082113
3,0.2866666666666667,0.7,3,manhattan,brute,30,2.0,0.2862485391082113
3,0.2866666666666667,0.7,3,manhattan,brute,40,,0.2862485391082113
3,0.2866666666666667,0.7,3,manhattan,brute,40,1.0,0.2862485391082113
3,0.2866666666666667,0.7,3,manhattan,brute,40,2.0,0.2862485391082113
3,0.2866666666666667,0.7,3,manhattan,brute,50,,0.2862485391082113
3,0.2866666666666667,0.7,3,manhattan,brute,50,1.0,0.2862485391082113
3,0.2866666666666667,0.7,3,manhattan,brute,50,2.0,0.2862485391082113
6,0.64,0.7,3,mahalanobis,auto,10,,-0.1982190118843153
6,0.64,0.7,3,mahalanobis,auto,10,1.0,-0.1982190118843153
6,0.64,0.7,3,mahalanobis,auto,10,2.0,-0.1982190118843153
6,0.64,0.7,3,mahalanobis,auto,20,,-0.1982190118843153
6,0.64,0.7,3,mahalanobis,auto,20,1.0,-0.1982190118843153
6,0.64,0.7,3,mahalanobis,auto,20,2.0,-0.1982190118843153
6,0.64,0.7,3,mahalanobis,auto,30,,-0.1982190118843153
6,0.64,0.7,3,mahalanobis,auto,30,1.0,-0.1982190118843153
6,0.64,0.7,3,mahalanobis,auto,30,2.0,-0.1982190118843153
6,0.64,0.7,3,mahalanobis,auto,40,,-0.1982190118843153
6,0.64,0.7,3,mahalanobis,auto,40,1.0,-0.1982190118843153
6,0.64,0.7,3,mahalanobis,auto,40,2.0,-0.1982190118843153
6,0.64,0.7,3,mahalanobis,auto,50,,-0.1982190118843153
6,0.64,0.7,3,mahalanobis,auto,50,1.0,-0.1982190118843153
6,0.64,0.7,3,mahalanobis,auto,50,2.0,-0.1982190118843153
6,0.64,0.7,3,mahalanobis,ball_tree,10,,-0.1982190118843153
6,0.64,0.7,3,mahalanobis,ball_tree,10,1.0,-0.1982190118843153
6,0.64,0.7,3,mahalanobis,ball_tree,10,2.0,-0.1982190118843153
6,0.64,0.7,3,mahalanobis,ball_tree,20,,-0.1982190118843153
6,0.64,0.7,3,mahalanobis,ball_tree,20,1.0,-0.1982190118843153
6,0.64,0.7,3,mahalanobis,ball_tree,20,2.0,-0.1982190118843153
6,0.64,0.7,3,mahalanobis,ball_tree,30,,-0.1982190118843153
6,0.64,0.7,3,mahalanobis,ball_tree,30,1.0,-0.1982190118843153
6,0.64,0.7,3,mahalanobis,ball_tree,30,2.0,-0.1982190118843153
6,0.64,0.7,3,mahalanobis,ball_tree,40,,-0.1982190118843153
6,0.64,0.7,3,mahalanobis,ball_tree,40,1.0,-0.1982190118843153
6,0.64,0.7,3,mahalanobis,ball_tree,40,2.0,-0.1982190118843153
6,0.64,0.7,3,mahalanobis,ball_tree,50,,-0.1982190118843153
6,0.64,0.7,3,mahalanobis,ball_tree,50,1.0,-0.1982190118843153
6,0.64,0.7,3,mahalanobis,ball_tree,50,2.0,-0.1982190118843153
6,0.64,0.7,3,mahalanobis,kd_tree,10,,-0.1982190118843153
6,0.64,0.7,3,mahalanobis,kd_tree,10,1.0,-0.1982190118843153
6,0.64,0.7,3,mahalanobis,kd_tree,10,2.0,-0.1982190118843153
6,0.64,0.7,3,mahalanobis,kd_tree,20,,-0.1982190118843153
6,0.64,0.7,3,mahalanobis,kd_tree,20,1.0,-0.1982190118843153
6,0.64,0.7,3,mahalanobis,kd_tree,20,2.0,-0.1982190118843153
6,0.64,0.7,3,mahalanobis,kd_tree,30,,-0.1982190118843153
6,0.64,0.7,3,mahalanobis,kd_tree,30,1.0,-0.1982190118843153
6,0.64,0.7,3,mahalanobis,kd_tree,30,2.0,-0.1982190118843153
6,0.64,0.7,3,mahalanobis,kd_tree,40,,-0.1982190118843153
6,0.64,0.7,3,mahalanobis,kd_tree,40,1.0,-0.1982190118843153
6,0.64,0.7,3,mahalanobis,kd_tree,40,2.0,-0.1982190118843153
6,0.64,0.7,3,mahalanobis,kd_tree,50,,-0.1982190118843153
6,0.64,0.7,3,mahalanobis,kd_tree,50,1.0,-0.1982190118843153
6,0.64,0.7,3,mahalanobis,kd_tree,50,2.0,-0.1982190118843153
6,0.64,0.7,3,mahalanobis,brute,10,,-0.1982190118843153
6,0.64,0.7,3,mahalanobis,brute,10,1.0,-0.1982190118843153
6,0.64,0.7,3,mahalanobis,brute,10,2.0,-0.1982190118843153
6,0.64,0.7,3,mahalanobis,brute,20,,-0.1982190118843153
6,0.64,0.7,3,mahalanobis,brute,20,1.0,-0.1982190118843153
6,0.64,0.7,3,mahalanobis,brute,20,2.0,-0.1982190118843153
6,0.64,0.7,3,mahalanobis,brute,30,,-0.1982190118843153
6,0.64,0.7,3,mahalanobis,brute,30,1.0,-0.1982190118843153
6,0.64,0.7,3,mahalanobis,brute,30,2.0,-0.1982190118843153
6,0.64,0.7,3,mahalanobis,brute,40,,-0.1982190118843153
6,0.64,0.7,3,mahalanobis,brute,40,1.0,-0.1982190118843153
6,0.64,0.7,3,mahalanobis,brute,40,2.0,-0.1982190118843153
6,0.64,0.7,3,mahalanobis,brute,50,,-0.1982190118843153
6,0.64,0.7,3,mahalanobis,brute,50,1.0,-0.1982190118843153
6,0.64,0.7,3,mahalanobis,brute,50,2.0,-0.1982190118843153
4,0.04666666666666667,0.7,4,euclidean,auto,10,,0.3948146029179739
4,0.04666666666666667,0.7,4,euclidean,auto,10,1.0,0.3948146029179739
4,0.04666666666666667,0.7,4,euclidean,auto,10,2.0,0.3948146029179739
4,0.04666666666666667,0.7,4,euclidean,auto,20,,0.3948146029179739
4,0.04666666666666667,0.7,4,euclidean,auto,20,1.0,0.3948146029179739
4,0.04666666666666667,0.7,4,euclidean,auto,20,2.0,0.3948146029179739
4,0.04666666666666667,0.7,4,euclidean,auto,30,,0.3948146029179739
4,0.04666666666666667,0.7,4,euclidean,auto,30,1.0,0.3948146029179739
4,0.04666666666666667,0.7,4,euclidean,auto,30,2.0,0.3948146029179739
4,0.04666666666666667,0.7,4,euclidean,auto,40,,0.3948146029179739
4,0.04666666666666667,0.7,4,euclidean,auto,40,1.0,0.3948146029179739
4,0.04666666666666667,0.7,4,euclidean,auto,40,2.0,0.3948146029179739
4,0.04666666666666667,0.7,4,euclidean,auto,50,,0.3948146029179739
4,0.04666666666666667,0.7,4,euclidean,auto,50,1.0,0.3948146029179739
4,0.04666666666666667,0.7,4,euclidean,auto,50,2.0,0.3948146029179739
4,0.04666666666666667,0.7,4,euclidean,ball_tree,10,,0.3948146029179739
4,0.04666666666666667,0.7,4,euclidean,ball_tree,10,1.0,0.3948146029179739
4,0.04666666666666667,0.7,4,euclidean,ball_tree,10,2.0,0.3948146029179739
4,0.04666666666666667,0.7,4,euclidean,ball_tree,20,,0.3948146029179739
4,0.04666666666666667,0.7,4,euclidean,ball_tree,20,1.0,0.3948146029179739
4,0.04666666666666667,0.7,4,euclidean,ball_tree,20,2.0,0.3948146029179739
4,0.04666666666666667,0.7,4,euclidean,ball_tree,30,,0.3948146029179739
4,0.04666666666666667,0.7,4,euclidean,ball_tree,30,1.0,0.3948146029179739
4,0.04666666666666667,0.7,4,euclidean,ball_tree,30,2.0,0.3948146029179739
4,0.04666666666666667,0.7,4,euclidean,ball_tree,40,,0.3948146029179739
4,0.04666666666666667,0.7,4,euclidean,ball_tree,40,1.0,0.3948146029179739
4,0.04666666666666667,0.7,4,euclidean,ball_tree,40,2.0,0.3948146029179739
4,0.04666666666666667,0.7,4,euclidean,ball_tree,50,,0.3948146029179739
4,0.04666666666666667,0.7,4,euclidean,ball_tree,50,1.0,0.3948146029179739
4,0.04666666666666667,0.7,4,euclidean,ball_tree,50,2.0,0.3948146029179739
4,0.04666666666666667,0.7,4,euclidean,kd_tree,10,,0.3948146029179739
4,0.04666666666666667,0.7,4,euclidean,kd_tree,10,1.0,0.3948146029179739
4,0.04666666666666667,0.7,4,euclidean,kd_tree,10,2.0,0.3948146029179739
4,0.04666666666666667,0.7,4,euclidean,kd_tree,20,,0.3948146029179739
4,0.04666666666666667,0.7,4,euclidean,kd_tree,20,1.0,0.3948146029179739
4,0.04666666666666667,0.7,4,euclidean,kd_tree,20,2.0,0.3948146029179739
4,0.04666666666666667,0.7,4,euclidean,kd_tree,30,,0.3948146029179739
4,0.04666666666666667,0.7,4,euclidean,kd_tree,30,1.0,0.3948146029179739
4,0.04666666666666667,0.7,4,euclidean,kd_tree,30,2.0,0.3948146029179739
4,0.04666666666666667,0.7,4,euclidean,kd_tree,40,,0.3948146029179739
4,0.04666666666666667,0.7,4,euclidean,kd_tree,40,1.0,0.3948146029179739
4,0.04666666666666667,0.7,4,euclidean,kd_tree,40,2.0,0.3948146029179739
4,0.04666666666666667,0.7,4,euclidean,kd_tree,50,,0.3948146029179739
4,0.04666666666666667,0.7,4,euclidean,kd_tree,50,1.0,0.3948146029179739
4,0.04666666666666667,0.7,4,euclidean,kd_tree,50,2.0,0.3948146029179739
4,0.04666666666666667,0.7,4,euclidean,brute,10,,0.3948146029179739
4,0.04666666666666667,0.7,4,euclidean,brute,10,1.0,0.3948146029179739
4,0.04666666666666667,0.7,4,euclidean,brute,10,2.0,0.3948146029179739
4,0.04666666666666667,0.7,4,euclidean,brute,20,,0.3948146029179739
4,0.04666666666666667,0.7,4,euclidean,brute,20,1.0,0.3948146029179739
4,0.04666666666666667,0.7,4,euclidean,brute,20,2.0,0.3948146029179739
4,0.04666666666666667,0.7,4,euclidean,brute,30,,0.3948146029179739
4,0.04666666666666667,0.7,4,euclidean,brute,30,1.0,0.3948146029179739
4,0.04666666666666667,0.7,4,euclidean,brute,30,2.0,0.3948146029179739
4,0.04666666666666667,0.7,4,euclidean,brute,40,,0.3948146029179739
4,0.04666666666666667,0.7,4,euclidean,brute,40,1.0,0.3948146029179739
4,0.04666666666666667,0.7,4,euclidean,brute,40,2.0,0.3948146029179739
4,0.04666666666666667,0.7,4,euclidean,brute,50,,0.3948146029179739
4,0.04666666666666667,0.7,4,euclidean,brute,50,1.0,0.3948146029179739
4,0.04666666666666667,0.7,4,euclidean,brute,50,2.0,0.3948146029179739
4,0.32,0.7,4,manhattan,auto,10,,0.18452703804257875
4,0.32,0.7,4,manhattan,auto,10,1.0,0.18452703804257875
4,0.32,0.7,4,manhattan,auto,10,2.0,0.18452703804257875
4,0.32,0.7,4,manhattan,auto,20,,0.18452703804257875
4,0.32,0.7,4,manhattan,auto,20,1.0,0.18452703804257875
4,0.32,0.7,4,manhattan,auto,20,2.0,0.18452703804257875
4,0.32,0.7,4,manhattan,auto,30,,0.18452703804257875
4,0.32,0.7,4,manhattan,auto,30,1.0,0.18452703804257875
4,0.32,0.7,4,manhattan,auto,30,2.0,0.18452703804257875
4,0.32,0.7,4,manhattan,auto,40,,0.18452703804257875
4,0.32,0.7,4,manhattan,auto,40,1.0,0.18452703804257875
4,0.32,0.7,4,manhattan,auto,40,2.0,0.18452703804257875
4,0.32,0.7,4,manhattan,auto,50,,0.18452703804257875
4,0.32,0.7,4,manhattan,auto,50,1.0,0.18452703804257875
4,0.32,0.7,4,manhattan,auto,50,2.0,0.18452703804257875
4,0.32,0.7,4,manhattan,ball_tree,10,,0.18452703804257875
4,0.32,0.7,4,manhattan,ball_tree,10,1.0,0.18452703804257875
4,0.32,0.7,4,manhattan,ball_tree,10,2.0,0.18452703804257875
4,0.32,0.7,4,manhattan,ball_tree,20,,0.18452703804257875
4,0.32,0.7,4,manhattan,ball_tree,20,1.0,0.18452703804257875
4,0.32,0.7,4,manhattan,ball_tree,20,2.0,0.18452703804257875
4,0.32,0.7,4,manhattan,ball_tree,30,,0.18452703804257875
4,0.32,0.7,4,manhattan,ball_tree,30,1.0,0.18452703804257875
4,0.32,0.7,4,manhattan,ball_tree,30,2.0,0.18452703804257875
4,0.32,0.7,4,manhattan,ball_tree,40,,0.18452703804257875
4,0.32,0.7,4,manhattan,ball_tree,40,1.0,0.18452703804257875
4,0.32,0.7,4,manhattan,ball_tree,40,2.0,0.18452703804257875
4,0.32,0.7,4,manhattan,ball_tree,50,,0.18452703804257875
4,0.32,0.7,4,manhattan,ball_tree,50,1.0,0.18452703804257875
4,0.32,0.7,4,manhattan,ball_tree,50,2.0,0.18452703804257875
4,0.32,0.7,4,manhattan,kd_tree,10,,0.18452703804257875
4,0.32,0.7,4,manhattan,kd_tree,10,1.0,0.18452703804257875
4,0.32,0.7,4,manhattan,kd_tree,10,2.0,0.18452703804257875
4,0.32,0.7,4,manhattan,kd_tree,20,,0.18452703804257875
4,0.32,0.7,4,manhattan,kd_tree,20,1.0,0.18452703804257875
4,0.32,0.7,4,manhattan,kd_tree,20,2.0,0.18452703804257875
4,0.32,0.7,4,manhattan,kd_tree,30,,0.18452703804257875
4,0.32,0.7,4,manhattan,kd_tree,30,1.0,0.18452703804257875
4,0.32,0.7,4,manhattan,kd_tree,30,2.0,0.18452703804257875
4,0.32,0.7,4,manhattan,kd_tree,40,,0.18452703804257875
4,0.32,0.7,4,manhattan,kd_tree,40,1.0,0.18452703804257875
4,0.32,0.7,4,manhattan,kd_tree,40,2.0,0.18452703804257875
4,0.32,0.7,4,manhattan,kd_tree,50,,0.18452703804257875
4,0.32,0.7,4,manhattan,kd_tree,50,1.0,0.18452703804257875
4,0.32,0.7,4,manhattan,kd_tree,50,2.0,0.18452703804257875
4,0.32,0.7,4,manhattan,brute,10,,0.18452703804257875
4,0.32,0.7,4,manhattan,brute,10,1.0,0.18452703804257875
4,0.32,0.7,4,manhattan,brute,10,2.0,0.18452703804257875
4,0.32,0.7,4,manhattan,brute,20,,0.18452703804257875
4,0.32,0.7,4,manhattan,brute,20,1.0,0.18452703804257875
4,0.32,0.7,4,manhattan,brute,20,2.0,0.18452703804257875
4,0.32,0.7,4,manhattan,brute,30,,0.18452703804257875
4,0.32,0.7,4,manhattan,brute,30,1.0,0.18452703804257875
4,0.32,0.7,4,manhattan,brute,30,2.0,0.18452703804257875
4,0.32,0.7,4,manhattan,brute,40,,0.18452703804257875
4,0.32,0.7,4,manhattan,brute,40,1.0,0.18452703804257875
4,0.32,0.7,4,manhattan,brute,40,2.0,0.18452703804257875
4,0.32,0.7,4,manhattan,brute,50,,0.18452703804257875
4,0.32,0.7,4,manhattan,brute,50,1.0,0.18452703804257875
4,0.32,0.7,4,manhattan,brute,50,2.0,0.18452703804257875
5,0.7133333333333334,0.7,4,mahalanobis,auto,10,,-0.20119234266926658
5,0.7133333333333334,0.7,4,mahalanobis,auto,10,1.0,-0.20119234266926658
5,0.7133333333333334,0.7,4,mahalanobis,auto,10,2.0,-0.20119234266926658
5,0.7133333333333334,0.7,4,mahalanobis,auto,20,,-0.20119234266926658
5,0.7133333333333334,0.7,4,mahalanobis,auto,20,1.0,-0.20119234266926658
5,0.7133333333333334,0.7,4,mahalanobis,auto,20,2.0,-0.20119234266926658
5,0.7133333333333334,0.7,4,mahalanobis,auto,30,,-0.20119234266926658
5,0.7133333333333334,0.7,4,mahalanobis,auto,30,1.0,-0.20119234266926658
5,0.7133333333333334,0.7,4,mahalanobis,auto,30,2.0,-0.20119234266926658
5,0.7133333333333334,0.7,4,mahalanobis,auto,40,,-0.20119234266926658
5,0.7133333333333334,0.7,4,mahalanobis,auto,40,1.0,-0.20119234266926658
5,0.7133333333333334,0.7,4,mahalanobis,auto,40,2.0,-0.20119234266926658
5,0.7133333333333334,0.7,4,mahalanobis,auto,50,,-0.20119234266926658
5,0.7133333333333334,0.7,4,mahalanobis,auto,50,1.0,-0.20119234266926658
5,0.7133333333333334,0.7,4,mahalanobis,auto,50,2.0,-0.20119234266926658
5,0.7133333333333334,0.7,4,mahalanobis,ball_tree,10,,-0.20119234266926658
5,0.7133333333333334,0.7,4,mahalanobis,ball_tree,10,1.0,-0.20119234266926658
5,0.7133333333333334,0.7,4,mahalanobis,ball_tree,10,2.0,-0.20119234266926658
5,0.7133333333333334,0.7,4,mahalanobis,ball_tree,20,,-0.20119234266926658
5,0.7133333333333334,0.7,4,mahalanobis,ball_tree,20,1.0,-0.20119234266926658
5,0.7133333333333334,0.7,4,mahalanobis,ball_tree,20,2.0,-0.20119234266926658
5,0.7133333333333334,0.7,4,mahalanobis,ball_tree,30,,-0.20119234266926658
5,0.7133333333333334,0.7,4,mahalanobis,ball_tree,30,1.0,-0.20119234266926658
5,0.7133333333333334,0.7,4,mahalanobis,ball_tree,30,2.0,-0.20119234266926658
5,0.7133333333333334,0.7,4,mahalanobis,ball_tree,40,,-0.20119234266926658
5,0.7133333333333334,0.7,4,mahalanobis,ball_tree,40,1.0,-0.20119234266926658
5,0.7133333333333334,0.7,4,mahalanobis,ball_tree,40,2.0,-0.20119234266926658
5,0.7133333333333334,0.7,4,mahalanobis,ball_tree,50,,-0.20119234266926658
5,0.7133333333333334,0.7,4,mahalanobis,ball_tree,50,1.0,-0.20119234266926658
5,0.7133333333333334,0.7,4,mahalanobis,ball_tree,50,2.0,-0.20119234266926658
5,0.7133333333333334,0.7,4,mahalanobis,kd_tree,10,,-0.20119234266926658
5,0.7133333333333334,0.7,4,mahalanobis,kd_tree,10,1.0,-0.20119234266926658
5,0.7133333333333334,0.7,4,mahalanobis,kd_tree,10,2.0,-0.20119234266926658
5,0.7133333333333334,0.7,4,mahalanobis,kd_tree,20,,-0.20119234266926658
5,0.7133333333333334,0.7,4,mahalanobis,kd_tree,20,1.0,-0.20119234266926658
5,0.7133333333333334,0.7,4,mahalanobis,kd_tree,20,2.0,-0.20119234266926658
5,0.7133333333333334,0.7,4,mahalanobis,kd_tree,30,,-0.20119234266926658
5,0.7133333333333334,0.7,4,mahalanobis,kd_tree,30,1.0,-0.20119234266926658
5,0.7133333333333334,0.7,4,mahalanobis,kd_tree,30,2.0,-0.20119234266926658
5,0.7133333333333334,0.7,4,mahalanobis,kd_tree,40,,-0.20119234266926658
5,0.7133333333333334,0.7,4,mahalanobis,kd_tree,40,1.0,-0.20119234266926658
5,0.7133333333333334,0.7,4,mahalanobis,kd_tree,40,2.0,-0.20119234266926658
5,0.7133333333333334,0.7,4,mahalanobis,kd_tree,50,,-0.20119234266926658
5,0.7133333333333334,0.7,4,mahalanobis,kd_tree,50,1.0,-0.20119234266926658
5,0.7133333333333334,0.7,4,mahalanobis,kd_tree,50,2.0,-0.20119234266926658
5,0.7133333333333334,0.7,4,mahalanobis,brute,10,,-0.20119234266926658
5,0.7133333333333334,0.7,4,mahalanobis,brute,10,1.0,-0.20119234266926658
5,0.7133333333333334,0.7,4,mahalanobis,brute,10,2.0,-0.20119234266926658
5,0.7133333333333334,0.7,4,mahalanobis,brute,20,,-0.20119234266926658
5,0.7133333333333334,0.7,4,mahalanobis,brute,20,1.0,-0.20119234266926658
5,0.7133333333333334,0.7,4,mahalanobis,brute,20,2.0,-0.20119234266926658
5,0.7133333333333334,0.7,4,mahalanobis,brute,30,,-0.20119234266926658
5,0.7133333333333334,0.7,4,mahalanobis,brute,30,1.0,-0.20119234266926658
5,0.7133333333333334,0.7,4,mahalanobis,brute,30,2.0,-0.20119234266926658
5,0.7133333333333334,0.7,4,mahalanobis,brute,40,,-0.20119234266926658
5,0.7133333333333334,0.7,4,mahalanobis,brute,40,1.0,-0.20119234266926658
5,0.7133333333333334,0.7,4,mahalanobis,brute,40,2.0,-0.20119234266926658
5,0.7133333333333334,0.7,4,mahalanobis,brute,50,,-0.20119234266926658
5,0.7133333333333334,0.7,4,mahalanobis,brute,50,1.0,-0.20119234266926658
5,0.7133333333333334,0.7,4,mahalanobis,brute,50,2.0,-0.20119234266926658
3,0.08,0.7,5,euclidean,auto,10,,0.4439806372762654
3,0.08,0.7,5,euclidean,auto,10,1.0,0.4439806372762654
3,0.08,0.7,5,euclidean,auto,10,2.0,0.4439806372762654
3,0.08,0.7,5,euclidean,auto,20,,0.4439806372762654
3,0.08,0.7,5,euclidean,auto,20,1.0,0.4439806372762654
3,0.08,0.7,5,euclidean,auto,20,2.0,0.4439806372762654
3,0.08,0.7,5,euclidean,auto,30,,0.4439806372762654
3,0.08,0.7,5,euclidean,auto,30,1.0,0.4439806372762654
3,0.08,0.7,5,euclidean,auto,30,2.0,0.4439806372762654
3,0.08,0.7,5,euclidean,auto,40,,0.4439806372762654
3,0.08,0.7,5,euclidean,auto,40,1.0,0.4439806372762654
3,0.08,0.7,5,euclidean,auto,40,2.0,0.4439806372762654
3,0.08,0.7,5,euclidean,auto,50,,0.4439806372762654
3,0.08,0.7,5,euclidean,auto,50,1.0,0.4439806372762654
3,0.08,0.7,5,euclidean,auto,50,2.0,0.4439806372762654
3,0.08,0.7,5,euclidean,ball_tree,10,,0.4439806372762654
3,0.08,0.7,5,euclidean,ball_tree,10,1.0,0.4439806372762654
3,0.08,0.7,5,euclidean,ball_tree,10,2.0,0.4439806372762654
3,0.08,0.7,5,euclidean,ball_tree,20,,0.4439806372762654
3,0.08,0.7,5,euclidean,ball_tree,20,1.0,0.4439806372762654
3,0.08,0.7,5,euclidean,ball_tree,20,2.0,0.4439806372762654
3,0.08,0.7,5,euclidean,ball_tree,30,,0.4439806372762654
3,0.08,0.7,5,euclidean,ball_tree,30,1.0,0.4439806372762654
3,0.08,0.7,5,euclidean,ball_tree,30,2.0,0.4439806372762654
3,0.08,0.7,5,euclidean,ball_tree,40,,0.4439806372762654
3,0.08,0.7,5,euclidean,ball_tree,40,1.0,0.4439806372762654
3,0.08,0.7,5,euclidean,ball_tree,40,2.0,0.4439806372762654
3,0.08,0.7,5,euclidean,ball_tree,50,,0.4439806372762654
3,0.08,0.7,5,euclidean,ball_tree,50,1.0,0.4439806372762654
3,0.08,0.7,5,euclidean,ball_tree,50,2.0,0.4439806372762654
3,0.08,0.7,5,euclidean,kd_tree,10,,0.4439806372762654
3,0.08,0.7,5,euclidean,kd_tree,10,1.0,0.4439806372762654
3,0.08,0.7,5,euclidean,kd_tree,10,2.0,0.4439806372762654
3,0.08,0.7,5,euclidean,kd_tree,20,,0.4439806372762654
3,0.08,0.7,5,euclidean,kd_tree,20,1.0,0.4439806372762654
3,0.08,0.7,5,euclidean,kd_tree,20,2.0,0.4439806372762654
3,0.08,0.7,5,euclidean,kd_tree,30,,0.4439806372762654
3,0.08,0.7,5,euclidean,kd_tree,30,1.0,0.4439806372762654
3,0.08,0.7,5,euclidean,kd_tree,30,2.0,0.4439806372762654
3,0.08,0.7,5,euclidean,kd_tree,40,,0.4439806372762654
3,0.08,0.7,5,euclidean,kd_tree,40,1.0,0.4439806372762654
3,0.08,0.7,5,euclidean,kd_tree,40,2.0,0.4439806372762654
3,0.08,0.7,5,euclidean,kd_tree,50,,0.4439806372762654
3,0.08,0.7,5,euclidean,kd_tree,50,1.0,0.4439806372762654
3,0.08,0.7,5,euclidean,kd_tree,50,2.0,0.4439806372762654
3,0.08,0.7,5,euclidean,brute,10,,0.4439806372762654
3,0.08,0.7,5,euclidean,brute,10,1.0,0.4439806372762654
3,0.08,0.7,5,euclidean,brute,10,2.0,0.4439806372762654
3,0.08,0.7,5,euclidean,brute,20,,0.4439806372762654
3,0.08,0.7,5,euclidean,brute,20,1.0,0.4439806372762654
3,0.08,0.7,5,euclidean,brute,20,2.0,0.4439806372762654
3,0.08,0.7,5,euclidean,brute,30,,0.4439806372762654
3,0.08,0.7,5,euclidean,brute,30,1.0,0.4439806372762654
3,0.08,0.7,5,euclidean,brute,30,2.0,0.4439806372762654
3,0.08,0.7,5,euclidean,brute,40,,0.4439806372762654
3,0.08,0.7,5,euclidean,brute,40,1.0,0.4439806372762654
3,0.08,0.7,5,euclidean,brute,40,2.0,0.4439806372762654
3,0.08,0.7,5,euclidean,brute,50,,0.4439806372762654
3,0.08,0.7,5,euclidean,brute,50,1.0,0.4439806372762654
3,0.08,0.7,5,euclidean,brute,50,2.0,0.4439806372762654
3,0.3933333333333333,0.7,5,manhattan,auto,10,,0.20312548266788907
3,0.3933333333333333,0.7,5,manhattan,auto,10,1.0,0.20312548266788907
3,0.3933333333333333,0.7,5,manhattan,auto,10,2.0,0.20312548266788907
3,0.3933333333333333,0.7,5,manhattan,auto,20,,0.20312548266788907
3,0.3933333333333333,0.7,5,manhattan,auto,20,1.0,0.20312548266788907
3,0.3933333333333333,0.7,5,manhattan,auto,20,2.0,0.20312548266788907
3,0.3933333333333333,0.7,5,manhattan,auto,30,,0.20312548266788907
3,0.3933333333333333,0.7,5,manhattan,auto,30,1.0,0.20312548266788907
3,0.3933333333333333,0.7,5,manhattan,auto,30,2.0,0.20312548266788907
3,0.3933333333333333,0.7,5,manhattan,auto,40,,0.20312548266788907
3,0.3933333333333333,0.7,5,manhattan,auto,40,1.0,0.20312548266788907
3,0.3933333333333333,0.7,5,manhattan,auto,40,2.0,0.20312548266788907
3,0.3933333333333333,0.7,5,manhattan,auto,50,,0.20312548266788907
3,0.3933333333333333,0.7,5,manhattan,auto,50,1.0,0.20312548266788907
3,0.3933333333333333,0.7,5,manhattan,auto,50,2.0,0.20312548266788907
3,0.3933333333333333,0.7,5,manhattan,ball_tree,10,,0.20312548266788907
3,0.3933333333333333,0.7,5,manhattan,ball_tree,10,1.0,0.20312548266788907
3,0.3933333333333333,0.7,5,manhattan,ball_tree,10,2.0,0.20312548266788907
3,0.3933333333333333,0.7,5,manhattan,ball_tree,20,,0.20312548266788907
3,0.3933333333333333,0.7,5,manhattan,ball_tree,20,1.0,0.20312548266788907
3,0.3933333333333333,0.7,5,manhattan,ball_tree,20,2.0,0.20312548266788907
3,0.3933333333333333,0.7,5,manhattan,ball_tree,30,,0.20312548266788907
3,0.3933333333333333,0.7,5,manhattan,ball_tree,30,1.0,0.20312548266788907
3,0.3933333333333333,0.7,5,manhattan,ball_tree,30,2.0,0.20312548266788907
3,0.3933333333333333,0.7,5,manhattan,ball_tree,40,,0.20312548266788907
3,0.3933333333333333,0.7,5,manhattan,ball_tree,40,1.0,0.20312548266788907
3,0.3933333333333333,0.7,5,manhattan,ball_tree,40,2.0,0.20312548266788907
3,0.3933333333333333,0.7,5,manhattan,ball_tree,50,,0.20312548266788907
3,0.3933333333333333,0.7,5,manhattan,ball_tree,50,1.0,0.20312548266788907
3,0.3933333333333333,0.7,5,manhattan,ball_tree,50,2.0,0.20312548266788907
3,0.3933333333333333,0.7,5,manhattan,kd_tree,10,,0.20312548266788907
3,0.3933333333333333,0.7,5,manhattan,kd_tree,10,1.0,0.20312548266788907
3,0.3933333333333333,0.7,5,manhattan,kd_tree,10,2.0,0.20312548266788907
3,0.3933333333333333,0.7,5,manhattan,kd_tree,20,,0.20312548266788907
3,0.3933333333333333,0.7,5,manhattan,kd_tree,20,1.0,0.20312548266788907
3,0.3933333333333333,0.7,5,manhattan,kd_tree,20,2.0,0.20312548266788907
3,0.3933333333333333,0.7,5,manhattan,kd_tree,30,,0.20312548266788907
3,0.3933333333333333,0.7,5,manhattan,kd_tree,30,1.0,0.20312548266788907
3,0.3933333333333333,0.7,5,manhattan,kd_tree,30,2.0,0.20312548266788907
3,0.3933333333333333,0.7,5,manhattan,kd_tree,40,,0.20312548266788907
3,0.3933333333333333,0.7,5,manhattan,kd_tree,40,1.0,0.20312548266788907
3,0.3933333333333333,0.7,5,manhattan,kd_tree,40,2.0,0.20312548266788907
3,0.3933333333333333,0.7,5,manhattan,kd_tree,50,,0.20312548266788907
3,0.3933333333333333,0.7,5,manhattan,kd_tree,50,1.0,0.20312548266788907
3,0.3933333333333333,0.7,5,manhattan,kd_tree,50,2.0,0.20312548266788907
3,0.3933333333333333,0.7,5,manhattan,brute,10,,0.20312548266788907
3,0.3933333333333333,0.7,5,manhattan,brute,10,1.0,0.20312548266788907
3,0.3933333333333333,0.7,5,manhattan,brute,10,2.0,0.20312548266788907
3,0.3933333333333333,0.7,5,manhattan,brute,20,,0.20312548266788907
3,0.3933333333333333,0.7,5,manhattan,brute,20,1.0,0.20312548266788907
3,0.3933333333333333,0.7,5,manhattan,brute,20,2.0,0.20312548266788907
3,0.3933333333333333,0.7,5,manhattan,brute,30,,0.20312548266788907
3,0.3933333333333333,0.7,5,manhattan,brute,30,1.0,0.20312548266788907
3,0.3933333333333333,0.7,5,manhattan,brute,30,2.0,0.20312548266788907
3,0.3933333333333333,0.7,5,manhattan,brute,40,,0.20312548266788907
3,0.3933333333333333,0.7,5,manhattan,brute,40,1.0,0.20312548266788907
3,0.3933333333333333,0.7,5,manhattan,brute,40,2.0,0.20312548266788907
3,0.3933333333333333,0.7,5,manhattan,brute,50,,0.20312548266788907
3,0.3933333333333333,0.7,5,manhattan,brute,50,1.0,0.20312548266788907
3,0.3933333333333333,0.7,5,manhattan,brute,50,2.0,0.20312548266788907
2,0.8066666666666666,0.7,5,mahalanobis,auto,10,,0.25148552892962006
2,0.8066666666666666,0.7,5,mahalanobis,auto,10,1.0,0.25148552892962006
2,0.8066666666666666,0.7,5,mahalanobis,auto,10,2.0,0.25148552892962006
2,0.8066666666666666,0.7,5,mahalanobis,auto,20,,0.25148552892962006
2,0.8066666666666666,0.7,5,mahalanobis,auto,20,1.0,0.25148552892962006
2,0.8066666666666666,0.7,5,mahalanobis,auto,20,2.0,0.25148552892962006
2,0.8066666666666666,0.7,5,mahalanobis,auto,30,,0.25148552892962006
2,0.8066666666666666,0.7,5,mahalanobis,auto,30,1.0,0.25148552892962006
2,0.8066666666666666,0.7,5,mahalanobis,auto,30,2.0,0.25148552892962006
2,0.8066666666666666,0.7,5,mahalanobis,auto,40,,0.25148552892962006
2,0.8066666666666666,0.7,5,mahalanobis,auto,40,1.0,0.25148552892962006
2,0.8066666666666666,0.7,5,mahalanobis,auto,40,2.0,0.25148552892962006
2,0.8066666666666666,0.7,5,mahalanobis,auto,50,,0.25148552892962006
2,0.8066666666666666,0.7,5,mahalanobis,auto,50,1.0,0.25148552892962006
2,0.8066666666666666,0.7,5,mahalanobis,auto,50,2.0,0.25148552892962006
2,0.8066666666666666,0.7,5,mahalanobis,ball_tree,10,,0.25148552892962006
2,0.8066666666666666,0.7,5,mahalanobis,ball_tree,10,1.0,0.25148552892962006
2,0.8066666666666666,0.7,5,mahalanobis,ball_tree,10,2.0,0.25148552892962006
2,0.8066666666666666,0.7,5,mahalanobis,ball_tree,20,,0.25148552892962006
2,0.8066666666666666,0.7,5,mahalanobis,ball_tree,20,1.0,0.25148552892962006
2,0.8066666666666666,0.7,5,mahalanobis,ball_tree,20,2.0,0.25148552892962006
2,0.8066666666666666,0.7,5,mahalanobis,ball_tree,30,,0.25148552892962006
2,0.8066666666666666,0.7,5,mahalanobis,ball_tree,30,1.0,0.25148552892962006
2,0.8066666666666666,0.7,5,mahalanobis,ball_tree,30,2.0,0.25148552892962006
2,0.8066666666666666,0.7,5,mahalanobis,ball_tree,40,,0.25148552892962006
2,0.8066666666666666,0.7,5,mahalanobis,ball_tree,40,1.0,0.25148552892962006
2,0.8066666666666666,0.7,5,mahalanobis,ball_tree,40,2.0,0.25148552892962006
2,0.8066666666666666,0.7,5,mahalanobis,ball_tree,50,,0.25148552892962006
2,0.8066666666666666,0.7,5,mahalanobis,ball_tree,50,1.0,0.25148552892962006
2,0.8066666666666666,0.7,5,mahalanobis,ball_tree,50,2.0,0.25148552892962006
2,0.8066666666666666,0.7,5,mahalanobis,kd_tree,10,,0.25148552892962006
2,0.8066666666666666,0.7,5,mahalanobis,kd_tree,10,1.0,0.25148552892962006
2,0.8066666666666666,0.7,5,mahalanobis,kd_tree,10,2.0,0.25148552892962006
2,0.8066666666666666,0.7,5,mahalanobis,kd_tree,20,,0.25148552892962006
2,0.8066666666666666,0.7,5,mahalanobis,kd_tree,20,1.0,0.25148552892962006
2,0.8066666666666666,0.7,5,mahalanobis,kd_tree,20,2.0,0.25148552892962006
2,0.8066666666666666,0.7,5,mahalanobis,kd_tree,30,,0.25148552892962006
2,0.8066666666666666,0.7,5,mahalanobis,kd_tree,30,1.0,0.25148552892962006
2,0.8066666666666666,0.7,5,mahalanobis,kd_tree,30,2.0,0.25148552892962006
2,0.8066666666666666,0.7,5,mahalanobis,kd_tree,40,,0.25148552892962006
2,0.8066666666666666,0.7,5,mahalanobis,kd_tree,40,1.0,0.25148552892962006
2,0.8066666666666666,0.7,5,mahalanobis,kd_tree,40,2.0,0.25148552892962006
2,0.8066666666666666,0.7,5,mahalanobis,kd_tree,50,,0.25148552892962006
2,0.8066666666666666,0.7,5,mahalanobis,kd_tree,50,1.0,0.25148552892962006
2,0.8066666666666666,0.7,5,mahalanobis,kd_tree,50,2.0,0.25148552892962006
2,0.8066666666666666,0.7,5,mahalanobis,brute,10,,0.25148552892962006
2,0.8066666666666666,0.7,5,mahalanobis,brute,10,1.0,0.25148552892962006
2,0.8066666666666666,0.7,5,mahalanobis,brute,10,2.0,0.25148552892962006
2,0.8066666666666666,0.7,5,mahalanobis,brute,20,,0.25148552892962006
2,0.8066666666666666,0.7,5,mahalanobis,brute,20,1.0,0.25148552892962006
2,0.8066666666666666,0.7,5,mahalanobis,brute,20,2.0,0.25148552892962006
2,0.8066666666666666,0.7,5,mahalanobis,brute,30,,0.25148552892962006
2,0.8066666666666666,0.7,5,mahalanobis,brute,30,1.0,0.25148552892962006
2,0.8066666666666666,0.7,5,mahalanobis,brute,30,2.0,0.25148552892962006
2,0.8066666666666666,0.7,5,mahalanobis,brute,40,,0.25148552892962006
2,0.8066666666666666,0.7,5,mahalanobis,brute,40,1.0,0.25148552892962006
2,0.8066666666666666,0.7,5,mahalanobis,brute,40,2.0,0.25148552892962006
2,0.8066666666666666,0.7,5,mahalanobis,brute,50,,0.25148552892962006
2,0.8066666666666666,0.7,5,mahalanobis,brute,50,1.0,0.25148552892962006
2,0.8066666666666666,0.7,5,mahalanobis,brute,50,2.0,0.25148552892962006
3,0.08666666666666667,0.7,6,euclidean,auto,10,,0.4382557987736114
3,0.08666666666666667,0.7,6,euclidean,auto,10,1.0,0.4382557987736114
3,0.08666666666666667,0.7,6,euclidean,auto,10,2.0,0.4382557987736114
3,0.08666666666666667,0.7,6,euclidean,auto,20,,0.4382557987736114
3,0.08666666666666667,0.7,6,euclidean,auto,20,1.0,0.4382557987736114
3,0.08666666666666667,0.7,6,euclidean,auto,20,2.0,0.4382557987736114
3,0.08666666666666667,0.7,6,euclidean,auto,30,,0.4382557987736114
3,0.08666666666666667,0.7,6,euclidean,auto,30,1.0,0.4382557987736114
3,0.08666666666666667,0.7,6,euclidean,auto,30,2.0,0.4382557987736114
3,0.08666666666666667,0.7,6,euclidean,auto,40,,0.4382557987736114
3,0.08666666666666667,0.7,6,euclidean,auto,40,1.0,0.4382557987736114
3,0.08666666666666667,0.7,6,euclidean,auto,40,2.0,0.4382557987736114
3,0.08666666666666667,0.7,6,euclidean,auto,50,,0.4382557987736114
3,0.08666666666666667,0.7,6,euclidean,auto,50,1.0,0.4382557987736114
3,0.08666666666666667,0.7,6,euclidean,auto,50,2.0,0.4382557987736114
3,0.08666666666666667,0.7,6,euclidean,ball_tree,10,,0.4382557987736114
3,0.08666666666666667,0.7,6,euclidean,ball_tree,10,1.0,0.4382557987736114
3,0.08666666666666667,0.7,6,euclidean,ball_tree,10,2.0,0.4382557987736114
3,0.08666666666666667,0.7,6,euclidean,ball_tree,20,,0.4382557987736114
3,0.08666666666666667,0.7,6,euclidean,ball_tree,20,1.0,0.4382557987736114
3,0.08666666666666667,0.7,6,euclidean,ball_tree,20,2.0,0.4382557987736114
3,0.08666666666666667,0.7,6,euclidean,ball_tree,30,,0.4382557987736114
3,0.08666666666666667,0.7,6,euclidean,ball_tree,30,1.0,0.4382557987736114
3,0.08666666666666667,0.7,6,euclidean,ball_tree,30,2.0,0.4382557987736114
3,0.08666666666666667,0.7,6,euclidean,ball_tree,40,,0.4382557987736114
3,0.08666666666666667,0.7,6,euclidean,ball_tree,40,1.0,0.4382557987736114
3,0.08666666666666667,0.7,6,euclidean,ball_tree,40,2.0,0.4382557987736114
3,0.08666666666666667,0.7,6,euclidean,ball_tree,50,,0.4382557987736114
3,0.08666666666666667,0.7,6,euclidean,ball_tree,50,1.0,0.4382557987736114
3,0.08666666666666667,0.7,6,euclidean,ball_tree,50,2.0,0.4382557987736114
3,0.08666666666666667,0.7,6,euclidean,kd_tree,10,,0.4382557987736114
3,0.08666666666666667,0.7,6,euclidean,kd_tree,10,1.0,0.4382557987736114
3,0.08666666666666667,0.7,6,euclidean,kd_tree,10,2.0,0.4382557987736114
3,0.08666666666666667,0.7,6,euclidean,kd_tree,20,,0.4382557987736114
3,0.08666666666666667,0.7,6,euclidean,kd_tree,20,1.0,0.4382557987736114
3,0.08666666666666667,0.7,6,euclidean,kd_tree,20,2.0,0.4382557987736114
3,0.08666666666666667,0.7,6,euclidean,kd_tree,30,,0.4382557987736114
3,0.08666666666666667,0.7,6,euclidean,kd_tree,30,1.0,0.4382557987736114
3,0.08666666666666667,0.7,6,euclidean,kd_tree,30,2.0,0.4382557987736114
3,0.08666666666666667,0.7,6,euclidean,kd_tree,40,,0.4382557987736114
3,0.08666666666666667,0.7,6,euclidean,kd_tree,40,1.0,0.4382557987736114
3,0.08666666666666667,0.7,6,euclidean,kd_tree,40,2.0,0.4382557987736114
3,0.08666666666666667,0.7,6,euclidean,kd_tree,50,,0.4382557987736114
3,0.08666666666666667,0.7,6,euclidean,kd_tree,50,1.0,0.4382557987736114
3,0.08666666666666667,0.7,6,euclidean,kd_tree,50,2.0,0.4382557987736114
3,0.08666666666666667,0.7,6,euclidean,brute,10,,0.4382557987736114
3,0.08666666666666667,0.7,6,euclidean,brute,10,1.0,0.4382557987736114
3,0.08666666666666667,0.7,6,euclidean,brute,10,2.0,0.4382557987736114
3,0.08666666666666667,0.7,6,euclidean,brute,20,,0.4382557987736114
3,0.08666666666666667,0.7,6,euclidean,brute,20,1.0,0.4382557987736114
3,0.08666666666666667,0.7,6,euclidean,brute,20,2.0,0.4382557987736114
3,0.08666666666666667,0.7,6,euclidean,brute,30,,0.4382557987736114
3,0.08666666666666667,0.7,6,euclidean,brute,30,1.0,0.4382557987736114
3,0.08666666666666667,0.7,6,euclidean,brute,30,2.0,0.4382557987736114
3,0.08666666666666667,0.7,6,euclidean,brute,40,,0.4382557987736114
3,0.08666666666666667,0.7,6,euclidean,brute,40,1.0,0.4382557987736114
3,0.08666666666666667,0.7,6,euclidean,brute,40,2.0,0.4382557987736114
3,0.08666666666666667,0.7,6,euclidean,brute,50,,0.4382557987736114
3,0.08666666666666667,0.7,6,euclidean,brute,50,1.0,0.4382557987736114
3,0.08666666666666667,0.7,6,euclidean,brute,50,2.0,0.4382557987736114
5,0.47333333333333333,0.7,6,manhattan,auto,10,,-0.021806085037323182
5,0.47333333333333333,0.7,6,manhattan,auto,10,1.0,-0.021806085037323182
5,0.47333333333333333,0.7,6,manhattan,auto,10,2.0,-0.021806085037323182
5,0.47333333333333333,0.7,6,manhattan,auto,20,,-0.021806085037323182
5,0.47333333333333333,0.7,6,manhattan,auto,20,1.0,-0.021806085037323182
5,0.47333333333333333,0.7,6,manhattan,auto,20,2.0,-0.021806085037323182
5,0.47333333333333333,0.7,6,manhattan,auto,30,,-0.021806085037323182
5,0.47333333333333333,0.7,6,manhattan,auto,30,1.0,-0.021806085037323182
5,0.47333333333333333,0.7,6,manhattan,auto,30,2.0,-0.021806085037323182
5,0.47333333333333333,0.7,6,manhattan,auto,40,,-0.021806085037323182
5,0.47333333333333333,0.7,6,manhattan,auto,40,1.0,-0.021806085037323182
5,0.47333333333333333,0.7,6,manhattan,auto,40,2.0,-0.021806085037323182
5,0.47333333333333333,0.7,6,manhattan,auto,50,,-0.021806085037323182
5,0.47333333333333333,0.7,6,manhattan,auto,50,1.0,-0.021806085037323182
5,0.47333333333333333,0.7,6,manhattan,auto,50,2.0,-0.021806085037323182
5,0.47333333333333333,0.7,6,manhattan,ball_tree,10,,-0.021806085037323182
5,0.47333333333333333,0.7,6,manhattan,ball_tree,10,1.0,-0.021806085037323182
5,0.47333333333333333,0.7,6,manhattan,ball_tree,10,2.0,-0.021806085037323182
5,0.47333333333333333,0.7,6,manhattan,ball_tree,20,,-0.021806085037323182
5,0.47333333333333333,0.7,6,manhattan,ball_tree,20,1.0,-0.021806085037323182
5,0.47333333333333333,0.7,6,manhattan,ball_tree,20,2.0,-0.021806085037323182
5,0.47333333333333333,0.7,6,manhattan,ball_tree,30,,-0.021806085037323182
5,0.47333333333333333,0.7,6,manhattan,ball_tree,30,1.0,-0.021806085037323182
5,0.47333333333333333,0.7,6,manhattan,ball_tree,30,2.0,-0.021806085037323182
5,0.47333333333333333,0.7,6,manhattan,ball_tree,40,,-0.021806085037323182
5,0.47333333333333333,0.7,6,manhattan,ball_tree,40,1.0,-0.021806085037323182
5,0.47333333333333333,0.7,6,manhattan,ball_tree,40,2.0,-0.021806085037323182
5,0.47333333333333333,0.7,6,manhattan,ball_tree,50,,-0.021806085037323182
5,0.47333333333333333,0.7,6,manhattan,ball_tree,50,1.0,-0.021806085037323182
5,0.47333333333333333,0.7,6,manhattan,ball_tree,50,2.0,-0.021806085037323182
5,0.47333333333333333,0.7,6,manhattan,kd_tree,10,,-0.021806085037323182
5,0.47333333333333333,0.7,6,manhattan,kd_tree,10,1.0,-0.021806085037323182
5,0.47333333333333333,0.7,6,manhattan,kd_tree,10,2.0,-0.021806085037323182
5,0.47333333333333333,0.7,6,manhattan,kd_tree,20,,-0.021806085037323182
5,0.47333333333333333,0.7,6,manhattan,kd_tree,20,1.0,-0.021806085037323182
5,0.47333333333333333,0.7,6,manhattan,kd_tree,20,2.0,-0.021806085037323182
5,0.47333333333333333,0.7,6,manhattan,kd_tree,30,,-0.021806085037323182
5,0.47333333333333333,0.7,6,manhattan,kd_tree,30,1.0,-0.021806085037323182
5,0.47333333333333333,0.7,6,manhattan,kd_tree,30,2.0,-0.021806085037323182
5,0.47333333333333333,0.7,6,manhattan,kd_tree,40,,-0.021806085037323182
5,0.47333333333333333,0.7,6,manhattan,kd_tree,40,1.0,-0.021806085037323182
5,0.47333333333333333,0.7,6,manhattan,kd_tree,40,2.0,-0.021806085037323182
5,0.47333333333333333,0.7,6,manhattan,kd_tree,50,,-0.021806085037323182
5,0.47333333333333333,0.7,6,manhattan,kd_tree,50,1.0,-0.021806085037323182
5,0.47333333333333333,0.7,6,manhattan,kd_tree,50,2.0,-0.021806085037323182
5,0.47333333333333333,0.7,6,manhattan,brute,10,,-0.021806085037323182
5,0.47333333333333333,0.7,6,manhattan,brute,10,1.0,-0.021806085037323182
5,0.47333333333333333,0.7,6,manhattan,brute,10,2.0,-0.021806085037323182
5,0.47333333333333333,0.7,6,manhattan,brute,20,,-0.021806085037323182
5,0.47333333333333333,0.7,6,manhattan,brute,20,1.0,-0.021806085037323182
5,0.47333333333333333,0.7,6,manhattan,brute,20,2.0,-0.021806085037323182
5,0.47333333333333333,0.7,6,manhattan,brute,30,,-0.021806085037323182
5,0.47333333333333333,0.7,6,manhattan,brute,30,1.0,-0.021806085037323182
5,0.47333333333333333,0.7,6,manhattan,brute,30,2.0,-0.021806085037323182
5,0.47333333333333333,0.7,6,manhattan,brute,40,,-0.021806085037323182
5,0.47333333333333333,0.7,6,manhattan,brute,40,1.0,-0.021806085037323182
5,0.47333333333333333,0.7,6,manhattan,brute,40,2.0,-0.021806085037323182
5,0.47333333333333333,0.7,6,manhattan,brute,50,,-0.021806085037323182
5,0.47333333333333333,0.7,6,manhattan,brute,50,1.0,-0.021806085037323182
5,0.47333333333333333,0.7,6,manhattan,brute,50,2.0,-0.021806085037323182
2,0.84,0.7,6,mahalanobis,auto,10,,0.20835740350391957
2,0.84,0.7,6,mahalanobis,auto,10,1.0,0.20835740350391957
2,0.84,0.7,6,mahalanobis,auto,10,2.0,0.20835740350391957
2,0.84,0.7,6,mahalanobis,auto,20,,0.20835740350391957
2,0.84,0.7,6,mahalanobis,auto,20,1.0,0.20835740350391957
2,0.84,0.7,6,mahalanobis,auto,20,2.0,0.20835740350391957
2,0.84,0.7,6,mahalanobis,auto,30,,0.20835740350391957
2,0.84,0.7,6,mahalanobis,auto,30,1.0,0.20835740350391957
2,0.84,0.7,6,mahalanobis,auto,30,2.0,0.20835740350391957
2,0.84,0.7,6,mahalanobis,auto,40,,0.20835740350391957
2,0.84,0.7,6,mahalanobis,auto,40,1.0,0.20835740350391957
2,0.84,0.7,6,mahalanobis,auto,40,2.0,0.20835740350391957
2,0.84,0.7,6,mahalanobis,auto,50,,0.20835740350391957
2,0.84,0.7,6,mahalanobis,auto,50,1.0,0.20835740350391957
2,0.84,0.7,6,mahalanobis,auto,50,2.0,0.20835740350391957
2,0.84,0.7,6,mahalanobis,ball_tree,10,,0.20835740350391957
2,0.84,0.7,6,mahalanobis,ball_tree,10,1.0,0.20835740350391957
2,0.84,0.7,6,mahalanobis,ball_tree,10,2.0,0.20835740350391957
2,0.84,0.7,6,mahalanobis,ball_tree,20,,0.20835740350391957
2,0.84,0.7,6,mahalanobis,ball_tree,20,1.0,0.20835740350391957
2,0.84,0.7,6,mahalanobis,ball_tree,20,2.0,0.20835740350391957
2,0.84,0.7,6,mahalanobis,ball_tree,30,,0.20835740350391957
2,0.84,0.7,6,mahalanobis,ball_tree,30,1.0,0.20835740350391957
2,0.84,0.7,6,mahalanobis,ball_tree,30,2.0,0.20835740350391957
2,0.84,0.7,6,mahalanobis,ball_tree,40,,0.20835740350391957
2,0.84,0.7,6,mahalanobis,ball_tree,40,1.0,0.20835740350391957
2,0.84,0.7,6,mahalanobis,ball_tree,40,2.0,0.20835740350391957
2,0.84,0.7,6,mahalanobis,ball_tree,50,,0.20835740350391957
2,0.84,0.7,6,mahalanobis,ball_tree,50,1.0,0.20835740350391957
2,0.84,0.7,6,mahalanobis,ball_tree,50,2.0,0.20835740350391957
2,0.84,0.7,6,mahalanobis,kd_tree,10,,0.20835740350391957
2,0.84,0.7,6,mahalanobis,kd_tree,10,1.0,0.20835740350391957
2,0.84,0.7,6,mahalanobis,kd_tree,10,2.0,0.20835740350391957
2,0.84,0.7,6,mahalanobis,kd_tree,20,,0.20835740350391957
2,0.84,0.7,6,mahalanobis,kd_tree,20,1.0,0.20835740350391957
2,0.84,0.7,6,mahalanobis,kd_tree,20,2.0,0.20835740350391957
2,0.84,0.7,6,mahalanobis,kd_tree,30,,0.20835740350391957
2,0.84,0.7,6,mahalanobis,kd_tree,30,1.0,0.20835740350391957
2,0.84,0.7,6,mahalanobis,kd_tree,30,2.0,0.20835740350391957
2,0.84,0.7,6,mahalanobis,kd_tree,40,,0.20835740350391957
2,0.84,0.7,6,mahalanobis,kd_tree,40,1.0,0.20835740350391957
2,0.84,0.7,6,mahalanobis,kd_tree,40,2.0,0.20835740350391957
2,0.84,0.7,6,mahalanobis,kd_tree,50,,0.20835740350391957
2,0.84,0.7,6,mahalanobis,kd_tree,50,1.0,0.20835740350391957
2,0.84,0.7,6,mahalanobis,kd_tree,50,2.0,0.20835740350391957
2,0.84,0.7,6,mahalanobis,brute,10,,0.20835740350391957
2,0.84,0.7,6,mahalanobis,brute,10,1.0,0.20835740350391957
2,0.84,0.7,6,mahalanobis,brute,10,2.0,0.20835740350391957
2,0.84,0.7,6,mahalanobis,brute,20,,0.20835740350391957
2,0.84,0.7,6,mahalanobis,brute,20,1.0,0.20835740350391957
2,0.84,0.7,6,mahalanobis,brute,20,2.0,0.20835740350391957
2,0.84,0.7,6,mahalanobis,brute,30,,0.20835740350391957
2,0.84,0.7,6,mahalanobis,brute,30,1.0,0.20835740350391957
2,0.84,0.7,6,mahalanobis,brute,30,2.0,0.20835740350391957
2,0.84,0.7,6,mahalanobis,brute,40,,0.20835740350391957
2,0.84,0.7,6,mahalanobis,brute,40,1.0,0.20835740350391957
2,0.84,0.7,6,mahalanobis,brute,40,2.0,0.20835740350391957
2,0.84,0.7,6,mahalanobis,brute,50,,0.20835740350391957
2,0.84,0.7,6,mahalanobis,brute,50,1.0,0.20835740350391957
2,0.84,0.7,6,mahalanobis,brute,50,2.0,0.20835740350391957
3,0.12,0.7,7,euclidean,auto,10,,0.4147407501558196
3,0.12,0.7,7,euclidean,auto,10,1.0,0.4147407501558196
3,0.12,0.7,7,euclidean,auto,10,2.0,0.4147407501558196
3,0.12,0.7,7,euclidean,auto,20,,0.4147407501558196
3,0.12,0.7,7,euclidean,auto,20,1.0,0.4147407501558196
3,0.12,0.7,7,euclidean,auto,20,2.0,0.4147407501558196
3,0.12,0.7,7,euclidean,auto,30,,0.4147407501558196
3,0.12,0.7,7,euclidean,auto,30,1.0,0.4147407501558196
3,0.12,0.7,7,euclidean,auto,30,2.0,0.4147407501558196
3,0.12,0.7,7,euclidean,auto,40,,0.4147407501558196
3,0.12,0.7,7,euclidean,auto,40,1.0,0.4147407501558196
3,0.12,0.7,7,euclidean,auto,40,2.0,0.4147407501558196
3,0.12,0.7,7,euclidean,auto,50,,0.4147407501558196
3,0.12,0.7,7,euclidean,auto,50,1.0,0.4147407501558196
3,0.12,0.7,7,euclidean,auto,50,2.0,0.4147407501558196
3,0.12,0.7,7,euclidean,ball_tree,10,,0.4147407501558196
3,0.12,0.7,7,euclidean,ball_tree,10,1.0,0.4147407501558196
3,0.12,0.7,7,euclidean,ball_tree,10,2.0,0.4147407501558196
3,0.12,0.7,7,euclidean,ball_tree,20,,0.4147407501558196
3,0.12,0.7,7,euclidean,ball_tree,20,1.0,0.4147407501558196
3,0.12,0.7,7,euclidean,ball_tree,20,2.0,0.4147407501558196
3,0.12,0.7,7,euclidean,ball_tree,30,,0.4147407501558196
3,0.12,0.7,7,euclidean,ball_tree,30,1.0,0.4147407501558196
3,0.12,0.7,7,euclidean,ball_tree,30,2.0,0.4147407501558196
3,0.12,0.7,7,euclidean,ball_tree,40,,0.4147407501558196
3,0.12,0.7,7,euclidean,ball_tree,40,1.0,0.4147407501558196
3,0.12,0.7,7,euclidean,ball_tree,40,2.0,0.4147407501558196
3,0.12,0.7,7,euclidean,ball_tree,50,,0.4147407501558196
3,0.12,0.7,7,euclidean,ball_tree,50,1.0,0.4147407501558196
3,0.12,0.7,7,euclidean,ball_tree,50,2.0,0.4147407501558196
3,0.12,0.7,7,euclidean,kd_tree,10,,0.4147407501558196
3,0.12,0.7,7,euclidean,kd_tree,10,1.0,0.4147407501558196
3,0.12,0.7,7,euclidean,kd_tree,10,2.0,0.4147407501558196
3,0.12,0.7,7,euclidean,kd_tree,20,,0.4147407501558196
3,0.12,0.7,7,euclidean,kd_tree,20,1.0,0.4147407501558196
3,0.12,0.7,7,euclidean,kd_tree,20,2.0,0.4147407501558196
3,0.12,0.7,7,euclidean,kd_tree,30,,0.4147407501558196
3,0.12,0.7,7,euclidean,kd_tree,30,1.0,0.4147407501558196
3,0.12,0.7,7,euclidean,kd_tree,30,2.0,0.4147407501558196
3,0.12,0.7,7,euclidean,kd_tree,40,,0.4147407501558196
3,0.12,0.7,7,euclidean,kd_tree,40,1.0,0.4147407501558196
3,0.12,0.7,7,euclidean,kd_tree,40,2.0,0.4147407501558196
3,0.12,0.7,7,euclidean,kd_tree,50,,0.4147407501558196
3,0.12,0.7,7,euclidean,kd_tree,50,1.0,0.4147407501558196
3,0.12,0.7,7,euclidean,kd_tree,50,2.0,0.4147407501558196
3,0.12,0.7,7,euclidean,brute,10,,0.4147407501558196
3,0.12,0.7,7,euclidean,brute,10,1.0,0.4147407501558196
3,0.12,0.7,7,euclidean,brute,10,2.0,0.4147407501558196
3,0.12,0.7,7,euclidean,brute,20,,0.4147407501558196
3,0.12,0.7,7,euclidean,brute,20,1.0,0.4147407501558196
3,0.12,0.7,7,euclidean,brute,20,2.0,0.4147407501558196
3,0.12,0.7,7,euclidean,brute,30,,0.4147407501558196
3,0.12,0.7,7,euclidean,brute,30,1.0,0.4147407501558196
3,0.12,0.7,7,euclidean,brute,30,2.0,0.4147407501558196
3,0.12,0.7,7,euclidean,brute,40,,0.4147407501558196
3,0.12,0.7,7,euclidean,brute,40,1.0,0.4147407501558196
3,0.12,0.7,7,euclidean,brute,40,2.0,0.4147407501558196
3,0.12,0.7,7,euclidean,brute,50,,0.4147407501558196
3,0.12,0.7,7,euclidean,brute,50,1.0,0.4147407501558196
3,0.12,0.7,7,euclidean,brute,50,2.0,0.4147407501558196
2,0.5933333333333334,0.7,7,manhattan,auto,10,,0.16297383006510247
2,0.5933333333333334,0.7,7,manhattan,auto,10,1.0,0.16297383006510247
2,0.5933333333333334,0.7,7,manhattan,auto,10,2.0,0.16297383006510247
2,0.5933333333333334,0.7,7,manhattan,auto,20,,0.16297383006510247
2,0.5933333333333334,0.7,7,manhattan,auto,20,1.0,0.16297383006510247
2,0.5933333333333334,0.7,7,manhattan,auto,20,2.0,0.16297383006510247
2,0.5933333333333334,0.7,7,manhattan,auto,30,,0.16297383006510247
2,0.5933333333333334,0.7,7,manhattan,auto,30,1.0,0.16297383006510247
2,0.5933333333333334,0.7,7,manhattan,auto,30,2.0,0.16297383006510247
2,0.5933333333333334,0.7,7,manhattan,auto,40,,0.16297383006510247
2,0.5933333333333334,0.7,7,manhattan,auto,40,1.0,0.16297383006510247
2,0.5933333333333334,0.7,7,manhattan,auto,40,2.0,0.16297383006510247
2,0.5933333333333334,0.7,7,manhattan,auto,50,,0.16297383006510247
2,0.5933333333333334,0.7,7,manhattan,auto,50,1.0,0.16297383006510247
2,0.5933333333333334,0.7,7,manhattan,auto,50,2.0,0.16297383006510247
2,0.5933333333333334,0.7,7,manhattan,ball_tree,10,,0.16297383006510247
2,0.5933333333333334,0.7,7,manhattan,ball_tree,10,1.0,0.16297383006510247
2,0.5933333333333334,0.7,7,manhattan,ball_tree,10,2.0,0.16297383006510247
2,0.5933333333333334,0.7,7,manhattan,ball_tree,20,,0.16297383006510247
2,0.5933333333333334,0.7,7,manhattan,ball_tree,20,1.0,0.16297383006510247
2,0.5933333333333334,0.7,7,manhattan,ball_tree,20,2.0,0.16297383006510247
2,0.5933333333333334,0.7,7,manhattan,ball_tree,30,,0.16297383006510247
2,0.5933333333333334,0.7,7,manhattan,ball_tree,30,1.0,0.16297383006510247
2,0.5933333333333334,0.7,7,manhattan,ball_tree,30,2.0,0.16297383006510247
2,0.5933333333333334,0.7,7,manhattan,ball_tree,40,,0.16297383006510247
2,0.5933333333333334,0.7,7,manhattan,ball_tree,40,1.0,0.16297383006510247
2,0.5933333333333334,0.7,7,manhattan,ball_tree,40,2.0,0.16297383006510247
2,0.5933333333333334,0.7,7,manhattan,ball_tree,50,,0.16297383006510247
2,0.5933333333333334,0.7,7,manhattan,ball_tree,50,1.0,0.16297383006510247
2,0.5933333333333334,0.7,7,manhattan,ball_tree,50,2.0,0.16297383006510247
2,0.5933333333333334,0.7,7,manhattan,kd_tree,10,,0.16297383006510247
2,0.5933333333333334,0.7,7,manhattan,kd_tree,10,1.0,0.16297383006510247
2,0.5933333333333334,0.7,7,manhattan,kd_tree,10,2.0,0.16297383006510247
2,0.5933333333333334,0.7,7,manhattan,kd_tree,20,,0.16297383006510247
2,0.5933333333333334,0.7,7,manhattan,kd_tree,20,1.0,0.16297383006510247
2,0.5933333333333334,0.7,7,manhattan,kd_tree,20,2.0,0.16297383006510247
2,0.5933333333333334,0.7,7,manhattan,kd_tree,30,,0.16297383006510247
2,0.5933333333333334,0.7,7,manhattan,kd_tree,30,1.0,0.16297383006510247
2,0.5933333333333334,0.7,7,manhattan,kd_tree,30,2.0,0.16297383006510247
2,0.5933333333333334,0.7,7,manhattan,kd_tree,40,,0.16297383006510247
2,0.5933333333333334,0.7,7,manhattan,kd_tree,40,1.0,0.16297383006510247
2,0.5933333333333334,0.7,7,manhattan,kd_tree,40,2.0,0.16297383006510247
2,0.5933333333333334,0.7,7,manhattan,kd_tree,50,,0.16297383006510247
2,0.5933333333333334,0.7,7,manhattan,kd_tree,50,1.0,0.16297383006510247
2,0.5933333333333334,0.7,7,manhattan,kd_tree,50,2.0,0.16297383006510247
2,0.5933333333333334,0.7,7,manhattan,brute,10,,0.16297383006510247
2,0.5933333333333334,0.7,7,manhattan,brute,10,1.0,0.16297383006510247
2,0.5933333333333334,0.7,7,manhattan,brute,10,2.0,0.16297383006510247
2,0.5933333333333334,0.7,7,manhattan,brute,20,,0.16297383006510247
2,0.5933333333333334,0.7,7,manhattan,brute,20,1.0,0.16297383006510247
2,0.5933333333333334,0.7,7,manhattan,brute,20,2.0,0.16297383006510247
2,0.5933333333333334,0.7,7,manhattan,brute,30,,0.16297383006510247
2,0.5933333333333334,0.7,7,manhattan,brute,30,1.0,0.16297383006510247
2,0.5933333333333334,0.7,7,manhattan,brute,30,2.0,0.16297383006510247
2,0.5933333333333334,0.7,7,manhattan,brute,40,,0.16297383006510247
2,0.5933333333333334,0.7,7,manhattan,brute,40,1.0,0.16297383006510247
2,0.5933333333333334,0.7,7,manhattan,brute,40,2.0,0.16297383006510247
2,0.5933333333333334,0.7,7,manhattan,brute,50,,0.16297383006510247
2,0.5933333333333334,0.7,7,manhattan,brute,50,1.0,0.16297383006510247
2,0.5933333333333334,0.7,7,manhattan,brute,50,2.0,0.16297383006510247
2,0.8533333333333334,0.7,7,mahalanobis,auto,10,,0.18375634956511022
2,0.8533333333333334,0.7,7,mahalanobis,auto,10,1.0,0.18375634956511022
2,0.8533333333333334,0.7,7,mahalanobis,auto,10,2.0,0.18375634956511022
2,0.8533333333333334,0.7,7,mahalanobis,auto,20,,0.18375634956511022
2,0.8533333333333334,0.7,7,mahalanobis,auto,20,1.0,0.18375634956511022
2,0.8533333333333334,0.7,7,mahalanobis,auto,20,2.0,0.18375634956511022
2,0.8533333333333334,0.7,7,mahalanobis,auto,30,,0.18375634956511022
2,0.8533333333333334,0.7,7,mahalanobis,auto,30,1.0,0.18375634956511022
2,0.8533333333333334,0.7,7,mahalanobis,auto,30,2.0,0.18375634956511022
2,0.8533333333333334,0.7,7,mahalanobis,auto,40,,0.18375634956511022
2,0.8533333333333334,0.7,7,mahalanobis,auto,40,1.0,0.18375634956511022
2,0.8533333333333334,0.7,7,mahalanobis,auto,40,2.0,0.18375634956511022
2,0.8533333333333334,0.7,7,mahalanobis,auto,50,,0.18375634956511022
2,0.8533333333333334,0.7,7,mahalanobis,auto,50,1.0,0.18375634956511022
2,0.8533333333333334,0.7,7,mahalanobis,auto,50,2.0,0.18375634956511022
2,0.8533333333333334,0.7,7,mahalanobis,ball_tree,10,,0.18375634956511022
2,0.8533333333333334,0.7,7,mahalanobis,ball_tree,10,1.0,0.18375634956511022
2,0.8533333333333334,0.7,7,mahalanobis,ball_tree,10,2.0,0.18375634956511022
2,0.8533333333333334,0.7,7,mahalanobis,ball_tree,20,,0.18375634956511022
2,0.8533333333333334,0.7,7,mahalanobis,ball_tree,20,1.0,0.18375634956511022
2,0.8533333333333334,0.7,7,mahalanobis,ball_tree,20,2.0,0.18375634956511022
2,0.8533333333333334,0.7,7,mahalanobis,ball_tree,30,,0.18375634956511022
2,0.8533333333333334,0.7,7,mahalanobis,ball_tree,30,1.0,0.18375634956511022
2,0.8533333333333334,0.7,7,mahalanobis,ball_tree,30,2.0,0.18375634956511022
2,0.8533333333333334,0.7,7,mahalanobis,ball_tree,40,,0.18375634956511022
2,0.8533333333333334,0.7,7,mahalanobis,ball_tree,40,1.0,0.18375634956511022
2,0.8533333333333334,0.7,7,mahalanobis,ball_tree,40,2.0,0.18375634956511022
2,0.8533333333333334,0.7,7,mahalanobis,ball_tree,50,,0.18375634956511022
2,0.8533333333333334,0.7,7,mahalanobis,ball_tree,50,1.0,0.18375634956511022
2,0.8533333333333334,0.7,7,mahalanobis,ball_tree,50,2.0,0.18375634956511022
2,0.8533333333333334,0.7,7,mahalanobis,kd_tree,10,,0.18375634956511022
2,0.8533333333333334,0.7,7,mahalanobis,kd_tree,10,1.0,0.18375634956511022
2,0.8533333333333334,0.7,7,mahalanobis,kd_tree,10,2.0,0.18375634956511022
2,0.8533333333333334,0.7,7,mahalanobis,kd_tree,20,,0.18375634956511022
2,0.8533333333333334,0.7,7,mahalanobis,kd_tree,20,1.0,0.18375634956511022
2,0.8533333333333334,0.7,7,mahalanobis,kd_tree,20,2.0,0.18375634956511022
2,0.8533333333333334,0.7,7,mahalanobis,kd_tree,30,,0.18375634956511022
2,0.8533333333333334,0.7,7,mahalanobis,kd_tree,30,1.0,0.18375634956511022
2,0.8533333333333334,0.7,7,mahalanobis,kd_tree,30,2.0,0.18375634956511022
2,0.8533333333333334,0.7,7,mahalanobis,kd_tree,40,,0.18375634956511022
2,0.8533333333333334,0.7,7,mahalanobis,kd_tree,40,1.0,0.18375634956511022
2,0.8533333333333334,0.7,7,mahalanobis,kd_tree,40,2.0,0.18375634956511022
2,0.8533333333333334,0.7,7,mahalanobis,kd_tree,50,,0.18375634956511022
2,0.8533333333333334,0.7,7,mahalanobis,kd_tree,50,1.0,0.18375634956511022
2,0.8533333333333334,0.7,7,mahalanobis,kd_tree,50,2.0,0.18375634956511022
2,0.8533333333333334,0.7,7,mahalanobis,brute,10,,0.18375634956511022
2,0.8533333333333334,0.7,7,mahalanobis,brute,10,1.0,0.18375634956511022
2,0.8533333333333334,0.7,7,mahalanobis,brute,10,2.0,0.18375634956511022
2,0.8533333333333334,0.7,7,mahalanobis,brute,20,,0.18375634956511022
2,0.8533333333333334,0.7,7,mahalanobis,brute,20,1.0,0.18375634956511022
2,0.8533333333333334,0.7,7,mahalanobis,brute,20,2.0,0.18375634956511022
2,0.8533333333333334,0.7,7,mahalanobis,brute,30,,0.18375634956511022
2,0.8533333333333334,0.7,7,mahalanobis,brute,30,1.0,0.18375634956511022
2,0.8533333333333334,0.7,7,mahalanobis,brute,30,2.0,0.18375634956511022
2,0.8533333333333334,0.7,7,mahalanobis,brute,40,,0.18375634956511022
2,0.8533333333333334,0.7,7,mahalanobis,brute,40,1.0,0.18375634956511022
2,0.8533333333333334,0.7,7,mahalanobis,brute,40,2.0,0.18375634956511022
2,0.8533333333333334,0.7,7,mahalanobis,brute,50,,0.18375634956511022
2,0.8533333333333334,0.7,7,mahalanobis,brute,50,1.0,0.18375634956511022
2,0.8533333333333334,0.7,7,mahalanobis,brute,50,2.0,0.18375634956511022
3,0.14,0.7,8,euclidean,auto,10,,0.4041245750965793
3,0.14,0.7,8,euclidean,auto,10,1.0,0.4041245750965793
3,0.14,0.7,8,euclidean,auto,10,2.0,0.4041245750965793
3,0.14,0.7,8,euclidean,auto,20,,0.4041245750965793
3,0.14,0.7,8,euclidean,auto,20,1.0,0.4041245750965793
3,0.14,0.7,8,euclidean,auto,20,2.0,0.4041245750965793
3,0.14,0.7,8,euclidean,auto,30,,0.4041245750965793
3,0.14,0.7,8,euclidean,auto,30,1.0,0.4041245750965793
3,0.14,0.7,8,euclidean,auto,30,2.0,0.4041245750965793
3,0.14,0.7,8,euclidean,auto,40,,0.4041245750965793
3,0.14,0.7,8,euclidean,auto,40,1.0,0.4041245750965793
3,0.14,0.7,8,euclidean,auto,40,2.0,0.4041245750965793
3,0.14,0.7,8,euclidean,auto,50,,0.4041245750965793
3,0.14,0.7,8,euclidean,auto,50,1.0,0.4041245750965793
3,0.14,0.7,8,euclidean,auto,50,2.0,0.4041245750965793
3,0.14,0.7,8,euclidean,ball_tree,10,,0.4041245750965793
3,0.14,0.7,8,euclidean,ball_tree,10,1.0,0.4041245750965793
3,0.14,0.7,8,euclidean,ball_tree,10,2.0,0.4041245750965793
3,0.14,0.7,8,euclidean,ball_tree,20,,0.4041245750965793
3,0.14,0.7,8,euclidean,ball_tree,20,1.0,0.4041245750965793
3,0.14,0.7,8,euclidean,ball_tree,20,2.0,0.4041245750965793
3,0.14,0.7,8,euclidean,ball_tree,30,,0.4041245750965793
3,0.14,0.7,8,euclidean,ball_tree,30,1.0,0.4041245750965793
3,0.14,0.7,8,euclidean,ball_tree,30,2.0,0.4041245750965793
3,0.14,0.7,8,euclidean,ball_tree,40,,0.4041245750965793
3,0.14,0.7,8,euclidean,ball_tree,40,1.0,0.4041245750965793
3,0.14,0.7,8,euclidean,ball_tree,40,2.0,0.4041245750965793
3,0.14,0.7,8,euclidean,ball_tree,50,,0.4041245750965793
3,0.14,0.7,8,euclidean,ball_tree,50,1.0,0.4041245750965793
3,0.14,0.7,8,euclidean,ball_tree,50,2.0,0.4041245750965793
3,0.14,0.7,8,euclidean,kd_tree,10,,0.4041245750965793
3,0.14,0.7,8,euclidean,kd_tree,10,1.0,0.4041245750965793
3,0.14,0.7,8,euclidean,kd_tree,10,2.0,0.4041245750965793
3,0.14,0.7,8,euclidean,kd_tree,20,,0.4041245750965793
3,0.14,0.7,8,euclidean,kd_tree,20,1.0,0.4041245750965793
3,0.14,0.7,8,euclidean,kd_tree,20,2.0,0.4041245750965793
3,0.14,0.7,8,euclidean,kd_tree,30,,0.4041245750965793
3,0.14,0.7,8,euclidean,kd_tree,30,1.0,0.4041245750965793
3,0.14,0.7,8,euclidean,kd_tree,30,2.0,0.4041245750965793
3,0.14,0.7,8,euclidean,kd_tree,40,,0.4041245750965793
3,0.14,0.7,8,euclidean,kd_tree,40,1.0,0.4041245750965793
3,0.14,0.7,8,euclidean,kd_tree,40,2.0,0.4041245750965793
3,0.14,0.7,8,euclidean,kd_tree,50,,0.4041245750965793
3,0.14,0.7,8,euclidean,kd_tree,50,1.0,0.4041245750965793
3,0.14,0.7,8,euclidean,kd_tree,50,2.0,0.4041245750965793
3,0.14,0.7,8,euclidean,brute,10,,0.4041245750965793
3,0.14,0.7,8,euclidean,brute,10,1.0,0.4041245750965793
3,0.14,0.7,8,euclidean,brute,10,2.0,0.4041245750965793
3,0.14,0.7,8,euclidean,brute,20,,0.4041245750965793
3,0.14,0.7,8,euclidean,brute,20,1.0,0.4041245750965793
3,0.14,0.7,8,euclidean,brute,20,2.0,0.4041245750965793
3,0.14,0.7,8,euclidean,brute,30,,0.4041245750965793
3,0.14,0.7,8,euclidean,brute,30,1.0,0.4041245750965793
3,0.14,0.7,8,euclidean,brute,30,2.0,0.4041245750965793
3,0.14,0.7,8,euclidean,brute,40,,0.4041245750965793
3,0.14,0.7,8,euclidean,brute,40,1.0,0.4041245750965793
3,0.14,0.7,8,euclidean,brute,40,2.0,0.4041245750965793
3,0.14,0.7,8,euclidean,brute,50,,0.4041245750965793
3,0.14,0.7,8,euclidean,brute,50,1.0,0.4041245750965793
3,0.14,0.7,8,euclidean,brute,50,2.0,0.4041245750965793
2,0.6066666666666667,0.7,8,manhattan,auto,10,,0.1475296462169089
2,0.6066666666666667,0.7,8,manhattan,auto,10,1.0,0.1475296462169089
2,0.6066666666666667,0.7,8,manhattan,auto,10,2.0,0.1475296462169089
2,0.6066666666666667,0.7,8,manhattan,auto,20,,0.1475296462169089
2,0.6066666666666667,0.7,8,manhattan,auto,20,1.0,0.1475296462169089
2,0.6066666666666667,0.7,8,manhattan,auto,20,2.0,0.1475296462169089
2,0.6066666666666667,0.7,8,manhattan,auto,30,,0.1475296462169089
2,0.6066666666666667,0.7,8,manhattan,auto,30,1.0,0.1475296462169089
2,0.6066666666666667,0.7,8,manhattan,auto,30,2.0,0.1475296462169089
2,0.6066666666666667,0.7,8,manhattan,auto,40,,0.1475296462169089
2,0.6066666666666667,0.7,8,manhattan,auto,40,1.0,0.1475296462169089
2,0.6066666666666667,0.7,8,manhattan,auto,40,2.0,0.1475296462169089
2,0.6066666666666667,0.7,8,manhattan,auto,50,,0.1475296462169089
2,0.6066666666666667,0.7,8,manhattan,auto,50,1.0,0.1475296462169089
2,0.6066666666666667,0.7,8,manhattan,auto,50,2.0,0.1475296462169089
2,0.6066666666666667,0.7,8,manhattan,ball_tree,10,,0.1475296462169089
2,0.6066666666666667,0.7,8,manhattan,ball_tree,10,1.0,0.1475296462169089
2,0.6066666666666667,0.7,8,manhattan,ball_tree,10,2.0,0.1475296462169089
2,0.6066666666666667,0.7,8,manhattan,ball_tree,20,,0.1475296462169089
2,0.6066666666666667,0.7,8,manhattan,ball_tree,20,1.0,0.1475296462169089
2,0.6066666666666667,0.7,8,manhattan,ball_tree,20,2.0,0.1475296462169089
2,0.6066666666666667,0.7,8,manhattan,ball_tree,30,,0.1475296462169089
2,0.6066666666666667,0.7,8,manhattan,ball_tree,30,1.0,0.1475296462169089
2,0.6066666666666667,0.7,8,manhattan,ball_tree,30,2.0,0.1475296462169089
2,0.6066666666666667,0.7,8,manhattan,ball_tree,40,,0.1475296462169089
2,0.6066666666666667,0.7,8,manhattan,ball_tree,40,1.0,0.1475296462169089
2,0.6066666666666667,0.7,8,manhattan,ball_tree,40,2.0,0.1475296462169089
2,0.6066666666666667,0.7,8,manhattan,ball_tree,50,,0.1475296462169089
2,0.6066666666666667,0.7,8,manhattan,ball_tree,50,1.0,0.1475296462169089
2,0.6066666666666667,0.7,8,manhattan,ball_tree,50,2.0,0.1475296462169089
2,0.6066666666666667,0.7,8,manhattan,kd_tree,10,,0.1475296462169089
2,0.6066666666666667,0.7,8,manhattan,kd_tree,10,1.0,0.1475296462169089
2,0.6066666666666667,0.7,8,manhattan,kd_tree,10,2.0,0.1475296462169089
2,0.6066666666666667,0.7,8,manhattan,kd_tree,20,,0.1475296462169089
2,0.6066666666666667,0.7,8,manhattan,kd_tree,20,1.0,0.1475296462169089
2,0.6066666666666667,0.7,8,manhattan,kd_tree,20,2.0,0.1475296462169089
2,0.6066666666666667,0.7,8,manhattan,kd_tree,30,,0.1475296462169089
2,0.6066666666666667,0.7,8,manhattan,kd_tree,30,1.0,0.1475296462169089
2,0.6066666666666667,0.7,8,manhattan,kd_tree,30,2.0,0.1475296462169089
2,0.6066666666666667,0.7,8,manhattan,kd_tree,40,,0.1475296462169089
2,0.6066666666666667,0.7,8,manhattan,kd_tree,40,1.0,0.1475296462169089
2,0.6066666666666667,0.7,8,manhattan,kd_tree,40,2.0,0.1475296462169089
2,0.6066666666666667,0.7,8,manhattan,kd_tree,50,,0.1475296462169089
2,0.6066666666666667,0.7,8,manhattan,kd_tree,50,1.0,0.1475296462169089
2,0.6066666666666667,0.7,8,manhattan,kd_tree,50,2.0,0.1475296462169089
2,0.6066666666666667,0.7,8,manhattan,brute,10,,0.1475296462169089
2,0.6066666666666667,0.7,8,manhattan,brute,10,1.0,0.1475296462169089
2,0.6066666666666667,0.7,8,manhattan,brute,10,2.0,0.1475296462169089
2,0.6066666666666667,0.7,8,manhattan,brute,20,,0.1475296462169089
2,0.6066666666666667,0.7,8,manhattan,brute,20,1.0,0.1475296462169089
2,0.6066666666666667,0.7,8,manhattan,brute,20,2.0,0.1475296462169089
2,0.6066666666666667,0.7,8,manhattan,brute,30,,0.1475296462169089
2,0.6066666666666667,0.7,8,manhattan,brute,30,1.0,0.1475296462169089
2,0.6066666666666667,0.7,8,manhattan,brute,30,2.0,0.1475296462169089
2,0.6066666666666667,0.7,8,manhattan,brute,40,,0.1475296462169089
2,0.6066666666666667,0.7,8,manhattan,brute,40,1.0,0.1475296462169089
2,0.6066666666666667,0.7,8,manhattan,brute,40,2.0,0.1475296462169089
2,0.6066666666666667,0.7,8,manhattan,brute,50,,0.1475296462169089
2,0.6066666666666667,0.7,8,manhattan,brute,50,1.0,0.1475296462169089
2,0.6066666666666667,0.7,8,manhattan,brute,50,2.0,0.1475296462169089
1,0.92,0.7,8,mahalanobis,auto,10,,0.13637586349768988
1,0.92,0.7,8,mahalanobis,auto,10,1.0,0.13637586349768988
1,0.92,0.7,8,mahalanobis,auto,10,2.0,0.13637586349768988
1,0.92,0.7,8,mahalanobis,auto,20,,0.13637586349768988
1,0.92,0.7,8,mahalanobis,auto,20,1.0,0.13637586349768988
1,0.92,0.7,8,mahalanobis,auto,20,2.0,0.13637586349768988
1,0.92,0.7,8,mahalanobis,auto,30,,0.13637586349768988
1,0.92,0.7,8,mahalanobis,auto,30,1.0,0.13637586349768988
1,0.92,0.7,8,mahalanobis,auto,30,2.0,0.13637586349768988
1,0.92,0.7,8,mahalanobis,auto,40,,0.13637586349768988
1,0.92,0.7,8,mahalanobis,auto,40,1.0,0.13637586349768988
1,0.92,0.7,8,mahalanobis,auto,40,2.0,0.13637586349768988
1,0.92,0.7,8,mahalanobis,auto,50,,0.13637586349768988
1,0.92,0.7,8,mahalanobis,auto,50,1.0,0.13637586349768988
1,0.92,0.7,8,mahalanobis,auto,50,2.0,0.13637586349768988
1,0.92,0.7,8,mahalanobis,ball_tree,10,,0.13637586349768988
1,0.92,0.7,8,mahalanobis,ball_tree,10,1.0,0.13637586349768988
1,0.92,0.7,8,mahalanobis,ball_tree,10,2.0,0.13637586349768988
1,0.92,0.7,8,mahalanobis,ball_tree,20,,0.13637586349768988
1,0.92,0.7,8,mahalanobis,ball_tree,20,1.0,0.13637586349768988
1,0.92,0.7,8,mahalanobis,ball_tree,20,2.0,0.13637586349768988
1,0.92,0.7,8,mahalanobis,ball_tree,30,,0.13637586349768988
1,0.92,0.7,8,mahalanobis,ball_tree,30,1.0,0.13637586349768988
1,0.92,0.7,8,mahalanobis,ball_tree,30,2.0,0.13637586349768988
1,0.92,0.7,8,mahalanobis,ball_tree,40,,0.13637586349768988
1,0.92,0.7,8,mahalanobis,ball_tree,40,1.0,0.13637586349768988
1,0.92,0.7,8,mahalanobis,ball_tree,40,2.0,0.13637586349768988
1,0.92,0.7,8,mahalanobis,ball_tree,50,,0.13637586349768988
1,0.92,0.7,8,mahalanobis,ball_tree,50,1.0,0.13637586349768988
1,0.92,0.7,8,mahalanobis,ball_tree,50,2.0,0.13637586349768988
1,0.92,0.7,8,mahalanobis,kd_tree,10,,0.13637586349768988
1,0.92,0.7,8,mahalanobis,kd_tree,10,1.0,0.13637586349768988
1,0.92,0.7,8,mahalanobis,kd_tree,10,2.0,0.13637586349768988
1,0.92,0.7,8,mahalanobis,kd_tree,20,,0.13637586349768988
1,0.92,0.7,8,mahalanobis,kd_tree,20,1.0,0.13637586349768988
1,0.92,0.7,8,mahalanobis,kd_tree,20,2.0,0.13637586349768988
1,0.92,0.7,8,mahalanobis,kd_tree,30,,0.13637586349768988
1,0.92,0.7,8,mahalanobis,kd_tree,30,1.0,0.13637586349768988
1,0.92,0.7,8,mahalanobis,kd_tree,30,2.0,0.13637586349768988
1,0.92,0.7,8,mahalanobis,kd_tree,40,,0.13637586349768988
1,0.92,0.7,8,mahalanobis,kd_tree,40,1.0,0.13637586349768988
1,0.92,0.7,8,mahalanobis,kd_tree,40,2.0,0.13637586349768988
1,0.92,0.7,8,mahalanobis,kd_tree,50,,0.13637586349768988
1,0.92,0.7,8,mahalanobis,kd_tree,50,1.0,0.13637586349768988
1,0.92,0.7,8,mahalanobis,kd_tree,50,2.0,0.13637586349768988
1,0.92,0.7,8,mahalanobis,brute,10,,0.13637586349768988
1,0.92,0.7,8,mahalanobis,brute,10,1.0,0.13637586349768988
1,0.92,0.7,8,mahalanobis,brute,10,2.0,0.13637586349768988
1,0.92,0.7,8,mahalanobis,brute,20,,0.13637586349768988
1,0.92,0.7,8,mahalanobis,brute,20,1.0,0.13637586349768988
1,0.92,0.7,8,mahalanobis,brute,20,2.0,0.13637586349768988
1,0.92,0.7,8,mahalanobis,brute,30,,0.13637586349768988
1,0.92,0.7,8,mahalanobis,brute,30,1.0,0.13637586349768988
1,0.92,0.7,8,mahalanobis,brute,30,2.0,0.13637586349768988
1,0.92,0.7,8,mahalanobis,brute,40,,0.13637586349768988
1,0.92,0.7,8,mahalanobis,brute,40,1.0,0.13637586349768988
1,0.92,0.7,8,mahalanobis,brute,40,2.0,0.13637586349768988
1,0.92,0.7,8,mahalanobis,brute,50,,0.13637586349768988
1,0.92,0.7,8,mahalanobis,brute,50,1.0,0.13637586349768988
1,0.92,0.7,8,mahalanobis,brute,50,2.0,0.13637586349768988
3,0.15333333333333332,0.7,9,euclidean,auto,10,,0.3990228875600656
3,0.15333333333333332,0.7,9,euclidean,auto,10,1.0,0.3990228875600656
3,0.15333333333333332,0.7,9,euclidean,auto,10,2.0,0.3990228875600656
3,0.15333333333333332,0.7,9,euclidean,auto,20,,0.3990228875600656
3,0.15333333333333332,0.7,9,euclidean,auto,20,1.0,0.3990228875600656
3,0.15333333333333332,0.7,9,euclidean,auto,20,2.0,0.3990228875600656
3,0.15333333333333332,0.7,9,euclidean,auto,30,,0.3990228875600656
3,0.15333333333333332,0.7,9,euclidean,auto,30,1.0,0.3990228875600656
3,0.15333333333333332,0.7,9,euclidean,auto,30,2.0,0.3990228875600656
3,0.15333333333333332,0.7,9,euclidean,auto,40,,0.3990228875600656
3,0.15333333333333332,0.7,9,euclidean,auto,40,1.0,0.3990228875600656
3,0.15333333333333332,0.7,9,euclidean,auto,40,2.0,0.3990228875600656
3,0.15333333333333332,0.7,9,euclidean,auto,50,,0.3990228875600656
3,0.15333333333333332,0.7,9,euclidean,auto,50,1.0,0.3990228875600656
3,0.15333333333333332,0.7,9,euclidean,auto,50,2.0,0.3990228875600656
3,0.15333333333333332,0.7,9,euclidean,ball_tree,10,,0.3990228875600656
3,0.15333333333333332,0.7,9,euclidean,ball_tree,10,1.0,0.3990228875600656
3,0.15333333333333332,0.7,9,euclidean,ball_tree,10,2.0,0.3990228875600656
3,0.15333333333333332,0.7,9,euclidean,ball_tree,20,,0.3990228875600656
3,0.15333333333333332,0.7,9,euclidean,ball_tree,20,1.0,0.3990228875600656
3,0.15333333333333332,0.7,9,euclidean,ball_tree,20,2.0,0.3990228875600656
3,0.15333333333333332,0.7,9,euclidean,ball_tree,30,,0.3990228875600656
3,0.15333333333333332,0.7,9,euclidean,ball_tree,30,1.0,0.3990228875600656
3,0.15333333333333332,0.7,9,euclidean,ball_tree,30,2.0,0.3990228875600656
3,0.15333333333333332,0.7,9,euclidean,ball_tree,40,,0.3990228875600656
3,0.15333333333333332,0.7,9,euclidean,ball_tree,40,1.0,0.3990228875600656
3,0.15333333333333332,0.7,9,euclidean,ball_tree,40,2.0,0.3990228875600656
3,0.15333333333333332,0.7,9,euclidean,ball_tree,50,,0.3990228875600656
3,0.15333333333333332,0.7,9,euclidean,ball_tree,50,1.0,0.3990228875600656
3,0.15333333333333332,0.7,9,euclidean,ball_tree,50,2.0,0.3990228875600656
3,0.15333333333333332,0.7,9,euclidean,kd_tree,10,,0.3990228875600656
3,0.15333333333333332,0.7,9,euclidean,kd_tree,10,1.0,0.3990228875600656
3,0.15333333333333332,0.7,9,euclidean,kd_tree,10,2.0,0.3990228875600656
3,0.15333333333333332,0.7,9,euclidean,kd_tree,20,,0.3990228875600656
3,0.15333333333333332,0.7,9,euclidean,kd_tree,20,1.0,0.3990228875600656
3,0.15333333333333332,0.7,9,euclidean,kd_tree,20,2.0,0.3990228875600656
3,0.15333333333333332,0.7,9,euclidean,kd_tree,30,,0.3990228875600656
3,0.15333333333333332,0.7,9,euclidean,kd_tree,30,1.0,0.3990228875600656
3,0.15333333333333332,0.7,9,euclidean,kd_tree,30,2.0,0.3990228875600656
3,0.15333333333333332,0.7,9,euclidean,kd_tree,40,,0.3990228875600656
3,0.15333333333333332,0.7,9,euclidean,kd_tree,40,1.0,0.3990228875600656
3,0.15333333333333332,0.7,9,euclidean,kd_tree,40,2.0,0.3990228875600656
3,0.15333333333333332,0.7,9,euclidean,kd_tree,50,,0.3990228875600656
3,0.15333333333333332,0.7,9,euclidean,kd_tree,50,1.0,0.3990228875600656
3,0.15333333333333332,0.7,9,euclidean,kd_tree,50,2.0,0.3990228875600656
3,0.15333333333333332,0.7,9,euclidean,brute,10,,0.3990228875600656
3,0.15333333333333332,0.7,9,euclidean,brute,10,1.0,0.3990228875600656
3,0.15333333333333332,0.7,9,euclidean,brute,10,2.0,0.3990228875600656
3,0.15333333333333332,0.7,9,euclidean,brute,20,,0.3990228875600656
3,0.15333333333333332,0.7,9,euclidean,brute,20,1.0,0.3990228875600656
3,0.15333333333333332,0.7,9,euclidean,brute,20,2.0,0.3990228875600656
3,0.15333333333333332,0.7,9,euclidean,brute,30,,0.3990228875600656
3,0.15333333333333332,0.7,9,euclidean,brute,30,1.0,0.3990228875600656
3,0.15333333333333332,0.7,9,euclidean,brute,30,2.0,0.3990228875600656
3,0.15333333333333332,0.7,9,euclidean,brute,40,,0.3990228875600656
3,0.15333333333333332,0.7,9,euclidean,brute,40,1.0,0.3990228875600656
3,0.15333333333333332,0.7,9,euclidean,brute,40,2.0,0.3990228875600656
3,0.15333333333333332,0.7,9,euclidean,brute,50,,0.3990228875600656
3,0.15333333333333332,0.7,9,euclidean,brute,50,1.0,0.3990228875600656
3,0.15333333333333332,0.7,9,euclidean,brute,50,2.0,0.3990228875600656
2,0.7,0.7,9,manhattan,auto,10,,0.02770706012375271
2,0.7,0.7,9,manhattan,auto,10,1.0,0.02770706012375271
2,0.7,0.7,9,manhattan,auto,10,2.0,0.02770706012375271
2,0.7,0.7,9,manhattan,auto,20,,0.02770706012375271
2,0.7,0.7,9,manhattan,auto,20,1.0,0.02770706012375271
2,0.7,0.7,9,manhattan,auto,20,2.0,0.02770706012375271
2,0.7,0.7,9,manhattan,auto,30,,0.02770706012375271
2,0.7,0.7,9,manhattan,auto,30,1.0,0.02770706012375271
2,0.7,0.7,9,manhattan,auto,30,2.0,0.02770706012375271
2,0.7,0.7,9,manhattan,auto,40,,0.02770706012375271
2,0.7,0.7,9,manhattan,auto,40,1.0,0.02770706012375271
2,0.7,0.7,9,manhattan,auto,40,2.0,0.02770706012375271
2,0.7,0.7,9,manhattan,auto,50,,0.02770706012375271
2,0.7,0.7,9,manhattan,auto,50,1.0,0.02770706012375271
2,0.7,0.7,9,manhattan,auto,50,2.0,0.02770706012375271
2,0.7,0.7,9,manhattan,ball_tree,10,,0.02770706012375271
2,0.7,0.7,9,manhattan,ball_tree,10,1.0,0.02770706012375271
2,0.7,0.7,9,manhattan,ball_tree,10,2.0,0.02770706012375271
2,0.7,0.7,9,manhattan,ball_tree,20,,0.02770706012375271
2,0.7,0.7,9,manhattan,ball_tree,20,1.0,0.02770706012375271
2,0.7,0.7,9,manhattan,ball_tree,20,2.0,0.02770706012375271
2,0.7,0.7,9,manhattan,ball_tree,30,,0.02770706012375271
2,0.7,0.7,9,manhattan,ball_tree,30,1.0,0.02770706012375271
2,0.7,0.7,9,manhattan,ball_tree,30,2.0,0.02770706012375271
2,0.7,0.7,9,manhattan,ball_tree,40,,0.02770706012375271
2,0.7,0.7,9,manhattan,ball_tree,40,1.0,0.02770706012375271
2,0.7,0.7,9,manhattan,ball_tree,40,2.0,0.02770706012375271
2,0.7,0.7,9,manhattan,ball_tree,50,,0.02770706012375271
2,0.7,0.7,9,manhattan,ball_tree,50,1.0,0.02770706012375271
2,0.7,0.7,9,manhattan,ball_tree,50,2.0,0.02770706012375271
2,0.7,0.7,9,manhattan,kd_tree,10,,0.02770706012375271
2,0.7,0.7,9,manhattan,kd_tree,10,1.0,0.02770706012375271
2,0.7,0.7,9,manhattan,kd_tree,10,2.0,0.02770706012375271
2,0.7,0.7,9,manhattan,kd_tree,20,,0.02770706012375271
2,0.7,0.7,9,manhattan,kd_tree,20,1.0,0.02770706012375271
2,0.7,0.7,9,manhattan,kd_tree,20,2.0,0.02770706012375271
2,0.7,0.7,9,manhattan,kd_tree,30,,0.02770706012375271
2,0.7,0.7,9,manhattan,kd_tree,30,1.0,0.02770706012375271
2,0.7,0.7,9,manhattan,kd_tree,30,2.0,0.02770706012375271
2,0.7,0.7,9,manhattan,kd_tree,40,,0.02770706012375271
2,0.7,0.7,9,manhattan,kd_tree,40,1.0,0.02770706012375271
2,0.7,0.7,9,manhattan,kd_tree,40,2.0,0.02770706012375271
2,0.7,0.7,9,manhattan,kd_tree,50,,0.02770706012375271
2,0.7,0.7,9,manhattan,kd_tree,50,1.0,0.02770706012375271
2,0.7,0.7,9,manhattan,kd_tree,50,2.0,0.02770706012375271
2,0.7,0.7,9,manhattan,brute,10,,0.02770706012375271
2,0.7,0.7,9,manhattan,brute,10,1.0,0.02770706012375271
2,0.7,0.7,9,manhattan,brute,10,2.0,0.02770706012375271
2,0.7,0.7,9,manhattan,brute,20,,0.02770706012375271
2,0.7,0.7,9,manhattan,brute,20,1.0,0.02770706012375271
2,0.7,0.7,9,manhattan,brute,20,2.0,0.02770706012375271
2,0.7,0.7,9,manhattan,brute,30,,0.02770706012375271
2,0.7,0.7,9,manhattan,brute,30,1.0,0.02770706012375271
2,0.7,0.7,9,manhattan,brute,30,2.0,0.02770706012375271
2,0.7,0.7,9,manhattan,brute,40,,0.02770706012375271
2,0.7,0.7,9,manhattan,brute,40,1.0,0.02770706012375271
2,0.7,0.7,9,manhattan,brute,40,2.0,0.02770706012375271
2,0.7,0.7,9,manhattan,brute,50,,0.02770706012375271
2,0.7,0.7,9,manhattan,brute,50,1.0,0.02770706012375271
2,0.7,0.7,9,manhattan,brute,50,2.0,0.02770706012375271
1,0.9266666666666666,0.7,9,mahalanobis,auto,10,,0.12641517398085603
1,0.9266666666666666,0.7,9,mahalanobis,auto,10,1.0,0.12641517398085603
1,0.9266666666666666,0.7,9,mahalanobis,auto,10,2.0,0.12641517398085603
1,0.9266666666666666,0.7,9,mahalanobis,auto,20,,0.12641517398085603
1,0.9266666666666666,0.7,9,mahalanobis,auto,20,1.0,0.12641517398085603
1,0.9266666666666666,0.7,9,mahalanobis,auto,20,2.0,0.12641517398085603
1,0.9266666666666666,0.7,9,mahalanobis,auto,30,,0.12641517398085603
1,0.9266666666666666,0.7,9,mahalanobis,auto,30,1.0,0.12641517398085603
1,0.9266666666666666,0.7,9,mahalanobis,auto,30,2.0,0.12641517398085603
1,0.9266666666666666,0.7,9,mahalanobis,auto,40,,0.12641517398085603
1,0.9266666666666666,0.7,9,mahalanobis,auto,40,1.0,0.12641517398085603
1,0.9266666666666666,0.7,9,mahalanobis,auto,40,2.0,0.12641517398085603
1,0.9266666666666666,0.7,9,mahalanobis,auto,50,,0.12641517398085603
1,0.9266666666666666,0.7,9,mahalanobis,auto,50,1.0,0.12641517398085603
1,0.9266666666666666,0.7,9,mahalanobis,auto,50,2.0,0.12641517398085603
1,0.9266666666666666,0.7,9,mahalanobis,ball_tree,10,,0.12641517398085603
1,0.9266666666666666,0.7,9,mahalanobis,ball_tree,10,1.0,0.12641517398085603
1,0.9266666666666666,0.7,9,mahalanobis,ball_tree,10,2.0,0.12641517398085603
1,0.9266666666666666,0.7,9,mahalanobis,ball_tree,20,,0.12641517398085603
1,0.9266666666666666,0.7,9,mahalanobis,ball_tree,20,1.0,0.12641517398085603
1,0.9266666666666666,0.7,9,mahalanobis,ball_tree,20,2.0,0.12641517398085603
1,0.9266666666666666,0.7,9,mahalanobis,ball_tree,30,,0.12641517398085603
1,0.9266666666666666,0.7,9,mahalanobis,ball_tree,30,1.0,0.12641517398085603
1,0.9266666666666666,0.7,9,mahalanobis,ball_tree,30,2.0,0.12641517398085603
1,0.9266666666666666,0.7,9,mahalanobis,ball_tree,40,,0.12641517398085603
1,0.9266666666666666,0.7,9,mahalanobis,ball_tree,40,1.0,0.12641517398085603
1,0.9266666666666666,0.7,9,mahalanobis,ball_tree,40,2.0,0.12641517398085603
1,0.9266666666666666,0.7,9,mahalanobis,ball_tree,50,,0.12641517398085603
1,0.9266666666666666,0.7,9,mahalanobis,ball_tree,50,1.0,0.12641517398085603
1,0.9266666666666666,0.7,9,mahalanobis,ball_tree,50,2.0,0.12641517398085603
1,0.9266666666666666,0.7,9,mahalanobis,kd_tree,10,,0.12641517398085603
1,0.9266666666666666,0.7,9,mahalanobis,kd_tree,10,1.0,0.12641517398085603
1,0.9266666666666666,0.7,9,mahalanobis,kd_tree,10,2.0,0.12641517398085603
1,0.9266666666666666,0.7,9,mahalanobis,kd_tree,20,,0.12641517398085603
1,0.9266666666666666,0.7,9,mahalanobis,kd_tree,20,1.0,0.12641517398085603
1,0.9266666666666666,0.7,9,mahalanobis,kd_tree,20,2.0,0.12641517398085603
1,0.9266666666666666,0.7,9,mahalanobis,kd_tree,30,,0.12641517398085603
1,0.9266666666666666,0.7,9,mahalanobis,kd_tree,30,1.0,0.12641517398085603
1,0.9266666666666666,0.7,9,mahalanobis,kd_tree,30,2.0,0.12641517398085603
1,0.9266666666666666,0.7,9,mahalanobis,kd_tree,40,,0.12641517398085603
1,0.9266666666666666,0.7,9,mahalanobis,kd_tree,40,1.0,0.12641517398085603
1,0.9266666666666666,0.7,9,mahalanobis,kd_tree,40,2.0,0.12641517398085603
1,0.9266666666666666,0.7,9,mahalanobis,kd_tree,50,,0.12641517398085603
1,0.9266666666666666,0.7,9,mahalanobis,kd_tree,50,1.0,0.12641517398085603
1,0.9266666666666666,0.7,9,mahalanobis,kd_tree,50,2.0,0.12641517398085603
1,0.9266666666666666,0.7,9,mahalanobis,brute,10,,0.12641517398085603
1,0.9266666666666666,0.7,9,mahalanobis,brute,10,1.0,0.12641517398085603
1,0.9266666666666666,0.7,9,mahalanobis,brute,10,2.0,0.12641517398085603
1,0.9266666666666666,0.7,9,mahalanobis,brute,20,,0.12641517398085603
1,0.9266666666666666,0.7,9,mahalanobis,brute,20,1.0,0.12641517398085603
1,0.9266666666666666,0.7,9,mahalanobis,brute,20,2.0,0.12641517398085603
1,0.9266666666666666,0.7,9,mahalanobis,brute,30,,0.12641517398085603
1,0.9266666666666666,0.7,9,mahalanobis,brute,30,1.0,0.12641517398085603
1,0.9266666666666666,0.7,9,mahalanobis,brute,30,2.0,0.12641517398085603
1,0.9266666666666666,0.7,9,mahalanobis,brute,40,,0.12641517398085603
1,0.9266666666666666,0.7,9,mahalanobis,brute,40,1.0,0.12641517398085603
1,0.9266666666666666,0.7,9,mahalanobis,brute,40,2.0,0.12641517398085603
1,0.9266666666666666,0.7,9,mahalanobis,brute,50,,0.12641517398085603
1,0.9266666666666666,0.7,9,mahalanobis,brute,50,1.0,0.12641517398085603
1,0.9266666666666666,0.7,9,mahalanobis,brute,50,2.0,0.12641517398085603
3,0.16666666666666666,0.7,10,euclidean,auto,10,,0.3933006737702132
3,0.16666666666666666,0.7,10,euclidean,auto,10,1.0,0.3933006737702132
3,0.16666666666666666,0.7,10,euclidean,auto,10,2.0,0.3933006737702132
3,0.16666666666666666,0.7,10,euclidean,auto,20,,0.3933006737702132
3,0.16666666666666666,0.7,10,euclidean,auto,20,1.0,0.3933006737702132
3,0.16666666666666666,0.7,10,euclidean,auto,20,2.0,0.3933006737702132
3,0.16666666666666666,0.7,10,euclidean,auto,30,,0.3933006737702132
3,0.16666666666666666,0.7,10,euclidean,auto,30,1.0,0.3933006737702132
3,0.16666666666666666,0.7,10,euclidean,auto,30,2.0,0.3933006737702132
3,0.16666666666666666,0.7,10,euclidean,auto,40,,0.3933006737702132
3,0.16666666666666666,0.7,10,euclidean,auto,40,1.0,0.3933006737702132
3,0.16666666666666666,0.7,10,euclidean,auto,40,2.0,0.3933006737702132
3,0.16666666666666666,0.7,10,euclidean,auto,50,,0.3933006737702132
3,0.16666666666666666,0.7,10,euclidean,auto,50,1.0,0.3933006737702132
3,0.16666666666666666,0.7,10,euclidean,auto,50,2.0,0.3933006737702132
3,0.16666666666666666,0.7,10,euclidean,ball_tree,10,,0.3933006737702132
3,0.16666666666666666,0.7,10,euclidean,ball_tree,10,1.0,0.3933006737702132
3,0.16666666666666666,0.7,10,euclidean,ball_tree,10,2.0,0.3933006737702132
3,0.16666666666666666,0.7,10,euclidean,ball_tree,20,,0.3933006737702132
3,0.16666666666666666,0.7,10,euclidean,ball_tree,20,1.0,0.3933006737702132
3,0.16666666666666666,0.7,10,euclidean,ball_tree,20,2.0,0.3933006737702132
3,0.16666666666666666,0.7,10,euclidean,ball_tree,30,,0.3933006737702132
3,0.16666666666666666,0.7,10,euclidean,ball_tree,30,1.0,0.3933006737702132
3,0.16666666666666666,0.7,10,euclidean,ball_tree,30,2.0,0.3933006737702132
3,0.16666666666666666,0.7,10,euclidean,ball_tree,40,,0.3933006737702132
3,0.16666666666666666,0.7,10,euclidean,ball_tree,40,1.0,0.3933006737702132
3,0.16666666666666666,0.7,10,euclidean,ball_tree,40,2.0,0.3933006737702132
3,0.16666666666666666,0.7,10,euclidean,ball_tree,50,,0.3933006737702132
3,0.16666666666666666,0.7,10,euclidean,ball_tree,50,1.0,0.3933006737702132
3,0.16666666666666666,0.7,10,euclidean,ball_tree,50,2.0,0.3933006737702132
3,0.16666666666666666,0.7,10,euclidean,kd_tree,10,,0.3933006737702132
3,0.16666666666666666,0.7,10,euclidean,kd_tree,10,1.0,0.3933006737702132
3,0.16666666666666666,0.7,10,euclidean,kd_tree,10,2.0,0.3933006737702132
3,0.16666666666666666,0.7,10,euclidean,kd_tree,20,,0.3933006737702132
3,0.16666666666666666,0.7,10,euclidean,kd_tree,20,1.0,0.3933006737702132
3,0.16666666666666666,0.7,10,euclidean,kd_tree,20,2.0,0.3933006737702132
3,0.16666666666666666,0.7,10,euclidean,kd_tree,30,,0.3933006737702132
3,0.16666666666666666,0.7,10,euclidean,kd_tree,30,1.0,0.3933006737702132
3,0.16666666666666666,0.7,10,euclidean,kd_tree,30,2.0,0.3933006737702132
3,0.16666666666666666,0.7,10,euclidean,kd_tree,40,,0.3933006737702132
3,0.16666666666666666,0.7,10,euclidean,kd_tree,40,1.0,0.3933006737702132
3,0.16666666666666666,0.7,10,euclidean,kd_tree,40,2.0,0.3933006737702132
3,0.16666666666666666,0.7,10,euclidean,kd_tree,50,,0.3933006737702132
3,0.16666666666666666,0.7,10,euclidean,kd_tree,50,1.0,0.3933006737702132
3,0.16666666666666666,0.7,10,euclidean,kd_tree,50,2.0,0.3933006737702132
3,0.16666666666666666,0.7,10,euclidean,brute,10,,0.3933006737702132
3,0.16666666666666666,0.7,10,euclidean,brute,10,1.0,0.3933006737702132
3,0.16666666666666666,0.7,10,euclidean,brute,10,2.0,0.3933006737702132
3,0.16666666666666666,0.7,10,euclidean,brute,20,,0.3933006737702132
3,0.16666666666666666,0.7,10,euclidean,brute,20,1.0,0.3933006737702132
3,0.16666666666666666,0.7,10,euclidean,brute,20,2.0,0.3933006737702132
3,0.16666666666666666,0.7,10,euclidean,brute,30,,0.3933006737702132
3,0.16666666666666666,0.7,10,euclidean,brute,30,1.0,0.3933006737702132
3,0.16666666666666666,0.7,10,euclidean,brute,30,2.0,0.3933006737702132
3,0.16666666666666666,0.7,10,euclidean,brute,40,,0.3933006737702132
3,0.16666666666666666,0.7,10,euclidean,brute,40,1.0,0.3933006737702132
3,0.16666666666666666,0.7,10,euclidean,brute,40,2.0,0.3933006737702132
3,0.16666666666666666,0.7,10,euclidean,brute,50,,0.3933006737702132
3,0.16666666666666666,0.7,10,euclidean,brute,50,1.0,0.3933006737702132
3,0.16666666666666666,0.7,10,euclidean,brute,50,2.0,0.3933006737702132
1,0.76,0.7,10,manhattan,auto,10,,0.4218753814326795
1,0.76,0.7,10,manhattan,auto,10,1.0,0.4218753814326795
1,0.76,0.7,10,manhattan,auto,10,2.0,0.4218753814326795
1,0.76,0.7,10,manhattan,auto,20,,0.4218753814326795
1,0.76,0.7,10,manhattan,auto,20,1.0,0.4218753814326795
1,0.76,0.7,10,manhattan,auto,20,2.0,0.4218753814326795
1,0.76,0.7,10,manhattan,auto,30,,0.4218753814326795
1,0.76,0.7,10,manhattan,auto,30,1.0,0.4218753814326795
1,0.76,0.7,10,manhattan,auto,30,2.0,0.4218753814326795
1,0.76,0.7,10,manhattan,auto,40,,0.4218753814326795
1,0.76,0.7,10,manhattan,auto,40,1.0,0.4218753814326795
1,0.76,0.7,10,manhattan,auto,40,2.0,0.4218753814326795
1,0.76,0.7,10,manhattan,auto,50,,0.4218753814326795
1,0.76,0.7,10,manhattan,auto,50,1.0,0.4218753814326795
1,0.76,0.7,10,manhattan,auto,50,2.0,0.4218753814326795
1,0.76,0.7,10,manhattan,ball_tree,10,,0.4218753814326795
1,0.76,0.7,10,manhattan,ball_tree,10,1.0,0.4218753814326795
1,0.76,0.7,10,manhattan,ball_tree,10,2.0,0.4218753814326795
1,0.76,0.7,10,manhattan,ball_tree,20,,0.4218753814326795
1,0.76,0.7,10,manhattan,ball_tree,20,1.0,0.4218753814326795
1,0.76,0.7,10,manhattan,ball_tree,20,2.0,0.4218753814326795
1,0.76,0.7,10,manhattan,ball_tree,30,,0.4218753814326795
1,0.76,0.7,10,manhattan,ball_tree,30,1.0,0.4218753814326795
1,0.76,0.7,10,manhattan,ball_tree,30,2.0,0.4218753814326795
1,0.76,0.7,10,manhattan,ball_tree,40,,0.4218753814326795
1,0.76,0.7,10,manhattan,ball_tree,40,1.0,0.4218753814326795
1,0.76,0.7,10,manhattan,ball_tree,40,2.0,0.4218753814326795
1,0.76,0.7,10,manhattan,ball_tree,50,,0.4218753814326795
1,0.76,0.7,10,manhattan,ball_tree,50,1.0,0.4218753814326795
1,0.76,0.7,10,manhattan,ball_tree,50,2.0,0.4218753814326795
1,0.76,0.7,10,manhattan,kd_tree,10,,0.4218753814326795
1,0.76,0.7,10,manhattan,kd_tree,10,1.0,0.4218753814326795
1,0.76,0.7,10,manhattan,kd_tree,10,2.0,0.4218753814326795
1,0.76,0.7,10,manhattan,kd_tree,20,,0.4218753814326795
1,0.76,0.7,10,manhattan,kd_tree,20,1.0,0.4218753814326795
1,0.76,0.7,10,manhattan,kd_tree,20,2.0,0.4218753814326795
1,0.76,0.7,10,manhattan,kd_tree,30,,0.4218753814326795
1,0.76,0.7,10,manhattan,kd_tree,30,1.0,0.4218753814326795
1,0.76,0.7,10,manhattan,kd_tree,30,2.0,0.4218753814326795
1,0.76,0.7,10,manhattan,kd_tree,40,,0.4218753814326795
1,0.76,0.7,10,manhattan,kd_tree,40,1.0,0.4218753814326795
1,0.76,0.7,10,manhattan,kd_tree,40,2.0,0.4218753814326795
1,0.76,0.7,10,manhattan,kd_tree,50,,0.4218753814326795
1,0.76,0.7,10,manhattan,kd_tree,50,1.0,0.4218753814326795
1,0.76,0.7,10,manhattan,kd_tree,50,2.0,0.4218753814326795
1,0.76,0.7,10,manhattan,brute,10,,0.4218753814326795
1,0.76,0.7,10,manhattan,brute,10,1.0,0.4218753814326795
1,0.76,0.7,10,manhattan,brute,10,2.0,0.4218753814326795
1,0.76,0.7,10,manhattan,brute,20,,0.4218753814326795
1,0.76,0.7,10,manhattan,brute,20,1.0,0.4218753814326795
1,0.76,0.7,10,manhattan,brute,20,2.0,0.4218753814326795
1,0.76,0.7,10,manhattan,brute,30,,0.4218753814326795
1,0.76,0.7,10,manhattan,brute,30,1.0,0.4218753814326795
1,0.76,0.7,10,manhattan,brute,30,2.0,0.4218753814326795
1,0.76,0.7,10,manhattan,brute,40,,0.4218753814326795
1,0.76,0.7,10,manhattan,brute,40,1.0,0.4218753814326795
1,0.76,0.7,10,manhattan,brute,40,2.0,0.4218753814326795
1,0.76,0.7,10,manhattan,brute,50,,0.4218753814326795
1,0.76,0.7,10,manhattan,brute,50,1.0,0.4218753814326795
1,0.76,0.7,10,manhattan,brute,50,2.0,0.4218753814326795
1,0.9333333333333333,0.7,10,mahalanobis,auto,10,,0.11351702751128546
1,0.9333333333333333,0.7,10,mahalanobis,auto,10,1.0,0.11351702751128546
1,0.9333333333333333,0.7,10,mahalanobis,auto,10,2.0,0.11351702751128546
1,0.9333333333333333,0.7,10,mahalanobis,auto,20,,0.11351702751128546
1,0.9333333333333333,0.7,10,mahalanobis,auto,20,1.0,0.11351702751128546
1,0.9333333333333333,0.7,10,mahalanobis,auto,20,2.0,0.11351702751128546
1,0.9333333333333333,0.7,10,mahalanobis,auto,30,,0.11351702751128546
1,0.9333333333333333,0.7,10,mahalanobis,auto,30,1.0,0.11351702751128546
1,0.9333333333333333,0.7,10,mahalanobis,auto,30,2.0,0.11351702751128546
1,0.9333333333333333,0.7,10,mahalanobis,auto,40,,0.11351702751128546
1,0.9333333333333333,0.7,10,mahalanobis,auto,40,1.0,0.11351702751128546
1,0.9333333333333333,0.7,10,mahalanobis,auto,40,2.0,0.11351702751128546
1,0.9333333333333333,0.7,10,mahalanobis,auto,50,,0.11351702751128546
1,0.9333333333333333,0.7,10,mahalanobis,auto,50,1.0,0.11351702751128546
1,0.9333333333333333,0.7,10,mahalanobis,auto,50,2.0,0.11351702751128546
1,0.9333333333333333,0.7,10,mahalanobis,ball_tree,10,,0.11351702751128546
1,0.9333333333333333,0.7,10,mahalanobis,ball_tree,10,1.0,0.11351702751128546
1,0.9333333333333333,0.7,10,mahalanobis,ball_tree,10,2.0,0.11351702751128546
1,0.9333333333333333,0.7,10,mahalanobis,ball_tree,20,,0.11351702751128546
1,0.9333333333333333,0.7,10,mahalanobis,ball_tree,20,1.0,0.11351702751128546
1,0.9333333333333333,0.7,10,mahalanobis,ball_tree,20,2.0,0.11351702751128546
1,0.9333333333333333,0.7,10,mahalanobis,ball_tree,30,,0.11351702751128546
1,0.9333333333333333,0.7,10,mahalanobis,ball_tree,30,1.0,0.11351702751128546
1,0.9333333333333333,0.7,10,mahalanobis,ball_tree,30,2.0,0.11351702751128546
1,0.9333333333333333,0.7,10,mahalanobis,ball_tree,40,,0.11351702751128546
1,0.9333333333333333,0.7,10,mahalanobis,ball_tree,40,1.0,0.11351702751128546
1,0.9333333333333333,0.7,10,mahalanobis,ball_tree,40,2.0,0.11351702751128546
1,0.9333333333333333,0.7,10,mahalanobis,ball_tree,50,,0.11351702751128546
1,0.9333333333333333,0.7,10,mahalanobis,ball_tree,50,1.0,0.11351702751128546
1,0.9333333333333333,0.7,10,mahalanobis,ball_tree,50,2.0,0.11351702751128546
1,0.9333333333333333,0.7,10,mahalanobis,kd_tree,10,,0.11351702751128546
1,0.9333333333333333,0.7,10,mahalanobis,kd_tree,10,1.0,0.11351702751128546
1,0.9333333333333333,0.7,10,mahalanobis,kd_tree,10,2.0,0.11351702751128546
1,0.9333333333333333,0.7,10,mahalanobis,kd_tree,20,,0.11351702751128546
1,0.9333333333333333,0.7,10,mahalanobis,kd_tree,20,1.0,0.11351702751128546
1,0.9333333333333333,0.7,10,mahalanobis,kd_tree,20,2.0,0.11351702751128546
1,0.9333333333333333,0.7,10,mahalanobis,kd_tree,30,,0.11351702751128546
1,0.9333333333333333,0.7,10,mahalanobis,kd_tree,30,1.0,0.11351702751128546
1,0.9333333333333333,0.7,10,mahalanobis,kd_tree,30,2.0,0.11351702751128546
1,0.9333333333333333,0.7,10,mahalanobis,kd_tree,40,,0.11351702751128546
1,0.9333333333333333,0.7,10,mahalanobis,kd_tree,40,1.0,0.11351702751128546
1,0.9333333333333333,0.7,10,mahalanobis,kd_tree,40,2.0,0.11351702751128546
1,0.9333333333333333,0.7,10,mahalanobis,kd_tree,50,,0.11351702751128546
1,0.9333333333333333,0.7,10,mahalanobis,kd_tree,50,1.0,0.11351702751128546
1,0.9333333333333333,0.7,10,mahalanobis,kd_tree,50,2.0,0.11351702751128546
1,0.9333333333333333,0.7,10,mahalanobis,brute,10,,0.11351702751128546
1,0.9333333333333333,0.7,10,mahalanobis,brute,10,1.0,0.11351702751128546
1,0.9333333333333333,0.7,10,mahalanobis,brute,10,2.0,0.11351702751128546
1,0.9333333333333333,0.7,10,mahalanobis,brute,20,,0.11351702751128546
1,0.9333333333333333,0.7,10,mahalanobis,brute,20,1.0,0.11351702751128546
1,0.9333333333333333,0.7,10,mahalanobis,brute,20,2.0,0.11351702751128546
1,0.9333333333333333,0.7,10,mahalanobis,brute,30,,0.11351702751128546
1,0.9333333333333333,0.7,10,mahalanobis,brute,30,1.0,0.11351702751128546
1,0.9333333333333333,0.7,10,mahalanobis,brute,30,2.0,0.11351702751128546
1,0.9333333333333333,0.7,10,mahalanobis,brute,40,,0.11351702751128546
1,0.9333333333333333,0.7,10,mahalanobis,brute,40,1.0,0.11351702751128546
1,0.9333333333333333,0.7,10,mahalanobis,brute,40,2.0,0.11351702751128546
1,0.9333333333333333,0.7,10,mahalanobis,brute,50,,0.11351702751128546
1,0.9333333333333333,0.7,10,mahalanobis,brute,50,1.0,0.11351702751128546
1,0.9333333333333333,0.7,10,mahalanobis,brute,50,2.0,0.11351702751128546
3,0.18666666666666668,0.7,11,euclidean,auto,10,,0.38127819416007525
3,0.18666666666666668,0.7,11,euclidean,auto,10,1.0,0.38127819416007525
3,0.18666666666666668,0.7,11,euclidean,auto,10,2.0,0.38127819416007525
3,0.18666666666666668,0.7,11,euclidean,auto,20,,0.38127819416007525
3,0.18666666666666668,0.7,11,euclidean,auto,20,1.0,0.38127819416007525
3,0.18666666666666668,0.7,11,euclidean,auto,20,2.0,0.38127819416007525
3,0.18666666666666668,0.7,11,euclidean,auto,30,,0.38127819416007525
3,0.18666666666666668,0.7,11,euclidean,auto,30,1.0,0.38127819416007525
3,0.18666666666666668,0.7,11,euclidean,auto,30,2.0,0.38127819416007525
3,0.18666666666666668,0.7,11,euclidean,auto,40,,0.38127819416007525
3,0.18666666666666668,0.7,11,euclidean,auto,40,1.0,0.38127819416007525
3,0.18666666666666668,0.7,11,euclidean,auto,40,2.0,0.38127819416007525
3,0.18666666666666668,0.7,11,euclidean,auto,50,,0.38127819416007525
3,0.18666666666666668,0.7,11,euclidean,auto,50,1.0,0.38127819416007525
3,0.18666666666666668,0.7,11,euclidean,auto,50,2.0,0.38127819416007525
3,0.18666666666666668,0.7,11,euclidean,ball_tree,10,,0.38127819416007525
3,0.18666666666666668,0.7,11,euclidean,ball_tree,10,1.0,0.38127819416007525
3,0.18666666666666668,0.7,11,euclidean,ball_tree,10,2.0,0.38127819416007525
3,0.18666666666666668,0.7,11,euclidean,ball_tree,20,,0.38127819416007525
3,0.18666666666666668,0.7,11,euclidean,ball_tree,20,1.0,0.38127819416007525
3,0.18666666666666668,0.7,11,euclidean,ball_tree,20,2.0,0.38127819416007525
3,0.18666666666666668,0.7,11,euclidean,ball_tree,30,,0.38127819416007525
3,0.18666666666666668,0.7,11,euclidean,ball_tree,30,1.0,0.38127819416007525
3,0.18666666666666668,0.7,11,euclidean,ball_tree,30,2.0,0.38127819416007525
3,0.18666666666666668,0.7,11,euclidean,ball_tree,40,,0.38127819416007525
3,0.18666666666666668,0.7,11,euclidean,ball_tree,40,1.0,0.38127819416007525
3,0.18666666666666668,0.7,11,euclidean,ball_tree,40,2.0,0.38127819416007525
3,0.18666666666666668,0.7,11,euclidean,ball_tree,50,,0.38127819416007525
3,0.18666666666666668,0.7,11,euclidean,ball_tree,50,1.0,0.38127819416007525
3,0.18666666666666668,0.7,11,euclidean,ball_tree,50,2.0,0.38127819416007525
3,0.18666666666666668,0.7,11,euclidean,kd_tree,10,,0.38127819416007525
3,0.18666666666666668,0.7,11,euclidean,kd_tree,10,1.0,0.38127819416007525
3,0.18666666666666668,0.7,11,euclidean,kd_tree,10,2.0,0.38127819416007525
3,0.18666666666666668,0.7,11,euclidean,kd_tree,20,,0.38127819416007525
3,0.18666666666666668,0.7,11,euclidean,kd_tree,20,1.0,0.38127819416007525
3,0.18666666666666668,0.7,11,euclidean,kd_tree,20,2.0,0.38127819416007525
3,0.18666666666666668,0.7,11,euclidean,kd_tree,30,,0.38127819416007525
3,0.18666666666666668,0.7,11,euclidean,kd_tree,30,1.0,0.38127819416007525
3,0.18666666666666668,0.7,11,euclidean,kd_tree,30,2.0,0.38127819416007525
3,0.18666666666666668,0.7,11,euclidean,kd_tree,40,,0.38127819416007525
3,0.18666666666666668,0.7,11,euclidean,kd_tree,40,1.0,0.38127819416007525
3,0.18666666666666668,0.7,11,euclidean,kd_tree,40,2.0,0.38127819416007525
3,0.18666666666666668,0.7,11,euclidean,kd_tree,50,,0.38127819416007525
3,0.18666666666666668,0.7,11,euclidean,kd_tree,50,1.0,0.38127819416007525
3,0.18666666666666668,0.7,11,euclidean,kd_tree,50,2.0,0.38127819416007525
3,0.18666666666666668,0.7,11,euclidean,brute,10,,0.38127819416007525
3,0.18666666666666668,0.7,11,euclidean,brute,10,1.0,0.38127819416007525
3,0.18666666666666668,0.7,11,euclidean,brute,10,2.0,0.38127819416007525
3,0.18666666666666668,0.7,11,euclidean,brute,20,,0.38127819416007525
3,0.18666666666666668,0.7,11,euclidean,brute,20,1.0,0.38127819416007525
3,0.18666666666666668,0.7,11,euclidean,brute,20,2.0,0.38127819416007525
3,0.18666666666666668,0.7,11,euclidean,brute,30,,0.38127819416007525
3,0.18666666666666668,0.7,11,euclidean,brute,30,1.0,0.38127819416007525
3,0.18666666666666668,0.7,11,euclidean,brute,30,2.0,0.38127819416007525
3,0.18666666666666668,0.7,11,euclidean,brute,40,,0.38127819416007525
3,0.18666666666666668,0.7,11,euclidean,brute,40,1.0,0.38127819416007525
3,0.18666666666666668,0.7,11,euclidean,brute,40,2.0,0.38127819416007525
3,0.18666666666666668,0.7,11,euclidean,brute,50,,0.38127819416007525
3,0.18666666666666668,0.7,11,euclidean,brute,50,1.0,0.38127819416007525
3,0.18666666666666668,0.7,11,euclidean,brute,50,2.0,0.38127819416007525
1,0.76,0.7,11,manhattan,auto,10,,0.4218753814326795
1,0.76,0.7,11,manhattan,auto,10,1.0,0.4218753814326795
1,0.76,0.7,11,manhattan,auto,10,2.0,0.4218753814326795
1,0.76,0.7,11,manhattan,auto,20,,0.4218753814326795
1,0.76,0.7,11,manhattan,auto,20,1.0,0.4218753814326795
1,0.76,0.7,11,manhattan,auto,20,2.0,0.4218753814326795
1,0.76,0.7,11,manhattan,auto,30,,0.4218753814326795
1,0.76,0.7,11,manhattan,auto,30,1.0,0.4218753814326795
1,0.76,0.7,11,manhattan,auto,30,2.0,0.4218753814326795
1,0.76,0.7,11,manhattan,auto,40,,0.4218753814326795
1,0.76,0.7,11,manhattan,auto,40,1.0,0.4218753814326795
1,0.76,0.7,11,manhattan,auto,40,2.0,0.4218753814326795
1,0.76,0.7,11,manhattan,auto,50,,0.4218753814326795
1,0.76,0.7,11,manhattan,auto,50,1.0,0.4218753814326795
1,0.76,0.7,11,manhattan,auto,50,2.0,0.4218753814326795
1,0.76,0.7,11,manhattan,ball_tree,10,,0.4218753814326795
1,0.76,0.7,11,manhattan,ball_tree,10,1.0,0.4218753814326795
1,0.76,0.7,11,manhattan,ball_tree,10,2.0,0.4218753814326795
1,0.76,0.7,11,manhattan,ball_tree,20,,0.4218753814326795
1,0.76,0.7,11,manhattan,ball_tree,20,1.0,0.4218753814326795
1,0.76,0.7,11,manhattan,ball_tree,20,2.0,0.4218753814326795
1,0.76,0.7,11,manhattan,ball_tree,30,,0.4218753814326795
1,0.76,0.7,11,manhattan,ball_tree,30,1.0,0.4218753814326795
1,0.76,0.7,11,manhattan,ball_tree,30,2.0,0.4218753814326795
1,0.76,0.7,11,manhattan,ball_tree,40,,0.4218753814326795
1,0.76,0.7,11,manhattan,ball_tree,40,1.0,0.4218753814326795
1,0.76,0.7,11,manhattan,ball_tree,40,2.0,0.4218753814326795
1,0.76,0.7,11,manhattan,ball_tree,50,,0.4218753814326795
1,0.76,0.7,11,manhattan,ball_tree,50,1.0,0.4218753814326795
1,0.76,0.7,11,manhattan,ball_tree,50,2.0,0.4218753814326795
1,0.76,0.7,11,manhattan,kd_tree,10,,0.4218753814326795
1,0.76,0.7,11,manhattan,kd_tree,10,1.0,0.4218753814326795
1,0.76,0.7,11,manhattan,kd_tree,10,2.0,0.4218753814326795
1,0.76,0.7,11,manhattan,kd_tree,20,,0.4218753814326795
1,0.76,0.7,11,manhattan,kd_tree,20,1.0,0.4218753814326795
1,0.76,0.7,11,manhattan,kd_tree,20,2.0,0.4218753814326795
1,0.76,0.7,11,manhattan,kd_tree,30,,0.4218753814326795
1,0.76,0.7,11,manhattan,kd_tree,30,1.0,0.4218753814326795
1,0.76,0.7,11,manhattan,kd_tree,30,2.0,0.4218753814326795
1,0.76,0.7,11,manhattan,kd_tree,40,,0.4218753814326795
1,0.76,0.7,11,manhattan,kd_tree,40,1.0,0.4218753814326795
1,0.76,0.7,11,manhattan,kd_tree,40,2.0,0.4218753814326795
1,0.76,0.7,11,manhattan,kd_tree,50,,0.4218753814326795
1,0.76,0.7,11,manhattan,kd_tree,50,1.0,0.4218753814326795
1,0.76,0.7,11,manhattan,kd_tree,50,2.0,0.4218753814326795
1,0.76,0.7,11,manhattan,brute,10,,0.4218753814326795
1,0.76,0.7,11,manhattan,brute,10,1.0,0.4218753814326795
1,0.76,0.7,11,manhattan,brute,10,2.0,0.4218753814326795
1,0.76,0.7,11,manhattan,brute,20,,0.4218753814326795
1,0.76,0.7,11,manhattan,brute,20,1.0,0.4218753814326795
1,0.76,0.7,11,manhattan,brute,20,2.0,0.4218753814326795
1,0.76,0.7,11,manhattan,brute,30,,0.4218753814326795
1,0.76,0.7,11,manhattan,brute,30,1.0,0.4218753814326795
1,0.76,0.7,11,manhattan,brute,30,2.0,0.4218753814326795
1,0.76,0.7,11,manhattan,brute,40,,0.4218753814326795
1,0.76,0.7,11,manhattan,brute,40,1.0,0.4218753814326795
1,0.76,0.7,11,manhattan,brute,40,2.0,0.4218753814326795
1,0.76,0.7,11,manhattan,brute,50,,0.4218753814326795
1,0.76,0.7,11,manhattan,brute,50,1.0,0.4218753814326795
1,0.76,0.7,11,manhattan,brute,50,2.0,0.4218753814326795
0,1.0,0.7,11,mahalanobis,auto,10,,-1.0
0,1.0,0.7,11,mahalanobis,auto,10,1.0,-1.0
0,1.0,0.7,11,mahalanobis,auto,10,2.0,-1.0
0,1.0,0.7,11,mahalanobis,auto,20,,-1.0
0,1.0,0.7,11,mahalanobis,auto,20,1.0,-1.0
0,1.0,0.7,11,mahalanobis,auto,20,2.0,-1.0
0,1.0,0.7,11,mahalanobis,auto,30,,-1.0
0,1.0,0.7,11,mahalanobis,auto,30,1.0,-1.0
0,1.0,0.7,11,mahalanobis,auto,30,2.0,-1.0
0,1.0,0.7,11,mahalanobis,auto,40,,-1.0
0,1.0,0.7,11,mahalanobis,auto,40,1.0,-1.0
0,1.0,0.7,11,mahalanobis,auto,40,2.0,-1.0
0,1.0,0.7,11,mahalanobis,auto,50,,-1.0
0,1.0,0.7,11,mahalanobis,auto,50,1.0,-1.0
0,1.0,0.7,11,mahalanobis,auto,50,2.0,-1.0
0,1.0,0.7,11,mahalanobis,ball_tree,10,,-1.0
0,1.0,0.7,11,mahalanobis,ball_tree,10,1.0,-1.0
0,1.0,0.7,11,mahalanobis,ball_tree,10,2.0,-1.0
0,1.0,0.7,11,mahalanobis,ball_tree,20,,-1.0
0,1.0,0.7,11,mahalanobis,ball_tree,20,1.0,-1.0
0,1.0,0.7,11,mahalanobis,ball_tree,20,2.0,-1.0
0,1.0,0.7,11,mahalanobis,ball_tree,30,,-1.0
0,1.0,0.7,11,mahalanobis,ball_tree,30,1.0,-1.0
0,1.0,0.7,11,mahalanobis,ball_tree,30,2.0,-1.0
0,1.0,0.7,11,mahalanobis,ball_tree,40,,-1.0
0,1.0,0.7,11,mahalanobis,ball_tree,40,1.0,-1.0
0,1.0,0.7,11,mahalanobis,ball_tree,40,2.0,-1.0
0,1.0,0.7,11,mahalanobis,ball_tree,50,,-1.0
0,1.0,0.7,11,mahalanobis,ball_tree,50,1.0,-1.0
0,1.0,0.7,11,mahalanobis,ball_tree,50,2.0,-1.0
0,1.0,0.7,11,mahalanobis,kd_tree,10,,-1.0
0,1.0,0.7,11,mahalanobis,kd_tree,10,1.0,-1.0
0,1.0,0.7,11,mahalanobis,kd_tree,10,2.0,-1.0
0,1.0,0.7,11,mahalanobis,kd_tree,20,,-1.0
0,1.0,0.7,11,mahalanobis,kd_tree,20,1.0,-1.0
0,1.0,0.7,11,mahalanobis,kd_tree,20,2.0,-1.0
0,1.0,0.7,11,mahalanobis,kd_tree,30,,-1.0
0,1.0,0.7,11,mahalanobis,kd_tree,30,1.0,-1.0
0,1.0,0.7,11,mahalanobis,kd_tree,30,2.0,-1.0
0,1.0,0.7,11,mahalanobis,kd_tree,40,,-1.0
0,1.0,0.7,11,mahalanobis,kd_tree,40,1.0,-1.0
0,1.0,0.7,11,mahalanobis,kd_tree,40,2.0,-1.0
0,1.0,0.7,11,mahalanobis,kd_tree,50,,-1.0
0,1.0,0.7,11,mahalanobis,kd_tree,50,1.0,-1.0
0,1.0,0.7,11,mahalanobis,kd_tree,50,2.0,-1.0
0,1.0,0.7,11,mahalanobis,brute,10,,-1.0
0,1.0,0.7,11,mahalanobis,brute,10,1.0,-1.0
0,1.0,0.7,11,mahalanobis,brute,10,2.0,-1.0
0,1.0,0.7,11,mahalanobis,brute,20,,-1.0
0,1.0,0.7,11,mahalanobis,brute,20,1.0,-1.0
0,1.0,0.7,11,mahalanobis,brute,20,2.0,-1.0
0,1.0,0.7,11,mahalanobis,brute,30,,-1.0
0,1.0,0.7,11,mahalanobis,brute,30,1.0,-1.0
0,1.0,0.7,11,mahalanobis,brute,30,2.0,-1.0
0,1.0,0.7,11,mahalanobis,brute,40,,-1.0
0,1.0,0.7,11,mahalanobis,brute,40,1.0,-1.0
0,1.0,0.7,11,mahalanobis,brute,40,2.0,-1.0
0,1.0,0.7,11,mahalanobis,brute,50,,-1.0
0,1.0,0.7,11,mahalanobis,brute,50,1.0,-1.0
0,1.0,0.7,11,mahalanobis,brute,50,2.0,-1.0
3,0.20666666666666667,0.7,12,euclidean,auto,10,,0.36088952328452156
3,0.20666666666666667,0.7,12,euclidean,auto,10,1.0,0.36088952328452156
3,0.20666666666666667,0.7,12,euclidean,auto,10,2.0,0.36088952328452156
3,0.20666666666666667,0.7,12,euclidean,auto,20,,0.36088952328452156
3,0.20666666666666667,0.7,12,euclidean,auto,20,1.0,0.36088952328452156
3,0.20666666666666667,0.7,12,euclidean,auto,20,2.0,0.36088952328452156
3,0.20666666666666667,0.7,12,euclidean,auto,30,,0.36088952328452156
3,0.20666666666666667,0.7,12,euclidean,auto,30,1.0,0.36088952328452156
3,0.20666666666666667,0.7,12,euclidean,auto,30,2.0,0.36088952328452156
3,0.20666666666666667,0.7,12,euclidean,auto,40,,0.36088952328452156
3,0.20666666666666667,0.7,12,euclidean,auto,40,1.0,0.36088952328452156
3,0.20666666666666667,0.7,12,euclidean,auto,40,2.0,0.36088952328452156
3,0.20666666666666667,0.7,12,euclidean,auto,50,,0.36088952328452156
3,0.20666666666666667,0.7,12,euclidean,auto,50,1.0,0.36088952328452156
3,0.20666666666666667,0.7,12,euclidean,auto,50,2.0,0.36088952328452156
3,0.20666666666666667,0.7,12,euclidean,ball_tree,10,,0.36088952328452156
3,0.20666666666666667,0.7,12,euclidean,ball_tree,10,1.0,0.36088952328452156
3,0.20666666666666667,0.7,12,euclidean,ball_tree,10,2.0,0.36088952328452156
3,0.20666666666666667,0.7,12,euclidean,ball_tree,20,,0.36088952328452156
3,0.20666666666666667,0.7,12,euclidean,ball_tree,20,1.0,0.36088952328452156
3,0.20666666666666667,0.7,12,euclidean,ball_tree,20,2.0,0.36088952328452156
3,0.20666666666666667,0.7,12,euclidean,ball_tree,30,,0.36088952328452156
3,0.20666666666666667,0.7,12,euclidean,ball_tree,30,1.0,0.36088952328452156
3,0.20666666666666667,0.7,12,euclidean,ball_tree,30,2.0,0.36088952328452156
3,0.20666666666666667,0.7,12,euclidean,ball_tree,40,,0.36088952328452156
3,0.20666666666666667,0.7,12,euclidean,ball_tree,40,1.0,0.36088952328452156
3,0.20666666666666667,0.7,12,euclidean,ball_tree,40,2.0,0.36088952328452156
3,0.20666666666666667,0.7,12,euclidean,ball_tree,50,,0.36088952328452156
3,0.20666666666666667,0.7,12,euclidean,ball_tree,50,1.0,0.36088952328452156
3,0.20666666666666667,0.7,12,euclidean,ball_tree,50,2.0,0.36088952328452156
3,0.20666666666666667,0.7,12,euclidean,kd_tree,10,,0.36088952328452156
3,0.20666666666666667,0.7,12,euclidean,kd_tree,10,1.0,0.36088952328452156
3,0.20666666666666667,0.7,12,euclidean,kd_tree,10,2.0,0.36088952328452156
3,0.20666666666666667,0.7,12,euclidean,kd_tree,20,,0.36088952328452156
3,0.20666666666666667,0.7,12,euclidean,kd_tree,20,1.0,0.36088952328452156
3,0.20666666666666667,0.7,12,euclidean,kd_tree,20,2.0,0.36088952328452156
3,0.20666666666666667,0.7,12,euclidean,kd_tree,30,,0.36088952328452156
3,0.20666666666666667,0.7,12,euclidean,kd_tree,30,1.0,0.36088952328452156
3,0.20666666666666667,0.7,12,euclidean,kd_tree,30,2.0,0.36088952328452156
3,0.20666666666666667,0.7,12,euclidean,kd_tree,40,,0.36088952328452156
3,0.20666666666666667,0.7,12,euclidean,kd_tree,40,1.0,0.36088952328452156
3,0.20666666666666667,0.7,12,euclidean,kd_tree,40,2.0,0.36088952328452156
3,0.20666666666666667,0.7,12,euclidean,kd_tree,50,,0.36088952328452156
3,0.20666666666666667,0.7,12,euclidean,kd_tree,50,1.0,0.36088952328452156
3,0.20666666666666667,0.7,12,euclidean,kd_tree,50,2.0,0.36088952328452156
3,0.20666666666666667,0.7,12,euclidean,brute,10,,0.36088952328452156
3,0.20666666666666667,0.7,12,euclidean,brute,10,1.0,0.36088952328452156
3,0.20666666666666667,0.7,12,euclidean,brute,10,2.0,0.36088952328452156
3,0.20666666666666667,0.7,12,euclidean,brute,20,,0.36088952328452156
3,0.20666666666666667,0.7,12,euclidean,brute,20,1.0,0.36088952328452156
3,0.20666666666666667,0.7,12,euclidean,brute,20,2.0,0.36088952328452156
3,0.20666666666666667,0.7,12,euclidean,brute,30,,0.36088952328452156
3,0.20666666666666667,0.7,12,euclidean,brute,30,1.0,0.36088952328452156
3,0.20666666666666667,0.7,12,euclidean,brute,30,2.0,0.36088952328452156
3,0.20666666666666667,0.7,12,euclidean,brute,40,,0.36088952328452156
3,0.20666666666666667,0.7,12,euclidean,brute,40,1.0,0.36088952328452156
3,0.20666666666666667,0.7,12,euclidean,brute,40,2.0,0.36088952328452156
3,0.20666666666666667,0.7,12,euclidean,brute,50,,0.36088952328452156
3,0.20666666666666667,0.7,12,euclidean,brute,50,1.0,0.36088952328452156
3,0.20666666666666667,0.7,12,euclidean,brute,50,2.0,0.36088952328452156
2,0.7733333333333333,0.7,12,manhattan,auto,10,,0.29891828197766745
2,0.7733333333333333,0.7,12,manhattan,auto,10,1.0,0.29891828197766745
2,0.7733333333333333,0.7,12,manhattan,auto,10,2.0,0.29891828197766745
2,0.7733333333333333,0.7,12,manhattan,auto,20,,0.29891828197766745
2,0.7733333333333333,0.7,12,manhattan,auto,20,1.0,0.29891828197766745
2,0.7733333333333333,0.7,12,manhattan,auto,20,2.0,0.29891828197766745
2,0.7733333333333333,0.7,12,manhattan,auto,30,,0.29891828197766745
2,0.7733333333333333,0.7,12,manhattan,auto,30,1.0,0.29891828197766745
2,0.7733333333333333,0.7,12,manhattan,auto,30,2.0,0.29891828197766745
2,0.7733333333333333,0.7,12,manhattan,auto,40,,0.29891828197766745
2,0.7733333333333333,0.7,12,manhattan,auto,40,1.0,0.29891828197766745
2,0.7733333333333333,0.7,12,manhattan,auto,40,2.0,0.29891828197766745
2,0.7733333333333333,0.7,12,manhattan,auto,50,,0.29891828197766745
2,0.7733333333333333,0.7,12,manhattan,auto,50,1.0,0.29891828197766745
2,0.7733333333333333,0.7,12,manhattan,auto,50,2.0,0.29891828197766745
2,0.7733333333333333,0.7,12,manhattan,ball_tree,10,,0.29891828197766745
2,0.7733333333333333,0.7,12,manhattan,ball_tree,10,1.0,0.29891828197766745
2,0.7733333333333333,0.7,12,manhattan,ball_tree,10,2.0,0.29891828197766745
2,0.7733333333333333,0.7,12,manhattan,ball_tree,20,,0.29891828197766745
2,0.7733333333333333,0.7,12,manhattan,ball_tree,20,1.0,0.29891828197766745
2,0.7733333333333333,0.7,12,manhattan,ball_tree,20,2.0,0.29891828197766745
2,0.7733333333333333,0.7,12,manhattan,ball_tree,30,,0.29891828197766745
2,0.7733333333333333,0.7,12,manhattan,ball_tree,30,1.0,0.29891828197766745
2,0.7733333333333333,0.7,12,manhattan,ball_tree,30,2.0,0.29891828197766745
2,0.7733333333333333,0.7,12,manhattan,ball_tree,40,,0.29891828197766745
2,0.7733333333333333,0.7,12,manhattan,ball_tree,40,1.0,0.29891828197766745
2,0.7733333333333333,0.7,12,manhattan,ball_tree,40,2.0,0.29891828197766745
2,0.7733333333333333,0.7,12,manhattan,ball_tree,50,,0.29891828197766745
2,0.7733333333333333,0.7,12,manhattan,ball_tree,50,1.0,0.29891828197766745
2,0.7733333333333333,0.7,12,manhattan,ball_tree,50,2.0,0.29891828197766745
2,0.7733333333333333,0.7,12,manhattan,kd_tree,10,,0.29891828197766745
2,0.7733333333333333,0.7,12,manhattan,kd_tree,10,1.0,0.29891828197766745
2,0.7733333333333333,0.7,12,manhattan,kd_tree,10,2.0,0.29891828197766745
2,0.7733333333333333,0.7,12,manhattan,kd_tree,20,,0.29891828197766745
2,0.7733333333333333,0.7,12,manhattan,kd_tree,20,1.0,0.29891828197766745
2,0.7733333333333333,0.7,12,manhattan,kd_tree,20,2.0,0.29891828197766745
2,0.7733333333333333,0.7,12,manhattan,kd_tree,30,,0.29891828197766745
2,0.7733333333333333,0.7,12,manhattan,kd_tree,30,1.0,0.29891828197766745
2,0.7733333333333333,0.7,12,manhattan,kd_tree,30,2.0,0.29891828197766745
2,0.7733333333333333,0.7,12,manhattan,kd_tree,40,,0.29891828197766745
2,0.7733333333333333,0.7,12,manhattan,kd_tree,40,1.0,0.29891828197766745
2,0.7733333333333333,0.7,12,manhattan,kd_tree,40,2.0,0.29891828197766745
2,0.7733333333333333,0.7,12,manhattan,kd_tree,50,,0.29891828197766745
2,0.7733333333333333,0.7,12,manhattan,kd_tree,50,1.0,0.29891828197766745
2,0.7733333333333333,0.7,12,manhattan,kd_tree,50,2.0,0.29891828197766745
2,0.7733333333333333,0.7,12,manhattan,brute,10,,0.29891828197766745
2,0.7733333333333333,0.7,12,manhattan,brute,10,1.0,0.29891828197766745
2,0.7733333333333333,0.7,12,manhattan,brute,10,2.0,0.29891828197766745
2,0.7733333333333333,0.7,12,manhattan,brute,20,,0.29891828197766745
2,0.7733333333333333,0.7,12,manhattan,brute,20,1.0,0.29891828197766745
2,0.7733333333333333,0.7,12,manhattan,brute,20,2.0,0.29891828197766745
2,0.7733333333333333,0.7,12,manhattan,brute,30,,0.29891828197766745
2,0.7733333333333333,0.7,12,manhattan,brute,30,1.0,0.29891828197766745
2,0.7733333333333333,0.7,12,manhattan,brute,30,2.0,0.29891828197766745
2,0.7733333333333333,0.7,12,manhattan,brute,40,,0.29891828197766745
2,0.7733333333333333,0.7,12,manhattan,brute,40,1.0,0.29891828197766745
2,0.7733333333333333,0.7,12,manhattan,brute,40,2.0,0.29891828197766745
2,0.7733333333333333,0.7,12,manhattan,brute,50,,0.29891828197766745
2,0.7733333333333333,0.7,12,manhattan,brute,50,1.0,0.29891828197766745
2,0.7733333333333333,0.7,12,manhattan,brute,50,2.0,0.29891828197766745
0,1.0,0.7,12,mahalanobis,auto,10,,-1.0
0,1.0,0.7,12,mahalanobis,auto,10,1.0,-1.0
0,1.0,0.7,12,mahalanobis,auto,10,2.0,-1.0
0,1.0,0.7,12,mahalanobis,auto,20,,-1.0
0,1.0,0.7,12,mahalanobis,auto,20,1.0,-1.0
0,1.0,0.7,12,mahalanobis,auto,20,2.0,-1.0
0,1.0,0.7,12,mahalanobis,auto,30,,-1.0
0,1.0,0.7,12,mahalanobis,auto,30,1.0,-1.0
0,1.0,0.7,12,mahalanobis,auto,30,2.0,-1.0
0,1.0,0.7,12,mahalanobis,auto,40,,-1.0
0,1.0,0.7,12,mahalanobis,auto,40,1.0,-1.0
0,1.0,0.7,12,mahalanobis,auto,40,2.0,-1.0
0,1.0,0.7,12,mahalanobis,auto,50,,-1.0
0,1.0,0.7,12,mahalanobis,auto,50,1.0,-1.0
0,1.0,0.7,12,mahalanobis,auto,50,2.0,-1.0
0,1.0,0.7,12,mahalanobis,ball_tree,10,,-1.0
0,1.0,0.7,12,mahalanobis,ball_tree,10,1.0,-1.0
0,1.0,0.7,12,mahalanobis,ball_tree,10,2.0,-1.0
0,1.0,0.7,12,mahalanobis,ball_tree,20,,-1.0
0,1.0,0.7,12,mahalanobis,ball_tree,20,1.0,-1.0
0,1.0,0.7,12,mahalanobis,ball_tree,20,2.0,-1.0
0,1.0,0.7,12,mahalanobis,ball_tree,30,,-1.0
0,1.0,0.7,12,mahalanobis,ball_tree,30,1.0,-1.0
0,1.0,0.7,12,mahalanobis,ball_tree,30,2.0,-1.0
0,1.0,0.7,12,mahalanobis,ball_tree,40,,-1.0
0,1.0,0.7,12,mahalanobis,ball_tree,40,1.0,-1.0
0,1.0,0.7,12,mahalanobis,ball_tree,40,2.0,-1.0
0,1.0,0.7,12,mahalanobis,ball_tree,50,,-1.0
0,1.0,0.7,12,mahalanobis,ball_tree,50,1.0,-1.0
0,1.0,0.7,12,mahalanobis,ball_tree,50,2.0,-1.0
0,1.0,0.7,12,mahalanobis,kd_tree,10,,-1.0
0,1.0,0.7,12,mahalanobis,kd_tree,10,1.0,-1.0
0,1.0,0.7,12,mahalanobis,kd_tree,10,2.0,-1.0
0,1.0,0.7,12,mahalanobis,kd_tree,20,,-1.0
0,1.0,0.7,12,mahalanobis,kd_tree,20,1.0,-1.0
0,1.0,0.7,12,mahalanobis,kd_tree,20,2.0,-1.0
0,1.0,0.7,12,mahalanobis,kd_tree,30,,-1.0
0,1.0,0.7,12,mahalanobis,kd_tree,30,1.0,-1.0
0,1.0,0.7,12,mahalanobis,kd_tree,30,2.0,-1.0
0,1.0,0.7,12,mahalanobis,kd_tree,40,,-1.0
0,1.0,0.7,12,mahalanobis,kd_tree,40,1.0,-1.0
0,1.0,0.7,12,mahalanobis,kd_tree,40,2.0,-1.0
0,1.0,0.7,12,mahalanobis,kd_tree,50,,-1.0
0,1.0,0.7,12,mahalanobis,kd_tree,50,1.0,-1.0
0,1.0,0.7,12,mahalanobis,kd_tree,50,2.0,-1.0
0,1.0,0.7,12,mahalanobis,brute,10,,-1.0
0,1.0,0.7,12,mahalanobis,brute,10,1.0,-1.0
0,1.0,0.7,12,mahalanobis,brute,10,2.0,-1.0
0,1.0,0.7,12,mahalanobis,brute,20,,-1.0
0,1.0,0.7,12,mahalanobis,brute,20,1.0,-1.0
0,1.0,0.7,12,mahalanobis,brute,20,2.0,-1.0
0,1.0,0.7,12,mahalanobis,brute,30,,-1.0
0,1.0,0.7,12,mahalanobis,brute,30,1.0,-1.0
0,1.0,0.7,12,mahalanobis,brute,30,2.0,-1.0
0,1.0,0.7,12,mahalanobis,brute,40,,-1.0
0,1.0,0.7,12,mahalanobis,brute,40,1.0,-1.0
0,1.0,0.7,12,mahalanobis,brute,40,2.0,-1.0
0,1.0,0.7,12,mahalanobis,brute,50,,-1.0
0,1.0,0.7,12,mahalanobis,brute,50,1.0,-1.0
0,1.0,0.7,12,mahalanobis,brute,50,2.0,-1.0
3,0.24,0.7,13,euclidean,auto,10,,0.3416928118915903
3,0.24,0.7,13,euclidean,auto,10,1.0,0.3416928118915903
3,0.24,0.7,13,euclidean,auto,10,2.0,0.3416928118915903
3,0.24,0.7,13,euclidean,auto,20,,0.3416928118915903
3,0.24,0.7,13,euclidean,auto,20,1.0,0.3416928118915903
3,0.24,0.7,13,euclidean,auto,20,2.0,0.3416928118915903
3,0.24,0.7,13,euclidean,auto,30,,0.3416928118915903
3,0.24,0.7,13,euclidean,auto,30,1.0,0.3416928118915903
3,0.24,0.7,13,euclidean,auto,30,2.0,0.3416928118915903
3,0.24,0.7,13,euclidean,auto,40,,0.3416928118915903
3,0.24,0.7,13,euclidean,auto,40,1.0,0.3416928118915903
3,0.24,0.7,13,euclidean,auto,40,2.0,0.3416928118915903
3,0.24,0.7,13,euclidean,auto,50,,0.3416928118915903
3,0.24,0.7,13,euclidean,auto,50,1.0,0.3416928118915903
3,0.24,0.7,13,euclidean,auto,50,2.0,0.3416928118915903
3,0.24,0.7,13,euclidean,ball_tree,10,,0.3416928118915903
3,0.24,0.7,13,euclidean,ball_tree,10,1.0,0.3416928118915903
3,0.24,0.7,13,euclidean,ball_tree,10,2.0,0.3416928118915903
3,0.24,0.7,13,euclidean,ball_tree,20,,0.3416928118915903
3,0.24,0.7,13,euclidean,ball_tree,20,1.0,0.3416928118915903
3,0.24,0.7,13,euclidean,ball_tree,20,2.0,0.3416928118915903
3,0.24,0.7,13,euclidean,ball_tree,30,,0.3416928118915903
3,0.24,0.7,13,euclidean,ball_tree,30,1.0,0.3416928118915903
3,0.24,0.7,13,euclidean,ball_tree,30,2.0,0.3416928118915903
3,0.24,0.7,13,euclidean,ball_tree,40,,0.3416928118915903
3,0.24,0.7,13,euclidean,ball_tree,40,1.0,0.3416928118915903
3,0.24,0.7,13,euclidean,ball_tree,40,2.0,0.3416928118915903
3,0.24,0.7,13,euclidean,ball_tree,50,,0.3416928118915903
3,0.24,0.7,13,euclidean,ball_tree,50,1.0,0.3416928118915903
3,0.24,0.7,13,euclidean,ball_tree,50,2.0,0.3416928118915903
3,0.24,0.7,13,euclidean,kd_tree,10,,0.3416928118915903
3,0.24,0.7,13,euclidean,kd_tree,10,1.0,0.3416928118915903
3,0.24,0.7,13,euclidean,kd_tree,10,2.0,0.3416928118915903
3,0.24,0.7,13,euclidean,kd_tree,20,,0.3416928118915903
3,0.24,0.7,13,euclidean,kd_tree,20,1.0,0.3416928118915903
3,0.24,0.7,13,euclidean,kd_tree,20,2.0,0.3416928118915903
3,0.24,0.7,13,euclidean,kd_tree,30,,0.3416928118915903
3,0.24,0.7,13,euclidean,kd_tree,30,1.0,0.3416928118915903
3,0.24,0.7,13,euclidean,kd_tree,30,2.0,0.3416928118915903
3,0.24,0.7,13,euclidean,kd_tree,40,,0.3416928118915903
3,0.24,0.7,13,euclidean,kd_tree,40,1.0,0.3416928118915903
3,0.24,0.7,13,euclidean,kd_tree,40,2.0,0.3416928118915903
3,0.24,0.7,13,euclidean,kd_tree,50,,0.3416928118915903
3,0.24,0.7,13,euclidean,kd_tree,50,1.0,0.3416928118915903
3,0.24,0.7,13,euclidean,kd_tree,50,2.0,0.3416928118915903
3,0.24,0.7,13,euclidean,brute,10,,0.3416928118915903
3,0.24,0.7,13,euclidean,brute,10,1.0,0.3416928118915903
3,0.24,0.7,13,euclidean,brute,10,2.0,0.3416928118915903
3,0.24,0.7,13,euclidean,brute,20,,0.3416928118915903
3,0.24,0.7,13,euclidean,brute,20,1.0,0.3416928118915903
3,0.24,0.7,13,euclidean,brute,20,2.0,0.3416928118915903
3,0.24,0.7,13,euclidean,brute,30,,0.3416928118915903
3,0.24,0.7,13,euclidean,brute,30,1.0,0.3416928118915903
3,0.24,0.7,13,euclidean,brute,30,2.0,0.3416928118915903
3,0.24,0.7,13,euclidean,brute,40,,0.3416928118915903
3,0.24,0.7,13,euclidean,brute,40,1.0,0.3416928118915903
3,0.24,0.7,13,euclidean,brute,40,2.0,0.3416928118915903
3,0.24,0.7,13,euclidean,brute,50,,0.3416928118915903
3,0.24,0.7,13,euclidean,brute,50,1.0,0.3416928118915903
3,0.24,0.7,13,euclidean,brute,50,2.0,0.3416928118915903
2,0.7933333333333333,0.7,13,manhattan,auto,10,,0.27084275901083643
2,0.7933333333333333,0.7,13,manhattan,auto,10,1.0,0.27084275901083643
2,0.7933333333333333,0.7,13,manhattan,auto,10,2.0,0.27084275901083643
2,0.7933333333333333,0.7,13,manhattan,auto,20,,0.27084275901083643
2,0.7933333333333333,0.7,13,manhattan,auto,20,1.0,0.27084275901083643
2,0.7933333333333333,0.7,13,manhattan,auto,20,2.0,0.27084275901083643
2,0.7933333333333333,0.7,13,manhattan,auto,30,,0.27084275901083643
2,0.7933333333333333,0.7,13,manhattan,auto,30,1.0,0.27084275901083643
2,0.7933333333333333,0.7,13,manhattan,auto,30,2.0,0.27084275901083643
2,0.7933333333333333,0.7,13,manhattan,auto,40,,0.27084275901083643
2,0.7933333333333333,0.7,13,manhattan,auto,40,1.0,0.27084275901083643
2,0.7933333333333333,0.7,13,manhattan,auto,40,2.0,0.27084275901083643
2,0.7933333333333333,0.7,13,manhattan,auto,50,,0.27084275901083643
2,0.7933333333333333,0.7,13,manhattan,auto,50,1.0,0.27084275901083643
2,0.7933333333333333,0.7,13,manhattan,auto,50,2.0,0.27084275901083643
2,0.7933333333333333,0.7,13,manhattan,ball_tree,10,,0.27084275901083643
2,0.7933333333333333,0.7,13,manhattan,ball_tree,10,1.0,0.27084275901083643
2,0.7933333333333333,0.7,13,manhattan,ball_tree,10,2.0,0.27084275901083643
2,0.7933333333333333,0.7,13,manhattan,ball_tree,20,,0.27084275901083643
2,0.7933333333333333,0.7,13,manhattan,ball_tree,20,1.0,0.27084275901083643
2,0.7933333333333333,0.7,13,manhattan,ball_tree,20,2.0,0.27084275901083643
2,0.7933333333333333,0.7,13,manhattan,ball_tree,30,,0.27084275901083643
2,0.7933333333333333,0.7,13,manhattan,ball_tree,30,1.0,0.27084275901083643
2,0.7933333333333333,0.7,13,manhattan,ball_tree,30,2.0,0.27084275901083643
2,0.7933333333333333,0.7,13,manhattan,ball_tree,40,,0.27084275901083643
2,0.7933333333333333,0.7,13,manhattan,ball_tree,40,1.0,0.27084275901083643
2,0.7933333333333333,0.7,13,manhattan,ball_tree,40,2.0,0.27084275901083643
2,0.7933333333333333,0.7,13,manhattan,ball_tree,50,,0.27084275901083643
2,0.7933333333333333,0.7,13,manhattan,ball_tree,50,1.0,0.27084275901083643
2,0.7933333333333333,0.7,13,manhattan,ball_tree,50,2.0,0.27084275901083643
2,0.7933333333333333,0.7,13,manhattan,kd_tree,10,,0.27084275901083643
2,0.7933333333333333,0.7,13,manhattan,kd_tree,10,1.0,0.27084275901083643
2,0.7933333333333333,0.7,13,manhattan,kd_tree,10,2.0,0.27084275901083643
2,0.7933333333333333,0.7,13,manhattan,kd_tree,20,,0.27084275901083643
2,0.7933333333333333,0.7,13,manhattan,kd_tree,20,1.0,0.27084275901083643
2,0.7933333333333333,0.7,13,manhattan,kd_tree,20,2.0,0.27084275901083643
2,0.7933333333333333,0.7,13,manhattan,kd_tree,30,,0.27084275901083643
2,0.7933333333333333,0.7,13,manhattan,kd_tree,30,1.0,0.27084275901083643
2,0.7933333333333333,0.7,13,manhattan,kd_tree,30,2.0,0.27084275901083643
2,0.7933333333333333,0.7,13,manhattan,kd_tree,40,,0.27084275901083643
2,0.7933333333333333,0.7,13,manhattan,kd_tree,40,1.0,0.27084275901083643
2,0.7933333333333333,0.7,13,manhattan,kd_tree,40,2.0,0.27084275901083643
2,0.7933333333333333,0.7,13,manhattan,kd_tree,50,,0.27084275901083643
2,0.7933333333333333,0.7,13,manhattan,kd_tree,50,1.0,0.27084275901083643
2,0.7933333333333333,0.7,13,manhattan,kd_tree,50,2.0,0.27084275901083643
2,0.7933333333333333,0.7,13,manhattan,brute,10,,0.27084275901083643
2,0.7933333333333333,0.7,13,manhattan,brute,10,1.0,0.27084275901083643
2,0.7933333333333333,0.7,13,manhattan,brute,10,2.0,0.27084275901083643
2,0.7933333333333333,0.7,13,manhattan,brute,20,,0.27084275901083643
2,0.7933333333333333,0.7,13,manhattan,brute,20,1.0,0.27084275901083643
2,0.7933333333333333,0.7,13,manhattan,brute,20,2.0,0.27084275901083643
2,0.7933333333333333,0.7,13,manhattan,brute,30,,0.27084275901083643
2,0.7933333333333333,0.7,13,manhattan,brute,30,1.0,0.27084275901083643
2,0.7933333333333333,0.7,13,manhattan,brute,30,2.0,0.27084275901083643
2,0.7933333333333333,0.7,13,manhattan,brute,40,,0.27084275901083643
2,0.7933333333333333,0.7,13,manhattan,brute,40,1.0,0.27084275901083643
2,0.7933333333333333,0.7,13,manhattan,brute,40,2.0,0.27084275901083643
2,0.7933333333333333,0.7,13,manhattan,brute,50,,0.27084275901083643
2,0.7933333333333333,0.7,13,manhattan,brute,50,1.0,0.27084275901083643
2,0.7933333333333333,0.7,13,manhattan,brute,50,2.0,0.27084275901083643
0,1.0,0.7,13,mahalanobis,auto,10,,-1.0
0,1.0,0.7,13,mahalanobis,auto,10,1.0,-1.0
0,1.0,0.7,13,mahalanobis,auto,10,2.0,-1.0
0,1.0,0.7,13,mahalanobis,auto,20,,-1.0
0,1.0,0.7,13,mahalanobis,auto,20,1.0,-1.0
0,1.0,0.7,13,mahalanobis,auto,20,2.0,-1.0
0,1.0,0.7,13,mahalanobis,auto,30,,-1.0
0,1.0,0.7,13,mahalanobis,auto,30,1.0,-1.0
0,1.0,0.7,13,mahalanobis,auto,30,2.0,-1.0
0,1.0,0.7,13,mahalanobis,auto,40,,-1.0
0,1.0,0.7,13,mahalanobis,auto,40,1.0,-1.0
0,1.0,0.7,13,mahalanobis,auto,40,2.0,-1.0
0,1.0,0.7,13,mahalanobis,auto,50,,-1.0
0,1.0,0.7,13,mahalanobis,auto,50,1.0,-1.0
0,1.0,0.7,13,mahalanobis,auto,50,2.0,-1.0
0,1.0,0.7,13,mahalanobis,ball_tree,10,,-1.0
0,1.0,0.7,13,mahalanobis,ball_tree,10,1.0,-1.0
0,1.0,0.7,13,mahalanobis,ball_tree,10,2.0,-1.0
0,1.0,0.7,13,mahalanobis,ball_tree,20,,-1.0
0,1.0,0.7,13,mahalanobis,ball_tree,20,1.0,-1.0
0,1.0,0.7,13,mahalanobis,ball_tree,20,2.0,-1.0
0,1.0,0.7,13,mahalanobis,ball_tree,30,,-1.0
0,1.0,0.7,13,mahalanobis,ball_tree,30,1.0,-1.0
0,1.0,0.7,13,mahalanobis,ball_tree,30,2.0,-1.0
0,1.0,0.7,13,mahalanobis,ball_tree,40,,-1.0
0,1.0,0.7,13,mahalanobis,ball_tree,40,1.0,-1.0
0,1.0,0.7,13,mahalanobis,ball_tree,40,2.0,-1.0
0,1.0,0.7,13,mahalanobis,ball_tree,50,,-1.0
0,1.0,0.7,13,mahalanobis,ball_tree,50,1.0,-1.0
0,1.0,0.7,13,mahalanobis,ball_tree,50,2.0,-1.0
0,1.0,0.7,13,mahalanobis,kd_tree,10,,-1.0
0,1.0,0.7,13,mahalanobis,kd_tree,10,1.0,-1.0
0,1.0,0.7,13,mahalanobis,kd_tree,10,2.0,-1.0
0,1.0,0.7,13,mahalanobis,kd_tree,20,,-1.0
0,1.0,0.7,13,mahalanobis,kd_tree,20,1.0,-1.0
0,1.0,0.7,13,mahalanobis,kd_tree,20,2.0,-1.0
0,1.0,0.7,13,mahalanobis,kd_tree,30,,-1.0
0,1.0,0.7,13,mahalanobis,kd_tree,30,1.0,-1.0
0,1.0,0.7,13,mahalanobis,kd_tree,30,2.0,-1.0
0,1.0,0.7,13,mahalanobis,kd_tree,40,,-1.0
0,1.0,0.7,13,mahalanobis,kd_tree,40,1.0,-1.0
0,1.0,0.7,13,mahalanobis,kd_tree,40,2.0,-1.0
0,1.0,0.7,13,mahalanobis,kd_tree,50,,-1.0
0,1.0,0.7,13,mahalanobis,kd_tree,50,1.0,-1.0
0,1.0,0.7,13,mahalanobis,kd_tree,50,2.0,-1.0
0,1.0,0.7,13,mahalanobis,brute,10,,-1.0
0,1.0,0.7,13,mahalanobis,brute,10,1.0,-1.0
0,1.0,0.7,13,mahalanobis,brute,10,2.0,-1.0
0,1.0,0.7,13,mahalanobis,brute,20,,-1.0
0,1.0,0.7,13,mahalanobis,brute,20,1.0,-1.0
0,1.0,0.7,13,mahalanobis,brute,20,2.0,-1.0
0,1.0,0.7,13,mahalanobis,brute,30,,-1.0
0,1.0,0.7,13,mahalanobis,brute,30,1.0,-1.0
0,1.0,0.7,13,mahalanobis,brute,30,2.0,-1.0
0,1.0,0.7,13,mahalanobis,brute,40,,-1.0
0,1.0,0.7,13,mahalanobis,brute,40,1.0,-1.0
0,1.0,0.7,13,mahalanobis,brute,40,2.0,-1.0
0,1.0,0.7,13,mahalanobis,brute,50,,-1.0
0,1.0,0.7,13,mahalanobis,brute,50,1.0,-1.0
0,1.0,0.7,13,mahalanobis,brute,50,2.0,-1.0
3,0.25333333333333335,0.7,14,euclidean,auto,10,,0.3331225197106187
3,0.25333333333333335,0.7,14,euclidean,auto,10,1.0,0.3331225197106187
3,0.25333333333333335,0.7,14,euclidean,auto,10,2.0,0.3331225197106187
3,0.25333333333333335,0.7,14,euclidean,auto,20,,0.3331225197106187
3,0.25333333333333335,0.7,14,euclidean,auto,20,1.0,0.3331225197106187
3,0.25333333333333335,0.7,14,euclidean,auto,20,2.0,0.3331225197106187
3,0.25333333333333335,0.7,14,euclidean,auto,30,,0.3331225197106187
3,0.25333333333333335,0.7,14,euclidean,auto,30,1.0,0.3331225197106187
3,0.25333333333333335,0.7,14,euclidean,auto,30,2.0,0.3331225197106187
3,0.25333333333333335,0.7,14,euclidean,auto,40,,0.3331225197106187
3,0.25333333333333335,0.7,14,euclidean,auto,40,1.0,0.3331225197106187
3,0.25333333333333335,0.7,14,euclidean,auto,40,2.0,0.3331225197106187
3,0.25333333333333335,0.7,14,euclidean,auto,50,,0.3331225197106187
3,0.25333333333333335,0.7,14,euclidean,auto,50,1.0,0.3331225197106187
3,0.25333333333333335,0.7,14,euclidean,auto,50,2.0,0.3331225197106187
3,0.25333333333333335,0.7,14,euclidean,ball_tree,10,,0.3331225197106187
3,0.25333333333333335,0.7,14,euclidean,ball_tree,10,1.0,0.3331225197106187
3,0.25333333333333335,0.7,14,euclidean,ball_tree,10,2.0,0.3331225197106187
3,0.25333333333333335,0.7,14,euclidean,ball_tree,20,,0.3331225197106187
3,0.25333333333333335,0.7,14,euclidean,ball_tree,20,1.0,0.3331225197106187
3,0.25333333333333335,0.7,14,euclidean,ball_tree,20,2.0,0.3331225197106187
3,0.25333333333333335,0.7,14,euclidean,ball_tree,30,,0.3331225197106187
3,0.25333333333333335,0.7,14,euclidean,ball_tree,30,1.0,0.3331225197106187
3,0.25333333333333335,0.7,14,euclidean,ball_tree,30,2.0,0.3331225197106187
3,0.25333333333333335,0.7,14,euclidean,ball_tree,40,,0.3331225197106187
3,0.25333333333333335,0.7,14,euclidean,ball_tree,40,1.0,0.3331225197106187
3,0.25333333333333335,0.7,14,euclidean,ball_tree,40,2.0,0.3331225197106187
3,0.25333333333333335,0.7,14,euclidean,ball_tree,50,,0.3331225197106187
3,0.25333333333333335,0.7,14,euclidean,ball_tree,50,1.0,0.3331225197106187
3,0.25333333333333335,0.7,14,euclidean,ball_tree,50,2.0,0.3331225197106187
3,0.25333333333333335,0.7,14,euclidean,kd_tree,10,,0.3331225197106187
3,0.25333333333333335,0.7,14,euclidean,kd_tree,10,1.0,0.3331225197106187
3,0.25333333333333335,0.7,14,euclidean,kd_tree,10,2.0,0.3331225197106187
3,0.25333333333333335,0.7,14,euclidean,kd_tree,20,,0.3331225197106187
3,0.25333333333333335,0.7,14,euclidean,kd_tree,20,1.0,0.3331225197106187
3,0.25333333333333335,0.7,14,euclidean,kd_tree,20,2.0,0.3331225197106187
3,0.25333333333333335,0.7,14,euclidean,kd_tree,30,,0.3331225197106187
3,0.25333333333333335,0.7,14,euclidean,kd_tree,30,1.0,0.3331225197106187
3,0.25333333333333335,0.7,14,euclidean,kd_tree,30,2.0,0.3331225197106187
3,0.25333333333333335,0.7,14,euclidean,kd_tree,40,,0.3331225197106187
3,0.25333333333333335,0.7,14,euclidean,kd_tree,40,1.0,0.3331225197106187
3,0.25333333333333335,0.7,14,euclidean,kd_tree,40,2.0,0.3331225197106187
3,0.25333333333333335,0.7,14,euclidean,kd_tree,50,,0.3331225197106187
3,0.25333333333333335,0.7,14,euclidean,kd_tree,50,1.0,0.3331225197106187
3,0.25333333333333335,0.7,14,euclidean,kd_tree,50,2.0,0.3331225197106187
3,0.25333333333333335,0.7,14,euclidean,brute,10,,0.3331225197106187
3,0.25333333333333335,0.7,14,euclidean,brute,10,1.0,0.3331225197106187
3,0.25333333333333335,0.7,14,euclidean,brute,10,2.0,0.3331225197106187
3,0.25333333333333335,0.7,14,euclidean,brute,20,,0.3331225197106187
3,0.25333333333333335,0.7,14,euclidean,brute,20,1.0,0.3331225197106187
3,0.25333333333333335,0.7,14,euclidean,brute,20,2.0,0.3331225197106187
3,0.25333333333333335,0.7,14,euclidean,brute,30,,0.3331225197106187
3,0.25333333333333335,0.7,14,euclidean,brute,30,1.0,0.3331225197106187
3,0.25333333333333335,0.7,14,euclidean,brute,30,2.0,0.3331225197106187
3,0.25333333333333335,0.7,14,euclidean,brute,40,,0.3331225197106187
3,0.25333333333333335,0.7,14,euclidean,brute,40,1.0,0.3331225197106187
3,0.25333333333333335,0.7,14,euclidean,brute,40,2.0,0.3331225197106187
3,0.25333333333333335,0.7,14,euclidean,brute,50,,0.3331225197106187
3,0.25333333333333335,0.7,14,euclidean,brute,50,1.0,0.3331225197106187
3,0.25333333333333335,0.7,14,euclidean,brute,50,2.0,0.3331225197106187
1,0.8933333333333333,0.7,14,manhattan,auto,10,,0.18186437726585877
1,0.8933333333333333,0.7,14,manhattan,auto,10,1.0,0.18186437726585877
1,0.8933333333333333,0.7,14,manhattan,auto,10,2.0,0.18186437726585877
1,0.8933333333333333,0.7,14,manhattan,auto,20,,0.18186437726585877
1,0.8933333333333333,0.7,14,manhattan,auto,20,1.0,0.18186437726585877
1,0.8933333333333333,0.7,14,manhattan,auto,20,2.0,0.18186437726585877
1,0.8933333333333333,0.7,14,manhattan,auto,30,,0.18186437726585877
1,0.8933333333333333,0.7,14,manhattan,auto,30,1.0,0.18186437726585877
1,0.8933333333333333,0.7,14,manhattan,auto,30,2.0,0.18186437726585877
1,0.8933333333333333,0.7,14,manhattan,auto,40,,0.18186437726585877
1,0.8933333333333333,0.7,14,manhattan,auto,40,1.0,0.18186437726585877
1,0.8933333333333333,0.7,14,manhattan,auto,40,2.0,0.18186437726585877
1,0.8933333333333333,0.7,14,manhattan,auto,50,,0.18186437726585877
1,0.8933333333333333,0.7,14,manhattan,auto,50,1.0,0.18186437726585877
1,0.8933333333333333,0.7,14,manhattan,auto,50,2.0,0.18186437726585877
1,0.8933333333333333,0.7,14,manhattan,ball_tree,10,,0.18186437726585877
1,0.8933333333333333,0.7,14,manhattan,ball_tree,10,1.0,0.18186437726585877
1,0.8933333333333333,0.7,14,manhattan,ball_tree,10,2.0,0.18186437726585877
1,0.8933333333333333,0.7,14,manhattan,ball_tree,20,,0.18186437726585877
1,0.8933333333333333,0.7,14,manhattan,ball_tree,20,1.0,0.18186437726585877
1,0.8933333333333333,0.7,14,manhattan,ball_tree,20,2.0,0.18186437726585877
1,0.8933333333333333,0.7,14,manhattan,ball_tree,30,,0.18186437726585877
1,0.8933333333333333,0.7,14,manhattan,ball_tree,30,1.0,0.18186437726585877
1,0.8933333333333333,0.7,14,manhattan,ball_tree,30,2.0,0.18186437726585877
1,0.8933333333333333,0.7,14,manhattan,ball_tree,40,,0.18186437726585877
1,0.8933333333333333,0.7,14,manhattan,ball_tree,40,1.0,0.18186437726585877
1,0.8933333333333333,0.7,14,manhattan,ball_tree,40,2.0,0.18186437726585877
1,0.8933333333333333,0.7,14,manhattan,ball_tree,50,,0.18186437726585877
1,0.8933333333333333,0.7,14,manhattan,ball_tree,50,1.0,0.18186437726585877
1,0.8933333333333333,0.7,14,manhattan,ball_tree,50,2.0,0.18186437726585877
1,0.8933333333333333,0.7,14,manhattan,kd_tree,10,,0.18186437726585877
1,0.8933333333333333,0.7,14,manhattan,kd_tree,10,1.0,0.18186437726585877
1,0.8933333333333333,0.7,14,manhattan,kd_tree,10,2.0,0.18186437726585877
1,0.8933333333333333,0.7,14,manhattan,kd_tree,20,,0.18186437726585877
1,0.8933333333333333,0.7,14,manhattan,kd_tree,20,1.0,0.18186437726585877
1,0.8933333333333333,0.7,14,manhattan,kd_tree,20,2.0,0.18186437726585877
1,0.8933333333333333,0.7,14,manhattan,kd_tree,30,,0.18186437726585877
1,0.8933333333333333,0.7,14,manhattan,kd_tree,30,1.0,0.18186437726585877
1,0.8933333333333333,0.7,14,manhattan,kd_tree,30,2.0,0.18186437726585877
1,0.8933333333333333,0.7,14,manhattan,kd_tree,40,,0.18186437726585877
1,0.8933333333333333,0.7,14,manhattan,kd_tree,40,1.0,0.18186437726585877
1,0.8933333333333333,0.7,14,manhattan,kd_tree,40,2.0,0.18186437726585877
1,0.8933333333333333,0.7,14,manhattan,kd_tree,50,,0.18186437726585877
1,0.8933333333333333,0.7,14,manhattan,kd_tree,50,1.0,0.18186437726585877
1,0.8933333333333333,0.7,14,manhattan,kd_tree,50,2.0,0.18186437726585877
1,0.8933333333333333,0.7,14,manhattan,brute,10,,0.18186437726585877
1,0.8933333333333333,0.7,14,manhattan,brute,10,1.0,0.18186437726585877
1,0.8933333333333333,0.7,14,manhattan,brute,10,2.0,0.18186437726585877
1,0.8933333333333333,0.7,14,manhattan,brute,20,,0.18186437726585877
1,0.8933333333333333,0.7,14,manhattan,brute,20,1.0,0.18186437726585877
1,0.8933333333333333,0.7,14,manhattan,brute,20,2.0,0.18186437726585877
1,0.8933333333333333,0.7,14,manhattan,brute,30,,0.18186437726585877
1,0.8933333333333333,0.7,14,manhattan,brute,30,1.0,0.18186437726585877
1,0.8933333333333333,0.7,14,manhattan,brute,30,2.0,0.18186437726585877
1,0.8933333333333333,0.7,14,manhattan,brute,40,,0.18186437726585877
1,0.8933333333333333,0.7,14,manhattan,brute,40,1.0,0.18186437726585877
1,0.8933333333333333,0.7,14,manhattan,brute,40,2.0,0.18186437726585877
1,0.8933333333333333,0.7,14,manhattan,brute,50,,0.18186437726585877
1,0.8933333333333333,0.7,14,manhattan,brute,50,1.0,0.18186437726585877
1,0.8933333333333333,0.7,14,manhattan,brute,50,2.0,0.18186437726585877
0,1.0,0.7,14,mahalanobis,auto,10,,-1.0
0,1.0,0.7,14,mahalanobis,auto,10,1.0,-1.0
0,1.0,0.7,14,mahalanobis,auto,10,2.0,-1.0
0,1.0,0.7,14,mahalanobis,auto,20,,-1.0
0,1.0,0.7,14,mahalanobis,auto,20,1.0,-1.0
0,1.0,0.7,14,mahalanobis,auto,20,2.0,-1.0
0,1.0,0.7,14,mahalanobis,auto,30,,-1.0
0,1.0,0.7,14,mahalanobis,auto,30,1.0,-1.0
0,1.0,0.7,14,mahalanobis,auto,30,2.0,-1.0
0,1.0,0.7,14,mahalanobis,auto,40,,-1.0
0,1.0,0.7,14,mahalanobis,auto,40,1.0,-1.0
0,1.0,0.7,14,mahalanobis,auto,40,2.0,-1.0
0,1.0,0.7,14,mahalanobis,auto,50,,-1.0
0,1.0,0.7,14,mahalanobis,auto,50,1.0,-1.0
0,1.0,0.7,14,mahalanobis,auto,50,2.0,-1.0
0,1.0,0.7,14,mahalanobis,ball_tree,10,,-1.0
0,1.0,0.7,14,mahalanobis,ball_tree,10,1.0,-1.0
0,1.0,0.7,14,mahalanobis,ball_tree,10,2.0,-1.0
0,1.0,0.7,14,mahalanobis,ball_tree,20,,-1.0
0,1.0,0.7,14,mahalanobis,ball_tree,20,1.0,-1.0
0,1.0,0.7,14,mahalanobis,ball_tree,20,2.0,-1.0
0,1.0,0.7,14,mahalanobis,ball_tree,30,,-1.0
0,1.0,0.7,14,mahalanobis,ball_tree,30,1.0,-1.0
0,1.0,0.7,14,mahalanobis,ball_tree,30,2.0,-1.0
0,1.0,0.7,14,mahalanobis,ball_tree,40,,-1.0
0,1.0,0.7,14,mahalanobis,ball_tree,40,1.0,-1.0
0,1.0,0.7,14,mahalanobis,ball_tree,40,2.0,-1.0
0,1.0,0.7,14,mahalanobis,ball_tree,50,,-1.0
0,1.0,0.7,14,mahalanobis,ball_tree,50,1.0,-1.0
0,1.0,0.7,14,mahalanobis,ball_tree,50,2.0,-1.0
0,1.0,0.7,14,mahalanobis,kd_tree,10,,-1.0
0,1.0,0.7,14,mahalanobis,kd_tree,10,1.0,-1.0
0,1.0,0.7,14,mahalanobis,kd_tree,10,2.0,-1.0
0,1.0,0.7,14,mahalanobis,kd_tree,20,,-1.0
0,1.0,0.7,14,mahalanobis,kd_tree,20,1.0,-1.0
0,1.0,0.7,14,mahalanobis,kd_tree,20,2.0,-1.0
0,1.0,0.7,14,mahalanobis,kd_tree,30,,-1.0
0,1.0,0.7,14,mahalanobis,kd_tree,30,1.0,-1.0
0,1.0,0.7,14,mahalanobis,kd_tree,30,2.0,-1.0
0,1.0,0.7,14,mahalanobis,kd_tree,40,,-1.0
0,1.0,0.7,14,mahalanobis,kd_tree,40,1.0,-1.0
0,1.0,0.7,14,mahalanobis,kd_tree,40,2.0,-1.0
0,1.0,0.7,14,mahalanobis,kd_tree,50,,-1.0
0,1.0,0.7,14,mahalanobis,kd_tree,50,1.0,-1.0
0,1.0,0.7,14,mahalanobis,kd_tree,50,2.0,-1.0
0,1.0,0.7,14,mahalanobis,brute,10,,-1.0
0,1.0,0.7,14,mahalanobis,brute,10,1.0,-1.0
0,1.0,0.7,14,mahalanobis,brute,10,2.0,-1.0
0,1.0,0.7,14,mahalanobis,brute,20,,-1.0
0,1.0,0.7,14,mahalanobis,brute,20,1.0,-1.0
0,1.0,0.7,14,mahalanobis,brute,20,2.0,-1.0
0,1.0,0.7,14,mahalanobis,brute,30,,-1.0
0,1.0,0.7,14,mahalanobis,brute,30,1.0,-1.0
0,1.0,0.7,14,mahalanobis,brute,30,2.0,-1.0
0,1.0,0.7,14,mahalanobis,brute,40,,-1.0
0,1.0,0.7,14,mahalanobis,brute,40,1.0,-1.0
0,1.0,0.7,14,mahalanobis,brute,40,2.0,-1.0
0,1.0,0.7,14,mahalanobis,brute,50,,-1.0
0,1.0,0.7,14,mahalanobis,brute,50,1.0,-1.0
0,1.0,0.7,14,mahalanobis,brute,50,2.0,-1.0
3,0.36,0.7,15,euclidean,auto,10,,0.2518747186253027
3,0.36,0.7,15,euclidean,auto,10,1.0,0.2518747186253027
3,0.36,0.7,15,euclidean,auto,10,2.0,0.2518747186253027
3,0.36,0.7,15,euclidean,auto,20,,0.2518747186253027
3,0.36,0.7,15,euclidean,auto,20,1.0,0.2518747186253027
3,0.36,0.7,15,euclidean,auto,20,2.0,0.2518747186253027
3,0.36,0.7,15,euclidean,auto,30,,0.2518747186253027
3,0.36,0.7,15,euclidean,auto,30,1.0,0.2518747186253027
3,0.36,0.7,15,euclidean,auto,30,2.0,0.2518747186253027
3,0.36,0.7,15,euclidean,auto,40,,0.2518747186253027
3,0.36,0.7,15,euclidean,auto,40,1.0,0.2518747186253027
3,0.36,0.7,15,euclidean,auto,40,2.0,0.2518747186253027
3,0.36,0.7,15,euclidean,auto,50,,0.2518747186253027
3,0.36,0.7,15,euclidean,auto,50,1.0,0.2518747186253027
3,0.36,0.7,15,euclidean,auto,50,2.0,0.2518747186253027
3,0.36,0.7,15,euclidean,ball_tree,10,,0.2518747186253027
3,0.36,0.7,15,euclidean,ball_tree,10,1.0,0.2518747186253027
3,0.36,0.7,15,euclidean,ball_tree,10,2.0,0.2518747186253027
3,0.36,0.7,15,euclidean,ball_tree,20,,0.2518747186253027
3,0.36,0.7,15,euclidean,ball_tree,20,1.0,0.2518747186253027
3,0.36,0.7,15,euclidean,ball_tree,20,2.0,0.2518747186253027
3,0.36,0.7,15,euclidean,ball_tree,30,,0.2518747186253027
3,0.36,0.7,15,euclidean,ball_tree,30,1.0,0.2518747186253027
3,0.36,0.7,15,euclidean,ball_tree,30,2.0,0.2518747186253027
3,0.36,0.7,15,euclidean,ball_tree,40,,0.2518747186253027
3,0.36,0.7,15,euclidean,ball_tree,40,1.0,0.2518747186253027
3,0.36,0.7,15,euclidean,ball_tree,40,2.0,0.2518747186253027
3,0.36,0.7,15,euclidean,ball_tree,50,,0.2518747186253027
3,0.36,0.7,15,euclidean,ball_tree,50,1.0,0.2518747186253027
3,0.36,0.7,15,euclidean,ball_tree,50,2.0,0.2518747186253027
3,0.36,0.7,15,euclidean,kd_tree,10,,0.2518747186253027
3,0.36,0.7,15,euclidean,kd_tree,10,1.0,0.2518747186253027
3,0.36,0.7,15,euclidean,kd_tree,10,2.0,0.2518747186253027
3,0.36,0.7,15,euclidean,kd_tree,20,,0.2518747186253027
3,0.36,0.7,15,euclidean,kd_tree,20,1.0,0.2518747186253027
3,0.36,0.7,15,euclidean,kd_tree,20,2.0,0.2518747186253027
3,0.36,0.7,15,euclidean,kd_tree,30,,0.2518747186253027
3,0.36,0.7,15,euclidean,kd_tree,30,1.0,0.2518747186253027
3,0.36,0.7,15,euclidean,kd_tree,30,2.0,0.2518747186253027
3,0.36,0.7,15,euclidean,kd_tree,40,,0.2518747186253027
3,0.36,0.7,15,euclidean,kd_tree,40,1.0,0.2518747186253027
3,0.36,0.7,15,euclidean,kd_tree,40,2.0,0.2518747186253027
3,0.36,0.7,15,euclidean,kd_tree,50,,0.2518747186253027
3,0.36,0.7,15,euclidean,kd_tree,50,1.0,0.2518747186253027
3,0.36,0.7,15,euclidean,kd_tree,50,2.0,0.2518747186253027
3,0.36,0.7,15,euclidean,brute,10,,0.2518747186253027
3,0.36,0.7,15,euclidean,brute,10,1.0,0.2518747186253027
3,0.36,0.7,15,euclidean,brute,10,2.0,0.2518747186253027
3,0.36,0.7,15,euclidean,brute,20,,0.2518747186253027
3,0.36,0.7,15,euclidean,brute,20,1.0,0.2518747186253027
3,0.36,0.7,15,euclidean,brute,20,2.0,0.2518747186253027
3,0.36,0.7,15,euclidean,brute,30,,0.2518747186253027
3,0.36,0.7,15,euclidean,brute,30,1.0,0.2518747186253027
3,0.36,0.7,15,euclidean,brute,30,2.0,0.2518747186253027
3,0.36,0.7,15,euclidean,brute,40,,0.2518747186253027
3,0.36,0.7,15,euclidean,brute,40,1.0,0.2518747186253027
3,0.36,0.7,15,euclidean,brute,40,2.0,0.2518747186253027
3,0.36,0.7,15,euclidean,brute,50,,0.2518747186253027
3,0.36,0.7,15,euclidean,brute,50,1.0,0.2518747186253027
3,0.36,0.7,15,euclidean,brute,50,2.0,0.2518747186253027
1,0.9,0.7,15,manhattan,auto,10,,0.17150296561469008
1,0.9,0.7,15,manhattan,auto,10,1.0,0.17150296561469008
1,0.9,0.7,15,manhattan,auto,10,2.0,0.17150296561469008
1,0.9,0.7,15,manhattan,auto,20,,0.17150296561469008
1,0.9,0.7,15,manhattan,auto,20,1.0,0.17150296561469008
1,0.9,0.7,15,manhattan,auto,20,2.0,0.17150296561469008
1,0.9,0.7,15,manhattan,auto,30,,0.17150296561469008
1,0.9,0.7,15,manhattan,auto,30,1.0,0.17150296561469008
1,0.9,0.7,15,manhattan,auto,30,2.0,0.17150296561469008
1,0.9,0.7,15,manhattan,auto,40,,0.17150296561469008
1,0.9,0.7,15,manhattan,auto,40,1.0,0.17150296561469008
1,0.9,0.7,15,manhattan,auto,40,2.0,0.17150296561469008
1,0.9,0.7,15,manhattan,auto,50,,0.17150296561469008
1,0.9,0.7,15,manhattan,auto,50,1.0,0.17150296561469008
1,0.9,0.7,15,manhattan,auto,50,2.0,0.17150296561469008
1,0.9,0.7,15,manhattan,ball_tree,10,,0.17150296561469008
1,0.9,0.7,15,manhattan,ball_tree,10,1.0,0.17150296561469008
1,0.9,0.7,15,manhattan,ball_tree,10,2.0,0.17150296561469008
1,0.9,0.7,15,manhattan,ball_tree,20,,0.17150296561469008
1,0.9,0.7,15,manhattan,ball_tree,20,1.0,0.17150296561469008
1,0.9,0.7,15,manhattan,ball_tree,20,2.0,0.17150296561469008
1,0.9,0.7,15,manhattan,ball_tree,30,,0.17150296561469008
1,0.9,0.7,15,manhattan,ball_tree,30,1.0,0.17150296561469008
1,0.9,0.7,15,manhattan,ball_tree,30,2.0,0.17150296561469008
1,0.9,0.7,15,manhattan,ball_tree,40,,0.17150296561469008
1,0.9,0.7,15,manhattan,ball_tree,40,1.0,0.17150296561469008
1,0.9,0.7,15,manhattan,ball_tree,40,2.0,0.17150296561469008
1,0.9,0.7,15,manhattan,ball_tree,50,,0.17150296561469008
1,0.9,0.7,15,manhattan,ball_tree,50,1.0,0.17150296561469008
1,0.9,0.7,15,manhattan,ball_tree,50,2.0,0.17150296561469008
1,0.9,0.7,15,manhattan,kd_tree,10,,0.17150296561469008
1,0.9,0.7,15,manhattan,kd_tree,10,1.0,0.17150296561469008
1,0.9,0.7,15,manhattan,kd_tree,10,2.0,0.17150296561469008
1,0.9,0.7,15,manhattan,kd_tree,20,,0.17150296561469008
1,0.9,0.7,15,manhattan,kd_tree,20,1.0,0.17150296561469008
1,0.9,0.7,15,manhattan,kd_tree,20,2.0,0.17150296561469008
1,0.9,0.7,15,manhattan,kd_tree,30,,0.17150296561469008
1,0.9,0.7,15,manhattan,kd_tree,30,1.0,0.17150296561469008
1,0.9,0.7,15,manhattan,kd_tree,30,2.0,0.17150296561469008
1,0.9,0.7,15,manhattan,kd_tree,40,,0.17150296561469008
1,0.9,0.7,15,manhattan,kd_tree,40,1.0,0.17150296561469008
1,0.9,0.7,15,manhattan,kd_tree,40,2.0,0.17150296561469008
1,0.9,0.7,15,manhattan,kd_tree,50,,0.17150296561469008
1,0.9,0.7,15,manhattan,kd_tree,50,1.0,0.17150296561469008
1,0.9,0.7,15,manhattan,kd_tree,50,2.0,0.17150296561469008
1,0.9,0.7,15,manhattan,brute,10,,0.17150296561469008
1,0.9,0.7,15,manhattan,brute,10,1.0,0.17150296561469008
1,0.9,0.7,15,manhattan,brute,10,2.0,0.17150296561469008
1,0.9,0.7,15,manhattan,brute,20,,0.17150296561469008
1,0.9,0.7,15,manhattan,brute,20,1.0,0.17150296561469008
1,0.9,0.7,15,manhattan,brute,20,2.0,0.17150296561469008
1,0.9,0.7,15,manhattan,brute,30,,0.17150296561469008
1,0.9,0.7,15,manhattan,brute,30,1.0,0.17150296561469008
1,0.9,0.7,15,manhattan,brute,30,2.0,0.17150296561469008
1,0.9,0.7,15,manhattan,brute,40,,0.17150296561469008
1,0.9,0.7,15,manhattan,brute,40,1.0,0.17150296561469008
1,0.9,0.7,15,manhattan,brute,40,2.0,0.17150296561469008
1,0.9,0.7,15,manhattan,brute,50,,0.17150296561469008
1,0.9,0.7,15,manhattan,brute,50,1.0,0.17150296561469008
1,0.9,0.7,15,manhattan,brute,50,2.0,0.17150296561469008
0,1.0,0.7,15,mahalanobis,auto,10,,-1.0
0,1.0,0.7,15,mahalanobis,auto,10,1.0,-1.0
0,1.0,0.7,15,mahalanobis,auto,10,2.0,-1.0
0,1.0,0.7,15,mahalanobis,auto,20,,-1.0
0,1.0,0.7,15,mahalanobis,auto,20,1.0,-1.0
0,1.0,0.7,15,mahalanobis,auto,20,2.0,-1.0
0,1.0,0.7,15,mahalanobis,auto,30,,-1.0
0,1.0,0.7,15,mahalanobis,auto,30,1.0,-1.0
0,1.0,0.7,15,mahalanobis,auto,30,2.0,-1.0
0,1.0,0.7,15,mahalanobis,auto,40,,-1.0
0,1.0,0.7,15,mahalanobis,auto,40,1.0,-1.0
0,1.0,0.7,15,mahalanobis,auto,40,2.0,-1.0
0,1.0,0.7,15,mahalanobis,auto,50,,-1.0
0,1.0,0.7,15,mahalanobis,auto,50,1.0,-1.0
0,1.0,0.7,15,mahalanobis,auto,50,2.0,-1.0
0,1.0,0.7,15,mahalanobis,ball_tree,10,,-1.0
0,1.0,0.7,15,mahalanobis,ball_tree,10,1.0,-1.0
0,1.0,0.7,15,mahalanobis,ball_tree,10,2.0,-1.0
0,1.0,0.7,15,mahalanobis,ball_tree,20,,-1.0
0,1.0,0.7,15,mahalanobis,ball_tree,20,1.0,-1.0
0,1.0,0.7,15,mahalanobis,ball_tree,20,2.0,-1.0
0,1.0,0.7,15,mahalanobis,ball_tree,30,,-1.0
0,1.0,0.7,15,mahalanobis,ball_tree,30,1.0,-1.0
0,1.0,0.7,15,mahalanobis,ball_tree,30,2.0,-1.0
0,1.0,0.7,15,mahalanobis,ball_tree,40,,-1.0
0,1.0,0.7,15,mahalanobis,ball_tree,40,1.0,-1.0
0,1.0,0.7,15,mahalanobis,ball_tree,40,2.0,-1.0
0,1.0,0.7,15,mahalanobis,ball_tree,50,,-1.0
0,1.0,0.7,15,mahalanobis,ball_tree,50,1.0,-1.0
0,1.0,0.7,15,mahalanobis,ball_tree,50,2.0,-1.0
0,1.0,0.7,15,mahalanobis,kd_tree,10,,-1.0
0,1.0,0.7,15,mahalanobis,kd_tree,10,1.0,-1.0
0,1.0,0.7,15,mahalanobis,kd_tree,10,2.0,-1.0
0,1.0,0.7,15,mahalanobis,kd_tree,20,,-1.0
0,1.0,0.7,15,mahalanobis,kd_tree,20,1.0,-1.0
0,1.0,0.7,15,mahalanobis,kd_tree,20,2.0,-1.0
0,1.0,0.7,15,mahalanobis,kd_tree,30,,-1.0
0,1.0,0.7,15,mahalanobis,kd_tree,30,1.0,-1.0
0,1.0,0.7,15,mahalanobis,kd_tree,30,2.0,-1.0
0,1.0,0.7,15,mahalanobis,kd_tree,40,,-1.0
0,1.0,0.7,15,mahalanobis,kd_tree,40,1.0,-1.0
0,1.0,0.7,15,mahalanobis,kd_tree,40,2.0,-1.0
0,1.0,0.7,15,mahalanobis,kd_tree,50,,-1.0
0,1.0,0.7,15,mahalanobis,kd_tree,50,1.0,-1.0
0,1.0,0.7,15,mahalanobis,kd_tree,50,2.0,-1.0
0,1.0,0.7,15,mahalanobis,brute,10,,-1.0
0,1.0,0.7,15,mahalanobis,brute,10,1.0,-1.0
0,1.0,0.7,15,mahalanobis,brute,10,2.0,-1.0
0,1.0,0.7,15,mahalanobis,brute,20,,-1.0
0,1.0,0.7,15,mahalanobis,brute,20,1.0,-1.0
0,1.0,0.7,15,mahalanobis,brute,20,2.0,-1.0
0,1.0,0.7,15,mahalanobis,brute,30,,-1.0
0,1.0,0.7,15,mahalanobis,brute,30,1.0,-1.0
0,1.0,0.7,15,mahalanobis,brute,30,2.0,-1.0
0,1.0,0.7,15,mahalanobis,brute,40,,-1.0
0,1.0,0.7,15,mahalanobis,brute,40,1.0,-1.0
0,1.0,0.7,15,mahalanobis,brute,40,2.0,-1.0
0,1.0,0.7,15,mahalanobis,brute,50,,-1.0
0,1.0,0.7,15,mahalanobis,brute,50,1.0,-1.0
0,1.0,0.7,15,mahalanobis,brute,50,2.0,-1.0
3,0.4066666666666667,0.7,16,euclidean,auto,10,,0.20063216743035522
3,0.4066666666666667,0.7,16,euclidean,auto,10,1.0,0.20063216743035522
3,0.4066666666666667,0.7,16,euclidean,auto,10,2.0,0.20063216743035522
3,0.4066666666666667,0.7,16,euclidean,auto,20,,0.20063216743035522
3,0.4066666666666667,0.7,16,euclidean,auto,20,1.0,0.20063216743035522
3,0.4066666666666667,0.7,16,euclidean,auto,20,2.0,0.20063216743035522
3,0.4066666666666667,0.7,16,euclidean,auto,30,,0.20063216743035522
3,0.4066666666666667,0.7,16,euclidean,auto,30,1.0,0.20063216743035522
3,0.4066666666666667,0.7,16,euclidean,auto,30,2.0,0.20063216743035522
3,0.4066666666666667,0.7,16,euclidean,auto,40,,0.20063216743035522
3,0.4066666666666667,0.7,16,euclidean,auto,40,1.0,0.20063216743035522
3,0.4066666666666667,0.7,16,euclidean,auto,40,2.0,0.20063216743035522
3,0.4066666666666667,0.7,16,euclidean,auto,50,,0.20063216743035522
3,0.4066666666666667,0.7,16,euclidean,auto,50,1.0,0.20063216743035522
3,0.4066666666666667,0.7,16,euclidean,auto,50,2.0,0.20063216743035522
3,0.4066666666666667,0.7,16,euclidean,ball_tree,10,,0.20063216743035522
3,0.4066666666666667,0.7,16,euclidean,ball_tree,10,1.0,0.20063216743035522
3,0.4066666666666667,0.7,16,euclidean,ball_tree,10,2.0,0.20063216743035522
3,0.4066666666666667,0.7,16,euclidean,ball_tree,20,,0.20063216743035522
3,0.4066666666666667,0.7,16,euclidean,ball_tree,20,1.0,0.20063216743035522
3,0.4066666666666667,0.7,16,euclidean,ball_tree,20,2.0,0.20063216743035522
3,0.4066666666666667,0.7,16,euclidean,ball_tree,30,,0.20063216743035522
3,0.4066666666666667,0.7,16,euclidean,ball_tree,30,1.0,0.20063216743035522
3,0.4066666666666667,0.7,16,euclidean,ball_tree,30,2.0,0.20063216743035522
3,0.4066666666666667,0.7,16,euclidean,ball_tree,40,,0.20063216743035522
3,0.4066666666666667,0.7,16,euclidean,ball_tree,40,1.0,0.20063216743035522
3,0.4066666666666667,0.7,16,euclidean,ball_tree,40,2.0,0.20063216743035522
3,0.4066666666666667,0.7,16,euclidean,ball_tree,50,,0.20063216743035522
3,0.4066666666666667,0.7,16,euclidean,ball_tree,50,1.0,0.20063216743035522
3,0.4066666666666667,0.7,16,euclidean,ball_tree,50,2.0,0.20063216743035522
3,0.4066666666666667,0.7,16,euclidean,kd_tree,10,,0.20063216743035522
3,0.4066666666666667,0.7,16,euclidean,kd_tree,10,1.0,0.20063216743035522
3,0.4066666666666667,0.7,16,euclidean,kd_tree,10,2.0,0.20063216743035522
3,0.4066666666666667,0.7,16,euclidean,kd_tree,20,,0.20063216743035522
3,0.4066666666666667,0.7,16,euclidean,kd_tree,20,1.0,0.20063216743035522
3,0.4066666666666667,0.7,16,euclidean,kd_tree,20,2.0,0.20063216743035522
3,0.4066666666666667,0.7,16,euclidean,kd_tree,30,,0.20063216743035522
3,0.4066666666666667,0.7,16,euclidean,kd_tree,30,1.0,0.20063216743035522
3,0.4066666666666667,0.7,16,euclidean,kd_tree,30,2.0,0.20063216743035522
3,0.4066666666666667,0.7,16,euclidean,kd_tree,40,,0.20063216743035522
3,0.4066666666666667,0.7,16,euclidean,kd_tree,40,1.0,0.20063216743035522
3,0.4066666666666667,0.7,16,euclidean,kd_tree,40,2.0,0.20063216743035522
3,0.4066666666666667,0.7,16,euclidean,kd_tree,50,,0.20063216743035522
3,0.4066666666666667,0.7,16,euclidean,kd_tree,50,1.0,0.20063216743035522
3,0.4066666666666667,0.7,16,euclidean,kd_tree,50,2.0,0.20063216743035522
3,0.4066666666666667,0.7,16,euclidean,brute,10,,0.20063216743035522
3,0.4066666666666667,0.7,16,euclidean,brute,10,1.0,0.20063216743035522
3,0.4066666666666667,0.7,16,euclidean,brute,10,2.0,0.20063216743035522
3,0.4066666666666667,0.7,16,euclidean,brute,20,,0.20063216743035522
3,0.4066666666666667,0.7,16,euclidean,brute,20,1.0,0.20063216743035522
3,0.4066666666666667,0.7,16,euclidean,brute,20,2.0,0.20063216743035522
3,0.4066666666666667,0.7,16,euclidean,brute,30,,0.20063216743035522
3,0.4066666666666667,0.7,16,euclidean,brute,30,1.0,0.20063216743035522
3,0.4066666666666667,0.7,16,euclidean,brute,30,2.0,0.20063216743035522
3,0.4066666666666667,0.7,16,euclidean,brute,40,,0.20063216743035522
3,0.4066666666666667,0.7,16,euclidean,brute,40,1.0,0.20063216743035522
3,0.4066666666666667,0.7,16,euclidean,brute,40,2.0,0.20063216743035522
3,0.4066666666666667,0.7,16,euclidean,brute,50,,0.20063216743035522
3,0.4066666666666667,0.7,16,euclidean,brute,50,1.0,0.20063216743035522
3,0.4066666666666667,0.7,16,euclidean,brute,50,2.0,0.20063216743035522
0,1.0,0.7,16,manhattan,auto,10,,-1.0
0,1.0,0.7,16,manhattan,auto,10,1.0,-1.0
0,1.0,0.7,16,manhattan,auto,10,2.0,-1.0
0,1.0,0.7,16,manhattan,auto,20,,-1.0
0,1.0,0.7,16,manhattan,auto,20,1.0,-1.0
0,1.0,0.7,16,manhattan,auto,20,2.0,-1.0
0,1.0,0.7,16,manhattan,auto,30,,-1.0
0,1.0,0.7,16,manhattan,auto,30,1.0,-1.0
0,1.0,0.7,16,manhattan,auto,30,2.0,-1.0
0,1.0,0.7,16,manhattan,auto,40,,-1.0
0,1.0,0.7,16,manhattan,auto,40,1.0,-1.0
0,1.0,0.7,16,manhattan,auto,40,2.0,-1.0
0,1.0,0.7,16,manhattan,auto,50,,-1.0
0,1.0,0.7,16,manhattan,auto,50,1.0,-1.0
0,1.0,0.7,16,manhattan,auto,50,2.0,-1.0
0,1.0,0.7,16,manhattan,ball_tree,10,,-1.0
0,1.0,0.7,16,manhattan,ball_tree,10,1.0,-1.0
0,1.0,0.7,16,manhattan,ball_tree,10,2.0,-1.0
0,1.0,0.7,16,manhattan,ball_tree,20,,-1.0
0,1.0,0.7,16,manhattan,ball_tree,20,1.0,-1.0
0,1.0,0.7,16,manhattan,ball_tree,20,2.0,-1.0
0,1.0,0.7,16,manhattan,ball_tree,30,,-1.0
0,1.0,0.7,16,manhattan,ball_tree,30,1.0,-1.0
0,1.0,0.7,16,manhattan,ball_tree,30,2.0,-1.0
0,1.0,0.7,16,manhattan,ball_tree,40,,-1.0
0,1.0,0.7,16,manhattan,ball_tree,40,1.0,-1.0
0,1.0,0.7,16,manhattan,ball_tree,40,2.0,-1.0
0,1.0,0.7,16,manhattan,ball_tree,50,,-1.0
0,1.0,0.7,16,manhattan,ball_tree,50,1.0,-1.0
0,1.0,0.7,16,manhattan,ball_tree,50,2.0,-1.0
0,1.0,0.7,16,manhattan,kd_tree,10,,-1.0
0,1.0,0.7,16,manhattan,kd_tree,10,1.0,-1.0
0,1.0,0.7,16,manhattan,kd_tree,10,2.0,-1.0
0,1.0,0.7,16,manhattan,kd_tree,20,,-1.0
0,1.0,0.7,16,manhattan,kd_tree,20,1.0,-1.0
0,1.0,0.7,16,manhattan,kd_tree,20,2.0,-1.0
0,1.0,0.7,16,manhattan,kd_tree,30,,-1.0
0,1.0,0.7,16,manhattan,kd_tree,30,1.0,-1.0
0,1.0,0.7,16,manhattan,kd_tree,30,2.0,-1.0
0,1.0,0.7,16,manhattan,kd_tree,40,,-1.0
0,1.0,0.7,16,manhattan,kd_tree,40,1.0,-1.0
0,1.0,0.7,16,manhattan,kd_tree,40,2.0,-1.0
0,1.0,0.7,16,manhattan,kd_tree,50,,-1.0
0,1.0,0.7,16,manhattan,kd_tree,50,1.0,-1.0
0,1.0,0.7,16,manhattan,kd_tree,50,2.0,-1.0
0,1.0,0.7,16,manhattan,brute,10,,-1.0
0,1.0,0.7,16,manhattan,brute,10,1.0,-1.0
0,1.0,0.7,16,manhattan,brute,10,2.0,-1.0
0,1.0,0.7,16,manhattan,brute,20,,-1.0
0,1.0,0.7,16,manhattan,brute,20,1.0,-1.0
0,1.0,0.7,16,manhattan,brute,20,2.0,-1.0
0,1.0,0.7,16,manhattan,brute,30,,-1.0
0,1.0,0.7,16,manhattan,brute,30,1.0,-1.0
0,1.0,0.7,16,manhattan,brute,30,2.0,-1.0
0,1.0,0.7,16,manhattan,brute,40,,-1.0
0,1.0,0.7,16,manhattan,brute,40,1.0,-1.0
0,1.0,0.7,16,manhattan,brute,40,2.0,-1.0
0,1.0,0.7,16,manhattan,brute,50,,-1.0
0,1.0,0.7,16,manhattan,brute,50,1.0,-1.0
0,1.0,0.7,16,manhattan,brute,50,2.0,-1.0
0,1.0,0.7,16,mahalanobis,auto,10,,-1.0
0,1.0,0.7,16,mahalanobis,auto,10,1.0,-1.0
0,1.0,0.7,16,mahalanobis,auto,10,2.0,-1.0
0,1.0,0.7,16,mahalanobis,auto,20,,-1.0
0,1.0,0.7,16,mahalanobis,auto,20,1.0,-1.0
0,1.0,0.7,16,mahalanobis,auto,20,2.0,-1.0
0,1.0,0.7,16,mahalanobis,auto,30,,-1.0
0,1.0,0.7,16,mahalanobis,auto,30,1.0,-1.0
0,1.0,0.7,16,mahalanobis,auto,30,2.0,-1.0
0,1.0,0.7,16,mahalanobis,auto,40,,-1.0
0,1.0,0.7,16,mahalanobis,auto,40,1.0,-1.0
0,1.0,0.7,16,mahalanobis,auto,40,2.0,-1.0
0,1.0,0.7,16,mahalanobis,auto,50,,-1.0
0,1.0,0.7,16,mahalanobis,auto,50,1.0,-1.0
0,1.0,0.7,16,mahalanobis,auto,50,2.0,-1.0
0,1.0,0.7,16,mahalanobis,ball_tree,10,,-1.0
0,1.0,0.7,16,mahalanobis,ball_tree,10,1.0,-1.0
0,1.0,0.7,16,mahalanobis,ball_tree,10,2.0,-1.0
0,1.0,0.7,16,mahalanobis,ball_tree,20,,-1.0
0,1.0,0.7,16,mahalanobis,ball_tree,20,1.0,-1.0
0,1.0,0.7,16,mahalanobis,ball_tree,20,2.0,-1.0
0,1.0,0.7,16,mahalanobis,ball_tree,30,,-1.0
0,1.0,0.7,16,mahalanobis,ball_tree,30,1.0,-1.0
0,1.0,0.7,16,mahalanobis,ball_tree,30,2.0,-1.0
0,1.0,0.7,16,mahalanobis,ball_tree,40,,-1.0
0,1.0,0.7,16,mahalanobis,ball_tree,40,1.0,-1.0
0,1.0,0.7,16,mahalanobis,ball_tree,40,2.0,-1.0
0,1.0,0.7,16,mahalanobis,ball_tree,50,,-1.0
0,1.0,0.7,16,mahalanobis,ball_tree,50,1.0,-1.0
0,1.0,0.7,16,mahalanobis,ball_tree,50,2.0,-1.0
0,1.0,0.7,16,mahalanobis,kd_tree,10,,-1.0
0,1.0,0.7,16,mahalanobis,kd_tree,10,1.0,-1.0
0,1.0,0.7,16,mahalanobis,kd_tree,10,2.0,-1.0
0,1.0,0.7,16,mahalanobis,kd_tree,20,,-1.0
0,1.0,0.7,16,mahalanobis,kd_tree,20,1.0,-1.0
0,1.0,0.7,16,mahalanobis,kd_tree,20,2.0,-1.0
0,1.0,0.7,16,mahalanobis,kd_tree,30,,-1.0
0,1.0,0.7,16,mahalanobis,kd_tree,30,1.0,-1.0
0,1.0,0.7,16,mahalanobis,kd_tree,30,2.0,-1.0
0,1.0,0.7,16,mahalanobis,kd_tree,40,,-1.0
0,1.0,0.7,16,mahalanobis,kd_tree,40,1.0,-1.0
0,1.0,0.7,16,mahalanobis,kd_tree,40,2.0,-1.0
0,1.0,0.7,16,mahalanobis,kd_tree,50,,-1.0
0,1.0,0.7,16,mahalanobis,kd_tree,50,1.0,-1.0
0,1.0,0.7,16,mahalanobis,kd_tree,50,2.0,-1.0
0,1.0,0.7,16,mahalanobis,brute,10,,-1.0
0,1.0,0.7,16,mahalanobis,brute,10,1.0,-1.0
0,1.0,0.7,16,mahalanobis,brute,10,2.0,-1.0
0,1.0,0.7,16,mahalanobis,brute,20,,-1.0
0,1.0,0.7,16,mahalanobis,brute,20,1.0,-1.0
0,1.0,0.7,16,mahalanobis,brute,20,2.0,-1.0
0,1.0,0.7,16,mahalanobis,brute,30,,-1.0
0,1.0,0.7,16,mahalanobis,brute,30,1.0,-1.0
0,1.0,0.7,16,mahalanobis,brute,30,2.0,-1.0
0,1.0,0.7,16,mahalanobis,brute,40,,-1.0
0,1.0,0.7,16,mahalanobis,brute,40,1.0,-1.0
0,1.0,0.7,16,mahalanobis,brute,40,2.0,-1.0
0,1.0,0.7,16,mahalanobis,brute,50,,-1.0
0,1.0,0.7,16,mahalanobis,brute,50,1.0,-1.0
0,1.0,0.7,16,mahalanobis,brute,50,2.0,-1.0
3,0.42,0.7,17,euclidean,auto,10,,0.18326195575382448
3,0.42,0.7,17,euclidean,auto,10,1.0,0.18326195575382448
3,0.42,0.7,17,euclidean,auto,10,2.0,0.18326195575382448
3,0.42,0.7,17,euclidean,auto,20,,0.18326195575382448
3,0.42,0.7,17,euclidean,auto,20,1.0,0.18326195575382448
3,0.42,0.7,17,euclidean,auto,20,2.0,0.18326195575382448
3,0.42,0.7,17,euclidean,auto,30,,0.18326195575382448
3,0.42,0.7,17,euclidean,auto,30,1.0,0.18326195575382448
3,0.42,0.7,17,euclidean,auto,30,2.0,0.18326195575382448
3,0.42,0.7,17,euclidean,auto,40,,0.18326195575382448
3,0.42,0.7,17,euclidean,auto,40,1.0,0.18326195575382448
3,0.42,0.7,17,euclidean,auto,40,2.0,0.18326195575382448
3,0.42,0.7,17,euclidean,auto,50,,0.18326195575382448
3,0.42,0.7,17,euclidean,auto,50,1.0,0.18326195575382448
3,0.42,0.7,17,euclidean,auto,50,2.0,0.18326195575382448
3,0.42,0.7,17,euclidean,ball_tree,10,,0.18326195575382448
3,0.42,0.7,17,euclidean,ball_tree,10,1.0,0.18326195575382448
3,0.42,0.7,17,euclidean,ball_tree,10,2.0,0.18326195575382448
3,0.42,0.7,17,euclidean,ball_tree,20,,0.18326195575382448
3,0.42,0.7,17,euclidean,ball_tree,20,1.0,0.18326195575382448
3,0.42,0.7,17,euclidean,ball_tree,20,2.0,0.18326195575382448
3,0.42,0.7,17,euclidean,ball_tree,30,,0.18326195575382448
3,0.42,0.7,17,euclidean,ball_tree,30,1.0,0.18326195575382448
3,0.42,0.7,17,euclidean,ball_tree,30,2.0,0.18326195575382448
3,0.42,0.7,17,euclidean,ball_tree,40,,0.18326195575382448
3,0.42,0.7,17,euclidean,ball_tree,40,1.0,0.18326195575382448
3,0.42,0.7,17,euclidean,ball_tree,40,2.0,0.18326195575382448
3,0.42,0.7,17,euclidean,ball_tree,50,,0.18326195575382448
3,0.42,0.7,17,euclidean,ball_tree,50,1.0,0.18326195575382448
3,0.42,0.7,17,euclidean,ball_tree,50,2.0,0.18326195575382448
3,0.42,0.7,17,euclidean,kd_tree,10,,0.18326195575382448
3,0.42,0.7,17,euclidean,kd_tree,10,1.0,0.18326195575382448
3,0.42,0.7,17,euclidean,kd_tree,10,2.0,0.18326195575382448
3,0.42,0.7,17,euclidean,kd_tree,20,,0.18326195575382448
3,0.42,0.7,17,euclidean,kd_tree,20,1.0,0.18326195575382448
3,0.42,0.7,17,euclidean,kd_tree,20,2.0,0.18326195575382448
3,0.42,0.7,17,euclidean,kd_tree,30,,0.18326195575382448
3,0.42,0.7,17,euclidean,kd_tree,30,1.0,0.18326195575382448
3,0.42,0.7,17,euclidean,kd_tree,30,2.0,0.18326195575382448
3,0.42,0.7,17,euclidean,kd_tree,40,,0.18326195575382448
3,0.42,0.7,17,euclidean,kd_tree,40,1.0,0.18326195575382448
3,0.42,0.7,17,euclidean,kd_tree,40,2.0,0.18326195575382448
3,0.42,0.7,17,euclidean,kd_tree,50,,0.18326195575382448
3,0.42,0.7,17,euclidean,kd_tree,50,1.0,0.18326195575382448
3,0.42,0.7,17,euclidean,kd_tree,50,2.0,0.18326195575382448
3,0.42,0.7,17,euclidean,brute,10,,0.18326195575382448
3,0.42,0.7,17,euclidean,brute,10,1.0,0.18326195575382448
3,0.42,0.7,17,euclidean,brute,10,2.0,0.18326195575382448
3,0.42,0.7,17,euclidean,brute,20,,0.18326195575382448
3,0.42,0.7,17,euclidean,brute,20,1.0,0.18326195575382448
3,0.42,0.7,17,euclidean,brute,20,2.0,0.18326195575382448
3,0.42,0.7,17,euclidean,brute,30,,0.18326195575382448
3,0.42,0.7,17,euclidean,brute,30,1.0,0.18326195575382448
3,0.42,0.7,17,euclidean,brute,30,2.0,0.18326195575382448
3,0.42,0.7,17,euclidean,brute,40,,0.18326195575382448
3,0.42,0.7,17,euclidean,brute,40,1.0,0.18326195575382448
3,0.42,0.7,17,euclidean,brute,40,2.0,0.18326195575382448
3,0.42,0.7,17,euclidean,brute,50,,0.18326195575382448
3,0.42,0.7,17,euclidean,brute,50,1.0,0.18326195575382448
3,0.42,0.7,17,euclidean,brute,50,2.0,0.18326195575382448
0,1.0,0.7,17,manhattan,auto,10,,-1.0
0,1.0,0.7,17,manhattan,auto,10,1.0,-1.0
0,1.0,0.7,17,manhattan,auto,10,2.0,-1.0
0,1.0,0.7,17,manhattan,auto,20,,-1.0
0,1.0,0.7,17,manhattan,auto,20,1.0,-1.0
0,1.0,0.7,17,manhattan,auto,20,2.0,-1.0
0,1.0,0.7,17,manhattan,auto,30,,-1.0
0,1.0,0.7,17,manhattan,auto,30,1.0,-1.0
0,1.0,0.7,17,manhattan,auto,30,2.0,-1.0
0,1.0,0.7,17,manhattan,auto,40,,-1.0
0,1.0,0.7,17,manhattan,auto,40,1.0,-1.0
0,1.0,0.7,17,manhattan,auto,40,2.0,-1.0
0,1.0,0.7,17,manhattan,auto,50,,-1.0
0,1.0,0.7,17,manhattan,auto,50,1.0,-1.0
0,1.0,0.7,17,manhattan,auto,50,2.0,-1.0
0,1.0,0.7,17,manhattan,ball_tree,10,,-1.0
0,1.0,0.7,17,manhattan,ball_tree,10,1.0,-1.0
0,1.0,0.7,17,manhattan,ball_tree,10,2.0,-1.0
0,1.0,0.7,17,manhattan,ball_tree,20,,-1.0
0,1.0,0.7,17,manhattan,ball_tree,20,1.0,-1.0
0,1.0,0.7,17,manhattan,ball_tree,20,2.0,-1.0
0,1.0,0.7,17,manhattan,ball_tree,30,,-1.0
0,1.0,0.7,17,manhattan,ball_tree,30,1.0,-1.0
0,1.0,0.7,17,manhattan,ball_tree,30,2.0,-1.0
0,1.0,0.7,17,manhattan,ball_tree,40,,-1.0
0,1.0,0.7,17,manhattan,ball_tree,40,1.0,-1.0
0,1.0,0.7,17,manhattan,ball_tree,40,2.0,-1.0
0,1.0,0.7,17,manhattan,ball_tree,50,,-1.0
0,1.0,0.7,17,manhattan,ball_tree,50,1.0,-1.0
0,1.0,0.7,17,manhattan,ball_tree,50,2.0,-1.0
0,1.0,0.7,17,manhattan,kd_tree,10,,-1.0
0,1.0,0.7,17,manhattan,kd_tree,10,1.0,-1.0
0,1.0,0.7,17,manhattan,kd_tree,10,2.0,-1.0
0,1.0,0.7,17,manhattan,kd_tree,20,,-1.0
0,1.0,0.7,17,manhattan,kd_tree,20,1.0,-1.0
0,1.0,0.7,17,manhattan,kd_tree,20,2.0,-1.0
0,1.0,0.7,17,manhattan,kd_tree,30,,-1.0
0,1.0,0.7,17,manhattan,kd_tree,30,1.0,-1.0
0,1.0,0.7,17,manhattan,kd_tree,30,2.0,-1.0
0,1.0,0.7,17,manhattan,kd_tree,40,,-1.0
0,1.0,0.7,17,manhattan,kd_tree,40,1.0,-1.0
0,1.0,0.7,17,manhattan,kd_tree,40,2.0,-1.0
0,1.0,0.7,17,manhattan,kd_tree,50,,-1.0
0,1.0,0.7,17,manhattan,kd_tree,50,1.0,-1.0
0,1.0,0.7,17,manhattan,kd_tree,50,2.0,-1.0
0,1.0,0.7,17,manhattan,brute,10,,-1.0
0,1.0,0.7,17,manhattan,brute,10,1.0,-1.0
0,1.0,0.7,17,manhattan,brute,10,2.0,-1.0
0,1.0,0.7,17,manhattan,brute,20,,-1.0
0,1.0,0.7,17,manhattan,brute,20,1.0,-1.0
0,1.0,0.7,17,manhattan,brute,20,2.0,-1.0
0,1.0,0.7,17,manhattan,brute,30,,-1.0
0,1.0,0.7,17,manhattan,brute,30,1.0,-1.0
0,1.0,0.7,17,manhattan,brute,30,2.0,-1.0
0,1.0,0.7,17,manhattan,brute,40,,-1.0
0,1.0,0.7,17,manhattan,brute,40,1.0,-1.0
0,1.0,0.7,17,manhattan,brute,40,2.0,-1.0
0,1.0,0.7,17,manhattan,brute,50,,-1.0
0,1.0,0.7,17,manhattan,brute,50,1.0,-1.0
0,1.0,0.7,17,manhattan,brute,50,2.0,-1.0
0,1.0,0.7,17,mahalanobis,auto,10,,-1.0
0,1.0,0.7,17,mahalanobis,auto,10,1.0,-1.0
0,1.0,0.7,17,mahalanobis,auto,10,2.0,-1.0
0,1.0,0.7,17,mahalanobis,auto,20,,-1.0
0,1.0,0.7,17,mahalanobis,auto,20,1.0,-1.0
0,1.0,0.7,17,mahalanobis,auto,20,2.0,-1.0
0,1.0,0.7,17,mahalanobis,auto,30,,-1.0
0,1.0,0.7,17,mahalanobis,auto,30,1.0,-1.0
0,1.0,0.7,17,mahalanobis,auto,30,2.0,-1.0
0,1.0,0.7,17,mahalanobis,auto,40,,-1.0
0,1.0,0.7,17,mahalanobis,auto,40,1.0,-1.0
0,1.0,0.7,17,mahalanobis,auto,40,2.0,-1.0
0,1.0,0.7,17,mahalanobis,auto,50,,-1.0
0,1.0,0.7,17,mahalanobis,auto,50,1.0,-1.0
0,1.0,0.7,17,mahalanobis,auto,50,2.0,-1.0
0,1.0,0.7,17,mahalanobis,ball_tree,10,,-1.0
0,1.0,0.7,17,mahalanobis,ball_tree,10,1.0,-1.0
0,1.0,0.7,17,mahalanobis,ball_tree,10,2.0,-1.0
0,1.0,0.7,17,mahalanobis,ball_tree,20,,-1.0
0,1.0,0.7,17,mahalanobis,ball_tree,20,1.0,-1.0
0,1.0,0.7,17,mahalanobis,ball_tree,20,2.0,-1.0
0,1.0,0.7,17,mahalanobis,ball_tree,30,,-1.0
0,1.0,0.7,17,mahalanobis,ball_tree,30,1.0,-1.0
0,1.0,0.7,17,mahalanobis,ball_tree,30,2.0,-1.0
0,1.0,0.7,17,mahalanobis,ball_tree,40,,-1.0
0,1.0,0.7,17,mahalanobis,ball_tree,40,1.0,-1.0
0,1.0,0.7,17,mahalanobis,ball_tree,40,2.0,-1.0
0,1.0,0.7,17,mahalanobis,ball_tree,50,,-1.0
0,1.0,0.7,17,mahalanobis,ball_tree,50,1.0,-1.0
0,1.0,0.7,17,mahalanobis,ball_tree,50,2.0,-1.0
0,1.0,0.7,17,mahalanobis,kd_tree,10,,-1.0
0,1.0,0.7,17,mahalanobis,kd_tree,10,1.0,-1.0
0,1.0,0.7,17,mahalanobis,kd_tree,10,2.0,-1.0
0,1.0,0.7,17,mahalanobis,kd_tree,20,,-1.0
0,1.0,0.7,17,mahalanobis,kd_tree,20,1.0,-1.0
0,1.0,0.7,17,mahalanobis,kd_tree,20,2.0,-1.0
0,1.0,0.7,17,mahalanobis,kd_tree,30,,-1.0
0,1.0,0.7,17,mahalanobis,kd_tree,30,1.0,-1.0
0,1.0,0.7,17,mahalanobis,kd_tree,30,2.0,-1.0
0,1.0,0.7,17,mahalanobis,kd_tree,40,,-1.0
0,1.0,0.7,17,mahalanobis,kd_tree,40,1.0,-1.0
0,1.0,0.7,17,mahalanobis,kd_tree,40,2.0,-1.0
0,1.0,0.7,17,mahalanobis,kd_tree,50,,-1.0
0,1.0,0.7,17,mahalanobis,kd_tree,50,1.0,-1.0
0,1.0,0.7,17,mahalanobis,kd_tree,50,2.0,-1.0
0,1.0,0.7,17,mahalanobis,brute,10,,-1.0
0,1.0,0.7,17,mahalanobis,brute,10,1.0,-1.0
0,1.0,0.7,17,mahalanobis,brute,10,2.0,-1.0
0,1.0,0.7,17,mahalanobis,brute,20,,-1.0
0,1.0,0.7,17,mahalanobis,brute,20,1.0,-1.0
0,1.0,0.7,17,mahalanobis,brute,20,2.0,-1.0
0,1.0,0.7,17,mahalanobis,brute,30,,-1.0
0,1.0,0.7,17,mahalanobis,brute,30,1.0,-1.0
0,1.0,0.7,17,mahalanobis,brute,30,2.0,-1.0
0,1.0,0.7,17,mahalanobis,brute,40,,-1.0
0,1.0,0.7,17,mahalanobis,brute,40,1.0,-1.0
0,1.0,0.7,17,mahalanobis,brute,40,2.0,-1.0
0,1.0,0.7,17,mahalanobis,brute,50,,-1.0
0,1.0,0.7,17,mahalanobis,brute,50,1.0,-1.0
0,1.0,0.7,17,mahalanobis,brute,50,2.0,-1.0
2,0.5533333333333333,0.7,18,euclidean,auto,10,,0.2218259880823335
2,0.5533333333333333,0.7,18,euclidean,auto,10,1.0,0.2218259880823335
2,0.5533333333333333,0.7,18,euclidean,auto,10,2.0,0.2218259880823335
2,0.5533333333333333,0.7,18,euclidean,auto,20,,0.2218259880823335
2,0.5533333333333333,0.7,18,euclidean,auto,20,1.0,0.2218259880823335
2,0.5533333333333333,0.7,18,euclidean,auto,20,2.0,0.2218259880823335
2,0.5533333333333333,0.7,18,euclidean,auto,30,,0.2218259880823335
2,0.5533333333333333,0.7,18,euclidean,auto,30,1.0,0.2218259880823335
2,0.5533333333333333,0.7,18,euclidean,auto,30,2.0,0.2218259880823335
2,0.5533333333333333,0.7,18,euclidean,auto,40,,0.2218259880823335
2,0.5533333333333333,0.7,18,euclidean,auto,40,1.0,0.2218259880823335
2,0.5533333333333333,0.7,18,euclidean,auto,40,2.0,0.2218259880823335
2,0.5533333333333333,0.7,18,euclidean,auto,50,,0.2218259880823335
2,0.5533333333333333,0.7,18,euclidean,auto,50,1.0,0.2218259880823335
2,0.5533333333333333,0.7,18,euclidean,auto,50,2.0,0.2218259880823335
2,0.5533333333333333,0.7,18,euclidean,ball_tree,10,,0.2218259880823335
2,0.5533333333333333,0.7,18,euclidean,ball_tree,10,1.0,0.2218259880823335
2,0.5533333333333333,0.7,18,euclidean,ball_tree,10,2.0,0.2218259880823335
2,0.5533333333333333,0.7,18,euclidean,ball_tree,20,,0.2218259880823335
2,0.5533333333333333,0.7,18,euclidean,ball_tree,20,1.0,0.2218259880823335
2,0.5533333333333333,0.7,18,euclidean,ball_tree,20,2.0,0.2218259880823335
2,0.5533333333333333,0.7,18,euclidean,ball_tree,30,,0.2218259880823335
2,0.5533333333333333,0.7,18,euclidean,ball_tree,30,1.0,0.2218259880823335
2,0.5533333333333333,0.7,18,euclidean,ball_tree,30,2.0,0.2218259880823335
2,0.5533333333333333,0.7,18,euclidean,ball_tree,40,,0.2218259880823335
2,0.5533333333333333,0.7,18,euclidean,ball_tree,40,1.0,0.2218259880823335
2,0.5533333333333333,0.7,18,euclidean,ball_tree,40,2.0,0.2218259880823335
2,0.5533333333333333,0.7,18,euclidean,ball_tree,50,,0.2218259880823335
2,0.5533333333333333,0.7,18,euclidean,ball_tree,50,1.0,0.2218259880823335
2,0.5533333333333333,0.7,18,euclidean,ball_tree,50,2.0,0.2218259880823335
2,0.5533333333333333,0.7,18,euclidean,kd_tree,10,,0.2218259880823335
2,0.5533333333333333,0.7,18,euclidean,kd_tree,10,1.0,0.2218259880823335
2,0.5533333333333333,0.7,18,euclidean,kd_tree,10,2.0,0.2218259880823335
2,0.5533333333333333,0.7,18,euclidean,kd_tree,20,,0.2218259880823335
2,0.5533333333333333,0.7,18,euclidean,kd_tree,20,1.0,0.2218259880823335
2,0.5533333333333333,0.7,18,euclidean,kd_tree,20,2.0,0.2218259880823335
2,0.5533333333333333,0.7,18,euclidean,kd_tree,30,,0.2218259880823335
2,0.5533333333333333,0.7,18,euclidean,kd_tree,30,1.0,0.2218259880823335
2,0.5533333333333333,0.7,18,euclidean,kd_tree,30,2.0,0.2218259880823335
2,0.5533333333333333,0.7,18,euclidean,kd_tree,40,,0.2218259880823335
2,0.5533333333333333,0.7,18,euclidean,kd_tree,40,1.0,0.2218259880823335
2,0.5533333333333333,0.7,18,euclidean,kd_tree,40,2.0,0.2218259880823335
2,0.5533333333333333,0.7,18,euclidean,kd_tree,50,,0.2218259880823335
2,0.5533333333333333,0.7,18,euclidean,kd_tree,50,1.0,0.2218259880823335
2,0.5533333333333333,0.7,18,euclidean,kd_tree,50,2.0,0.2218259880823335
2,0.5533333333333333,0.7,18,euclidean,brute,10,,0.2218259880823335
2,0.5533333333333333,0.7,18,euclidean,brute,10,1.0,0.2218259880823335
2,0.5533333333333333,0.7,18,euclidean,brute,10,2.0,0.2218259880823335
2,0.5533333333333333,0.7,18,euclidean,brute,20,,0.2218259880823335
2,0.5533333333333333,0.7,18,euclidean,brute,20,1.0,0.2218259880823335
2,0.5533333333333333,0.7,18,euclidean,brute,20,2.0,0.2218259880823335
2,0.5533333333333333,0.7,18,euclidean,brute,30,,0.2218259880823335
2,0.5533333333333333,0.7,18,euclidean,brute,30,1.0,0.2218259880823335
2,0.5533333333333333,0.7,18,euclidean,brute,30,2.0,0.2218259880823335
2,0.5533333333333333,0.7,18,euclidean,brute,40,,0.2218259880823335
2,0.5533333333333333,0.7,18,euclidean,brute,40,1.0,0.2218259880823335
2,0.5533333333333333,0.7,18,euclidean,brute,40,2.0,0.2218259880823335
2,0.5533333333333333,0.7,18,euclidean,brute,50,,0.2218259880823335
2,0.5533333333333333,0.7,18,euclidean,brute,50,1.0,0.2218259880823335
2,0.5533333333333333,0.7,18,euclidean,brute,50,2.0,0.2218259880823335
0,1.0,0.7,18,manhattan,auto,10,,-1.0
0,1.0,0.7,18,manhattan,auto,10,1.0,-1.0
0,1.0,0.7,18,manhattan,auto,10,2.0,-1.0
0,1.0,0.7,18,manhattan,auto,20,,-1.0
0,1.0,0.7,18,manhattan,auto,20,1.0,-1.0
0,1.0,0.7,18,manhattan,auto,20,2.0,-1.0
0,1.0,0.7,18,manhattan,auto,30,,-1.0
0,1.0,0.7,18,manhattan,auto,30,1.0,-1.0
0,1.0,0.7,18,manhattan,auto,30,2.0,-1.0
0,1.0,0.7,18,manhattan,auto,40,,-1.0
0,1.0,0.7,18,manhattan,auto,40,1.0,-1.0
0,1.0,0.7,18,manhattan,auto,40,2.0,-1.0
0,1.0,0.7,18,manhattan,auto,50,,-1.0
0,1.0,0.7,18,manhattan,auto,50,1.0,-1.0
0,1.0,0.7,18,manhattan,auto,50,2.0,-1.0
0,1.0,0.7,18,manhattan,ball_tree,10,,-1.0
0,1.0,0.7,18,manhattan,ball_tree,10,1.0,-1.0
0,1.0,0.7,18,manhattan,ball_tree,10,2.0,-1.0
0,1.0,0.7,18,manhattan,ball_tree,20,,-1.0
0,1.0,0.7,18,manhattan,ball_tree,20,1.0,-1.0
0,1.0,0.7,18,manhattan,ball_tree,20,2.0,-1.0
0,1.0,0.7,18,manhattan,ball_tree,30,,-1.0
0,1.0,0.7,18,manhattan,ball_tree,30,1.0,-1.0
0,1.0,0.7,18,manhattan,ball_tree,30,2.0,-1.0
0,1.0,0.7,18,manhattan,ball_tree,40,,-1.0
0,1.0,0.7,18,manhattan,ball_tree,40,1.0,-1.0
0,1.0,0.7,18,manhattan,ball_tree,40,2.0,-1.0
0,1.0,0.7,18,manhattan,ball_tree,50,,-1.0
0,1.0,0.7,18,manhattan,ball_tree,50,1.0,-1.0
0,1.0,0.7,18,manhattan,ball_tree,50,2.0,-1.0
0,1.0,0.7,18,manhattan,kd_tree,10,,-1.0
0,1.0,0.7,18,manhattan,kd_tree,10,1.0,-1.0
0,1.0,0.7,18,manhattan,kd_tree,10,2.0,-1.0
0,1.0,0.7,18,manhattan,kd_tree,20,,-1.0
0,1.0,0.7,18,manhattan,kd_tree,20,1.0,-1.0
0,1.0,0.7,18,manhattan,kd_tree,20,2.0,-1.0
0,1.0,0.7,18,manhattan,kd_tree,30,,-1.0
0,1.0,0.7,18,manhattan,kd_tree,30,1.0,-1.0
0,1.0,0.7,18,manhattan,kd_tree,30,2.0,-1.0
0,1.0,0.7,18,manhattan,kd_tree,40,,-1.0
0,1.0,0.7,18,manhattan,kd_tree,40,1.0,-1.0
0,1.0,0.7,18,manhattan,kd_tree,40,2.0,-1.0
0,1.0,0.7,18,manhattan,kd_tree,50,,-1.0
0,1.0,0.7,18,manhattan,kd_tree,50,1.0,-1.0
0,1.0,0.7,18,manhattan,kd_tree,50,2.0,-1.0
0,1.0,0.7,18,manhattan,brute,10,,-1.0
0,1.0,0.7,18,manhattan,brute,10,1.0,-1.0
0,1.0,0.7,18,manhattan,brute,10,2.0,-1.0
0,1.0,0.7,18,manhattan,brute,20,,-1.0
0,1.0,0.7,18,manhattan,brute,20,1.0,-1.0
0,1.0,0.7,18,manhattan,brute,20,2.0,-1.0
0,1.0,0.7,18,manhattan,brute,30,,-1.0
0,1.0,0.7,18,manhattan,brute,30,1.0,-1.0
0,1.0,0.7,18,manhattan,brute,30,2.0,-1.0
0,1.0,0.7,18,manhattan,brute,40,,-1.0
0,1.0,0.7,18,manhattan,brute,40,1.0,-1.0
0,1.0,0.7,18,manhattan,brute,40,2.0,-1.0
0,1.0,0.7,18,manhattan,brute,50,,-1.0
0,1.0,0.7,18,manhattan,brute,50,1.0,-1.0
0,1.0,0.7,18,manhattan,brute,50,2.0,-1.0
0,1.0,0.7,18,mahalanobis,auto,10,,-1.0
0,1.0,0.7,18,mahalanobis,auto,10,1.0,-1.0
0,1.0,0.7,18,mahalanobis,auto,10,2.0,-1.0
0,1.0,0.7,18,mahalanobis,auto,20,,-1.0
0,1.0,0.7,18,mahalanobis,auto,20,1.0,-1.0
0,1.0,0.7,18,mahalanobis,auto,20,2.0,-1.0
0,1.0,0.7,18,mahalanobis,auto,30,,-1.0
0,1.0,0.7,18,mahalanobis,auto,30,1.0,-1.0
0,1.0,0.7,18,mahalanobis,auto,30,2.0,-1.0
0,1.0,0.7,18,mahalanobis,auto,40,,-1.0
0,1.0,0.7,18,mahalanobis,auto,40,1.0,-1.0
0,1.0,0.7,18,mahalanobis,auto,40,2.0,-1.0
0,1.0,0.7,18,mahalanobis,auto,50,,-1.0
0,1.0,0.7,18,mahalanobis,auto,50,1.0,-1.0
0,1.0,0.7,18,mahalanobis,auto,50,2.0,-1.0
0,1.0,0.7,18,mahalanobis,ball_tree,10,,-1.0
0,1.0,0.7,18,mahalanobis,ball_tree,10,1.0,-1.0
0,1.0,0.7,18,mahalanobis,ball_tree,10,2.0,-1.0
0,1.0,0.7,18,mahalanobis,ball_tree,20,,-1.0
0,1.0,0.7,18,mahalanobis,ball_tree,20,1.0,-1.0
0,1.0,0.7,18,mahalanobis,ball_tree,20,2.0,-1.0
0,1.0,0.7,18,mahalanobis,ball_tree,30,,-1.0
0,1.0,0.7,18,mahalanobis,ball_tree,30,1.0,-1.0
0,1.0,0.7,18,mahalanobis,ball_tree,30,2.0,-1.0
0,1.0,0.7,18,mahalanobis,ball_tree,40,,-1.0
0,1.0,0.7,18,mahalanobis,ball_tree,40,1.0,-1.0
0,1.0,0.7,18,mahalanobis,ball_tree,40,2.0,-1.0
0,1.0,0.7,18,mahalanobis,ball_tree,50,,-1.0
0,1.0,0.7,18,mahalanobis,ball_tree,50,1.0,-1.0
0,1.0,0.7,18,mahalanobis,ball_tree,50,2.0,-1.0
0,1.0,0.7,18,mahalanobis,kd_tree,10,,-1.0
0,1.0,0.7,18,mahalanobis,kd_tree,10,1.0,-1.0
0,1.0,0.7,18,mahalanobis,kd_tree,10,2.0,-1.0
0,1.0,0.7,18,mahalanobis,kd_tree,20,,-1.0
0,1.0,0.7,18,mahalanobis,kd_tree,20,1.0,-1.0
0,1.0,0.7,18,mahalanobis,kd_tree,20,2.0,-1.0
0,1.0,0.7,18,mahalanobis,kd_tree,30,,-1.0
0,1.0,0.7,18,mahalanobis,kd_tree,30,1.0,-1.0
0,1.0,0.7,18,mahalanobis,kd_tree,30,2.0,-1.0
0,1.0,0.7,18,mahalanobis,kd_tree,40,,-1.0
0,1.0,0.7,18,mahalanobis,kd_tree,40,1.0,-1.0
0,1.0,0.7,18,mahalanobis,kd_tree,40,2.0,-1.0
0,1.0,0.7,18,mahalanobis,kd_tree,50,,-1.0
0,1.0,0.7,18,mahalanobis,kd_tree,50,1.0,-1.0
0,1.0,0.7,18,mahalanobis,kd_tree,50,2.0,-1.0
0,1.0,0.7,18,mahalanobis,brute,10,,-1.0
0,1.0,0.7,18,mahalanobis,brute,10,1.0,-1.0
0,1.0,0.7,18,mahalanobis,brute,10,2.0,-1.0
0,1.0,0.7,18,mahalanobis,brute,20,,-1.0
0,1.0,0.7,18,mahalanobis,brute,20,1.0,-1.0
0,1.0,0.7,18,mahalanobis,brute,20,2.0,-1.0
0,1.0,0.7,18,mahalanobis,brute,30,,-1.0
0,1.0,0.7,18,mahalanobis,brute,30,1.0,-1.0
0,1.0,0.7,18,mahalanobis,brute,30,2.0,-1.0
0,1.0,0.7,18,mahalanobis,brute,40,,-1.0
0,1.0,0.7,18,mahalanobis,brute,40,1.0,-1.0
0,1.0,0.7,18,mahalanobis,brute,40,2.0,-1.0
0,1.0,0.7,18,mahalanobis,brute,50,,-1.0
0,1.0,0.7,18,mahalanobis,brute,50,1.0,-1.0
0,1.0,0.7,18,mahalanobis,brute,50,2.0,-1.0
2,0.5733333333333334,0.7,19,euclidean,auto,10,,0.20058403947532025
2,0.5733333333333334,0.7,19,euclidean,auto,10,1.0,0.20058403947532025
2,0.5733333333333334,0.7,19,euclidean,auto,10,2.0,0.20058403947532025
2,0.5733333333333334,0.7,19,euclidean,auto,20,,0.20058403947532025
2,0.5733333333333334,0.7,19,euclidean,auto,20,1.0,0.20058403947532025
2,0.5733333333333334,0.7,19,euclidean,auto,20,2.0,0.20058403947532025
2,0.5733333333333334,0.7,19,euclidean,auto,30,,0.20058403947532025
2,0.5733333333333334,0.7,19,euclidean,auto,30,1.0,0.20058403947532025
2,0.5733333333333334,0.7,19,euclidean,auto,30,2.0,0.20058403947532025
2,0.5733333333333334,0.7,19,euclidean,auto,40,,0.20058403947532025
2,0.5733333333333334,0.7,19,euclidean,auto,40,1.0,0.20058403947532025
2,0.5733333333333334,0.7,19,euclidean,auto,40,2.0,0.20058403947532025
2,0.5733333333333334,0.7,19,euclidean,auto,50,,0.20058403947532025
2,0.5733333333333334,0.7,19,euclidean,auto,50,1.0,0.20058403947532025
2,0.5733333333333334,0.7,19,euclidean,auto,50,2.0,0.20058403947532025
2,0.5733333333333334,0.7,19,euclidean,ball_tree,10,,0.20058403947532025
2,0.5733333333333334,0.7,19,euclidean,ball_tree,10,1.0,0.20058403947532025
2,0.5733333333333334,0.7,19,euclidean,ball_tree,10,2.0,0.20058403947532025
2,0.5733333333333334,0.7,19,euclidean,ball_tree,20,,0.20058403947532025
2,0.5733333333333334,0.7,19,euclidean,ball_tree,20,1.0,0.20058403947532025
2,0.5733333333333334,0.7,19,euclidean,ball_tree,20,2.0,0.20058403947532025
2,0.5733333333333334,0.7,19,euclidean,ball_tree,30,,0.20058403947532025
2,0.5733333333333334,0.7,19,euclidean,ball_tree,30,1.0,0.20058403947532025
2,0.5733333333333334,0.7,19,euclidean,ball_tree,30,2.0,0.20058403947532025
2,0.5733333333333334,0.7,19,euclidean,ball_tree,40,,0.20058403947532025
2,0.5733333333333334,0.7,19,euclidean,ball_tree,40,1.0,0.20058403947532025
2,0.5733333333333334,0.7,19,euclidean,ball_tree,40,2.0,0.20058403947532025
2,0.5733333333333334,0.7,19,euclidean,ball_tree,50,,0.20058403947532025
2,0.5733333333333334,0.7,19,euclidean,ball_tree,50,1.0,0.20058403947532025
2,0.5733333333333334,0.7,19,euclidean,ball_tree,50,2.0,0.20058403947532025
2,0.5733333333333334,0.7,19,euclidean,kd_tree,10,,0.20058403947532025
2,0.5733333333333334,0.7,19,euclidean,kd_tree,10,1.0,0.20058403947532025
2,0.5733333333333334,0.7,19,euclidean,kd_tree,10,2.0,0.20058403947532025
2,0.5733333333333334,0.7,19,euclidean,kd_tree,20,,0.20058403947532025
2,0.5733333333333334,0.7,19,euclidean,kd_tree,20,1.0,0.20058403947532025
2,0.5733333333333334,0.7,19,euclidean,kd_tree,20,2.0,0.20058403947532025
2,0.5733333333333334,0.7,19,euclidean,kd_tree,30,,0.20058403947532025
2,0.5733333333333334,0.7,19,euclidean,kd_tree,30,1.0,0.20058403947532025
2,0.5733333333333334,0.7,19,euclidean,kd_tree,30,2.0,0.20058403947532025
2,0.5733333333333334,0.7,19,euclidean,kd_tree,40,,0.20058403947532025
2,0.5733333333333334,0.7,19,euclidean,kd_tree,40,1.0,0.20058403947532025
2,0.5733333333333334,0.7,19,euclidean,kd_tree,40,2.0,0.20058403947532025
2,0.5733333333333334,0.7,19,euclidean,kd_tree,50,,0.20058403947532025
2,0.5733333333333334,0.7,19,euclidean,kd_tree,50,1.0,0.20058403947532025
2,0.5733333333333334,0.7,19,euclidean,kd_tree,50,2.0,0.20058403947532025
2,0.5733333333333334,0.7,19,euclidean,brute,10,,0.20058403947532025
2,0.5733333333333334,0.7,19,euclidean,brute,10,1.0,0.20058403947532025
2,0.5733333333333334,0.7,19,euclidean,brute,10,2.0,0.20058403947532025
2,0.5733333333333334,0.7,19,euclidean,brute,20,,0.20058403947532025
2,0.5733333333333334,0.7,19,euclidean,brute,20,1.0,0.20058403947532025
2,0.5733333333333334,0.7,19,euclidean,brute,20,2.0,0.20058403947532025
2,0.5733333333333334,0.7,19,euclidean,brute,30,,0.20058403947532025
2,0.5733333333333334,0.7,19,euclidean,brute,30,1.0,0.20058403947532025
2,0.5733333333333334,0.7,19,euclidean,brute,30,2.0,0.20058403947532025
2,0.5733333333333334,0.7,19,euclidean,brute,40,,0.20058403947532025
2,0.5733333333333334,0.7,19,euclidean,brute,40,1.0,0.20058403947532025
2,0.5733333333333334,0.7,19,euclidean,brute,40,2.0,0.20058403947532025
2,0.5733333333333334,0.7,19,euclidean,brute,50,,0.20058403947532025
2,0.5733333333333334,0.7,19,euclidean,brute,50,1.0,0.20058403947532025
2,0.5733333333333334,0.7,19,euclidean,brute,50,2.0,0.20058403947532025
0,1.0,0.7,19,manhattan,auto,10,,-1.0
0,1.0,0.7,19,manhattan,auto,10,1.0,-1.0
0,1.0,0.7,19,manhattan,auto,10,2.0,-1.0
0,1.0,0.7,19,manhattan,auto,20,,-1.0
0,1.0,0.7,19,manhattan,auto,20,1.0,-1.0
0,1.0,0.7,19,manhattan,auto,20,2.0,-1.0
0,1.0,0.7,19,manhattan,auto,30,,-1.0
0,1.0,0.7,19,manhattan,auto,30,1.0,-1.0
0,1.0,0.7,19,manhattan,auto,30,2.0,-1.0
0,1.0,0.7,19,manhattan,auto,40,,-1.0
0,1.0,0.7,19,manhattan,auto,40,1.0,-1.0
0,1.0,0.7,19,manhattan,auto,40,2.0,-1.0
0,1.0,0.7,19,manhattan,auto,50,,-1.0
0,1.0,0.7,19,manhattan,auto,50,1.0,-1.0
0,1.0,0.7,19,manhattan,auto,50,2.0,-1.0
0,1.0,0.7,19,manhattan,ball_tree,10,,-1.0
0,1.0,0.7,19,manhattan,ball_tree,10,1.0,-1.0
0,1.0,0.7,19,manhattan,ball_tree,10,2.0,-1.0
0,1.0,0.7,19,manhattan,ball_tree,20,,-1.0
0,1.0,0.7,19,manhattan,ball_tree,20,1.0,-1.0
0,1.0,0.7,19,manhattan,ball_tree,20,2.0,-1.0
0,1.0,0.7,19,manhattan,ball_tree,30,,-1.0
0,1.0,0.7,19,manhattan,ball_tree,30,1.0,-1.0
0,1.0,0.7,19,manhattan,ball_tree,30,2.0,-1.0
0,1.0,0.7,19,manhattan,ball_tree,40,,-1.0
0,1.0,0.7,19,manhattan,ball_tree,40,1.0,-1.0
0,1.0,0.7,19,manhattan,ball_tree,40,2.0,-1.0
0,1.0,0.7,19,manhattan,ball_tree,50,,-1.0
0,1.0,0.7,19,manhattan,ball_tree,50,1.0,-1.0
0,1.0,0.7,19,manhattan,ball_tree,50,2.0,-1.0
0,1.0,0.7,19,manhattan,kd_tree,10,,-1.0
0,1.0,0.7,19,manhattan,kd_tree,10,1.0,-1.0
0,1.0,0.7,19,manhattan,kd_tree,10,2.0,-1.0
0,1.0,0.7,19,manhattan,kd_tree,20,,-1.0
0,1.0,0.7,19,manhattan,kd_tree,20,1.0,-1.0
0,1.0,0.7,19,manhattan,kd_tree,20,2.0,-1.0
0,1.0,0.7,19,manhattan,kd_tree,30,,-1.0
0,1.0,0.7,19,manhattan,kd_tree,30,1.0,-1.0
0,1.0,0.7,19,manhattan,kd_tree,30,2.0,-1.0
0,1.0,0.7,19,manhattan,kd_tree,40,,-1.0
0,1.0,0.7,19,manhattan,kd_tree,40,1.0,-1.0
0,1.0,0.7,19,manhattan,kd_tree,40,2.0,-1.0
0,1.0,0.7,19,manhattan,kd_tree,50,,-1.0
0,1.0,0.7,19,manhattan,kd_tree,50,1.0,-1.0
0,1.0,0.7,19,manhattan,kd_tree,50,2.0,-1.0
0,1.0,0.7,19,manhattan,brute,10,,-1.0
0,1.0,0.7,19,manhattan,brute,10,1.0,-1.0
0,1.0,0.7,19,manhattan,brute,10,2.0,-1.0
0,1.0,0.7,19,manhattan,brute,20,,-1.0
0,1.0,0.7,19,manhattan,brute,20,1.0,-1.0
0,1.0,0.7,19,manhattan,brute,20,2.0,-1.0
0,1.0,0.7,19,manhattan,brute,30,,-1.0
0,1.0,0.7,19,manhattan,brute,30,1.0,-1.0
0,1.0,0.7,19,manhattan,brute,30,2.0,-1.0
0,1.0,0.7,19,manhattan,brute,40,,-1.0
0,1.0,0.7,19,manhattan,brute,40,1.0,-1.0
0,1.0,0.7,19,manhattan,brute,40,2.0,-1.0
0,1.0,0.7,19,manhattan,brute,50,,-1.0
0,1.0,0.7,19,manhattan,brute,50,1.0,-1.0
0,1.0,0.7,19,manhattan,brute,50,2.0,-1.0
0,1.0,0.7,19,mahalanobis,auto,10,,-1.0
0,1.0,0.7,19,mahalanobis,auto,10,1.0,-1.0
0,1.0,0.7,19,mahalanobis,auto,10,2.0,-1.0
0,1.0,0.7,19,mahalanobis,auto,20,,-1.0
0,1.0,0.7,19,mahalanobis,auto,20,1.0,-1.0
0,1.0,0.7,19,mahalanobis,auto,20,2.0,-1.0
0,1.0,0.7,19,mahalanobis,auto,30,,-1.0
0,1.0,0.7,19,mahalanobis,auto,30,1.0,-1.0
0,1.0,0.7,19,mahalanobis,auto,30,2.0,-1.0
0,1.0,0.7,19,mahalanobis,auto,40,,-1.0
0,1.0,0.7,19,mahalanobis,auto,40,1.0,-1.0
0,1.0,0.7,19,mahalanobis,auto,40,2.0,-1.0
0,1.0,0.7,19,mahalanobis,auto,50,,-1.0
0,1.0,0.7,19,mahalanobis,auto,50,1.0,-1.0
0,1.0,0.7,19,mahalanobis,auto,50,2.0,-1.0
0,1.0,0.7,19,mahalanobis,ball_tree,10,,-1.0
0,1.0,0.7,19,mahalanobis,ball_tree,10,1.0,-1.0
0,1.0,0.7,19,mahalanobis,ball_tree,10,2.0,-1.0
0,1.0,0.7,19,mahalanobis,ball_tree,20,,-1.0
0,1.0,0.7,19,mahalanobis,ball_tree,20,1.0,-1.0
0,1.0,0.7,19,mahalanobis,ball_tree,20,2.0,-1.0
0,1.0,0.7,19,mahalanobis,ball_tree,30,,-1.0
0,1.0,0.7,19,mahalanobis,ball_tree,30,1.0,-1.0
0,1.0,0.7,19,mahalanobis,ball_tree,30,2.0,-1.0
0,1.0,0.7,19,mahalanobis,ball_tree,40,,-1.0
0,1.0,0.7,19,mahalanobis,ball_tree,40,1.0,-1.0
0,1.0,0.7,19,mahalanobis,ball_tree,40,2.0,-1.0
0,1.0,0.7,19,mahalanobis,ball_tree,50,,-1.0
0,1.0,0.7,19,mahalanobis,ball_tree,50,1.0,-1.0
0,1.0,0.7,19,mahalanobis,ball_tree,50,2.0,-1.0
0,1.0,0.7,19,mahalanobis,kd_tree,10,,-1.0
0,1.0,0.7,19,mahalanobis,kd_tree,10,1.0,-1.0
0,1.0,0.7,19,mahalanobis,kd_tree,10,2.0,-1.0
0,1.0,0.7,19,mahalanobis,kd_tree,20,,-1.0
0,1.0,0.7,19,mahalanobis,kd_tree,20,1.0,-1.0
0,1.0,0.7,19,mahalanobis,kd_tree,20,2.0,-1.0
0,1.0,0.7,19,mahalanobis,kd_tree,30,,-1.0
0,1.0,0.7,19,mahalanobis,kd_tree,30,1.0,-1.0
0,1.0,0.7,19,mahalanobis,kd_tree,30,2.0,-1.0
0,1.0,0.7,19,mahalanobis,kd_tree,40,,-1.0
0,1.0,0.7,19,mahalanobis,kd_tree,40,1.0,-1.0
0,1.0,0.7,19,mahalanobis,kd_tree,40,2.0,-1.0
0,1.0,0.7,19,mahalanobis,kd_tree,50,,-1.0
0,1.0,0.7,19,mahalanobis,kd_tree,50,1.0,-1.0
0,1.0,0.7,19,mahalanobis,kd_tree,50,2.0,-1.0
0,1.0,0.7,19,mahalanobis,brute,10,,-1.0
0,1.0,0.7,19,mahalanobis,brute,10,1.0,-1.0
0,1.0,0.7,19,mahalanobis,brute,10,2.0,-1.0
0,1.0,0.7,19,mahalanobis,brute,20,,-1.0
0,1.0,0.7,19,mahalanobis,brute,20,1.0,-1.0
0,1.0,0.7,19,mahalanobis,brute,20,2.0,-1.0
0,1.0,0.7,19,mahalanobis,brute,30,,-1.0
0,1.0,0.7,19,mahalanobis,brute,30,1.0,-1.0
0,1.0,0.7,19,mahalanobis,brute,30,2.0,-1.0
0,1.0,0.7,19,mahalanobis,brute,40,,-1.0
0,1.0,0.7,19,mahalanobis,brute,40,1.0,-1.0
0,1.0,0.7,19,mahalanobis,brute,40,2.0,-1.0
0,1.0,0.7,19,mahalanobis,brute,50,,-1.0
0,1.0,0.7,19,mahalanobis,brute,50,1.0,-1.0
0,1.0,0.7,19,mahalanobis,brute,50,2.0,-1.0
5,0.0,1.0,1,euclidean,auto,10,,0.39365942288297
5,0.0,1.0,1,euclidean,auto,10,1.0,0.39365942288297
5,0.0,1.0,1,euclidean,auto,10,2.0,0.39365942288297
5,0.0,1.0,1,euclidean,auto,20,,0.39365942288297
5,0.0,1.0,1,euclidean,auto,20,1.0,0.39365942288297
5,0.0,1.0,1,euclidean,auto,20,2.0,0.39365942288297
5,0.0,1.0,1,euclidean,auto,30,,0.39365942288297
5,0.0,1.0,1,euclidean,auto,30,1.0,0.39365942288297
5,0.0,1.0,1,euclidean,auto,30,2.0,0.39365942288297
5,0.0,1.0,1,euclidean,auto,40,,0.39365942288297
5,0.0,1.0,1,euclidean,auto,40,1.0,0.39365942288297
5,0.0,1.0,1,euclidean,auto,40,2.0,0.39365942288297
5,0.0,1.0,1,euclidean,auto,50,,0.39365942288297
5,0.0,1.0,1,euclidean,auto,50,1.0,0.39365942288297
5,0.0,1.0,1,euclidean,auto,50,2.0,0.39365942288297
5,0.0,1.0,1,euclidean,ball_tree,10,,0.39365942288297
5,0.0,1.0,1,euclidean,ball_tree,10,1.0,0.39365942288297
5,0.0,1.0,1,euclidean,ball_tree,10,2.0,0.39365942288297
5,0.0,1.0,1,euclidean,ball_tree,20,,0.39365942288297
5,0.0,1.0,1,euclidean,ball_tree,20,1.0,0.39365942288297
5,0.0,1.0,1,euclidean,ball_tree,20,2.0,0.39365942288297
5,0.0,1.0,1,euclidean,ball_tree,30,,0.39365942288297
5,0.0,1.0,1,euclidean,ball_tree,30,1.0,0.39365942288297
5,0.0,1.0,1,euclidean,ball_tree,30,2.0,0.39365942288297
5,0.0,1.0,1,euclidean,ball_tree,40,,0.39365942288297
5,0.0,1.0,1,euclidean,ball_tree,40,1.0,0.39365942288297
5,0.0,1.0,1,euclidean,ball_tree,40,2.0,0.39365942288297
5,0.0,1.0,1,euclidean,ball_tree,50,,0.39365942288297
5,0.0,1.0,1,euclidean,ball_tree,50,1.0,0.39365942288297
5,0.0,1.0,1,euclidean,ball_tree,50,2.0,0.39365942288297
5,0.0,1.0,1,euclidean,kd_tree,10,,0.39365942288297
5,0.0,1.0,1,euclidean,kd_tree,10,1.0,0.39365942288297
5,0.0,1.0,1,euclidean,kd_tree,10,2.0,0.39365942288297
5,0.0,1.0,1,euclidean,kd_tree,20,,0.39365942288297
5,0.0,1.0,1,euclidean,kd_tree,20,1.0,0.39365942288297
5,0.0,1.0,1,euclidean,kd_tree,20,2.0,0.39365942288297
5,0.0,1.0,1,euclidean,kd_tree,30,,0.39365942288297
5,0.0,1.0,1,euclidean,kd_tree,30,1.0,0.39365942288297
5,0.0,1.0,1,euclidean,kd_tree,30,2.0,0.39365942288297
5,0.0,1.0,1,euclidean,kd_tree,40,,0.39365942288297
5,0.0,1.0,1,euclidean,kd_tree,40,1.0,0.39365942288297
5,0.0,1.0,1,euclidean,kd_tree,40,2.0,0.39365942288297
5,0.0,1.0,1,euclidean,kd_tree,50,,0.39365942288297
5,0.0,1.0,1,euclidean,kd_tree,50,1.0,0.39365942288297
5,0.0,1.0,1,euclidean,kd_tree,50,2.0,0.39365942288297
5,0.0,1.0,1,euclidean,brute,10,,0.39365942288297
5,0.0,1.0,1,euclidean,brute,10,1.0,0.39365942288297
5,0.0,1.0,1,euclidean,brute,10,2.0,0.39365942288297
5,0.0,1.0,1,euclidean,brute,20,,0.39365942288297
5,0.0,1.0,1,euclidean,brute,20,1.0,0.39365942288297
5,0.0,1.0,1,euclidean,brute,20,2.0,0.39365942288297
5,0.0,1.0,1,euclidean,brute,30,,0.39365942288297
5,0.0,1.0,1,euclidean,brute,30,1.0,0.39365942288297
5,0.0,1.0,1,euclidean,brute,30,2.0,0.39365942288297
5,0.0,1.0,1,euclidean,brute,40,,0.39365942288297
5,0.0,1.0,1,euclidean,brute,40,1.0,0.39365942288297
5,0.0,1.0,1,euclidean,brute,40,2.0,0.39365942288297
5,0.0,1.0,1,euclidean,brute,50,,0.39365942288297
5,0.0,1.0,1,euclidean,brute,50,1.0,0.39365942288297
5,0.0,1.0,1,euclidean,brute,50,2.0,0.39365942288297
15,0.0,1.0,1,manhattan,auto,10,,0.07365948035677466
15,0.0,1.0,1,manhattan,auto,10,1.0,0.07365948035677466
15,0.0,1.0,1,manhattan,auto,10,2.0,0.07365948035677466
15,0.0,1.0,1,manhattan,auto,20,,0.07365948035677466
15,0.0,1.0,1,manhattan,auto,20,1.0,0.07365948035677466
15,0.0,1.0,1,manhattan,auto,20,2.0,0.07365948035677466
15,0.0,1.0,1,manhattan,auto,30,,0.07365948035677466
15,0.0,1.0,1,manhattan,auto,30,1.0,0.07365948035677466
15,0.0,1.0,1,manhattan,auto,30,2.0,0.07365948035677466
15,0.0,1.0,1,manhattan,auto,40,,0.07365948035677466
15,0.0,1.0,1,manhattan,auto,40,1.0,0.07365948035677466
15,0.0,1.0,1,manhattan,auto,40,2.0,0.07365948035677466
15,0.0,1.0,1,manhattan,auto,50,,0.07365948035677466
15,0.0,1.0,1,manhattan,auto,50,1.0,0.07365948035677466
15,0.0,1.0,1,manhattan,auto,50,2.0,0.07365948035677466
15,0.0,1.0,1,manhattan,ball_tree,10,,0.07365948035677466
15,0.0,1.0,1,manhattan,ball_tree,10,1.0,0.07365948035677466
15,0.0,1.0,1,manhattan,ball_tree,10,2.0,0.07365948035677466
15,0.0,1.0,1,manhattan,ball_tree,20,,0.07365948035677466
15,0.0,1.0,1,manhattan,ball_tree,20,1.0,0.07365948035677466
15,0.0,1.0,1,manhattan,ball_tree,20,2.0,0.07365948035677466
15,0.0,1.0,1,manhattan,ball_tree,30,,0.07365948035677466
15,0.0,1.0,1,manhattan,ball_tree,30,1.0,0.07365948035677466
15,0.0,1.0,1,manhattan,ball_tree,30,2.0,0.07365948035677466
15,0.0,1.0,1,manhattan,ball_tree,40,,0.07365948035677466
15,0.0,1.0,1,manhattan,ball_tree,40,1.0,0.07365948035677466
15,0.0,1.0,1,manhattan,ball_tree,40,2.0,0.07365948035677466
15,0.0,1.0,1,manhattan,ball_tree,50,,0.07365948035677466
15,0.0,1.0,1,manhattan,ball_tree,50,1.0,0.07365948035677466
15,0.0,1.0,1,manhattan,ball_tree,50,2.0,0.07365948035677466
15,0.0,1.0,1,manhattan,kd_tree,10,,0.07365948035677466
15,0.0,1.0,1,manhattan,kd_tree,10,1.0,0.07365948035677466
15,0.0,1.0,1,manhattan,kd_tree,10,2.0,0.07365948035677466
15,0.0,1.0,1,manhattan,kd_tree,20,,0.07365948035677466
15,0.0,1.0,1,manhattan,kd_tree,20,1.0,0.07365948035677466
15,0.0,1.0,1,manhattan,kd_tree,20,2.0,0.07365948035677466
15,0.0,1.0,1,manhattan,kd_tree,30,,0.07365948035677466
15,0.0,1.0,1,manhattan,kd_tree,30,1.0,0.07365948035677466
15,0.0,1.0,1,manhattan,kd_tree,30,2.0,0.07365948035677466
15,0.0,1.0,1,manhattan,kd_tree,40,,0.07365948035677466
15,0.0,1.0,1,manhattan,kd_tree,40,1.0,0.07365948035677466
15,0.0,1.0,1,manhattan,kd_tree,40,2.0,0.07365948035677466
15,0.0,1.0,1,manhattan,kd_tree,50,,0.07365948035677466
15,0.0,1.0,1,manhattan,kd_tree,50,1.0,0.07365948035677466
15,0.0,1.0,1,manhattan,kd_tree,50,2.0,0.07365948035677466
15,0.0,1.0,1,manhattan,brute,10,,0.07365948035677466
15,0.0,1.0,1,manhattan,brute,10,1.0,0.07365948035677466
15,0.0,1.0,1,manhattan,brute,10,2.0,0.07365948035677466
15,0.0,1.0,1,manhattan,brute,20,,0.07365948035677466
15,0.0,1.0,1,manhattan,brute,20,1.0,0.07365948035677466
15,0.0,1.0,1,manhattan,brute,20,2.0,0.07365948035677466
15,0.0,1.0,1,manhattan,brute,30,,0.07365948035677466
15,0.0,1.0,1,manhattan,brute,30,1.0,0.07365948035677466
15,0.0,1.0,1,manhattan,brute,30,2.0,0.07365948035677466
15,0.0,1.0,1,manhattan,brute,40,,0.07365948035677466
15,0.0,1.0,1,manhattan,brute,40,1.0,0.07365948035677466
15,0.0,1.0,1,manhattan,brute,40,2.0,0.07365948035677466
15,0.0,1.0,1,manhattan,brute,50,,0.07365948035677466
15,0.0,1.0,1,manhattan,brute,50,1.0,0.07365948035677466
15,0.0,1.0,1,manhattan,brute,50,2.0,0.07365948035677466
52,0.0,1.0,1,mahalanobis,auto,10,,-0.19448274827517786
52,0.0,1.0,1,mahalanobis,auto,10,1.0,-0.19448274827517786
52,0.0,1.0,1,mahalanobis,auto,10,2.0,-0.19448274827517786
52,0.0,1.0,1,mahalanobis,auto,20,,-0.19448274827517786
52,0.0,1.0,1,mahalanobis,auto,20,1.0,-0.19448274827517786
52,0.0,1.0,1,mahalanobis,auto,20,2.0,-0.19448274827517786
52,0.0,1.0,1,mahalanobis,auto,30,,-0.19448274827517786
52,0.0,1.0,1,mahalanobis,auto,30,1.0,-0.19448274827517786
52,0.0,1.0,1,mahalanobis,auto,30,2.0,-0.19448274827517786
52,0.0,1.0,1,mahalanobis,auto,40,,-0.19448274827517786
52,0.0,1.0,1,mahalanobis,auto,40,1.0,-0.19448274827517786
52,0.0,1.0,1,mahalanobis,auto,40,2.0,-0.19448274827517786
52,0.0,1.0,1,mahalanobis,auto,50,,-0.19448274827517786
52,0.0,1.0,1,mahalanobis,auto,50,1.0,-0.19448274827517786
52,0.0,1.0,1,mahalanobis,auto,50,2.0,-0.19448274827517786
52,0.0,1.0,1,mahalanobis,ball_tree,10,,-0.19448274827517786
52,0.0,1.0,1,mahalanobis,ball_tree,10,1.0,-0.19448274827517786
52,0.0,1.0,1,mahalanobis,ball_tree,10,2.0,-0.19448274827517786
52,0.0,1.0,1,mahalanobis,ball_tree,20,,-0.19448274827517786
52,0.0,1.0,1,mahalanobis,ball_tree,20,1.0,-0.19448274827517786
52,0.0,1.0,1,mahalanobis,ball_tree,20,2.0,-0.19448274827517786
52,0.0,1.0,1,mahalanobis,ball_tree,30,,-0.19448274827517786
52,0.0,1.0,1,mahalanobis,ball_tree,30,1.0,-0.19448274827517786
52,0.0,1.0,1,mahalanobis,ball_tree,30,2.0,-0.19448274827517786
52,0.0,1.0,1,mahalanobis,ball_tree,40,,-0.19448274827517786
52,0.0,1.0,1,mahalanobis,ball_tree,40,1.0,-0.19448274827517786
52,0.0,1.0,1,mahalanobis,ball_tree,40,2.0,-0.19448274827517786
52,0.0,1.0,1,mahalanobis,ball_tree,50,,-0.19448274827517786
52,0.0,1.0,1,mahalanobis,ball_tree,50,1.0,-0.19448274827517786
52,0.0,1.0,1,mahalanobis,ball_tree,50,2.0,-0.19448274827517786
52,0.0,1.0,1,mahalanobis,kd_tree,10,,-0.19448274827517786
52,0.0,1.0,1,mahalanobis,kd_tree,10,1.0,-0.19448274827517786
52,0.0,1.0,1,mahalanobis,kd_tree,10,2.0,-0.19448274827517786
52,0.0,1.0,1,mahalanobis,kd_tree,20,,-0.19448274827517786
52,0.0,1.0,1,mahalanobis,kd_tree,20,1.0,-0.19448274827517786
52,0.0,1.0,1,mahalanobis,kd_tree,20,2.0,-0.19448274827517786
52,0.0,1.0,1,mahalanobis,kd_tree,30,,-0.19448274827517786
52,0.0,1.0,1,mahalanobis,kd_tree,30,1.0,-0.19448274827517786
52,0.0,1.0,1,mahalanobis,kd_tree,30,2.0,-0.19448274827517786
52,0.0,1.0,1,mahalanobis,kd_tree,40,,-0.19448274827517786
52,0.0,1.0,1,mahalanobis,kd_tree,40,1.0,-0.19448274827517786
52,0.0,1.0,1,mahalanobis,kd_tree,40,2.0,-0.19448274827517786
52,0.0,1.0,1,mahalanobis,kd_tree,50,,-0.19448274827517786
52,0.0,1.0,1,mahalanobis,kd_tree,50,1.0,-0.19448274827517786
52,0.0,1.0,1,mahalanobis,kd_tree,50,2.0,-0.19448274827517786
52,0.0,1.0,1,mahalanobis,brute,10,,-0.19448274827517786
52,0.0,1.0,1,mahalanobis,brute,10,1.0,-0.19448274827517786
52,0.0,1.0,1,mahalanobis,brute,10,2.0,-0.19448274827517786
52,0.0,1.0,1,mahalanobis,brute,20,,-0.19448274827517786
52,0.0,1.0,1,mahalanobis,brute,20,1.0,-0.19448274827517786
52,0.0,1.0,1,mahalanobis,brute,20,2.0,-0.19448274827517786
52,0.0,1.0,1,mahalanobis,brute,30,,-0.19448274827517786
52,0.0,1.0,1,mahalanobis,brute,30,1.0,-0.19448274827517786
52,0.0,1.0,1,mahalanobis,brute,30,2.0,-0.19448274827517786
52,0.0,1.0,1,mahalanobis,brute,40,,-0.19448274827517786
52,0.0,1.0,1,mahalanobis,brute,40,1.0,-0.19448274827517786
52,0.0,1.0,1,mahalanobis,brute,40,2.0,-0.19448274827517786
52,0.0,1.0,1,mahalanobis,brute,50,,-0.19448274827517786
52,0.0,1.0,1,mahalanobis,brute,50,1.0,-0.19448274827517786
52,0.0,1.0,1,mahalanobis,brute,50,2.0,-0.19448274827517786
3,0.013333333333333334,1.0,2,euclidean,auto,10,,0.45979062700464246
3,0.013333333333333334,1.0,2,euclidean,auto,10,1.0,0.45979062700464246
3,0.013333333333333334,1.0,2,euclidean,auto,10,2.0,0.45979062700464246
3,0.013333333333333334,1.0,2,euclidean,auto,20,,0.45979062700464246
3,0.013333333333333334,1.0,2,euclidean,auto,20,1.0,0.45979062700464246
3,0.013333333333333334,1.0,2,euclidean,auto,20,2.0,0.45979062700464246
3,0.013333333333333334,1.0,2,euclidean,auto,30,,0.45979062700464246
3,0.013333333333333334,1.0,2,euclidean,auto,30,1.0,0.45979062700464246
3,0.013333333333333334,1.0,2,euclidean,auto,30,2.0,0.45979062700464246
3,0.013333333333333334,1.0,2,euclidean,auto,40,,0.45979062700464246
3,0.013333333333333334,1.0,2,euclidean,auto,40,1.0,0.45979062700464246
3,0.013333333333333334,1.0,2,euclidean,auto,40,2.0,0.45979062700464246
3,0.013333333333333334,1.0,2,euclidean,auto,50,,0.45979062700464246
3,0.013333333333333334,1.0,2,euclidean,auto,50,1.0,0.45979062700464246
3,0.013333333333333334,1.0,2,euclidean,auto,50,2.0,0.45979062700464246
3,0.013333333333333334,1.0,2,euclidean,ball_tree,10,,0.45979062700464246
3,0.013333333333333334,1.0,2,euclidean,ball_tree,10,1.0,0.45979062700464246
3,0.013333333333333334,1.0,2,euclidean,ball_tree,10,2.0,0.45979062700464246
3,0.013333333333333334,1.0,2,euclidean,ball_tree,20,,0.45979062700464246
3,0.013333333333333334,1.0,2,euclidean,ball_tree,20,1.0,0.45979062700464246
3,0.013333333333333334,1.0,2,euclidean,ball_tree,20,2.0,0.45979062700464246
3,0.013333333333333334,1.0,2,euclidean,ball_tree,30,,0.45979062700464246
3,0.013333333333333334,1.0,2,euclidean,ball_tree,30,1.0,0.45979062700464246
3,0.013333333333333334,1.0,2,euclidean,ball_tree,30,2.0,0.45979062700464246
3,0.013333333333333334,1.0,2,euclidean,ball_tree,40,,0.45979062700464246
3,0.013333333333333334,1.0,2,euclidean,ball_tree,40,1.0,0.45979062700464246
3,0.013333333333333334,1.0,2,euclidean,ball_tree,40,2.0,0.45979062700464246
3,0.013333333333333334,1.0,2,euclidean,ball_tree,50,,0.45979062700464246
3,0.013333333333333334,1.0,2,euclidean,ball_tree,50,1.0,0.45979062700464246
3,0.013333333333333334,1.0,2,euclidean,ball_tree,50,2.0,0.45979062700464246
3,0.013333333333333334,1.0,2,euclidean,kd_tree,10,,0.45979062700464246
3,0.013333333333333334,1.0,2,euclidean,kd_tree,10,1.0,0.45979062700464246
3,0.013333333333333334,1.0,2,euclidean,kd_tree,10,2.0,0.45979062700464246
3,0.013333333333333334,1.0,2,euclidean,kd_tree,20,,0.45979062700464246
3,0.013333333333333334,1.0,2,euclidean,kd_tree,20,1.0,0.45979062700464246
3,0.013333333333333334,1.0,2,euclidean,kd_tree,20,2.0,0.45979062700464246
3,0.013333333333333334,1.0,2,euclidean,kd_tree,30,,0.45979062700464246
3,0.013333333333333334,1.0,2,euclidean,kd_tree,30,1.0,0.45979062700464246
3,0.013333333333333334,1.0,2,euclidean,kd_tree,30,2.0,0.45979062700464246
3,0.013333333333333334,1.0,2,euclidean,kd_tree,40,,0.45979062700464246
3,0.013333333333333334,1.0,2,euclidean,kd_tree,40,1.0,0.45979062700464246
3,0.013333333333333334,1.0,2,euclidean,kd_tree,40,2.0,0.45979062700464246
3,0.013333333333333334,1.0,2,euclidean,kd_tree,50,,0.45979062700464246
3,0.013333333333333334,1.0,2,euclidean,kd_tree,50,1.0,0.45979062700464246
3,0.013333333333333334,1.0,2,euclidean,kd_tree,50,2.0,0.45979062700464246
3,0.013333333333333334,1.0,2,euclidean,brute,10,,0.45979062700464246
3,0.013333333333333334,1.0,2,euclidean,brute,10,1.0,0.45979062700464246
3,0.013333333333333334,1.0,2,euclidean,brute,10,2.0,0.45979062700464246
3,0.013333333333333334,1.0,2,euclidean,brute,20,,0.45979062700464246
3,0.013333333333333334,1.0,2,euclidean,brute,20,1.0,0.45979062700464246
3,0.013333333333333334,1.0,2,euclidean,brute,20,2.0,0.45979062700464246
3,0.013333333333333334,1.0,2,euclidean,brute,30,,0.45979062700464246
3,0.013333333333333334,1.0,2,euclidean,brute,30,1.0,0.45979062700464246
3,0.013333333333333334,1.0,2,euclidean,brute,30,2.0,0.45979062700464246
3,0.013333333333333334,1.0,2,euclidean,brute,40,,0.45979062700464246
3,0.013333333333333334,1.0,2,euclidean,brute,40,1.0,0.45979062700464246
3,0.013333333333333334,1.0,2,euclidean,brute,40,2.0,0.45979062700464246
3,0.013333333333333334,1.0,2,euclidean,brute,50,,0.45979062700464246
3,0.013333333333333334,1.0,2,euclidean,brute,50,1.0,0.45979062700464246
3,0.013333333333333334,1.0,2,euclidean,brute,50,2.0,0.45979062700464246
5,0.06666666666666667,1.0,2,manhattan,auto,10,,0.3698482703282094
5,0.06666666666666667,1.0,2,manhattan,auto,10,1.0,0.3698482703282094
5,0.06666666666666667,1.0,2,manhattan,auto,10,2.0,0.3698482703282094
5,0.06666666666666667,1.0,2,manhattan,auto,20,,0.3698482703282094
5,0.06666666666666667,1.0,2,manhattan,auto,20,1.0,0.3698482703282094
5,0.06666666666666667,1.0,2,manhattan,auto,20,2.0,0.3698482703282094
5,0.06666666666666667,1.0,2,manhattan,auto,30,,0.3698482703282094
5,0.06666666666666667,1.0,2,manhattan,auto,30,1.0,0.3698482703282094
5,0.06666666666666667,1.0,2,manhattan,auto,30,2.0,0.3698482703282094
5,0.06666666666666667,1.0,2,manhattan,auto,40,,0.3698482703282094
5,0.06666666666666667,1.0,2,manhattan,auto,40,1.0,0.3698482703282094
5,0.06666666666666667,1.0,2,manhattan,auto,40,2.0,0.3698482703282094
5,0.06666666666666667,1.0,2,manhattan,auto,50,,0.3698482703282094
5,0.06666666666666667,1.0,2,manhattan,auto,50,1.0,0.3698482703282094
5,0.06666666666666667,1.0,2,manhattan,auto,50,2.0,0.3698482703282094
5,0.06666666666666667,1.0,2,manhattan,ball_tree,10,,0.3698482703282094
5,0.06666666666666667,1.0,2,manhattan,ball_tree,10,1.0,0.3698482703282094
5,0.06666666666666667,1.0,2,manhattan,ball_tree,10,2.0,0.3698482703282094
5,0.06666666666666667,1.0,2,manhattan,ball_tree,20,,0.3698482703282094
5,0.06666666666666667,1.0,2,manhattan,ball_tree,20,1.0,0.3698482703282094
5,0.06666666666666667,1.0,2,manhattan,ball_tree,20,2.0,0.3698482703282094
5,0.06666666666666667,1.0,2,manhattan,ball_tree,30,,0.3698482703282094
5,0.06666666666666667,1.0,2,manhattan,ball_tree,30,1.0,0.3698482703282094
5,0.06666666666666667,1.0,2,manhattan,ball_tree,30,2.0,0.3698482703282094
5,0.06666666666666667,1.0,2,manhattan,ball_tree,40,,0.3698482703282094
5,0.06666666666666667,1.0,2,manhattan,ball_tree,40,1.0,0.3698482703282094
5,0.06666666666666667,1.0,2,manhattan,ball_tree,40,2.0,0.3698482703282094
5,0.06666666666666667,1.0,2,manhattan,ball_tree,50,,0.3698482703282094
5,0.06666666666666667,1.0,2,manhattan,ball_tree,50,1.0,0.3698482703282094
5,0.06666666666666667,1.0,2,manhattan,ball_tree,50,2.0,0.3698482703282094
5,0.06666666666666667,1.0,2,manhattan,kd_tree,10,,0.3698482703282094
5,0.06666666666666667,1.0,2,manhattan,kd_tree,10,1.0,0.3698482703282094
5,0.06666666666666667,1.0,2,manhattan,kd_tree,10,2.0,0.3698482703282094
5,0.06666666666666667,1.0,2,manhattan,kd_tree,20,,0.3698482703282094
5,0.06666666666666667,1.0,2,manhattan,kd_tree,20,1.0,0.3698482703282094
5,0.06666666666666667,1.0,2,manhattan,kd_tree,20,2.0,0.3698482703282094
5,0.06666666666666667,1.0,2,manhattan,kd_tree,30,,0.3698482703282094
5,0.06666666666666667,1.0,2,manhattan,kd_tree,30,1.0,0.3698482703282094
5,0.06666666666666667,1.0,2,manhattan,kd_tree,30,2.0,0.3698482703282094
5,0.06666666666666667,1.0,2,manhattan,kd_tree,40,,0.3698482703282094
5,0.06666666666666667,1.0,2,manhattan,kd_tree,40,1.0,0.3698482703282094
5,0.06666666666666667,1.0,2,manhattan,kd_tree,40,2.0,0.3698482703282094
5,0.06666666666666667,1.0,2,manhattan,kd_tree,50,,0.3698482703282094
5,0.06666666666666667,1.0,2,manhattan,kd_tree,50,1.0,0.3698482703282094
5,0.06666666666666667,1.0,2,manhattan,kd_tree,50,2.0,0.3698482703282094
5,0.06666666666666667,1.0,2,manhattan,brute,10,,0.3698482703282094
5,0.06666666666666667,1.0,2,manhattan,brute,10,1.0,0.3698482703282094
5,0.06666666666666667,1.0,2,manhattan,brute,10,2.0,0.3698482703282094
5,0.06666666666666667,1.0,2,manhattan,brute,20,,0.3698482703282094
5,0.06666666666666667,1.0,2,manhattan,brute,20,1.0,0.3698482703282094
5,0.06666666666666667,1.0,2,manhattan,brute,20,2.0,0.3698482703282094
5,0.06666666666666667,1.0,2,manhattan,brute,30,,0.3698482703282094
5,0.06666666666666667,1.0,2,manhattan,brute,30,1.0,0.3698482703282094
5,0.06666666666666667,1.0,2,manhattan,brute,30,2.0,0.3698482703282094
5,0.06666666666666667,1.0,2,manhattan,brute,40,,0.3698482703282094
5,0.06666666666666667,1.0,2,manhattan,brute,40,1.0,0.3698482703282094
5,0.06666666666666667,1.0,2,manhattan,brute,40,2.0,0.3698482703282094
5,0.06666666666666667,1.0,2,manhattan,brute,50,,0.3698482703282094
5,0.06666666666666667,1.0,2,manhattan,brute,50,1.0,0.3698482703282094
5,0.06666666666666667,1.0,2,manhattan,brute,50,2.0,0.3698482703282094
14,0.25333333333333335,1.0,2,mahalanobis,auto,10,,0.04491574435733611
14,0.25333333333333335,1.0,2,mahalanobis,auto,10,1.0,0.04491574435733611
14,0.25333333333333335,1.0,2,mahalanobis,auto,10,2.0,0.04491574435733611
14,0.25333333333333335,1.0,2,mahalanobis,auto,20,,0.04491574435733611
14,0.25333333333333335,1.0,2,mahalanobis,auto,20,1.0,0.04491574435733611
14,0.25333333333333335,1.0,2,mahalanobis,auto,20,2.0,0.04491574435733611
14,0.25333333333333335,1.0,2,mahalanobis,auto,30,,0.04491574435733611
14,0.25333333333333335,1.0,2,mahalanobis,auto,30,1.0,0.04491574435733611
14,0.25333333333333335,1.0,2,mahalanobis,auto,30,2.0,0.04491574435733611
14,0.25333333333333335,1.0,2,mahalanobis,auto,40,,0.04491574435733611
14,0.25333333333333335,1.0,2,mahalanobis,auto,40,1.0,0.04491574435733611
14,0.25333333333333335,1.0,2,mahalanobis,auto,40,2.0,0.04491574435733611
14,0.25333333333333335,1.0,2,mahalanobis,auto,50,,0.04491574435733611
14,0.25333333333333335,1.0,2,mahalanobis,auto,50,1.0,0.04491574435733611
14,0.25333333333333335,1.0,2,mahalanobis,auto,50,2.0,0.04491574435733611
14,0.25333333333333335,1.0,2,mahalanobis,ball_tree,10,,0.04491574435733611
14,0.25333333333333335,1.0,2,mahalanobis,ball_tree,10,1.0,0.04491574435733611
14,0.25333333333333335,1.0,2,mahalanobis,ball_tree,10,2.0,0.04491574435733611
14,0.25333333333333335,1.0,2,mahalanobis,ball_tree,20,,0.04491574435733611
14,0.25333333333333335,1.0,2,mahalanobis,ball_tree,20,1.0,0.04491574435733611
14,0.25333333333333335,1.0,2,mahalanobis,ball_tree,20,2.0,0.04491574435733611
14,0.25333333333333335,1.0,2,mahalanobis,ball_tree,30,,0.04491574435733611
14,0.25333333333333335,1.0,2,mahalanobis,ball_tree,30,1.0,0.04491574435733611
14,0.25333333333333335,1.0,2,mahalanobis,ball_tree,30,2.0,0.04491574435733611
14,0.25333333333333335,1.0,2,mahalanobis,ball_tree,40,,0.04491574435733611
14,0.25333333333333335,1.0,2,mahalanobis,ball_tree,40,1.0,0.04491574435733611
14,0.25333333333333335,1.0,2,mahalanobis,ball_tree,40,2.0,0.04491574435733611
14,0.25333333333333335,1.0,2,mahalanobis,ball_tree,50,,0.04491574435733611
14,0.25333333333333335,1.0,2,mahalanobis,ball_tree,50,1.0,0.04491574435733611
14,0.25333333333333335,1.0,2,mahalanobis,ball_tree,50,2.0,0.04491574435733611
14,0.25333333333333335,1.0,2,mahalanobis,kd_tree,10,,0.04491574435733611
14,0.25333333333333335,1.0,2,mahalanobis,kd_tree,10,1.0,0.04491574435733611
14,0.25333333333333335,1.0,2,mahalanobis,kd_tree,10,2.0,0.04491574435733611
14,0.25333333333333335,1.0,2,mahalanobis,kd_tree,20,,0.04491574435733611
14,0.25333333333333335,1.0,2,mahalanobis,kd_tree,20,1.0,0.04491574435733611
14,0.25333333333333335,1.0,2,mahalanobis,kd_tree,20,2.0,0.04491574435733611
14,0.25333333333333335,1.0,2,mahalanobis,kd_tree,30,,0.04491574435733611
14,0.25333333333333335,1.0,2,mahalanobis,kd_tree,30,1.0,0.04491574435733611
14,0.25333333333333335,1.0,2,mahalanobis,kd_tree,30,2.0,0.04491574435733611
14,0.25333333333333335,1.0,2,mahalanobis,kd_tree,40,,0.04491574435733611
14,0.25333333333333335,1.0,2,mahalanobis,kd_tree,40,1.0,0.04491574435733611
14,0.25333333333333335,1.0,2,mahalanobis,kd_tree,40,2.0,0.04491574435733611
14,0.25333333333333335,1.0,2,mahalanobis,kd_tree,50,,0.04491574435733611
14,0.25333333333333335,1.0,2,mahalanobis,kd_tree,50,1.0,0.04491574435733611
14,0.25333333333333335,1.0,2,mahalanobis,kd_tree,50,2.0,0.04491574435733611
14,0.25333333333333335,1.0,2,mahalanobis,brute,10,,0.04491574435733611
14,0.25333333333333335,1.0,2,mahalanobis,brute,10,1.0,0.04491574435733611
14,0.25333333333333335,1.0,2,mahalanobis,brute,10,2.0,0.04491574435733611
14,0.25333333333333335,1.0,2,mahalanobis,brute,20,,0.04491574435733611
14,0.25333333333333335,1.0,2,mahalanobis,brute,20,1.0,0.04491574435733611
14,0.25333333333333335,1.0,2,mahalanobis,brute,20,2.0,0.04491574435733611
14,0.25333333333333335,1.0,2,mahalanobis,brute,30,,0.04491574435733611
14,0.25333333333333335,1.0,2,mahalanobis,brute,30,1.0,0.04491574435733611
14,0.25333333333333335,1.0,2,mahalanobis,brute,30,2.0,0.04491574435733611
14,0.25333333333333335,1.0,2,mahalanobis,brute,40,,0.04491574435733611
14,0.25333333333333335,1.0,2,mahalanobis,brute,40,1.0,0.04491574435733611
14,0.25333333333333335,1.0,2,mahalanobis,brute,40,2.0,0.04491574435733611
14,0.25333333333333335,1.0,2,mahalanobis,brute,50,,0.04491574435733611
14,0.25333333333333335,1.0,2,mahalanobis,brute,50,1.0,0.04491574435733611
14,0.25333333333333335,1.0,2,mahalanobis,brute,50,2.0,0.04491574435733611
3,0.013333333333333334,1.0,3,euclidean,auto,10,,0.45979062700464246
3,0.013333333333333334,1.0,3,euclidean,auto,10,1.0,0.45979062700464246
3,0.013333333333333334,1.0,3,euclidean,auto,10,2.0,0.45979062700464246
3,0.013333333333333334,1.0,3,euclidean,auto,20,,0.45979062700464246
3,0.013333333333333334,1.0,3,euclidean,auto,20,1.0,0.45979062700464246
3,0.013333333333333334,1.0,3,euclidean,auto,20,2.0,0.45979062700464246
3,0.013333333333333334,1.0,3,euclidean,auto,30,,0.45979062700464246
3,0.013333333333333334,1.0,3,euclidean,auto,30,1.0,0.45979062700464246
3,0.013333333333333334,1.0,3,euclidean,auto,30,2.0,0.45979062700464246
3,0.013333333333333334,1.0,3,euclidean,auto,40,,0.45979062700464246
3,0.013333333333333334,1.0,3,euclidean,auto,40,1.0,0.45979062700464246
3,0.013333333333333334,1.0,3,euclidean,auto,40,2.0,0.45979062700464246
3,0.013333333333333334,1.0,3,euclidean,auto,50,,0.45979062700464246
3,0.013333333333333334,1.0,3,euclidean,auto,50,1.0,0.45979062700464246
3,0.013333333333333334,1.0,3,euclidean,auto,50,2.0,0.45979062700464246
3,0.013333333333333334,1.0,3,euclidean,ball_tree,10,,0.45979062700464246
3,0.013333333333333334,1.0,3,euclidean,ball_tree,10,1.0,0.45979062700464246
3,0.013333333333333334,1.0,3,euclidean,ball_tree,10,2.0,0.45979062700464246
3,0.013333333333333334,1.0,3,euclidean,ball_tree,20,,0.45979062700464246
3,0.013333333333333334,1.0,3,euclidean,ball_tree,20,1.0,0.45979062700464246
3,0.013333333333333334,1.0,3,euclidean,ball_tree,20,2.0,0.45979062700464246
3,0.013333333333333334,1.0,3,euclidean,ball_tree,30,,0.45979062700464246
3,0.013333333333333334,1.0,3,euclidean,ball_tree,30,1.0,0.45979062700464246
3,0.013333333333333334,1.0,3,euclidean,ball_tree,30,2.0,0.45979062700464246
3,0.013333333333333334,1.0,3,euclidean,ball_tree,40,,0.45979062700464246
3,0.013333333333333334,1.0,3,euclidean,ball_tree,40,1.0,0.45979062700464246
3,0.013333333333333334,1.0,3,euclidean,ball_tree,40,2.0,0.45979062700464246
3,0.013333333333333334,1.0,3,euclidean,ball_tree,50,,0.45979062700464246
3,0.013333333333333334,1.0,3,euclidean,ball_tree,50,1.0,0.45979062700464246
3,0.013333333333333334,1.0,3,euclidean,ball_tree,50,2.0,0.45979062700464246
3,0.013333333333333334,1.0,3,euclidean,kd_tree,10,,0.45979062700464246
3,0.013333333333333334,1.0,3,euclidean,kd_tree,10,1.0,0.45979062700464246
3,0.013333333333333334,1.0,3,euclidean,kd_tree,10,2.0,0.45979062700464246
3,0.013333333333333334,1.0,3,euclidean,kd_tree,20,,0.45979062700464246
3,0.013333333333333334,1.0,3,euclidean,kd_tree,20,1.0,0.45979062700464246
3,0.013333333333333334,1.0,3,euclidean,kd_tree,20,2.0,0.45979062700464246
3,0.013333333333333334,1.0,3,euclidean,kd_tree,30,,0.45979062700464246
3,0.013333333333333334,1.0,3,euclidean,kd_tree,30,1.0,0.45979062700464246
3,0.013333333333333334,1.0,3,euclidean,kd_tree,30,2.0,0.45979062700464246
3,0.013333333333333334,1.0,3,euclidean,kd_tree,40,,0.45979062700464246
3,0.013333333333333334,1.0,3,euclidean,kd_tree,40,1.0,0.45979062700464246
3,0.013333333333333334,1.0,3,euclidean,kd_tree,40,2.0,0.45979062700464246
3,0.013333333333333334,1.0,3,euclidean,kd_tree,50,,0.45979062700464246
3,0.013333333333333334,1.0,3,euclidean,kd_tree,50,1.0,0.45979062700464246
3,0.013333333333333334,1.0,3,euclidean,kd_tree,50,2.0,0.45979062700464246
3,0.013333333333333334,1.0,3,euclidean,brute,10,,0.45979062700464246
3,0.013333333333333334,1.0,3,euclidean,brute,10,1.0,0.45979062700464246
3,0.013333333333333334,1.0,3,euclidean,brute,10,2.0,0.45979062700464246
3,0.013333333333333334,1.0,3,euclidean,brute,20,,0.45979062700464246
3,0.013333333333333334,1.0,3,euclidean,brute,20,1.0,0.45979062700464246
3,0.013333333333333334,1.0,3,euclidean,brute,20,2.0,0.45979062700464246
3,0.013333333333333334,1.0,3,euclidean,brute,30,,0.45979062700464246
3,0.013333333333333334,1.0,3,euclidean,brute,30,1.0,0.45979062700464246
3,0.013333333333333334,1.0,3,euclidean,brute,30,2.0,0.45979062700464246
3,0.013333333333333334,1.0,3,euclidean,brute,40,,0.45979062700464246
3,0.013333333333333334,1.0,3,euclidean,brute,40,1.0,0.45979062700464246
3,0.013333333333333334,1.0,3,euclidean,brute,40,2.0,0.45979062700464246
3,0.013333333333333334,1.0,3,euclidean,brute,50,,0.45979062700464246
3,0.013333333333333334,1.0,3,euclidean,brute,50,1.0,0.45979062700464246
3,0.013333333333333334,1.0,3,euclidean,brute,50,2.0,0.45979062700464246
3,0.09333333333333334,1.0,3,manhattan,auto,10,,0.43741042359557514
3,0.09333333333333334,1.0,3,manhattan,auto,10,1.0,0.43741042359557514
3,0.09333333333333334,1.0,3,manhattan,auto,10,2.0,0.43741042359557514
3,0.09333333333333334,1.0,3,manhattan,auto,20,,0.43741042359557514
3,0.09333333333333334,1.0,3,manhattan,auto,20,1.0,0.43741042359557514
3,0.09333333333333334,1.0,3,manhattan,auto,20,2.0,0.43741042359557514
3,0.09333333333333334,1.0,3,manhattan,auto,30,,0.43741042359557514
3,0.09333333333333334,1.0,3,manhattan,auto,30,1.0,0.43741042359557514
3,0.09333333333333334,1.0,3,manhattan,auto,30,2.0,0.43741042359557514
3,0.09333333333333334,1.0,3,manhattan,auto,40,,0.43741042359557514
3,0.09333333333333334,1.0,3,manhattan,auto,40,1.0,0.43741042359557514
3,0.09333333333333334,1.0,3,manhattan,auto,40,2.0,0.43741042359557514
3,0.09333333333333334,1.0,3,manhattan,auto,50,,0.43741042359557514
3,0.09333333333333334,1.0,3,manhattan,auto,50,1.0,0.43741042359557514
3,0.09333333333333334,1.0,3,manhattan,auto,50,2.0,0.43741042359557514
3,0.09333333333333334,1.0,3,manhattan,ball_tree,10,,0.43741042359557514
3,0.09333333333333334,1.0,3,manhattan,ball_tree,10,1.0,0.43741042359557514
3,0.09333333333333334,1.0,3,manhattan,ball_tree,10,2.0,0.43741042359557514
3,0.09333333333333334,1.0,3,manhattan,ball_tree,20,,0.43741042359557514
3,0.09333333333333334,1.0,3,manhattan,ball_tree,20,1.0,0.43741042359557514
3,0.09333333333333334,1.0,3,manhattan,ball_tree,20,2.0,0.43741042359557514
3,0.09333333333333334,1.0,3,manhattan,ball_tree,30,,0.43741042359557514
3,0.09333333333333334,1.0,3,manhattan,ball_tree,30,1.0,0.43741042359557514
3,0.09333333333333334,1.0,3,manhattan,ball_tree,30,2.0,0.43741042359557514
3,0.09333333333333334,1.0,3,manhattan,ball_tree,40,,0.43741042359557514
3,0.09333333333333334,1.0,3,manhattan,ball_tree,40,1.0,0.43741042359557514
3,0.09333333333333334,1.0,3,manhattan,ball_tree,40,2.0,0.43741042359557514
3,0.09333333333333334,1.0,3,manhattan,ball_tree,50,,0.43741042359557514
3,0.09333333333333334,1.0,3,manhattan,ball_tree,50,1.0,0.43741042359557514
3,0.09333333333333334,1.0,3,manhattan,ball_tree,50,2.0,0.43741042359557514
3,0.09333333333333334,1.0,3,manhattan,kd_tree,10,,0.43741042359557514
3,0.09333333333333334,1.0,3,manhattan,kd_tree,10,1.0,0.43741042359557514
3,0.09333333333333334,1.0,3,manhattan,kd_tree,10,2.0,0.43741042359557514
3,0.09333333333333334,1.0,3,manhattan,kd_tree,20,,0.43741042359557514
3,0.09333333333333334,1.0,3,manhattan,kd_tree,20,1.0,0.43741042359557514
3,0.09333333333333334,1.0,3,manhattan,kd_tree,20,2.0,0.43741042359557514
3,0.09333333333333334,1.0,3,manhattan,kd_tree,30,,0.43741042359557514
3,0.09333333333333334,1.0,3,manhattan,kd_tree,30,1.0,0.43741042359557514
3,0.09333333333333334,1.0,3,manhattan,kd_tree,30,2.0,0.43741042359557514
3,0.09333333333333334,1.0,3,manhattan,kd_tree,40,,0.43741042359557514
3,0.09333333333333334,1.0,3,manhattan,kd_tree,40,1.0,0.43741042359557514
3,0.09333333333333334,1.0,3,manhattan,kd_tree,40,2.0,0.43741042359557514
3,0.09333333333333334,1.0,3,manhattan,kd_tree,50,,0.43741042359557514
3,0.09333333333333334,1.0,3,manhattan,kd_tree,50,1.0,0.43741042359557514
3,0.09333333333333334,1.0,3,manhattan,kd_tree,50,2.0,0.43741042359557514
3,0.09333333333333334,1.0,3,manhattan,brute,10,,0.43741042359557514
3,0.09333333333333334,1.0,3,manhattan,brute,10,1.0,0.43741042359557514
3,0.09333333333333334,1.0,3,manhattan,brute,10,2.0,0.43741042359557514
3,0.09333333333333334,1.0,3,manhattan,brute,20,,0.43741042359557514
3,0.09333333333333334,1.0,3,manhattan,brute,20,1.0,0.43741042359557514
3,0.09333333333333334,1.0,3,manhattan,brute,20,2.0,0.43741042359557514
3,0.09333333333333334,1.0,3,manhattan,brute,30,,0.43741042359557514
3,0.09333333333333334,1.0,3,manhattan,brute,30,1.0,0.43741042359557514
3,0.09333333333333334,1.0,3,manhattan,brute,30,2.0,0.43741042359557514
3,0.09333333333333334,1.0,3,manhattan,brute,40,,0.43741042359557514
3,0.09333333333333334,1.0,3,manhattan,brute,40,1.0,0.43741042359557514
3,0.09333333333333334,1.0,3,manhattan,brute,40,2.0,0.43741042359557514
3,0.09333333333333334,1.0,3,manhattan,brute,50,,0.43741042359557514
3,0.09333333333333334,1.0,3,manhattan,brute,50,1.0,0.43741042359557514
3,0.09333333333333334,1.0,3,manhattan,brute,50,2.0,0.43741042359557514
8,0.3333333333333333,1.0,3,mahalanobis,auto,10,,0.08276316373513669
8,0.3333333333333333,1.0,3,mahalanobis,auto,10,1.0,0.08276316373513669
8,0.3333333333333333,1.0,3,mahalanobis,auto,10,2.0,0.08276316373513669
8,0.3333333333333333,1.0,3,mahalanobis,auto,20,,0.08276316373513669
8,0.3333333333333333,1.0,3,mahalanobis,auto,20,1.0,0.08276316373513669
8,0.3333333333333333,1.0,3,mahalanobis,auto,20,2.0,0.08276316373513669
8,0.3333333333333333,1.0,3,mahalanobis,auto,30,,0.08276316373513669
8,0.3333333333333333,1.0,3,mahalanobis,auto,30,1.0,0.08276316373513669
8,0.3333333333333333,1.0,3,mahalanobis,auto,30,2.0,0.08276316373513669
8,0.3333333333333333,1.0,3,mahalanobis,auto,40,,0.08276316373513669
8,0.3333333333333333,1.0,3,mahalanobis,auto,40,1.0,0.08276316373513669
8,0.3333333333333333,1.0,3,mahalanobis,auto,40,2.0,0.08276316373513669
8,0.3333333333333333,1.0,3,mahalanobis,auto,50,,0.08276316373513669
8,0.3333333333333333,1.0,3,mahalanobis,auto,50,1.0,0.08276316373513669
8,0.3333333333333333,1.0,3,mahalanobis,auto,50,2.0,0.08276316373513669
8,0.3333333333333333,1.0,3,mahalanobis,ball_tree,10,,0.08276316373513669
8,0.3333333333333333,1.0,3,mahalanobis,ball_tree,10,1.0,0.08276316373513669
8,0.3333333333333333,1.0,3,mahalanobis,ball_tree,10,2.0,0.08276316373513669
8,0.3333333333333333,1.0,3,mahalanobis,ball_tree,20,,0.08276316373513669
8,0.3333333333333333,1.0,3,mahalanobis,ball_tree,20,1.0,0.08276316373513669
8,0.3333333333333333,1.0,3,mahalanobis,ball_tree,20,2.0,0.08276316373513669
8,0.3333333333333333,1.0,3,mahalanobis,ball_tree,30,,0.08276316373513669
8,0.3333333333333333,1.0,3,mahalanobis,ball_tree,30,1.0,0.08276316373513669
8,0.3333333333333333,1.0,3,mahalanobis,ball_tree,30,2.0,0.08276316373513669
8,0.3333333333333333,1.0,3,mahalanobis,ball_tree,40,,0.08276316373513669
8,0.3333333333333333,1.0,3,mahalanobis,ball_tree,40,1.0,0.08276316373513669
8,0.3333333333333333,1.0,3,mahalanobis,ball_tree,40,2.0,0.08276316373513669
8,0.3333333333333333,1.0,3,mahalanobis,ball_tree,50,,0.08276316373513669
8,0.3333333333333333,1.0,3,mahalanobis,ball_tree,50,1.0,0.08276316373513669
8,0.3333333333333333,1.0,3,mahalanobis,ball_tree,50,2.0,0.08276316373513669
8,0.3333333333333333,1.0,3,mahalanobis,kd_tree,10,,0.08276316373513669
8,0.3333333333333333,1.0,3,mahalanobis,kd_tree,10,1.0,0.08276316373513669
8,0.3333333333333333,1.0,3,mahalanobis,kd_tree,10,2.0,0.08276316373513669
8,0.3333333333333333,1.0,3,mahalanobis,kd_tree,20,,0.08276316373513669
8,0.3333333333333333,1.0,3,mahalanobis,kd_tree,20,1.0,0.08276316373513669
8,0.3333333333333333,1.0,3,mahalanobis,kd_tree,20,2.0,0.08276316373513669
8,0.3333333333333333,1.0,3,mahalanobis,kd_tree,30,,0.08276316373513669
8,0.3333333333333333,1.0,3,mahalanobis,kd_tree,30,1.0,0.08276316373513669
8,0.3333333333333333,1.0,3,mahalanobis,kd_tree,30,2.0,0.08276316373513669
8,0.3333333333333333,1.0,3,mahalanobis,kd_tree,40,,0.08276316373513669
8,0.3333333333333333,1.0,3,mahalanobis,kd_tree,40,1.0,0.08276316373513669
8,0.3333333333333333,1.0,3,mahalanobis,kd_tree,40,2.0,0.08276316373513669
8,0.3333333333333333,1.0,3,mahalanobis,kd_tree,50,,0.08276316373513669
8,0.3333333333333333,1.0,3,mahalanobis,kd_tree,50,1.0,0.08276316373513669
8,0.3333333333333333,1.0,3,mahalanobis,kd_tree,50,2.0,0.08276316373513669
8,0.3333333333333333,1.0,3,mahalanobis,brute,10,,0.08276316373513669
8,0.3333333333333333,1.0,3,mahalanobis,brute,10,1.0,0.08276316373513669
8,0.3333333333333333,1.0,3,mahalanobis,brute,10,2.0,0.08276316373513669
8,0.3333333333333333,1.0,3,mahalanobis,brute,20,,0.08276316373513669
8,0.3333333333333333,1.0,3,mahalanobis,brute,20,1.0,0.08276316373513669
8,0.3333333333333333,1.0,3,mahalanobis,brute,20,2.0,0.08276316373513669
8,0.3333333333333333,1.0,3,mahalanobis,brute,30,,0.08276316373513669
8,0.3333333333333333,1.0,3,mahalanobis,brute,30,1.0,0.08276316373513669
8,0.3333333333333333,1.0,3,mahalanobis,brute,30,2.0,0.08276316373513669
8,0.3333333333333333,1.0,3,mahalanobis,brute,40,,0.08276316373513669
8,0.3333333333333333,1.0,3,mahalanobis,brute,40,1.0,0.08276316373513669
8,0.3333333333333333,1.0,3,mahalanobis,brute,40,2.0,0.08276316373513669
8,0.3333333333333333,1.0,3,mahalanobis,brute,50,,0.08276316373513669
8,0.3333333333333333,1.0,3,mahalanobis,brute,50,1.0,0.08276316373513669
8,0.3333333333333333,1.0,3,mahalanobis,brute,50,2.0,0.08276316373513669
3,0.02666666666666667,1.0,4,euclidean,auto,10,,0.4754175396232291
3,0.02666666666666667,1.0,4,euclidean,auto,10,1.0,0.4754175396232291
3,0.02666666666666667,1.0,4,euclidean,auto,10,2.0,0.4754175396232291
3,0.02666666666666667,1.0,4,euclidean,auto,20,,0.4754175396232291
3,0.02666666666666667,1.0,4,euclidean,auto,20,1.0,0.4754175396232291
3,0.02666666666666667,1.0,4,euclidean,auto,20,2.0,0.4754175396232291
3,0.02666666666666667,1.0,4,euclidean,auto,30,,0.4754175396232291
3,0.02666666666666667,1.0,4,euclidean,auto,30,1.0,0.4754175396232291
3,0.02666666666666667,1.0,4,euclidean,auto,30,2.0,0.4754175396232291
3,0.02666666666666667,1.0,4,euclidean,auto,40,,0.4754175396232291
3,0.02666666666666667,1.0,4,euclidean,auto,40,1.0,0.4754175396232291
3,0.02666666666666667,1.0,4,euclidean,auto,40,2.0,0.4754175396232291
3,0.02666666666666667,1.0,4,euclidean,auto,50,,0.4754175396232291
3,0.02666666666666667,1.0,4,euclidean,auto,50,1.0,0.4754175396232291
3,0.02666666666666667,1.0,4,euclidean,auto,50,2.0,0.4754175396232291
3,0.02666666666666667,1.0,4,euclidean,ball_tree,10,,0.4754175396232291
3,0.02666666666666667,1.0,4,euclidean,ball_tree,10,1.0,0.4754175396232291
3,0.02666666666666667,1.0,4,euclidean,ball_tree,10,2.0,0.4754175396232291
3,0.02666666666666667,1.0,4,euclidean,ball_tree,20,,0.4754175396232291
3,0.02666666666666667,1.0,4,euclidean,ball_tree,20,1.0,0.4754175396232291
3,0.02666666666666667,1.0,4,euclidean,ball_tree,20,2.0,0.4754175396232291
3,0.02666666666666667,1.0,4,euclidean,ball_tree,30,,0.4754175396232291
3,0.02666666666666667,1.0,4,euclidean,ball_tree,30,1.0,0.4754175396232291
3,0.02666666666666667,1.0,4,euclidean,ball_tree,30,2.0,0.4754175396232291
3,0.02666666666666667,1.0,4,euclidean,ball_tree,40,,0.4754175396232291
3,0.02666666666666667,1.0,4,euclidean,ball_tree,40,1.0,0.4754175396232291
3,0.02666666666666667,1.0,4,euclidean,ball_tree,40,2.0,0.4754175396232291
3,0.02666666666666667,1.0,4,euclidean,ball_tree,50,,0.4754175396232291
3,0.02666666666666667,1.0,4,euclidean,ball_tree,50,1.0,0.4754175396232291
3,0.02666666666666667,1.0,4,euclidean,ball_tree,50,2.0,0.4754175396232291
3,0.02666666666666667,1.0,4,euclidean,kd_tree,10,,0.4754175396232291
3,0.02666666666666667,1.0,4,euclidean,kd_tree,10,1.0,0.4754175396232291
3,0.02666666666666667,1.0,4,euclidean,kd_tree,10,2.0,0.4754175396232291
3,0.02666666666666667,1.0,4,euclidean,kd_tree,20,,0.4754175396232291
3,0.02666666666666667,1.0,4,euclidean,kd_tree,20,1.0,0.4754175396232291
3,0.02666666666666667,1.0,4,euclidean,kd_tree,20,2.0,0.4754175396232291
3,0.02666666666666667,1.0,4,euclidean,kd_tree,30,,0.4754175396232291
3,0.02666666666666667,1.0,4,euclidean,kd_tree,30,1.0,0.4754175396232291
3,0.02666666666666667,1.0,4,euclidean,kd_tree,30,2.0,0.4754175396232291
3,0.02666666666666667,1.0,4,euclidean,kd_tree,40,,0.4754175396232291
3,0.02666666666666667,1.0,4,euclidean,kd_tree,40,1.0,0.4754175396232291
3,0.02666666666666667,1.0,4,euclidean,kd_tree,40,2.0,0.4754175396232291
3,0.02666666666666667,1.0,4,euclidean,kd_tree,50,,0.4754175396232291
3,0.02666666666666667,1.0,4,euclidean,kd_tree,50,1.0,0.4754175396232291
3,0.02666666666666667,1.0,4,euclidean,kd_tree,50,2.0,0.4754175396232291
3,0.02666666666666667,1.0,4,euclidean,brute,10,,0.4754175396232291
3,0.02666666666666667,1.0,4,euclidean,brute,10,1.0,0.4754175396232291
3,0.02666666666666667,1.0,4,euclidean,brute,10,2.0,0.4754175396232291
3,0.02666666666666667,1.0,4,euclidean,brute,20,,0.4754175396232291
3,0.02666666666666667,1.0,4,euclidean,brute,20,1.0,0.4754175396232291
3,0.02666666666666667,1.0,4,euclidean,brute,20,2.0,0.4754175396232291
3,0.02666666666666667,1.0,4,euclidean,brute,30,,0.4754175396232291
3,0.02666666666666667,1.0,4,euclidean,brute,30,1.0,0.4754175396232291
3,0.02666666666666667,1.0,4,euclidean,brute,30,2.0,0.4754175396232291
3,0.02666666666666667,1.0,4,euclidean,brute,40,,0.4754175396232291
3,0.02666666666666667,1.0,4,euclidean,brute,40,1.0,0.4754175396232291
3,0.02666666666666667,1.0,4,euclidean,brute,40,2.0,0.4754175396232291
3,0.02666666666666667,1.0,4,euclidean,brute,50,,0.4754175396232291
3,0.02666666666666667,1.0,4,euclidean,brute,50,1.0,0.4754175396232291
3,0.02666666666666667,1.0,4,euclidean,brute,50,2.0,0.4754175396232291
4,0.12,1.0,4,manhattan,auto,10,,0.37474125034053885
4,0.12,1.0,4,manhattan,auto,10,1.0,0.37474125034053885
4,0.12,1.0,4,manhattan,auto,10,2.0,0.37474125034053885
4,0.12,1.0,4,manhattan,auto,20,,0.37474125034053885
4,0.12,1.0,4,manhattan,auto,20,1.0,0.37474125034053885
4,0.12,1.0,4,manhattan,auto,20,2.0,0.37474125034053885
4,0.12,1.0,4,manhattan,auto,30,,0.37474125034053885
4,0.12,1.0,4,manhattan,auto,30,1.0,0.37474125034053885
4,0.12,1.0,4,manhattan,auto,30,2.0,0.37474125034053885
4,0.12,1.0,4,manhattan,auto,40,,0.37474125034053885
4,0.12,1.0,4,manhattan,auto,40,1.0,0.37474125034053885
4,0.12,1.0,4,manhattan,auto,40,2.0,0.37474125034053885
4,0.12,1.0,4,manhattan,auto,50,,0.37474125034053885
4,0.12,1.0,4,manhattan,auto,50,1.0,0.37474125034053885
4,0.12,1.0,4,manhattan,auto,50,2.0,0.37474125034053885
4,0.12,1.0,4,manhattan,ball_tree,10,,0.37474125034053885
4,0.12,1.0,4,manhattan,ball_tree,10,1.0,0.37474125034053885
4,0.12,1.0,4,manhattan,ball_tree,10,2.0,0.37474125034053885
4,0.12,1.0,4,manhattan,ball_tree,20,,0.37474125034053885
4,0.12,1.0,4,manhattan,ball_tree,20,1.0,0.37474125034053885
4,0.12,1.0,4,manhattan,ball_tree,20,2.0,0.37474125034053885
4,0.12,1.0,4,manhattan,ball_tree,30,,0.37474125034053885
4,0.12,1.0,4,manhattan,ball_tree,30,1.0,0.37474125034053885
4,0.12,1.0,4,manhattan,ball_tree,30,2.0,0.37474125034053885
4,0.12,1.0,4,manhattan,ball_tree,40,,0.37474125034053885
4,0.12,1.0,4,manhattan,ball_tree,40,1.0,0.37474125034053885
4,0.12,1.0,4,manhattan,ball_tree,40,2.0,0.37474125034053885
4,0.12,1.0,4,manhattan,ball_tree,50,,0.37474125034053885
4,0.12,1.0,4,manhattan,ball_tree,50,1.0,0.37474125034053885
4,0.12,1.0,4,manhattan,ball_tree,50,2.0,0.37474125034053885
4,0.12,1.0,4,manhattan,kd_tree,10,,0.37474125034053885
4,0.12,1.0,4,manhattan,kd_tree,10,1.0,0.37474125034053885
4,0.12,1.0,4,manhattan,kd_tree,10,2.0,0.37474125034053885
4,0.12,1.0,4,manhattan,kd_tree,20,,0.37474125034053885
4,0.12,1.0,4,manhattan,kd_tree,20,1.0,0.37474125034053885
4,0.12,1.0,4,manhattan,kd_tree,20,2.0,0.37474125034053885
4,0.12,1.0,4,manhattan,kd_tree,30,,0.37474125034053885
4,0.12,1.0,4,manhattan,kd_tree,30,1.0,0.37474125034053885
4,0.12,1.0,4,manhattan,kd_tree,30,2.0,0.37474125034053885
4,0.12,1.0,4,manhattan,kd_tree,40,,0.37474125034053885
4,0.12,1.0,4,manhattan,kd_tree,40,1.0,0.37474125034053885
4,0.12,1.0,4,manhattan,kd_tree,40,2.0,0.37474125034053885
4,0.12,1.0,4,manhattan,kd_tree,50,,0.37474125034053885
4,0.12,1.0,4,manhattan,kd_tree,50,1.0,0.37474125034053885
4,0.12,1.0,4,manhattan,kd_tree,50,2.0,0.37474125034053885
4,0.12,1.0,4,manhattan,brute,10,,0.37474125034053885
4,0.12,1.0,4,manhattan,brute,10,1.0,0.37474125034053885
4,0.12,1.0,4,manhattan,brute,10,2.0,0.37474125034053885
4,0.12,1.0,4,manhattan,brute,20,,0.37474125034053885
4,0.12,1.0,4,manhattan,brute,20,1.0,0.37474125034053885
4,0.12,1.0,4,manhattan,brute,20,2.0,0.37474125034053885
4,0.12,1.0,4,manhattan,brute,30,,0.37474125034053885
4,0.12,1.0,4,manhattan,brute,30,1.0,0.37474125034053885
4,0.12,1.0,4,manhattan,brute,30,2.0,0.37474125034053885
4,0.12,1.0,4,manhattan,brute,40,,0.37474125034053885
4,0.12,1.0,4,manhattan,brute,40,1.0,0.37474125034053885
4,0.12,1.0,4,manhattan,brute,40,2.0,0.37474125034053885
4,0.12,1.0,4,manhattan,brute,50,,0.37474125034053885
4,0.12,1.0,4,manhattan,brute,50,1.0,0.37474125034053885
4,0.12,1.0,4,manhattan,brute,50,2.0,0.37474125034053885
5,0.42,1.0,4,mahalanobis,auto,10,,0.05794231029943842
5,0.42,1.0,4,mahalanobis,auto,10,1.0,0.05794231029943842
5,0.42,1.0,4,mahalanobis,auto,10,2.0,0.05794231029943842
5,0.42,1.0,4,mahalanobis,auto,20,,0.05794231029943842
5,0.42,1.0,4,mahalanobis,auto,20,1.0,0.05794231029943842
5,0.42,1.0,4,mahalanobis,auto,20,2.0,0.05794231029943842
5,0.42,1.0,4,mahalanobis,auto,30,,0.05794231029943842
5,0.42,1.0,4,mahalanobis,auto,30,1.0,0.05794231029943842
5,0.42,1.0,4,mahalanobis,auto,30,2.0,0.05794231029943842
5,0.42,1.0,4,mahalanobis,auto,40,,0.05794231029943842
5,0.42,1.0,4,mahalanobis,auto,40,1.0,0.05794231029943842
5,0.42,1.0,4,mahalanobis,auto,40,2.0,0.05794231029943842
5,0.42,1.0,4,mahalanobis,auto,50,,0.05794231029943842
5,0.42,1.0,4,mahalanobis,auto,50,1.0,0.05794231029943842
5,0.42,1.0,4,mahalanobis,auto,50,2.0,0.05794231029943842
5,0.42,1.0,4,mahalanobis,ball_tree,10,,0.05794231029943842
5,0.42,1.0,4,mahalanobis,ball_tree,10,1.0,0.05794231029943842
5,0.42,1.0,4,mahalanobis,ball_tree,10,2.0,0.05794231029943842
5,0.42,1.0,4,mahalanobis,ball_tree,20,,0.05794231029943842
5,0.42,1.0,4,mahalanobis,ball_tree,20,1.0,0.05794231029943842
5,0.42,1.0,4,mahalanobis,ball_tree,20,2.0,0.05794231029943842
5,0.42,1.0,4,mahalanobis,ball_tree,30,,0.05794231029943842
5,0.42,1.0,4,mahalanobis,ball_tree,30,1.0,0.05794231029943842
5,0.42,1.0,4,mahalanobis,ball_tree,30,2.0,0.05794231029943842
5,0.42,1.0,4,mahalanobis,ball_tree,40,,0.05794231029943842
5,0.42,1.0,4,mahalanobis,ball_tree,40,1.0,0.05794231029943842
5,0.42,1.0,4,mahalanobis,ball_tree,40,2.0,0.05794231029943842
5,0.42,1.0,4,mahalanobis,ball_tree,50,,0.05794231029943842
5,0.42,1.0,4,mahalanobis,ball_tree,50,1.0,0.05794231029943842
5,0.42,1.0,4,mahalanobis,ball_tree,50,2.0,0.05794231029943842
5,0.42,1.0,4,mahalanobis,kd_tree,10,,0.05794231029943842
5,0.42,1.0,4,mahalanobis,kd_tree,10,1.0,0.05794231029943842
5,0.42,1.0,4,mahalanobis,kd_tree,10,2.0,0.05794231029943842
5,0.42,1.0,4,mahalanobis,kd_tree,20,,0.05794231029943842
5,0.42,1.0,4,mahalanobis,kd_tree,20,1.0,0.05794231029943842
5,0.42,1.0,4,mahalanobis,kd_tree,20,2.0,0.05794231029943842
5,0.42,1.0,4,mahalanobis,kd_tree,30,,0.05794231029943842
5,0.42,1.0,4,mahalanobis,kd_tree,30,1.0,0.05794231029943842
5,0.42,1.0,4,mahalanobis,kd_tree,30,2.0,0.05794231029943842
5,0.42,1.0,4,mahalanobis,kd_tree,40,,0.05794231029943842
5,0.42,1.0,4,mahalanobis,kd_tree,40,1.0,0.05794231029943842
5,0.42,1.0,4,mahalanobis,kd_tree,40,2.0,0.05794231029943842
5,0.42,1.0,4,mahalanobis,kd_tree,50,,0.05794231029943842
5,0.42,1.0,4,mahalanobis,kd_tree,50,1.0,0.05794231029943842
5,0.42,1.0,4,mahalanobis,kd_tree,50,2.0,0.05794231029943842
5,0.42,1.0,4,mahalanobis,brute,10,,0.05794231029943842
5,0.42,1.0,4,mahalanobis,brute,10,1.0,0.05794231029943842
5,0.42,1.0,4,mahalanobis,brute,10,2.0,0.05794231029943842
5,0.42,1.0,4,mahalanobis,brute,20,,0.05794231029943842
5,0.42,1.0,4,mahalanobis,brute,20,1.0,0.05794231029943842
5,0.42,1.0,4,mahalanobis,brute,20,2.0,0.05794231029943842
5,0.42,1.0,4,mahalanobis,brute,30,,0.05794231029943842
5,0.42,1.0,4,mahalanobis,brute,30,1.0,0.05794231029943842
5,0.42,1.0,4,mahalanobis,brute,30,2.0,0.05794231029943842
5,0.42,1.0,4,mahalanobis,brute,40,,0.05794231029943842
5,0.42,1.0,4,mahalanobis,brute,40,1.0,0.05794231029943842
5,0.42,1.0,4,mahalanobis,brute,40,2.0,0.05794231029943842
5,0.42,1.0,4,mahalanobis,brute,50,,0.05794231029943842
5,0.42,1.0,4,mahalanobis,brute,50,1.0,0.05794231029943842
5,0.42,1.0,4,mahalanobis,brute,50,2.0,0.05794231029943842
3,0.02666666666666667,1.0,5,euclidean,auto,10,,0.4754175396232291
3,0.02666666666666667,1.0,5,euclidean,auto,10,1.0,0.4754175396232291
3,0.02666666666666667,1.0,5,euclidean,auto,10,2.0,0.4754175396232291
3,0.02666666666666667,1.0,5,euclidean,auto,20,,0.4754175396232291
3,0.02666666666666667,1.0,5,euclidean,auto,20,1.0,0.4754175396232291
3,0.02666666666666667,1.0,5,euclidean,auto,20,2.0,0.4754175396232291
3,0.02666666666666667,1.0,5,euclidean,auto,30,,0.4754175396232291
3,0.02666666666666667,1.0,5,euclidean,auto,30,1.0,0.4754175396232291
3,0.02666666666666667,1.0,5,euclidean,auto,30,2.0,0.4754175396232291
3,0.02666666666666667,1.0,5,euclidean,auto,40,,0.4754175396232291
3,0.02666666666666667,1.0,5,euclidean,auto,40,1.0,0.4754175396232291
3,0.02666666666666667,1.0,5,euclidean,auto,40,2.0,0.4754175396232291
3,0.02666666666666667,1.0,5,euclidean,auto,50,,0.4754175396232291
3,0.02666666666666667,1.0,5,euclidean,auto,50,1.0,0.4754175396232291
3,0.02666666666666667,1.0,5,euclidean,auto,50,2.0,0.4754175396232291
3,0.02666666666666667,1.0,5,euclidean,ball_tree,10,,0.4754175396232291
3,0.02666666666666667,1.0,5,euclidean,ball_tree,10,1.0,0.4754175396232291
3,0.02666666666666667,1.0,5,euclidean,ball_tree,10,2.0,0.4754175396232291
3,0.02666666666666667,1.0,5,euclidean,ball_tree,20,,0.4754175396232291
3,0.02666666666666667,1.0,5,euclidean,ball_tree,20,1.0,0.4754175396232291
3,0.02666666666666667,1.0,5,euclidean,ball_tree,20,2.0,0.4754175396232291
3,0.02666666666666667,1.0,5,euclidean,ball_tree,30,,0.4754175396232291
3,0.02666666666666667,1.0,5,euclidean,ball_tree,30,1.0,0.4754175396232291
3,0.02666666666666667,1.0,5,euclidean,ball_tree,30,2.0,0.4754175396232291
3,0.02666666666666667,1.0,5,euclidean,ball_tree,40,,0.4754175396232291
3,0.02666666666666667,1.0,5,euclidean,ball_tree,40,1.0,0.4754175396232291
3,0.02666666666666667,1.0,5,euclidean,ball_tree,40,2.0,0.4754175396232291
3,0.02666666666666667,1.0,5,euclidean,ball_tree,50,,0.4754175396232291
3,0.02666666666666667,1.0,5,euclidean,ball_tree,50,1.0,0.4754175396232291
3,0.02666666666666667,1.0,5,euclidean,ball_tree,50,2.0,0.4754175396232291
3,0.02666666666666667,1.0,5,euclidean,kd_tree,10,,0.4754175396232291
3,0.02666666666666667,1.0,5,euclidean,kd_tree,10,1.0,0.4754175396232291
3,0.02666666666666667,1.0,5,euclidean,kd_tree,10,2.0,0.4754175396232291
3,0.02666666666666667,1.0,5,euclidean,kd_tree,20,,0.4754175396232291
3,0.02666666666666667,1.0,5,euclidean,kd_tree,20,1.0,0.4754175396232291
3,0.02666666666666667,1.0,5,euclidean,kd_tree,20,2.0,0.4754175396232291
3,0.02666666666666667,1.0,5,euclidean,kd_tree,30,,0.4754175396232291
3,0.02666666666666667,1.0,5,euclidean,kd_tree,30,1.0,0.4754175396232291
3,0.02666666666666667,1.0,5,euclidean,kd_tree,30,2.0,0.4754175396232291
3,0.02666666666666667,1.0,5,euclidean,kd_tree,40,,0.4754175396232291
3,0.02666666666666667,1.0,5,euclidean,kd_tree,40,1.0,0.4754175396232291
3,0.02666666666666667,1.0,5,euclidean,kd_tree,40,2.0,0.4754175396232291
3,0.02666666666666667,1.0,5,euclidean,kd_tree,50,,0.4754175396232291
3,0.02666666666666667,1.0,5,euclidean,kd_tree,50,1.0,0.4754175396232291
3,0.02666666666666667,1.0,5,euclidean,kd_tree,50,2.0,0.4754175396232291
3,0.02666666666666667,1.0,5,euclidean,brute,10,,0.4754175396232291
3,0.02666666666666667,1.0,5,euclidean,brute,10,1.0,0.4754175396232291
3,0.02666666666666667,1.0,5,euclidean,brute,10,2.0,0.4754175396232291
3,0.02666666666666667,1.0,5,euclidean,brute,20,,0.4754175396232291
3,0.02666666666666667,1.0,5,euclidean,brute,20,1.0,0.4754175396232291
3,0.02666666666666667,1.0,5,euclidean,brute,20,2.0,0.4754175396232291
3,0.02666666666666667,1.0,5,euclidean,brute,30,,0.4754175396232291
3,0.02666666666666667,1.0,5,euclidean,brute,30,1.0,0.4754175396232291
3,0.02666666666666667,1.0,5,euclidean,brute,30,2.0,0.4754175396232291
3,0.02666666666666667,1.0,5,euclidean,brute,40,,0.4754175396232291
3,0.02666666666666667,1.0,5,euclidean,brute,40,1.0,0.4754175396232291
3,0.02666666666666667,1.0,5,euclidean,brute,40,2.0,0.4754175396232291
3,0.02666666666666667,1.0,5,euclidean,brute,50,,0.4754175396232291
3,0.02666666666666667,1.0,5,euclidean,brute,50,1.0,0.4754175396232291
3,0.02666666666666667,1.0,5,euclidean,brute,50,2.0,0.4754175396232291
3,0.18,1.0,5,manhattan,auto,10,,0.37535690404111144
3,0.18,1.0,5,manhattan,auto,10,1.0,0.37535690404111144
3,0.18,1.0,5,manhattan,auto,10,2.0,0.37535690404111144
3,0.18,1.0,5,manhattan,auto,20,,0.37535690404111144
3,0.18,1.0,5,manhattan,auto,20,1.0,0.37535690404111144
3,0.18,1.0,5,manhattan,auto,20,2.0,0.37535690404111144
3,0.18,1.0,5,manhattan,auto,30,,0.37535690404111144
3,0.18,1.0,5,manhattan,auto,30,1.0,0.37535690404111144
3,0.18,1.0,5,manhattan,auto,30,2.0,0.37535690404111144
3,0.18,1.0,5,manhattan,auto,40,,0.37535690404111144
3,0.18,1.0,5,manhattan,auto,40,1.0,0.37535690404111144
3,0.18,1.0,5,manhattan,auto,40,2.0,0.37535690404111144
3,0.18,1.0,5,manhattan,auto,50,,0.37535690404111144
3,0.18,1.0,5,manhattan,auto,50,1.0,0.37535690404111144
3,0.18,1.0,5,manhattan,auto,50,2.0,0.37535690404111144
3,0.18,1.0,5,manhattan,ball_tree,10,,0.37535690404111144
3,0.18,1.0,5,manhattan,ball_tree,10,1.0,0.37535690404111144
3,0.18,1.0,5,manhattan,ball_tree,10,2.0,0.37535690404111144
3,0.18,1.0,5,manhattan,ball_tree,20,,0.37535690404111144
3,0.18,1.0,5,manhattan,ball_tree,20,1.0,0.37535690404111144
3,0.18,1.0,5,manhattan,ball_tree,20,2.0,0.37535690404111144
3,0.18,1.0,5,manhattan,ball_tree,30,,0.37535690404111144
3,0.18,1.0,5,manhattan,ball_tree,30,1.0,0.37535690404111144
3,0.18,1.0,5,manhattan,ball_tree,30,2.0,0.37535690404111144
3,0.18,1.0,5,manhattan,ball_tree,40,,0.37535690404111144
3,0.18,1.0,5,manhattan,ball_tree,40,1.0,0.37535690404111144
3,0.18,1.0,5,manhattan,ball_tree,40,2.0,0.37535690404111144
3,0.18,1.0,5,manhattan,ball_tree,50,,0.37535690404111144
3,0.18,1.0,5,manhattan,ball_tree,50,1.0,0.37535690404111144
3,0.18,1.0,5,manhattan,ball_tree,50,2.0,0.37535690404111144
3,0.18,1.0,5,manhattan,kd_tree,10,,0.37535690404111144
3,0.18,1.0,5,manhattan,kd_tree,10,1.0,0.37535690404111144
3,0.18,1.0,5,manhattan,kd_tree,10,2.0,0.37535690404111144
3,0.18,1.0,5,manhattan,kd_tree,20,,0.37535690404111144
3,0.18,1.0,5,manhattan,kd_tree,20,1.0,0.37535690404111144
3,0.18,1.0,5,manhattan,kd_tree,20,2.0,0.37535690404111144
3,0.18,1.0,5,manhattan,kd_tree,30,,0.37535690404111144
3,0.18,1.0,5,manhattan,kd_tree,30,1.0,0.37535690404111144
3,0.18,1.0,5,manhattan,kd_tree,30,2.0,0.37535690404111144
3,0.18,1.0,5,manhattan,kd_tree,40,,0.37535690404111144
3,0.18,1.0,5,manhattan,kd_tree,40,1.0,0.37535690404111144
3,0.18,1.0,5,manhattan,kd_tree,40,2.0,0.37535690404111144
3,0.18,1.0,5,manhattan,kd_tree,50,,0.37535690404111144
3,0.18,1.0,5,manhattan,kd_tree,50,1.0,0.37535690404111144
3,0.18,1.0,5,manhattan,kd_tree,50,2.0,0.37535690404111144
3,0.18,1.0,5,manhattan,brute,10,,0.37535690404111144
3,0.18,1.0,5,manhattan,brute,10,1.0,0.37535690404111144
3,0.18,1.0,5,manhattan,brute,10,2.0,0.37535690404111144
3,0.18,1.0,5,manhattan,brute,20,,0.37535690404111144
3,0.18,1.0,5,manhattan,brute,20,1.0,0.37535690404111144
3,0.18,1.0,5,manhattan,brute,20,2.0,0.37535690404111144
3,0.18,1.0,5,manhattan,brute,30,,0.37535690404111144
3,0.18,1.0,5,manhattan,brute,30,1.0,0.37535690404111144
3,0.18,1.0,5,manhattan,brute,30,2.0,0.37535690404111144
3,0.18,1.0,5,manhattan,brute,40,,0.37535690404111144
3,0.18,1.0,5,manhattan,brute,40,1.0,0.37535690404111144
3,0.18,1.0,5,manhattan,brute,40,2.0,0.37535690404111144
3,0.18,1.0,5,manhattan,brute,50,,0.37535690404111144
3,0.18,1.0,5,manhattan,brute,50,1.0,0.37535690404111144
3,0.18,1.0,5,manhattan,brute,50,2.0,0.37535690404111144
3,0.5,1.0,5,mahalanobis,auto,10,,0.04516697823753402
3,0.5,1.0,5,mahalanobis,auto,10,1.0,0.04516697823753402
3,0.5,1.0,5,mahalanobis,auto,10,2.0,0.04516697823753402
3,0.5,1.0,5,mahalanobis,auto,20,,0.04516697823753402
3,0.5,1.0,5,mahalanobis,auto,20,1.0,0.04516697823753402
3,0.5,1.0,5,mahalanobis,auto,20,2.0,0.04516697823753402
3,0.5,1.0,5,mahalanobis,auto,30,,0.04516697823753402
3,0.5,1.0,5,mahalanobis,auto,30,1.0,0.04516697823753402
3,0.5,1.0,5,mahalanobis,auto,30,2.0,0.04516697823753402
3,0.5,1.0,5,mahalanobis,auto,40,,0.04516697823753402
3,0.5,1.0,5,mahalanobis,auto,40,1.0,0.04516697823753402
3,0.5,1.0,5,mahalanobis,auto,40,2.0,0.04516697823753402
3,0.5,1.0,5,mahalanobis,auto,50,,0.04516697823753402
3,0.5,1.0,5,mahalanobis,auto,50,1.0,0.04516697823753402
3,0.5,1.0,5,mahalanobis,auto,50,2.0,0.04516697823753402
3,0.5,1.0,5,mahalanobis,ball_tree,10,,0.04516697823753402
3,0.5,1.0,5,mahalanobis,ball_tree,10,1.0,0.04516697823753402
3,0.5,1.0,5,mahalanobis,ball_tree,10,2.0,0.04516697823753402
3,0.5,1.0,5,mahalanobis,ball_tree,20,,0.04516697823753402
3,0.5,1.0,5,mahalanobis,ball_tree,20,1.0,0.04516697823753402
3,0.5,1.0,5,mahalanobis,ball_tree,20,2.0,0.04516697823753402
3,0.5,1.0,5,mahalanobis,ball_tree,30,,0.04516697823753402
3,0.5,1.0,5,mahalanobis,ball_tree,30,1.0,0.04516697823753402
3,0.5,1.0,5,mahalanobis,ball_tree,30,2.0,0.04516697823753402
3,0.5,1.0,5,mahalanobis,ball_tree,40,,0.04516697823753402
3,0.5,1.0,5,mahalanobis,ball_tree,40,1.0,0.04516697823753402
3,0.5,1.0,5,mahalanobis,ball_tree,40,2.0,0.04516697823753402
3,0.5,1.0,5,mahalanobis,ball_tree,50,,0.04516697823753402
3,0.5,1.0,5,mahalanobis,ball_tree,50,1.0,0.04516697823753402
3,0.5,1.0,5,mahalanobis,ball_tree,50,2.0,0.04516697823753402
3,0.5,1.0,5,mahalanobis,kd_tree,10,,0.04516697823753402
3,0.5,1.0,5,mahalanobis,kd_tree,10,1.0,0.04516697823753402
3,0.5,1.0,5,mahalanobis,kd_tree,10,2.0,0.04516697823753402
3,0.5,1.0,5,mahalanobis,kd_tree,20,,0.04516697823753402
3,0.5,1.0,5,mahalanobis,kd_tree,20,1.0,0.04516697823753402
3,0.5,1.0,5,mahalanobis,kd_tree,20,2.0,0.04516697823753402
3,0.5,1.0,5,mahalanobis,kd_tree,30,,0.04516697823753402
3,0.5,1.0,5,mahalanobis,kd_tree,30,1.0,0.04516697823753402
3,0.5,1.0,5,mahalanobis,kd_tree,30,2.0,0.04516697823753402
3,0.5,1.0,5,mahalanobis,kd_tree,40,,0.04516697823753402
3,0.5,1.0,5,mahalanobis,kd_tree,40,1.0,0.04516697823753402
3,0.5,1.0,5,mahalanobis,kd_tree,40,2.0,0.04516697823753402
3,0.5,1.0,5,mahalanobis,kd_tree,50,,0.04516697823753402
3,0.5,1.0,5,mahalanobis,kd_tree,50,1.0,0.04516697823753402
3,0.5,1.0,5,mahalanobis,kd_tree,50,2.0,0.04516697823753402
3,0.5,1.0,5,mahalanobis,brute,10,,0.04516697823753402
3,0.5,1.0,5,mahalanobis,brute,10,1.0,0.04516697823753402
3,0.5,1.0,5,mahalanobis,brute,10,2.0,0.04516697823753402
3,0.5,1.0,5,mahalanobis,brute,20,,0.04516697823753402
3,0.5,1.0,5,mahalanobis,brute,20,1.0,0.04516697823753402
3,0.5,1.0,5,mahalanobis,brute,20,2.0,0.04516697823753402
3,0.5,1.0,5,mahalanobis,brute,30,,0.04516697823753402
3,0.5,1.0,5,mahalanobis,brute,30,1.0,0.04516697823753402
3,0.5,1.0,5,mahalanobis,brute,30,2.0,0.04516697823753402
3,0.5,1.0,5,mahalanobis,brute,40,,0.04516697823753402
3,0.5,1.0,5,mahalanobis,brute,40,1.0,0.04516697823753402
3,0.5,1.0,5,mahalanobis,brute,40,2.0,0.04516697823753402
3,0.5,1.0,5,mahalanobis,brute,50,,0.04516697823753402
3,0.5,1.0,5,mahalanobis,brute,50,1.0,0.04516697823753402
3,0.5,1.0,5,mahalanobis,brute,50,2.0,0.04516697823753402
3,0.02666666666666667,1.0,6,euclidean,auto,10,,0.4754175396232291
3,0.02666666666666667,1.0,6,euclidean,auto,10,1.0,0.4754175396232291
3,0.02666666666666667,1.0,6,euclidean,auto,10,2.0,0.4754175396232291
3,0.02666666666666667,1.0,6,euclidean,auto,20,,0.4754175396232291
3,0.02666666666666667,1.0,6,euclidean,auto,20,1.0,0.4754175396232291
3,0.02666666666666667,1.0,6,euclidean,auto,20,2.0,0.4754175396232291
3,0.02666666666666667,1.0,6,euclidean,auto,30,,0.4754175396232291
3,0.02666666666666667,1.0,6,euclidean,auto,30,1.0,0.4754175396232291
3,0.02666666666666667,1.0,6,euclidean,auto,30,2.0,0.4754175396232291
3,0.02666666666666667,1.0,6,euclidean,auto,40,,0.4754175396232291
3,0.02666666666666667,1.0,6,euclidean,auto,40,1.0,0.4754175396232291
3,0.02666666666666667,1.0,6,euclidean,auto,40,2.0,0.4754175396232291
3,0.02666666666666667,1.0,6,euclidean,auto,50,,0.4754175396232291
3,0.02666666666666667,1.0,6,euclidean,auto,50,1.0,0.4754175396232291
3,0.02666666666666667,1.0,6,euclidean,auto,50,2.0,0.4754175396232291
3,0.02666666666666667,1.0,6,euclidean,ball_tree,10,,0.4754175396232291
3,0.02666666666666667,1.0,6,euclidean,ball_tree,10,1.0,0.4754175396232291
3,0.02666666666666667,1.0,6,euclidean,ball_tree,10,2.0,0.4754175396232291
3,0.02666666666666667,1.0,6,euclidean,ball_tree,20,,0.4754175396232291
3,0.02666666666666667,1.0,6,euclidean,ball_tree,20,1.0,0.4754175396232291
3,0.02666666666666667,1.0,6,euclidean,ball_tree,20,2.0,0.4754175396232291
3,0.02666666666666667,1.0,6,euclidean,ball_tree,30,,0.4754175396232291
3,0.02666666666666667,1.0,6,euclidean,ball_tree,30,1.0,0.4754175396232291
3,0.02666666666666667,1.0,6,euclidean,ball_tree,30,2.0,0.4754175396232291
3,0.02666666666666667,1.0,6,euclidean,ball_tree,40,,0.4754175396232291
3,0.02666666666666667,1.0,6,euclidean,ball_tree,40,1.0,0.4754175396232291
3,0.02666666666666667,1.0,6,euclidean,ball_tree,40,2.0,0.4754175396232291
3,0.02666666666666667,1.0,6,euclidean,ball_tree,50,,0.4754175396232291
3,0.02666666666666667,1.0,6,euclidean,ball_tree,50,1.0,0.4754175396232291
3,0.02666666666666667,1.0,6,euclidean,ball_tree,50,2.0,0.4754175396232291
3,0.02666666666666667,1.0,6,euclidean,kd_tree,10,,0.4754175396232291
3,0.02666666666666667,1.0,6,euclidean,kd_tree,10,1.0,0.4754175396232291
3,0.02666666666666667,1.0,6,euclidean,kd_tree,10,2.0,0.4754175396232291
3,0.02666666666666667,1.0,6,euclidean,kd_tree,20,,0.4754175396232291
3,0.02666666666666667,1.0,6,euclidean,kd_tree,20,1.0,0.4754175396232291
3,0.02666666666666667,1.0,6,euclidean,kd_tree,20,2.0,0.4754175396232291
3,0.02666666666666667,1.0,6,euclidean,kd_tree,30,,0.4754175396232291
3,0.02666666666666667,1.0,6,euclidean,kd_tree,30,1.0,0.4754175396232291
3,0.02666666666666667,1.0,6,euclidean,kd_tree,30,2.0,0.4754175396232291
3,0.02666666666666667,1.0,6,euclidean,kd_tree,40,,0.4754175396232291
3,0.02666666666666667,1.0,6,euclidean,kd_tree,40,1.0,0.4754175396232291
3,0.02666666666666667,1.0,6,euclidean,kd_tree,40,2.0,0.4754175396232291
3,0.02666666666666667,1.0,6,euclidean,kd_tree,50,,0.4754175396232291
3,0.02666666666666667,1.0,6,euclidean,kd_tree,50,1.0,0.4754175396232291
3,0.02666666666666667,1.0,6,euclidean,kd_tree,50,2.0,0.4754175396232291
3,0.02666666666666667,1.0,6,euclidean,brute,10,,0.4754175396232291
3,0.02666666666666667,1.0,6,euclidean,brute,10,1.0,0.4754175396232291
3,0.02666666666666667,1.0,6,euclidean,brute,10,2.0,0.4754175396232291
3,0.02666666666666667,1.0,6,euclidean,brute,20,,0.4754175396232291
3,0.02666666666666667,1.0,6,euclidean,brute,20,1.0,0.4754175396232291
3,0.02666666666666667,1.0,6,euclidean,brute,20,2.0,0.4754175396232291
3,0.02666666666666667,1.0,6,euclidean,brute,30,,0.4754175396232291
3,0.02666666666666667,1.0,6,euclidean,brute,30,1.0,0.4754175396232291
3,0.02666666666666667,1.0,6,euclidean,brute,30,2.0,0.4754175396232291
3,0.02666666666666667,1.0,6,euclidean,brute,40,,0.4754175396232291
3,0.02666666666666667,1.0,6,euclidean,brute,40,1.0,0.4754175396232291
3,0.02666666666666667,1.0,6,euclidean,brute,40,2.0,0.4754175396232291
3,0.02666666666666667,1.0,6,euclidean,brute,50,,0.4754175396232291
3,0.02666666666666667,1.0,6,euclidean,brute,50,1.0,0.4754175396232291
3,0.02666666666666667,1.0,6,euclidean,brute,50,2.0,0.4754175396232291
3,0.18666666666666668,1.0,6,manhattan,auto,10,,0.3722060575398493
3,0.18666666666666668,1.0,6,manhattan,auto,10,1.0,0.3722060575398493
3,0.18666666666666668,1.0,6,manhattan,auto,10,2.0,0.3722060575398493
3,0.18666666666666668,1.0,6,manhattan,auto,20,,0.3722060575398493
3,0.18666666666666668,1.0,6,manhattan,auto,20,1.0,0.3722060575398493
3,0.18666666666666668,1.0,6,manhattan,auto,20,2.0,0.3722060575398493
3,0.18666666666666668,1.0,6,manhattan,auto,30,,0.3722060575398493
3,0.18666666666666668,1.0,6,manhattan,auto,30,1.0,0.3722060575398493
3,0.18666666666666668,1.0,6,manhattan,auto,30,2.0,0.3722060575398493
3,0.18666666666666668,1.0,6,manhattan,auto,40,,0.3722060575398493
3,0.18666666666666668,1.0,6,manhattan,auto,40,1.0,0.3722060575398493
3,0.18666666666666668,1.0,6,manhattan,auto,40,2.0,0.3722060575398493
3,0.18666666666666668,1.0,6,manhattan,auto,50,,0.3722060575398493
3,0.18666666666666668,1.0,6,manhattan,auto,50,1.0,0.3722060575398493
3,0.18666666666666668,1.0,6,manhattan,auto,50,2.0,0.3722060575398493
3,0.18666666666666668,1.0,6,manhattan,ball_tree,10,,0.3722060575398493
3,0.18666666666666668,1.0,6,manhattan,ball_tree,10,1.0,0.3722060575398493
3,0.18666666666666668,1.0,6,manhattan,ball_tree,10,2.0,0.3722060575398493
3,0.18666666666666668,1.0,6,manhattan,ball_tree,20,,0.3722060575398493
3,0.18666666666666668,1.0,6,manhattan,ball_tree,20,1.0,0.3722060575398493
3,0.18666666666666668,1.0,6,manhattan,ball_tree,20,2.0,0.3722060575398493
3,0.18666666666666668,1.0,6,manhattan,ball_tree,30,,0.3722060575398493
3,0.18666666666666668,1.0,6,manhattan,ball_tree,30,1.0,0.3722060575398493
3,0.18666666666666668,1.0,6,manhattan,ball_tree,30,2.0,0.3722060575398493
3,0.18666666666666668,1.0,6,manhattan,ball_tree,40,,0.3722060575398493
3,0.18666666666666668,1.0,6,manhattan,ball_tree,40,1.0,0.3722060575398493
3,0.18666666666666668,1.0,6,manhattan,ball_tree,40,2.0,0.3722060575398493
3,0.18666666666666668,1.0,6,manhattan,ball_tree,50,,0.3722060575398493
3,0.18666666666666668,1.0,6,manhattan,ball_tree,50,1.0,0.3722060575398493
3,0.18666666666666668,1.0,6,manhattan,ball_tree,50,2.0,0.3722060575398493
3,0.18666666666666668,1.0,6,manhattan,kd_tree,10,,0.3722060575398493
3,0.18666666666666668,1.0,6,manhattan,kd_tree,10,1.0,0.3722060575398493
3,0.18666666666666668,1.0,6,manhattan,kd_tree,10,2.0,0.3722060575398493
3,0.18666666666666668,1.0,6,manhattan,kd_tree,20,,0.3722060575398493
3,0.18666666666666668,1.0,6,manhattan,kd_tree,20,1.0,0.3722060575398493
3,0.18666666666666668,1.0,6,manhattan,kd_tree,20,2.0,0.3722060575398493
3,0.18666666666666668,1.0,6,manhattan,kd_tree,30,,0.3722060575398493
3,0.18666666666666668,1.0,6,manhattan,kd_tree,30,1.0,0.3722060575398493
3,0.18666666666666668,1.0,6,manhattan,kd_tree,30,2.0,0.3722060575398493
3,0.18666666666666668,1.0,6,manhattan,kd_tree,40,,0.3722060575398493
3,0.18666666666666668,1.0,6,manhattan,kd_tree,40,1.0,0.3722060575398493
3,0.18666666666666668,1.0,6,manhattan,kd_tree,40,2.0,0.3722060575398493
3,0.18666666666666668,1.0,6,manhattan,kd_tree,50,,0.3722060575398493
3,0.18666666666666668,1.0,6,manhattan,kd_tree,50,1.0,0.3722060575398493
3,0.18666666666666668,1.0,6,manhattan,kd_tree,50,2.0,0.3722060575398493
3,0.18666666666666668,1.0,6,manhattan,brute,10,,0.3722060575398493
3,0.18666666666666668,1.0,6,manhattan,brute,10,1.0,0.3722060575398493
3,0.18666666666666668,1.0,6,manhattan,brute,10,2.0,0.3722060575398493
3,0.18666666666666668,1.0,6,manhattan,brute,20,,0.3722060575398493
3,0.18666666666666668,1.0,6,manhattan,brute,20,1.0,0.3722060575398493
3,0.18666666666666668,1.0,6,manhattan,brute,20,2.0,0.3722060575398493
3,0.18666666666666668,1.0,6,manhattan,brute,30,,0.3722060575398493
3,0.18666666666666668,1.0,6,manhattan,brute,30,1.0,0.3722060575398493
3,0.18666666666666668,1.0,6,manhattan,brute,30,2.0,0.3722060575398493
3,0.18666666666666668,1.0,6,manhattan,brute,40,,0.3722060575398493
3,0.18666666666666668,1.0,6,manhattan,brute,40,1.0,0.3722060575398493
3,0.18666666666666668,1.0,6,manhattan,brute,40,2.0,0.3722060575398493
3,0.18666666666666668,1.0,6,manhattan,brute,50,,0.3722060575398493
3,0.18666666666666668,1.0,6,manhattan,brute,50,1.0,0.3722060575398493
3,0.18666666666666668,1.0,6,manhattan,brute,50,2.0,0.3722060575398493
3,0.5533333333333333,1.0,6,mahalanobis,auto,10,,0.0707982089496948
3,0.5533333333333333,1.0,6,mahalanobis,auto,10,1.0,0.0707982089496948
3,0.5533333333333333,1.0,6,mahalanobis,auto,10,2.0,0.0707982089496948
3,0.5533333333333333,1.0,6,mahalanobis,auto,20,,0.0707982089496948
3,0.5533333333333333,1.0,6,mahalanobis,auto,20,1.0,0.0707982089496948
3,0.5533333333333333,1.0,6,mahalanobis,auto,20,2.0,0.0707982089496948
3,0.5533333333333333,1.0,6,mahalanobis,auto,30,,0.0707982089496948
3,0.5533333333333333,1.0,6,mahalanobis,auto,30,1.0,0.0707982089496948
3,0.5533333333333333,1.0,6,mahalanobis,auto,30,2.0,0.0707982089496948
3,0.5533333333333333,1.0,6,mahalanobis,auto,40,,0.0707982089496948
3,0.5533333333333333,1.0,6,mahalanobis,auto,40,1.0,0.0707982089496948
3,0.5533333333333333,1.0,6,mahalanobis,auto,40,2.0,0.0707982089496948
3,0.5533333333333333,1.0,6,mahalanobis,auto,50,,0.0707982089496948
3,0.5533333333333333,1.0,6,mahalanobis,auto,50,1.0,0.0707982089496948
3,0.5533333333333333,1.0,6,mahalanobis,auto,50,2.0,0.0707982089496948
3,0.5533333333333333,1.0,6,mahalanobis,ball_tree,10,,0.0707982089496948
3,0.5533333333333333,1.0,6,mahalanobis,ball_tree,10,1.0,0.0707982089496948
3,0.5533333333333333,1.0,6,mahalanobis,ball_tree,10,2.0,0.0707982089496948
3,0.5533333333333333,1.0,6,mahalanobis,ball_tree,20,,0.0707982089496948
3,0.5533333333333333,1.0,6,mahalanobis,ball_tree,20,1.0,0.0707982089496948
3,0.5533333333333333,1.0,6,mahalanobis,ball_tree,20,2.0,0.0707982089496948
3,0.5533333333333333,1.0,6,mahalanobis,ball_tree,30,,0.0707982089496948
3,0.5533333333333333,1.0,6,mahalanobis,ball_tree,30,1.0,0.0707982089496948
3,0.5533333333333333,1.0,6,mahalanobis,ball_tree,30,2.0,0.0707982089496948
3,0.5533333333333333,1.0,6,mahalanobis,ball_tree,40,,0.0707982089496948
3,0.5533333333333333,1.0,6,mahalanobis,ball_tree,40,1.0,0.0707982089496948
3,0.5533333333333333,1.0,6,mahalanobis,ball_tree,40,2.0,0.0707982089496948
3,0.5533333333333333,1.0,6,mahalanobis,ball_tree,50,,0.0707982089496948
3,0.5533333333333333,1.0,6,mahalanobis,ball_tree,50,1.0,0.0707982089496948
3,0.5533333333333333,1.0,6,mahalanobis,ball_tree,50,2.0,0.0707982089496948
3,0.5533333333333333,1.0,6,mahalanobis,kd_tree,10,,0.0707982089496948
3,0.5533333333333333,1.0,6,mahalanobis,kd_tree,10,1.0,0.0707982089496948
3,0.5533333333333333,1.0,6,mahalanobis,kd_tree,10,2.0,0.0707982089496948
3,0.5533333333333333,1.0,6,mahalanobis,kd_tree,20,,0.0707982089496948
3,0.5533333333333333,1.0,6,mahalanobis,kd_tree,20,1.0,0.0707982089496948
3,0.5533333333333333,1.0,6,mahalanobis,kd_tree,20,2.0,0.0707982089496948
3,0.5533333333333333,1.0,6,mahalanobis,kd_tree,30,,0.0707982089496948
3,0.5533333333333333,1.0,6,mahalanobis,kd_tree,30,1.0,0.0707982089496948
3,0.5533333333333333,1.0,6,mahalanobis,kd_tree,30,2.0,0.0707982089496948
3,0.5533333333333333,1.0,6,mahalanobis,kd_tree,40,,0.0707982089496948
3,0.5533333333333333,1.0,6,mahalanobis,kd_tree,40,1.0,0.0707982089496948
3,0.5533333333333333,1.0,6,mahalanobis,kd_tree,40,2.0,0.0707982089496948
3,0.5533333333333333,1.0,6,mahalanobis,kd_tree,50,,0.0707982089496948
3,0.5533333333333333,1.0,6,mahalanobis,kd_tree,50,1.0,0.0707982089496948
3,0.5533333333333333,1.0,6,mahalanobis,kd_tree,50,2.0,0.0707982089496948
3,0.5533333333333333,1.0,6,mahalanobis,brute,10,,0.0707982089496948
3,0.5533333333333333,1.0,6,mahalanobis,brute,10,1.0,0.0707982089496948
3,0.5533333333333333,1.0,6,mahalanobis,brute,10,2.0,0.0707982089496948
3,0.5533333333333333,1.0,6,mahalanobis,brute,20,,0.0707982089496948
3,0.5533333333333333,1.0,6,mahalanobis,brute,20,1.0,0.0707982089496948
3,0.5533333333333333,1.0,6,mahalanobis,brute,20,2.0,0.0707982089496948
3,0.5533333333333333,1.0,6,mahalanobis,brute,30,,0.0707982089496948
3,0.5533333333333333,1.0,6,mahalanobis,brute,30,1.0,0.0707982089496948
3,0.5533333333333333,1.0,6,mahalanobis,brute,30,2.0,0.0707982089496948
3,0.5533333333333333,1.0,6,mahalanobis,brute,40,,0.0707982089496948
3,0.5533333333333333,1.0,6,mahalanobis,brute,40,1.0,0.0707982089496948
3,0.5533333333333333,1.0,6,mahalanobis,brute,40,2.0,0.0707982089496948
3,0.5533333333333333,1.0,6,mahalanobis,brute,50,,0.0707982089496948
3,0.5533333333333333,1.0,6,mahalanobis,brute,50,1.0,0.0707982089496948
3,0.5533333333333333,1.0,6,mahalanobis,brute,50,2.0,0.0707982089496948
3,0.02666666666666667,1.0,7,euclidean,auto,10,,0.4754175396232291
3,0.02666666666666667,1.0,7,euclidean,auto,10,1.0,0.4754175396232291
3,0.02666666666666667,1.0,7,euclidean,auto,10,2.0,0.4754175396232291
3,0.02666666666666667,1.0,7,euclidean,auto,20,,0.4754175396232291
3,0.02666666666666667,1.0,7,euclidean,auto,20,1.0,0.4754175396232291
3,0.02666666666666667,1.0,7,euclidean,auto,20,2.0,0.4754175396232291
3,0.02666666666666667,1.0,7,euclidean,auto,30,,0.4754175396232291
3,0.02666666666666667,1.0,7,euclidean,auto,30,1.0,0.4754175396232291
3,0.02666666666666667,1.0,7,euclidean,auto,30,2.0,0.4754175396232291
3,0.02666666666666667,1.0,7,euclidean,auto,40,,0.4754175396232291
3,0.02666666666666667,1.0,7,euclidean,auto,40,1.0,0.4754175396232291
3,0.02666666666666667,1.0,7,euclidean,auto,40,2.0,0.4754175396232291
3,0.02666666666666667,1.0,7,euclidean,auto,50,,0.4754175396232291
3,0.02666666666666667,1.0,7,euclidean,auto,50,1.0,0.4754175396232291
3,0.02666666666666667,1.0,7,euclidean,auto,50,2.0,0.4754175396232291
3,0.02666666666666667,1.0,7,euclidean,ball_tree,10,,0.4754175396232291
3,0.02666666666666667,1.0,7,euclidean,ball_tree,10,1.0,0.4754175396232291
3,0.02666666666666667,1.0,7,euclidean,ball_tree,10,2.0,0.4754175396232291
3,0.02666666666666667,1.0,7,euclidean,ball_tree,20,,0.4754175396232291
3,0.02666666666666667,1.0,7,euclidean,ball_tree,20,1.0,0.4754175396232291
3,0.02666666666666667,1.0,7,euclidean,ball_tree,20,2.0,0.4754175396232291
3,0.02666666666666667,1.0,7,euclidean,ball_tree,30,,0.4754175396232291
3,0.02666666666666667,1.0,7,euclidean,ball_tree,30,1.0,0.4754175396232291
3,0.02666666666666667,1.0,7,euclidean,ball_tree,30,2.0,0.4754175396232291
3,0.02666666666666667,1.0,7,euclidean,ball_tree,40,,0.4754175396232291
3,0.02666666666666667,1.0,7,euclidean,ball_tree,40,1.0,0.4754175396232291
3,0.02666666666666667,1.0,7,euclidean,ball_tree,40,2.0,0.4754175396232291
3,0.02666666666666667,1.0,7,euclidean,ball_tree,50,,0.4754175396232291
3,0.02666666666666667,1.0,7,euclidean,ball_tree,50,1.0,0.4754175396232291
3,0.02666666666666667,1.0,7,euclidean,ball_tree,50,2.0,0.4754175396232291
3,0.02666666666666667,1.0,7,euclidean,kd_tree,10,,0.4754175396232291
3,0.02666666666666667,1.0,7,euclidean,kd_tree,10,1.0,0.4754175396232291
3,0.02666666666666667,1.0,7,euclidean,kd_tree,10,2.0,0.4754175396232291
3,0.02666666666666667,1.0,7,euclidean,kd_tree,20,,0.4754175396232291
3,0.02666666666666667,1.0,7,euclidean,kd_tree,20,1.0,0.4754175396232291
3,0.02666666666666667,1.0,7,euclidean,kd_tree,20,2.0,0.4754175396232291
3,0.02666666666666667,1.0,7,euclidean,kd_tree,30,,0.4754175396232291
3,0.02666666666666667,1.0,7,euclidean,kd_tree,30,1.0,0.4754175396232291
3,0.02666666666666667,1.0,7,euclidean,kd_tree,30,2.0,0.4754175396232291
3,0.02666666666666667,1.0,7,euclidean,kd_tree,40,,0.4754175396232291
3,0.02666666666666667,1.0,7,euclidean,kd_tree,40,1.0,0.4754175396232291
3,0.02666666666666667,1.0,7,euclidean,kd_tree,40,2.0,0.4754175396232291
3,0.02666666666666667,1.0,7,euclidean,kd_tree,50,,0.4754175396232291
3,0.02666666666666667,1.0,7,euclidean,kd_tree,50,1.0,0.4754175396232291
3,0.02666666666666667,1.0,7,euclidean,kd_tree,50,2.0,0.4754175396232291
3,0.02666666666666667,1.0,7,euclidean,brute,10,,0.4754175396232291
3,0.02666666666666667,1.0,7,euclidean,brute,10,1.0,0.4754175396232291
3,0.02666666666666667,1.0,7,euclidean,brute,10,2.0,0.4754175396232291
3,0.02666666666666667,1.0,7,euclidean,brute,20,,0.4754175396232291
3,0.02666666666666667,1.0,7,euclidean,brute,20,1.0,0.4754175396232291
3,0.02666666666666667,1.0,7,euclidean,brute,20,2.0,0.4754175396232291
3,0.02666666666666667,1.0,7,euclidean,brute,30,,0.4754175396232291
3,0.02666666666666667,1.0,7,euclidean,brute,30,1.0,0.4754175396232291
3,0.02666666666666667,1.0,7,euclidean,brute,30,2.0,0.4754175396232291
3,0.02666666666666667,1.0,7,euclidean,brute,40,,0.4754175396232291
3,0.02666666666666667,1.0,7,euclidean,brute,40,1.0,0.4754175396232291
3,0.02666666666666667,1.0,7,euclidean,brute,40,2.0,0.4754175396232291
3,0.02666666666666667,1.0,7,euclidean,brute,50,,0.4754175396232291
3,0.02666666666666667,1.0,7,euclidean,brute,50,1.0,0.4754175396232291
3,0.02666666666666667,1.0,7,euclidean,brute,50,2.0,0.4754175396232291
3,0.19333333333333333,1.0,7,manhattan,auto,10,,0.36938175687468183
3,0.19333333333333333,1.0,7,manhattan,auto,10,1.0,0.36938175687468183
3,0.19333333333333333,1.0,7,manhattan,auto,10,2.0,0.36938175687468183
3,0.19333333333333333,1.0,7,manhattan,auto,20,,0.36938175687468183
3,0.19333333333333333,1.0,7,manhattan,auto,20,1.0,0.36938175687468183
3,0.19333333333333333,1.0,7,manhattan,auto,20,2.0,0.36938175687468183
3,0.19333333333333333,1.0,7,manhattan,auto,30,,0.36938175687468183
3,0.19333333333333333,1.0,7,manhattan,auto,30,1.0,0.36938175687468183
3,0.19333333333333333,1.0,7,manhattan,auto,30,2.0,0.36938175687468183
3,0.19333333333333333,1.0,7,manhattan,auto,40,,0.36938175687468183
3,0.19333333333333333,1.0,7,manhattan,auto,40,1.0,0.36938175687468183
3,0.19333333333333333,1.0,7,manhattan,auto,40,2.0,0.36938175687468183
3,0.19333333333333333,1.0,7,manhattan,auto,50,,0.36938175687468183
3,0.19333333333333333,1.0,7,manhattan,auto,50,1.0,0.36938175687468183
3,0.19333333333333333,1.0,7,manhattan,auto,50,2.0,0.36938175687468183
3,0.19333333333333333,1.0,7,manhattan,ball_tree,10,,0.36938175687468183
3,0.19333333333333333,1.0,7,manhattan,ball_tree,10,1.0,0.36938175687468183
3,0.19333333333333333,1.0,7,manhattan,ball_tree,10,2.0,0.36938175687468183
3,0.19333333333333333,1.0,7,manhattan,ball_tree,20,,0.36938175687468183
3,0.19333333333333333,1.0,7,manhattan,ball_tree,20,1.0,0.36938175687468183
3,0.19333333333333333,1.0,7,manhattan,ball_tree,20,2.0,0.36938175687468183
3,0.19333333333333333,1.0,7,manhattan,ball_tree,30,,0.36938175687468183
3,0.19333333333333333,1.0,7,manhattan,ball_tree,30,1.0,0.36938175687468183
3,0.19333333333333333,1.0,7,manhattan,ball_tree,30,2.0,0.36938175687468183
3,0.19333333333333333,1.0,7,manhattan,ball_tree,40,,0.36938175687468183
3,0.19333333333333333,1.0,7,manhattan,ball_tree,40,1.0,0.36938175687468183
3,0.19333333333333333,1.0,7,manhattan,ball_tree,40,2.0,0.36938175687468183
3,0.19333333333333333,1.0,7,manhattan,ball_tree,50,,0.36938175687468183
3,0.19333333333333333,1.0,7,manhattan,ball_tree,50,1.0,0.36938175687468183
3,0.19333333333333333,1.0,7,manhattan,ball_tree,50,2.0,0.36938175687468183
3,0.19333333333333333,1.0,7,manhattan,kd_tree,10,,0.36938175687468183
3,0.19333333333333333,1.0,7,manhattan,kd_tree,10,1.0,0.36938175687468183
3,0.19333333333333333,1.0,7,manhattan,kd_tree,10,2.0,0.36938175687468183
3,0.19333333333333333,1.0,7,manhattan,kd_tree,20,,0.36938175687468183
3,0.19333333333333333,1.0,7,manhattan,kd_tree,20,1.0,0.36938175687468183
3,0.19333333333333333,1.0,7,manhattan,kd_tree,20,2.0,0.36938175687468183
3,0.19333333333333333,1.0,7,manhattan,kd_tree,30,,0.36938175687468183
3,0.19333333333333333,1.0,7,manhattan,kd_tree,30,1.0,0.36938175687468183
3,0.19333333333333333,1.0,7,manhattan,kd_tree,30,2.0,0.36938175687468183
3,0.19333333333333333,1.0,7,manhattan,kd_tree,40,,0.36938175687468183
3,0.19333333333333333,1.0,7,manhattan,kd_tree,40,1.0,0.36938175687468183
3,0.19333333333333333,1.0,7,manhattan,kd_tree,40,2.0,0.36938175687468183
3,0.19333333333333333,1.0,7,manhattan,kd_tree,50,,0.36938175687468183
3,0.19333333333333333,1.0,7,manhattan,kd_tree,50,1.0,0.36938175687468183
3,0.19333333333333333,1.0,7,manhattan,kd_tree,50,2.0,0.36938175687468183
3,0.19333333333333333,1.0,7,manhattan,brute,10,,0.36938175687468183
3,0.19333333333333333,1.0,7,manhattan,brute,10,1.0,0.36938175687468183
3,0.19333333333333333,1.0,7,manhattan,brute,10,2.0,0.36938175687468183
3,0.19333333333333333,1.0,7,manhattan,brute,20,,0.36938175687468183
3,0.19333333333333333,1.0,7,manhattan,brute,20,1.0,0.36938175687468183
3,0.19333333333333333,1.0,7,manhattan,brute,20,2.0,0.36938175687468183
3,0.19333333333333333,1.0,7,manhattan,brute,30,,0.36938175687468183
3,0.19333333333333333,1.0,7,manhattan,brute,30,1.0,0.36938175687468183
3,0.19333333333333333,1.0,7,manhattan,brute,30,2.0,0.36938175687468183
3,0.19333333333333333,1.0,7,manhattan,brute,40,,0.36938175687468183
3,0.19333333333333333,1.0,7,manhattan,brute,40,1.0,0.36938175687468183
3,0.19333333333333333,1.0,7,manhattan,brute,40,2.0,0.36938175687468183
3,0.19333333333333333,1.0,7,manhattan,brute,50,,0.36938175687468183
3,0.19333333333333333,1.0,7,manhattan,brute,50,1.0,0.36938175687468183
3,0.19333333333333333,1.0,7,manhattan,brute,50,2.0,0.36938175687468183
4,0.5733333333333334,1.0,7,mahalanobis,auto,10,,0.02611601943147265
4,0.5733333333333334,1.0,7,mahalanobis,auto,10,1.0,0.02611601943147265
4,0.5733333333333334,1.0,7,mahalanobis,auto,10,2.0,0.02611601943147265
4,0.5733333333333334,1.0,7,mahalanobis,auto,20,,0.02611601943147265
4,0.5733333333333334,1.0,7,mahalanobis,auto,20,1.0,0.02611601943147265
4,0.5733333333333334,1.0,7,mahalanobis,auto,20,2.0,0.02611601943147265
4,0.5733333333333334,1.0,7,mahalanobis,auto,30,,0.02611601943147265
4,0.5733333333333334,1.0,7,mahalanobis,auto,30,1.0,0.02611601943147265
4,0.5733333333333334,1.0,7,mahalanobis,auto,30,2.0,0.02611601943147265
4,0.5733333333333334,1.0,7,mahalanobis,auto,40,,0.02611601943147265
4,0.5733333333333334,1.0,7,mahalanobis,auto,40,1.0,0.02611601943147265
4,0.5733333333333334,1.0,7,mahalanobis,auto,40,2.0,0.02611601943147265
4,0.5733333333333334,1.0,7,mahalanobis,auto,50,,0.02611601943147265
4,0.5733333333333334,1.0,7,mahalanobis,auto,50,1.0,0.02611601943147265
4,0.5733333333333334,1.0,7,mahalanobis,auto,50,2.0,0.02611601943147265
4,0.5733333333333334,1.0,7,mahalanobis,ball_tree,10,,0.02611601943147265
4,0.5733333333333334,1.0,7,mahalanobis,ball_tree,10,1.0,0.02611601943147265
4,0.5733333333333334,1.0,7,mahalanobis,ball_tree,10,2.0,0.02611601943147265
4,0.5733333333333334,1.0,7,mahalanobis,ball_tree,20,,0.02611601943147265
4,0.5733333333333334,1.0,7,mahalanobis,ball_tree,20,1.0,0.02611601943147265
4,0.5733333333333334,1.0,7,mahalanobis,ball_tree,20,2.0,0.02611601943147265
4,0.5733333333333334,1.0,7,mahalanobis,ball_tree,30,,0.02611601943147265
4,0.5733333333333334,1.0,7,mahalanobis,ball_tree,30,1.0,0.02611601943147265
4,0.5733333333333334,1.0,7,mahalanobis,ball_tree,30,2.0,0.02611601943147265
4,0.5733333333333334,1.0,7,mahalanobis,ball_tree,40,,0.02611601943147265
4,0.5733333333333334,1.0,7,mahalanobis,ball_tree,40,1.0,0.02611601943147265
4,0.5733333333333334,1.0,7,mahalanobis,ball_tree,40,2.0,0.02611601943147265
4,0.5733333333333334,1.0,7,mahalanobis,ball_tree,50,,0.02611601943147265
4,0.5733333333333334,1.0,7,mahalanobis,ball_tree,50,1.0,0.02611601943147265
4,0.5733333333333334,1.0,7,mahalanobis,ball_tree,50,2.0,0.02611601943147265
4,0.5733333333333334,1.0,7,mahalanobis,kd_tree,10,,0.02611601943147265
4,0.5733333333333334,1.0,7,mahalanobis,kd_tree,10,1.0,0.02611601943147265
4,0.5733333333333334,1.0,7,mahalanobis,kd_tree,10,2.0,0.02611601943147265
4,0.5733333333333334,1.0,7,mahalanobis,kd_tree,20,,0.02611601943147265
4,0.5733333333333334,1.0,7,mahalanobis,kd_tree,20,1.0,0.02611601943147265
4,0.5733333333333334,1.0,7,mahalanobis,kd_tree,20,2.0,0.02611601943147265
4,0.5733333333333334,1.0,7,mahalanobis,kd_tree,30,,0.02611601943147265
4,0.5733333333333334,1.0,7,mahalanobis,kd_tree,30,1.0,0.02611601943147265
4,0.5733333333333334,1.0,7,mahalanobis,kd_tree,30,2.0,0.02611601943147265
4,0.5733333333333334,1.0,7,mahalanobis,kd_tree,40,,0.02611601943147265
4,0.5733333333333334,1.0,7,mahalanobis,kd_tree,40,1.0,0.02611601943147265
4,0.5733333333333334,1.0,7,mahalanobis,kd_tree,40,2.0,0.02611601943147265
4,0.5733333333333334,1.0,7,mahalanobis,kd_tree,50,,0.02611601943147265
4,0.5733333333333334,1.0,7,mahalanobis,kd_tree,50,1.0,0.02611601943147265
4,0.5733333333333334,1.0,7,mahalanobis,kd_tree,50,2.0,0.02611601943147265
4,0.5733333333333334,1.0,7,mahalanobis,brute,10,,0.02611601943147265
4,0.5733333333333334,1.0,7,mahalanobis,brute,10,1.0,0.02611601943147265
4,0.5733333333333334,1.0,7,mahalanobis,brute,10,2.0,0.02611601943147265
4,0.5733333333333334,1.0,7,mahalanobis,brute,20,,0.02611601943147265
4,0.5733333333333334,1.0,7,mahalanobis,brute,20,1.0,0.02611601943147265
4,0.5733333333333334,1.0,7,mahalanobis,brute,20,2.0,0.02611601943147265
4,0.5733333333333334,1.0,7,mahalanobis,brute,30,,0.02611601943147265
4,0.5733333333333334,1.0,7,mahalanobis,brute,30,1.0,0.02611601943147265
4,0.5733333333333334,1.0,7,mahalanobis,brute,30,2.0,0.02611601943147265
4,0.5733333333333334,1.0,7,mahalanobis,brute,40,,0.02611601943147265
4,0.5733333333333334,1.0,7,mahalanobis,brute,40,1.0,0.02611601943147265
4,0.5733333333333334,1.0,7,mahalanobis,brute,40,2.0,0.02611601943147265
4,0.5733333333333334,1.0,7,mahalanobis,brute,50,,0.02611601943147265
4,0.5733333333333334,1.0,7,mahalanobis,brute,50,1.0,0.02611601943147265
4,0.5733333333333334,1.0,7,mahalanobis,brute,50,2.0,0.02611601943147265
3,0.02666666666666667,1.0,8,euclidean,auto,10,,0.4754175396232291
3,0.02666666666666667,1.0,8,euclidean,auto,10,1.0,0.4754175396232291
3,0.02666666666666667,1.0,8,euclidean,auto,10,2.0,0.4754175396232291
3,0.02666666666666667,1.0,8,euclidean,auto,20,,0.4754175396232291
3,0.02666666666666667,1.0,8,euclidean,auto,20,1.0,0.4754175396232291
3,0.02666666666666667,1.0,8,euclidean,auto,20,2.0,0.4754175396232291
3,0.02666666666666667,1.0,8,euclidean,auto,30,,0.4754175396232291
3,0.02666666666666667,1.0,8,euclidean,auto,30,1.0,0.4754175396232291
3,0.02666666666666667,1.0,8,euclidean,auto,30,2.0,0.4754175396232291
3,0.02666666666666667,1.0,8,euclidean,auto,40,,0.4754175396232291
3,0.02666666666666667,1.0,8,euclidean,auto,40,1.0,0.4754175396232291
3,0.02666666666666667,1.0,8,euclidean,auto,40,2.0,0.4754175396232291
3,0.02666666666666667,1.0,8,euclidean,auto,50,,0.4754175396232291
3,0.02666666666666667,1.0,8,euclidean,auto,50,1.0,0.4754175396232291
3,0.02666666666666667,1.0,8,euclidean,auto,50,2.0,0.4754175396232291
3,0.02666666666666667,1.0,8,euclidean,ball_tree,10,,0.4754175396232291
3,0.02666666666666667,1.0,8,euclidean,ball_tree,10,1.0,0.4754175396232291
3,0.02666666666666667,1.0,8,euclidean,ball_tree,10,2.0,0.4754175396232291
3,0.02666666666666667,1.0,8,euclidean,ball_tree,20,,0.4754175396232291
3,0.02666666666666667,1.0,8,euclidean,ball_tree,20,1.0,0.4754175396232291
3,0.02666666666666667,1.0,8,euclidean,ball_tree,20,2.0,0.4754175396232291
3,0.02666666666666667,1.0,8,euclidean,ball_tree,30,,0.4754175396232291
3,0.02666666666666667,1.0,8,euclidean,ball_tree,30,1.0,0.4754175396232291
3,0.02666666666666667,1.0,8,euclidean,ball_tree,30,2.0,0.4754175396232291
3,0.02666666666666667,1.0,8,euclidean,ball_tree,40,,0.4754175396232291
3,0.02666666666666667,1.0,8,euclidean,ball_tree,40,1.0,0.4754175396232291
3,0.02666666666666667,1.0,8,euclidean,ball_tree,40,2.0,0.4754175396232291
3,0.02666666666666667,1.0,8,euclidean,ball_tree,50,,0.4754175396232291
3,0.02666666666666667,1.0,8,euclidean,ball_tree,50,1.0,0.4754175396232291
3,0.02666666666666667,1.0,8,euclidean,ball_tree,50,2.0,0.4754175396232291
3,0.02666666666666667,1.0,8,euclidean,kd_tree,10,,0.4754175396232291
3,0.02666666666666667,1.0,8,euclidean,kd_tree,10,1.0,0.4754175396232291
3,0.02666666666666667,1.0,8,euclidean,kd_tree,10,2.0,0.4754175396232291
3,0.02666666666666667,1.0,8,euclidean,kd_tree,20,,0.4754175396232291
3,0.02666666666666667,1.0,8,euclidean,kd_tree,20,1.0,0.4754175396232291
3,0.02666666666666667,1.0,8,euclidean,kd_tree,20,2.0,0.4754175396232291
3,0.02666666666666667,1.0,8,euclidean,kd_tree,30,,0.4754175396232291
3,0.02666666666666667,1.0,8,euclidean,kd_tree,30,1.0,0.4754175396232291
3,0.02666666666666667,1.0,8,euclidean,kd_tree,30,2.0,0.4754175396232291
3,0.02666666666666667,1.0,8,euclidean,kd_tree,40,,0.4754175396232291
3,0.02666666666666667,1.0,8,euclidean,kd_tree,40,1.0,0.4754175396232291
3,0.02666666666666667,1.0,8,euclidean,kd_tree,40,2.0,0.4754175396232291
3,0.02666666666666667,1.0,8,euclidean,kd_tree,50,,0.4754175396232291
3,0.02666666666666667,1.0,8,euclidean,kd_tree,50,1.0,0.4754175396232291
3,0.02666666666666667,1.0,8,euclidean,kd_tree,50,2.0,0.4754175396232291
3,0.02666666666666667,1.0,8,euclidean,brute,10,,0.4754175396232291
3,0.02666666666666667,1.0,8,euclidean,brute,10,1.0,0.4754175396232291
3,0.02666666666666667,1.0,8,euclidean,brute,10,2.0,0.4754175396232291
3,0.02666666666666667,1.0,8,euclidean,brute,20,,0.4754175396232291
3,0.02666666666666667,1.0,8,euclidean,brute,20,1.0,0.4754175396232291
3,0.02666666666666667,1.0,8,euclidean,brute,20,2.0,0.4754175396232291
3,0.02666666666666667,1.0,8,euclidean,brute,30,,0.4754175396232291
3,0.02666666666666667,1.0,8,euclidean,brute,30,1.0,0.4754175396232291
3,0.02666666666666667,1.0,8,euclidean,brute,30,2.0,0.4754175396232291
3,0.02666666666666667,1.0,8,euclidean,brute,40,,0.4754175396232291
3,0.02666666666666667,1.0,8,euclidean,brute,40,1.0,0.4754175396232291
3,0.02666666666666667,1.0,8,euclidean,brute,40,2.0,0.4754175396232291
3,0.02666666666666667,1.0,8,euclidean,brute,50,,0.4754175396232291
3,0.02666666666666667,1.0,8,euclidean,brute,50,1.0,0.4754175396232291
3,0.02666666666666667,1.0,8,euclidean,brute,50,2.0,0.4754175396232291
3,0.20666666666666667,1.0,8,manhattan,auto,10,,0.35795393988178803
3,0.20666666666666667,1.0,8,manhattan,auto,10,1.0,0.35795393988178803
3,0.20666666666666667,1.0,8,manhattan,auto,10,2.0,0.35795393988178803
3,0.20666666666666667,1.0,8,manhattan,auto,20,,0.35795393988178803
3,0.20666666666666667,1.0,8,manhattan,auto,20,1.0,0.35795393988178803
3,0.20666666666666667,1.0,8,manhattan,auto,20,2.0,0.35795393988178803
3,0.20666666666666667,1.0,8,manhattan,auto,30,,0.35795393988178803
3,0.20666666666666667,1.0,8,manhattan,auto,30,1.0,0.35795393988178803
3,0.20666666666666667,1.0,8,manhattan,auto,30,2.0,0.35795393988178803
3,0.20666666666666667,1.0,8,manhattan,auto,40,,0.35795393988178803
3,0.20666666666666667,1.0,8,manhattan,auto,40,1.0,0.35795393988178803
3,0.20666666666666667,1.0,8,manhattan,auto,40,2.0,0.35795393988178803
3,0.20666666666666667,1.0,8,manhattan,auto,50,,0.35795393988178803
3,0.20666666666666667,1.0,8,manhattan,auto,50,1.0,0.35795393988178803
3,0.20666666666666667,1.0,8,manhattan,auto,50,2.0,0.35795393988178803
3,0.20666666666666667,1.0,8,manhattan,ball_tree,10,,0.35795393988178803
3,0.20666666666666667,1.0,8,manhattan,ball_tree,10,1.0,0.35795393988178803
3,0.20666666666666667,1.0,8,manhattan,ball_tree,10,2.0,0.35795393988178803
3,0.20666666666666667,1.0,8,manhattan,ball_tree,20,,0.35795393988178803
3,0.20666666666666667,1.0,8,manhattan,ball_tree,20,1.0,0.35795393988178803
3,0.20666666666666667,1.0,8,manhattan,ball_tree,20,2.0,0.35795393988178803
3,0.20666666666666667,1.0,8,manhattan,ball_tree,30,,0.35795393988178803
3,0.20666666666666667,1.0,8,manhattan,ball_tree,30,1.0,0.35795393988178803
3,0.20666666666666667,1.0,8,manhattan,ball_tree,30,2.0,0.35795393988178803
3,0.20666666666666667,1.0,8,manhattan,ball_tree,40,,0.35795393988178803
3,0.20666666666666667,1.0,8,manhattan,ball_tree,40,1.0,0.35795393988178803
3,0.20666666666666667,1.0,8,manhattan,ball_tree,40,2.0,0.35795393988178803
3,0.20666666666666667,1.0,8,manhattan,ball_tree,50,,0.35795393988178803
3,0.20666666666666667,1.0,8,manhattan,ball_tree,50,1.0,0.35795393988178803
3,0.20666666666666667,1.0,8,manhattan,ball_tree,50,2.0,0.35795393988178803
3,0.20666666666666667,1.0,8,manhattan,kd_tree,10,,0.35795393988178803
3,0.20666666666666667,1.0,8,manhattan,kd_tree,10,1.0,0.35795393988178803
3,0.20666666666666667,1.0,8,manhattan,kd_tree,10,2.0,0.35795393988178803
3,0.20666666666666667,1.0,8,manhattan,kd_tree,20,,0.35795393988178803
3,0.20666666666666667,1.0,8,manhattan,kd_tree,20,1.0,0.35795393988178803
3,0.20666666666666667,1.0,8,manhattan,kd_tree,20,2.0,0.35795393988178803
3,0.20666666666666667,1.0,8,manhattan,kd_tree,30,,0.35795393988178803
3,0.20666666666666667,1.0,8,manhattan,kd_tree,30,1.0,0.35795393988178803
3,0.20666666666666667,1.0,8,manhattan,kd_tree,30,2.0,0.35795393988178803
3,0.20666666666666667,1.0,8,manhattan,kd_tree,40,,0.35795393988178803
3,0.20666666666666667,1.0,8,manhattan,kd_tree,40,1.0,0.35795393988178803
3,0.20666666666666667,1.0,8,manhattan,kd_tree,40,2.0,0.35795393988178803
3,0.20666666666666667,1.0,8,manhattan,kd_tree,50,,0.35795393988178803
3,0.20666666666666667,1.0,8,manhattan,kd_tree,50,1.0,0.35795393988178803
3,0.20666666666666667,1.0,8,manhattan,kd_tree,50,2.0,0.35795393988178803
3,0.20666666666666667,1.0,8,manhattan,brute,10,,0.35795393988178803
3,0.20666666666666667,1.0,8,manhattan,brute,10,1.0,0.35795393988178803
3,0.20666666666666667,1.0,8,manhattan,brute,10,2.0,0.35795393988178803
3,0.20666666666666667,1.0,8,manhattan,brute,20,,0.35795393988178803
3,0.20666666666666667,1.0,8,manhattan,brute,20,1.0,0.35795393988178803
3,0.20666666666666667,1.0,8,manhattan,brute,20,2.0,0.35795393988178803
3,0.20666666666666667,1.0,8,manhattan,brute,30,,0.35795393988178803
3,0.20666666666666667,1.0,8,manhattan,brute,30,1.0,0.35795393988178803
3,0.20666666666666667,1.0,8,manhattan,brute,30,2.0,0.35795393988178803
3,0.20666666666666667,1.0,8,manhattan,brute,40,,0.35795393988178803
3,0.20666666666666667,1.0,8,manhattan,brute,40,1.0,0.35795393988178803
3,0.20666666666666667,1.0,8,manhattan,brute,40,2.0,0.35795393988178803
3,0.20666666666666667,1.0,8,manhattan,brute,50,,0.35795393988178803
3,0.20666666666666667,1.0,8,manhattan,brute,50,1.0,0.35795393988178803
3,0.20666666666666667,1.0,8,manhattan,brute,50,2.0,0.35795393988178803
4,0.5933333333333334,1.0,8,mahalanobis,auto,10,,0.004835196718124912
4,0.5933333333333334,1.0,8,mahalanobis,auto,10,1.0,0.004835196718124912
4,0.5933333333333334,1.0,8,mahalanobis,auto,10,2.0,0.004835196718124912
4,0.5933333333333334,1.0,8,mahalanobis,auto,20,,0.004835196718124912
4,0.5933333333333334,1.0,8,mahalanobis,auto,20,1.0,0.004835196718124912
4,0.5933333333333334,1.0,8,mahalanobis,auto,20,2.0,0.004835196718124912
4,0.5933333333333334,1.0,8,mahalanobis,auto,30,,0.004835196718124912
4,0.5933333333333334,1.0,8,mahalanobis,auto,30,1.0,0.004835196718124912
4,0.5933333333333334,1.0,8,mahalanobis,auto,30,2.0,0.004835196718124912
4,0.5933333333333334,1.0,8,mahalanobis,auto,40,,0.004835196718124912
4,0.5933333333333334,1.0,8,mahalanobis,auto,40,1.0,0.004835196718124912
4,0.5933333333333334,1.0,8,mahalanobis,auto,40,2.0,0.004835196718124912
4,0.5933333333333334,1.0,8,mahalanobis,auto,50,,0.004835196718124912
4,0.5933333333333334,1.0,8,mahalanobis,auto,50,1.0,0.004835196718124912
4,0.5933333333333334,1.0,8,mahalanobis,auto,50,2.0,0.004835196718124912
4,0.5933333333333334,1.0,8,mahalanobis,ball_tree,10,,0.004835196718124912
4,0.5933333333333334,1.0,8,mahalanobis,ball_tree,10,1.0,0.004835196718124912
4,0.5933333333333334,1.0,8,mahalanobis,ball_tree,10,2.0,0.004835196718124912
4,0.5933333333333334,1.0,8,mahalanobis,ball_tree,20,,0.004835196718124912
4,0.5933333333333334,1.0,8,mahalanobis,ball_tree,20,1.0,0.004835196718124912
4,0.5933333333333334,1.0,8,mahalanobis,ball_tree,20,2.0,0.004835196718124912
4,0.5933333333333334,1.0,8,mahalanobis,ball_tree,30,,0.004835196718124912
4,0.5933333333333334,1.0,8,mahalanobis,ball_tree,30,1.0,0.004835196718124912
4,0.5933333333333334,1.0,8,mahalanobis,ball_tree,30,2.0,0.004835196718124912
4,0.5933333333333334,1.0,8,mahalanobis,ball_tree,40,,0.004835196718124912
4,0.5933333333333334,1.0,8,mahalanobis,ball_tree,40,1.0,0.004835196718124912
4,0.5933333333333334,1.0,8,mahalanobis,ball_tree,40,2.0,0.004835196718124912
4,0.5933333333333334,1.0,8,mahalanobis,ball_tree,50,,0.004835196718124912
4,0.5933333333333334,1.0,8,mahalanobis,ball_tree,50,1.0,0.004835196718124912
4,0.5933333333333334,1.0,8,mahalanobis,ball_tree,50,2.0,0.004835196718124912
4,0.5933333333333334,1.0,8,mahalanobis,kd_tree,10,,0.004835196718124912
4,0.5933333333333334,1.0,8,mahalanobis,kd_tree,10,1.0,0.004835196718124912
4,0.5933333333333334,1.0,8,mahalanobis,kd_tree,10,2.0,0.004835196718124912
4,0.5933333333333334,1.0,8,mahalanobis,kd_tree,20,,0.004835196718124912
4,0.5933333333333334,1.0,8,mahalanobis,kd_tree,20,1.0,0.004835196718124912
4,0.5933333333333334,1.0,8,mahalanobis,kd_tree,20,2.0,0.004835196718124912
4,0.5933333333333334,1.0,8,mahalanobis,kd_tree,30,,0.004835196718124912
4,0.5933333333333334,1.0,8,mahalanobis,kd_tree,30,1.0,0.004835196718124912
4,0.5933333333333334,1.0,8,mahalanobis,kd_tree,30,2.0,0.004835196718124912
4,0.5933333333333334,1.0,8,mahalanobis,kd_tree,40,,0.004835196718124912
4,0.5933333333333334,1.0,8,mahalanobis,kd_tree,40,1.0,0.004835196718124912
4,0.5933333333333334,1.0,8,mahalanobis,kd_tree,40,2.0,0.004835196718124912
4,0.5933333333333334,1.0,8,mahalanobis,kd_tree,50,,0.004835196718124912
4,0.5933333333333334,1.0,8,mahalanobis,kd_tree,50,1.0,0.004835196718124912
4,0.5933333333333334,1.0,8,mahalanobis,kd_tree,50,2.0,0.004835196718124912
4,0.5933333333333334,1.0,8,mahalanobis,brute,10,,0.004835196718124912
4,0.5933333333333334,1.0,8,mahalanobis,brute,10,1.0,0.004835196718124912
4,0.5933333333333334,1.0,8,mahalanobis,brute,10,2.0,0.004835196718124912
4,0.5933333333333334,1.0,8,mahalanobis,brute,20,,0.004835196718124912
4,0.5933333333333334,1.0,8,mahalanobis,brute,20,1.0,0.004835196718124912
4,0.5933333333333334,1.0,8,mahalanobis,brute,20,2.0,0.004835196718124912
4,0.5933333333333334,1.0,8,mahalanobis,brute,30,,0.004835196718124912
4,0.5933333333333334,1.0,8,mahalanobis,brute,30,1.0,0.004835196718124912
4,0.5933333333333334,1.0,8,mahalanobis,brute,30,2.0,0.004835196718124912
4,0.5933333333333334,1.0,8,mahalanobis,brute,40,,0.004835196718124912
4,0.5933333333333334,1.0,8,mahalanobis,brute,40,1.0,0.004835196718124912
4,0.5933333333333334,1.0,8,mahalanobis,brute,40,2.0,0.004835196718124912
4,0.5933333333333334,1.0,8,mahalanobis,brute,50,,0.004835196718124912
4,0.5933333333333334,1.0,8,mahalanobis,brute,50,1.0,0.004835196718124912
4,0.5933333333333334,1.0,8,mahalanobis,brute,50,2.0,0.004835196718124912
3,0.02666666666666667,1.0,9,euclidean,auto,10,,0.4754175396232291
3,0.02666666666666667,1.0,9,euclidean,auto,10,1.0,0.4754175396232291
3,0.02666666666666667,1.0,9,euclidean,auto,10,2.0,0.4754175396232291
3,0.02666666666666667,1.0,9,euclidean,auto,20,,0.4754175396232291
3,0.02666666666666667,1.0,9,euclidean,auto,20,1.0,0.4754175396232291
3,0.02666666666666667,1.0,9,euclidean,auto,20,2.0,0.4754175396232291
3,0.02666666666666667,1.0,9,euclidean,auto,30,,0.4754175396232291
3,0.02666666666666667,1.0,9,euclidean,auto,30,1.0,0.4754175396232291
3,0.02666666666666667,1.0,9,euclidean,auto,30,2.0,0.4754175396232291
3,0.02666666666666667,1.0,9,euclidean,auto,40,,0.4754175396232291
3,0.02666666666666667,1.0,9,euclidean,auto,40,1.0,0.4754175396232291
3,0.02666666666666667,1.0,9,euclidean,auto,40,2.0,0.4754175396232291
3,0.02666666666666667,1.0,9,euclidean,auto,50,,0.4754175396232291
3,0.02666666666666667,1.0,9,euclidean,auto,50,1.0,0.4754175396232291
3,0.02666666666666667,1.0,9,euclidean,auto,50,2.0,0.4754175396232291
3,0.02666666666666667,1.0,9,euclidean,ball_tree,10,,0.4754175396232291
3,0.02666666666666667,1.0,9,euclidean,ball_tree,10,1.0,0.4754175396232291
3,0.02666666666666667,1.0,9,euclidean,ball_tree,10,2.0,0.4754175396232291
3,0.02666666666666667,1.0,9,euclidean,ball_tree,20,,0.4754175396232291
3,0.02666666666666667,1.0,9,euclidean,ball_tree,20,1.0,0.4754175396232291
3,0.02666666666666667,1.0,9,euclidean,ball_tree,20,2.0,0.4754175396232291
3,0.02666666666666667,1.0,9,euclidean,ball_tree,30,,0.4754175396232291
3,0.02666666666666667,1.0,9,euclidean,ball_tree,30,1.0,0.4754175396232291
3,0.02666666666666667,1.0,9,euclidean,ball_tree,30,2.0,0.4754175396232291
3,0.02666666666666667,1.0,9,euclidean,ball_tree,40,,0.4754175396232291
3,0.02666666666666667,1.0,9,euclidean,ball_tree,40,1.0,0.4754175396232291
3,0.02666666666666667,1.0,9,euclidean,ball_tree,40,2.0,0.4754175396232291
3,0.02666666666666667,1.0,9,euclidean,ball_tree,50,,0.4754175396232291
3,0.02666666666666667,1.0,9,euclidean,ball_tree,50,1.0,0.4754175396232291
3,0.02666666666666667,1.0,9,euclidean,ball_tree,50,2.0,0.4754175396232291
3,0.02666666666666667,1.0,9,euclidean,kd_tree,10,,0.4754175396232291
3,0.02666666666666667,1.0,9,euclidean,kd_tree,10,1.0,0.4754175396232291
3,0.02666666666666667,1.0,9,euclidean,kd_tree,10,2.0,0.4754175396232291
3,0.02666666666666667,1.0,9,euclidean,kd_tree,20,,0.4754175396232291
3,0.02666666666666667,1.0,9,euclidean,kd_tree,20,1.0,0.4754175396232291
3,0.02666666666666667,1.0,9,euclidean,kd_tree,20,2.0,0.4754175396232291
3,0.02666666666666667,1.0,9,euclidean,kd_tree,30,,0.4754175396232291
3,0.02666666666666667,1.0,9,euclidean,kd_tree,30,1.0,0.4754175396232291
3,0.02666666666666667,1.0,9,euclidean,kd_tree,30,2.0,0.4754175396232291
3,0.02666666666666667,1.0,9,euclidean,kd_tree,40,,0.4754175396232291
3,0.02666666666666667,1.0,9,euclidean,kd_tree,40,1.0,0.4754175396232291
3,0.02666666666666667,1.0,9,euclidean,kd_tree,40,2.0,0.4754175396232291
3,0.02666666666666667,1.0,9,euclidean,kd_tree,50,,0.4754175396232291
3,0.02666666666666667,1.0,9,euclidean,kd_tree,50,1.0,0.4754175396232291
3,0.02666666666666667,1.0,9,euclidean,kd_tree,50,2.0,0.4754175396232291
3,0.02666666666666667,1.0,9,euclidean,brute,10,,0.4754175396232291
3,0.02666666666666667,1.0,9,euclidean,brute,10,1.0,0.4754175396232291
3,0.02666666666666667,1.0,9,euclidean,brute,10,2.0,0.4754175396232291
3,0.02666666666666667,1.0,9,euclidean,brute,20,,0.4754175396232291
3,0.02666666666666667,1.0,9,euclidean,brute,20,1.0,0.4754175396232291
3,0.02666666666666667,1.0,9,euclidean,brute,20,2.0,0.4754175396232291
3,0.02666666666666667,1.0,9,euclidean,brute,30,,0.4754175396232291
3,0.02666666666666667,1.0,9,euclidean,brute,30,1.0,0.4754175396232291
3,0.02666666666666667,1.0,9,euclidean,brute,30,2.0,0.4754175396232291
3,0.02666666666666667,1.0,9,euclidean,brute,40,,0.4754175396232291
3,0.02666666666666667,1.0,9,euclidean,brute,40,1.0,0.4754175396232291
3,0.02666666666666667,1.0,9,euclidean,brute,40,2.0,0.4754175396232291
3,0.02666666666666667,1.0,9,euclidean,brute,50,,0.4754175396232291
3,0.02666666666666667,1.0,9,euclidean,brute,50,1.0,0.4754175396232291
3,0.02666666666666667,1.0,9,euclidean,brute,50,2.0,0.4754175396232291
3,0.22666666666666666,1.0,9,manhattan,auto,10,,0.3453938842121497
3,0.22666666666666666,1.0,9,manhattan,auto,10,1.0,0.3453938842121497
3,0.22666666666666666,1.0,9,manhattan,auto,10,2.0,0.3453938842121497
3,0.22666666666666666,1.0,9,manhattan,auto,20,,0.3453938842121497
3,0.22666666666666666,1.0,9,manhattan,auto,20,1.0,0.3453938842121497
3,0.22666666666666666,1.0,9,manhattan,auto,20,2.0,0.3453938842121497
3,0.22666666666666666,1.0,9,manhattan,auto,30,,0.3453938842121497
3,0.22666666666666666,1.0,9,manhattan,auto,30,1.0,0.3453938842121497
3,0.22666666666666666,1.0,9,manhattan,auto,30,2.0,0.3453938842121497
3,0.22666666666666666,1.0,9,manhattan,auto,40,,0.3453938842121497
3,0.22666666666666666,1.0,9,manhattan,auto,40,1.0,0.3453938842121497
3,0.22666666666666666,1.0,9,manhattan,auto,40,2.0,0.3453938842121497
3,0.22666666666666666,1.0,9,manhattan,auto,50,,0.3453938842121497
3,0.22666666666666666,1.0,9,manhattan,auto,50,1.0,0.3453938842121497
3,0.22666666666666666,1.0,9,manhattan,auto,50,2.0,0.3453938842121497
3,0.22666666666666666,1.0,9,manhattan,ball_tree,10,,0.3453938842121497
3,0.22666666666666666,1.0,9,manhattan,ball_tree,10,1.0,0.3453938842121497
3,0.22666666666666666,1.0,9,manhattan,ball_tree,10,2.0,0.3453938842121497
3,0.22666666666666666,1.0,9,manhattan,ball_tree,20,,0.3453938842121497
3,0.22666666666666666,1.0,9,manhattan,ball_tree,20,1.0,0.3453938842121497
3,0.22666666666666666,1.0,9,manhattan,ball_tree,20,2.0,0.3453938842121497
3,0.22666666666666666,1.0,9,manhattan,ball_tree,30,,0.3453938842121497
3,0.22666666666666666,1.0,9,manhattan,ball_tree,30,1.0,0.3453938842121497
3,0.22666666666666666,1.0,9,manhattan,ball_tree,30,2.0,0.3453938842121497
3,0.22666666666666666,1.0,9,manhattan,ball_tree,40,,0.3453938842121497
3,0.22666666666666666,1.0,9,manhattan,ball_tree,40,1.0,0.3453938842121497
3,0.22666666666666666,1.0,9,manhattan,ball_tree,40,2.0,0.3453938842121497
3,0.22666666666666666,1.0,9,manhattan,ball_tree,50,,0.3453938842121497
3,0.22666666666666666,1.0,9,manhattan,ball_tree,50,1.0,0.3453938842121497
3,0.22666666666666666,1.0,9,manhattan,ball_tree,50,2.0,0.3453938842121497
3,0.22666666666666666,1.0,9,manhattan,kd_tree,10,,0.3453938842121497
3,0.22666666666666666,1.0,9,manhattan,kd_tree,10,1.0,0.3453938842121497
3,0.22666666666666666,1.0,9,manhattan,kd_tree,10,2.0,0.3453938842121497
3,0.22666666666666666,1.0,9,manhattan,kd_tree,20,,0.3453938842121497
3,0.22666666666666666,1.0,9,manhattan,kd_tree,20,1.0,0.3453938842121497
3,0.22666666666666666,1.0,9,manhattan,kd_tree,20,2.0,0.3453938842121497
3,0.22666666666666666,1.0,9,manhattan,kd_tree,30,,0.3453938842121497
3,0.22666666666666666,1.0,9,manhattan,kd_tree,30,1.0,0.3453938842121497
3,0.22666666666666666,1.0,9,manhattan,kd_tree,30,2.0,0.3453938842121497
3,0.22666666666666666,1.0,9,manhattan,kd_tree,40,,0.3453938842121497
3,0.22666666666666666,1.0,9,manhattan,kd_tree,40,1.0,0.3453938842121497
3,0.22666666666666666,1.0,9,manhattan,kd_tree,40,2.0,0.3453938842121497
3,0.22666666666666666,1.0,9,manhattan,kd_tree,50,,0.3453938842121497
3,0.22666666666666666,1.0,9,manhattan,kd_tree,50,1.0,0.3453938842121497
3,0.22666666666666666,1.0,9,manhattan,kd_tree,50,2.0,0.3453938842121497
3,0.22666666666666666,1.0,9,manhattan,brute,10,,0.3453938842121497
3,0.22666666666666666,1.0,9,manhattan,brute,10,1.0,0.3453938842121497
3,0.22666666666666666,1.0,9,manhattan,brute,10,2.0,0.3453938842121497
3,0.22666666666666666,1.0,9,manhattan,brute,20,,0.3453938842121497
3,0.22666666666666666,1.0,9,manhattan,brute,20,1.0,0.3453938842121497
3,0.22666666666666666,1.0,9,manhattan,brute,20,2.0,0.3453938842121497
3,0.22666666666666666,1.0,9,manhattan,brute,30,,0.3453938842121497
3,0.22666666666666666,1.0,9,manhattan,brute,30,1.0,0.3453938842121497
3,0.22666666666666666,1.0,9,manhattan,brute,30,2.0,0.3453938842121497
3,0.22666666666666666,1.0,9,manhattan,brute,40,,0.3453938842121497
3,0.22666666666666666,1.0,9,manhattan,brute,40,1.0,0.3453938842121497
3,0.22666666666666666,1.0,9,manhattan,brute,40,2.0,0.3453938842121497
3,0.22666666666666666,1.0,9,manhattan,brute,50,,0.3453938842121497
3,0.22666666666666666,1.0,9,manhattan,brute,50,1.0,0.3453938842121497
3,0.22666666666666666,1.0,9,manhattan,brute,50,2.0,0.3453938842121497
1,0.7533333333333333,1.0,9,mahalanobis,auto,10,,0.4354601741016187
1,0.7533333333333333,1.0,9,mahalanobis,auto,10,1.0,0.4354601741016187
1,0.7533333333333333,1.0,9,mahalanobis,auto,10,2.0,0.4354601741016187
1,0.7533333333333333,1.0,9,mahalanobis,auto,20,,0.4354601741016187
1,0.7533333333333333,1.0,9,mahalanobis,auto,20,1.0,0.4354601741016187
1,0.7533333333333333,1.0,9,mahalanobis,auto,20,2.0,0.4354601741016187
1,0.7533333333333333,1.0,9,mahalanobis,auto,30,,0.4354601741016187
1,0.7533333333333333,1.0,9,mahalanobis,auto,30,1.0,0.4354601741016187
1,0.7533333333333333,1.0,9,mahalanobis,auto,30,2.0,0.4354601741016187
1,0.7533333333333333,1.0,9,mahalanobis,auto,40,,0.4354601741016187
1,0.7533333333333333,1.0,9,mahalanobis,auto,40,1.0,0.4354601741016187
1,0.7533333333333333,1.0,9,mahalanobis,auto,40,2.0,0.4354601741016187
1,0.7533333333333333,1.0,9,mahalanobis,auto,50,,0.4354601741016187
1,0.7533333333333333,1.0,9,mahalanobis,auto,50,1.0,0.4354601741016187
1,0.7533333333333333,1.0,9,mahalanobis,auto,50,2.0,0.4354601741016187
1,0.7533333333333333,1.0,9,mahalanobis,ball_tree,10,,0.4354601741016187
1,0.7533333333333333,1.0,9,mahalanobis,ball_tree,10,1.0,0.4354601741016187
1,0.7533333333333333,1.0,9,mahalanobis,ball_tree,10,2.0,0.4354601741016187
1,0.7533333333333333,1.0,9,mahalanobis,ball_tree,20,,0.4354601741016187
1,0.7533333333333333,1.0,9,mahalanobis,ball_tree,20,1.0,0.4354601741016187
1,0.7533333333333333,1.0,9,mahalanobis,ball_tree,20,2.0,0.4354601741016187
1,0.7533333333333333,1.0,9,mahalanobis,ball_tree,30,,0.4354601741016187
1,0.7533333333333333,1.0,9,mahalanobis,ball_tree,30,1.0,0.4354601741016187
1,0.7533333333333333,1.0,9,mahalanobis,ball_tree,30,2.0,0.4354601741016187
1,0.7533333333333333,1.0,9,mahalanobis,ball_tree,40,,0.4354601741016187
1,0.7533333333333333,1.0,9,mahalanobis,ball_tree,40,1.0,0.4354601741016187
1,0.7533333333333333,1.0,9,mahalanobis,ball_tree,40,2.0,0.4354601741016187
1,0.7533333333333333,1.0,9,mahalanobis,ball_tree,50,,0.4354601741016187
1,0.7533333333333333,1.0,9,mahalanobis,ball_tree,50,1.0,0.4354601741016187
1,0.7533333333333333,1.0,9,mahalanobis,ball_tree,50,2.0,0.4354601741016187
1,0.7533333333333333,1.0,9,mahalanobis,kd_tree,10,,0.4354601741016187
1,0.7533333333333333,1.0,9,mahalanobis,kd_tree,10,1.0,0.4354601741016187
1,0.7533333333333333,1.0,9,mahalanobis,kd_tree,10,2.0,0.4354601741016187
1,0.7533333333333333,1.0,9,mahalanobis,kd_tree,20,,0.4354601741016187
1,0.7533333333333333,1.0,9,mahalanobis,kd_tree,20,1.0,0.4354601741016187
1,0.7533333333333333,1.0,9,mahalanobis,kd_tree,20,2.0,0.4354601741016187
1,0.7533333333333333,1.0,9,mahalanobis,kd_tree,30,,0.4354601741016187
1,0.7533333333333333,1.0,9,mahalanobis,kd_tree,30,1.0,0.4354601741016187
1,0.7533333333333333,1.0,9,mahalanobis,kd_tree,30,2.0,0.4354601741016187
1,0.7533333333333333,1.0,9,mahalanobis,kd_tree,40,,0.4354601741016187
1,0.7533333333333333,1.0,9,mahalanobis,kd_tree,40,1.0,0.4354601741016187
1,0.7533333333333333,1.0,9,mahalanobis,kd_tree,40,2.0,0.4354601741016187
1,0.7533333333333333,1.0,9,mahalanobis,kd_tree,50,,0.4354601741016187
1,0.7533333333333333,1.0,9,mahalanobis,kd_tree,50,1.0,0.4354601741016187
1,0.7533333333333333,1.0,9,mahalanobis,kd_tree,50,2.0,0.4354601741016187
1,0.7533333333333333,1.0,9,mahalanobis,brute,10,,0.4354601741016187
1,0.7533333333333333,1.0,9,mahalanobis,brute,10,1.0,0.4354601741016187
1,0.7533333333333333,1.0,9,mahalanobis,brute,10,2.0,0.4354601741016187
1,0.7533333333333333,1.0,9,mahalanobis,brute,20,,0.4354601741016187
1,0.7533333333333333,1.0,9,mahalanobis,brute,20,1.0,0.4354601741016187
1,0.7533333333333333,1.0,9,mahalanobis,brute,20,2.0,0.4354601741016187
1,0.7533333333333333,1.0,9,mahalanobis,brute,30,,0.4354601741016187
1,0.7533333333333333,1.0,9,mahalanobis,brute,30,1.0,0.4354601741016187
1,0.7533333333333333,1.0,9,mahalanobis,brute,30,2.0,0.4354601741016187
1,0.7533333333333333,1.0,9,mahalanobis,brute,40,,0.4354601741016187
1,0.7533333333333333,1.0,9,mahalanobis,brute,40,1.0,0.4354601741016187
1,0.7533333333333333,1.0,9,mahalanobis,brute,40,2.0,0.4354601741016187
1,0.7533333333333333,1.0,9,mahalanobis,brute,50,,0.4354601741016187
1,0.7533333333333333,1.0,9,mahalanobis,brute,50,1.0,0.4354601741016187
1,0.7533333333333333,1.0,9,mahalanobis,brute,50,2.0,0.4354601741016187
3,0.03333333333333333,1.0,10,euclidean,auto,10,,0.4712768410292699
3,0.03333333333333333,1.0,10,euclidean,auto,10,1.0,0.4712768410292699
3,0.03333333333333333,1.0,10,euclidean,auto,10,2.0,0.4712768410292699
3,0.03333333333333333,1.0,10,euclidean,auto,20,,0.4712768410292699
3,0.03333333333333333,1.0,10,euclidean,auto,20,1.0,0.4712768410292699
3,0.03333333333333333,1.0,10,euclidean,auto,20,2.0,0.4712768410292699
3,0.03333333333333333,1.0,10,euclidean,auto,30,,0.4712768410292699
3,0.03333333333333333,1.0,10,euclidean,auto,30,1.0,0.4712768410292699
3,0.03333333333333333,1.0,10,euclidean,auto,30,2.0,0.4712768410292699
3,0.03333333333333333,1.0,10,euclidean,auto,40,,0.4712768410292699
3,0.03333333333333333,1.0,10,euclidean,auto,40,1.0,0.4712768410292699
3,0.03333333333333333,1.0,10,euclidean,auto,40,2.0,0.4712768410292699
3,0.03333333333333333,1.0,10,euclidean,auto,50,,0.4712768410292699
3,0.03333333333333333,1.0,10,euclidean,auto,50,1.0,0.4712768410292699
3,0.03333333333333333,1.0,10,euclidean,auto,50,2.0,0.4712768410292699
3,0.03333333333333333,1.0,10,euclidean,ball_tree,10,,0.4712768410292699
3,0.03333333333333333,1.0,10,euclidean,ball_tree,10,1.0,0.4712768410292699
3,0.03333333333333333,1.0,10,euclidean,ball_tree,10,2.0,0.4712768410292699
3,0.03333333333333333,1.0,10,euclidean,ball_tree,20,,0.4712768410292699
3,0.03333333333333333,1.0,10,euclidean,ball_tree,20,1.0,0.4712768410292699
3,0.03333333333333333,1.0,10,euclidean,ball_tree,20,2.0,0.4712768410292699
3,0.03333333333333333,1.0,10,euclidean,ball_tree,30,,0.4712768410292699
3,0.03333333333333333,1.0,10,euclidean,ball_tree,30,1.0,0.4712768410292699
3,0.03333333333333333,1.0,10,euclidean,ball_tree,30,2.0,0.4712768410292699
3,0.03333333333333333,1.0,10,euclidean,ball_tree,40,,0.4712768410292699
3,0.03333333333333333,1.0,10,euclidean,ball_tree,40,1.0,0.4712768410292699
3,0.03333333333333333,1.0,10,euclidean,ball_tree,40,2.0,0.4712768410292699
3,0.03333333333333333,1.0,10,euclidean,ball_tree,50,,0.4712768410292699
3,0.03333333333333333,1.0,10,euclidean,ball_tree,50,1.0,0.4712768410292699
3,0.03333333333333333,1.0,10,euclidean,ball_tree,50,2.0,0.4712768410292699
3,0.03333333333333333,1.0,10,euclidean,kd_tree,10,,0.4712768410292699
3,0.03333333333333333,1.0,10,euclidean,kd_tree,10,1.0,0.4712768410292699
3,0.03333333333333333,1.0,10,euclidean,kd_tree,10,2.0,0.4712768410292699
3,0.03333333333333333,1.0,10,euclidean,kd_tree,20,,0.4712768410292699
3,0.03333333333333333,1.0,10,euclidean,kd_tree,20,1.0,0.4712768410292699
3,0.03333333333333333,1.0,10,euclidean,kd_tree,20,2.0,0.4712768410292699
3,0.03333333333333333,1.0,10,euclidean,kd_tree,30,,0.4712768410292699
3,0.03333333333333333,1.0,10,euclidean,kd_tree,30,1.0,0.4712768410292699
3,0.03333333333333333,1.0,10,euclidean,kd_tree,30,2.0,0.4712768410292699
3,0.03333333333333333,1.0,10,euclidean,kd_tree,40,,0.4712768410292699
3,0.03333333333333333,1.0,10,euclidean,kd_tree,40,1.0,0.4712768410292699
3,0.03333333333333333,1.0,10,euclidean,kd_tree,40,2.0,0.4712768410292699
3,0.03333333333333333,1.0,10,euclidean,kd_tree,50,,0.4712768410292699
3,0.03333333333333333,1.0,10,euclidean,kd_tree,50,1.0,0.4712768410292699
3,0.03333333333333333,1.0,10,euclidean,kd_tree,50,2.0,0.4712768410292699
3,0.03333333333333333,1.0,10,euclidean,brute,10,,0.4712768410292699
3,0.03333333333333333,1.0,10,euclidean,brute,10,1.0,0.4712768410292699
3,0.03333333333333333,1.0,10,euclidean,brute,10,2.0,0.4712768410292699
3,0.03333333333333333,1.0,10,euclidean,brute,20,,0.4712768410292699
3,0.03333333333333333,1.0,10,euclidean,brute,20,1.0,0.4712768410292699
3,0.03333333333333333,1.0,10,euclidean,brute,20,2.0,0.4712768410292699
3,0.03333333333333333,1.0,10,euclidean,brute,30,,0.4712768410292699
3,0.03333333333333333,1.0,10,euclidean,brute,30,1.0,0.4712768410292699
3,0.03333333333333333,1.0,10,euclidean,brute,30,2.0,0.4712768410292699
3,0.03333333333333333,1.0,10,euclidean,brute,40,,0.4712768410292699
3,0.03333333333333333,1.0,10,euclidean,brute,40,1.0,0.4712768410292699
3,0.03333333333333333,1.0,10,euclidean,brute,40,2.0,0.4712768410292699
3,0.03333333333333333,1.0,10,euclidean,brute,50,,0.4712768410292699
3,0.03333333333333333,1.0,10,euclidean,brute,50,1.0,0.4712768410292699
3,0.03333333333333333,1.0,10,euclidean,brute,50,2.0,0.4712768410292699
3,0.26,1.0,10,manhattan,auto,10,,0.3232413670367599
3,0.26,1.0,10,manhattan,auto,10,1.0,0.3232413670367599
3,0.26,1.0,10,manhattan,auto,10,2.0,0.3232413670367599
3,0.26,1.0,10,manhattan,auto,20,,0.3232413670367599
3,0.26,1.0,10,manhattan,auto,20,1.0,0.3232413670367599
3,0.26,1.0,10,manhattan,auto,20,2.0,0.3232413670367599
3,0.26,1.0,10,manhattan,auto,30,,0.3232413670367599
3,0.26,1.0,10,manhattan,auto,30,1.0,0.3232413670367599
3,0.26,1.0,10,manhattan,auto,30,2.0,0.3232413670367599
3,0.26,1.0,10,manhattan,auto,40,,0.3232413670367599
3,0.26,1.0,10,manhattan,auto,40,1.0,0.3232413670367599
3,0.26,1.0,10,manhattan,auto,40,2.0,0.3232413670367599
3,0.26,1.0,10,manhattan,auto,50,,0.3232413670367599
3,0.26,1.0,10,manhattan,auto,50,1.0,0.3232413670367599
3,0.26,1.0,10,manhattan,auto,50,2.0,0.3232413670367599
3,0.26,1.0,10,manhattan,ball_tree,10,,0.3232413670367599
3,0.26,1.0,10,manhattan,ball_tree,10,1.0,0.3232413670367599
3,0.26,1.0,10,manhattan,ball_tree,10,2.0,0.3232413670367599
3,0.26,1.0,10,manhattan,ball_tree,20,,0.3232413670367599
3,0.26,1.0,10,manhattan,ball_tree,20,1.0,0.3232413670367599
3,0.26,1.0,10,manhattan,ball_tree,20,2.0,0.3232413670367599
3,0.26,1.0,10,manhattan,ball_tree,30,,0.3232413670367599
3,0.26,1.0,10,manhattan,ball_tree,30,1.0,0.3232413670367599
3,0.26,1.0,10,manhattan,ball_tree,30,2.0,0.3232413670367599
3,0.26,1.0,10,manhattan,ball_tree,40,,0.3232413670367599
3,0.26,1.0,10,manhattan,ball_tree,40,1.0,0.3232413670367599
3,0.26,1.0,10,manhattan,ball_tree,40,2.0,0.3232413670367599
3,0.26,1.0,10,manhattan,ball_tree,50,,0.3232413670367599
3,0.26,1.0,10,manhattan,ball_tree,50,1.0,0.3232413670367599
3,0.26,1.0,10,manhattan,ball_tree,50,2.0,0.3232413670367599
3,0.26,1.0,10,manhattan,kd_tree,10,,0.3232413670367599
3,0.26,1.0,10,manhattan,kd_tree,10,1.0,0.3232413670367599
3,0.26,1.0,10,manhattan,kd_tree,10,2.0,0.3232413670367599
3,0.26,1.0,10,manhattan,kd_tree,20,,0.3232413670367599
3,0.26,1.0,10,manhattan,kd_tree,20,1.0,0.3232413670367599
3,0.26,1.0,10,manhattan,kd_tree,20,2.0,0.3232413670367599
3,0.26,1.0,10,manhattan,kd_tree,30,,0.3232413670367599
3,0.26,1.0,10,manhattan,kd_tree,30,1.0,0.3232413670367599
3,0.26,1.0,10,manhattan,kd_tree,30,2.0,0.3232413670367599
3,0.26,1.0,10,manhattan,kd_tree,40,,0.3232413670367599
3,0.26,1.0,10,manhattan,kd_tree,40,1.0,0.3232413670367599
3,0.26,1.0,10,manhattan,kd_tree,40,2.0,0.3232413670367599
3,0.26,1.0,10,manhattan,kd_tree,50,,0.3232413670367599
3,0.26,1.0,10,manhattan,kd_tree,50,1.0,0.3232413670367599
3,0.26,1.0,10,manhattan,kd_tree,50,2.0,0.3232413670367599
3,0.26,1.0,10,manhattan,brute,10,,0.3232413670367599
3,0.26,1.0,10,manhattan,brute,10,1.0,0.3232413670367599
3,0.26,1.0,10,manhattan,brute,10,2.0,0.3232413670367599
3,0.26,1.0,10,manhattan,brute,20,,0.3232413670367599
3,0.26,1.0,10,manhattan,brute,20,1.0,0.3232413670367599
3,0.26,1.0,10,manhattan,brute,20,2.0,0.3232413670367599
3,0.26,1.0,10,manhattan,brute,30,,0.3232413670367599
3,0.26,1.0,10,manhattan,brute,30,1.0,0.3232413670367599
3,0.26,1.0,10,manhattan,brute,30,2.0,0.3232413670367599
3,0.26,1.0,10,manhattan,brute,40,,0.3232413670367599
3,0.26,1.0,10,manhattan,brute,40,1.0,0.3232413670367599
3,0.26,1.0,10,manhattan,brute,40,2.0,0.3232413670367599
3,0.26,1.0,10,manhattan,brute,50,,0.3232413670367599
3,0.26,1.0,10,manhattan,brute,50,1.0,0.3232413670367599
3,0.26,1.0,10,manhattan,brute,50,2.0,0.3232413670367599
1,0.76,1.0,10,mahalanobis,auto,10,,0.4234456028282405
1,0.76,1.0,10,mahalanobis,auto,10,1.0,0.4234456028282405
1,0.76,1.0,10,mahalanobis,auto,10,2.0,0.4234456028282405
1,0.76,1.0,10,mahalanobis,auto,20,,0.4234456028282405
1,0.76,1.0,10,mahalanobis,auto,20,1.0,0.4234456028282405
1,0.76,1.0,10,mahalanobis,auto,20,2.0,0.4234456028282405
1,0.76,1.0,10,mahalanobis,auto,30,,0.4234456028282405
1,0.76,1.0,10,mahalanobis,auto,30,1.0,0.4234456028282405
1,0.76,1.0,10,mahalanobis,auto,30,2.0,0.4234456028282405
1,0.76,1.0,10,mahalanobis,auto,40,,0.4234456028282405
1,0.76,1.0,10,mahalanobis,auto,40,1.0,0.4234456028282405
1,0.76,1.0,10,mahalanobis,auto,40,2.0,0.4234456028282405
1,0.76,1.0,10,mahalanobis,auto,50,,0.4234456028282405
1,0.76,1.0,10,mahalanobis,auto,50,1.0,0.4234456028282405
1,0.76,1.0,10,mahalanobis,auto,50,2.0,0.4234456028282405
1,0.76,1.0,10,mahalanobis,ball_tree,10,,0.4234456028282405
1,0.76,1.0,10,mahalanobis,ball_tree,10,1.0,0.4234456028282405
1,0.76,1.0,10,mahalanobis,ball_tree,10,2.0,0.4234456028282405
1,0.76,1.0,10,mahalanobis,ball_tree,20,,0.4234456028282405
1,0.76,1.0,10,mahalanobis,ball_tree,20,1.0,0.4234456028282405
1,0.76,1.0,10,mahalanobis,ball_tree,20,2.0,0.4234456028282405
1,0.76,1.0,10,mahalanobis,ball_tree,30,,0.4234456028282405
1,0.76,1.0,10,mahalanobis,ball_tree,30,1.0,0.4234456028282405
1,0.76,1.0,10,mahalanobis,ball_tree,30,2.0,0.4234456028282405
1,0.76,1.0,10,mahalanobis,ball_tree,40,,0.4234456028282405
1,0.76,1.0,10,mahalanobis,ball_tree,40,1.0,0.4234456028282405
1,0.76,1.0,10,mahalanobis,ball_tree,40,2.0,0.4234456028282405
1,0.76,1.0,10,mahalanobis,ball_tree,50,,0.4234456028282405
1,0.76,1.0,10,mahalanobis,ball_tree,50,1.0,0.4234456028282405
1,0.76,1.0,10,mahalanobis,ball_tree,50,2.0,0.4234456028282405
1,0.76,1.0,10,mahalanobis,kd_tree,10,,0.4234456028282405
1,0.76,1.0,10,mahalanobis,kd_tree,10,1.0,0.4234456028282405
1,0.76,1.0,10,mahalanobis,kd_tree,10,2.0,0.4234456028282405
1,0.76,1.0,10,mahalanobis,kd_tree,20,,0.4234456028282405
1,0.76,1.0,10,mahalanobis,kd_tree,20,1.0,0.4234456028282405
1,0.76,1.0,10,mahalanobis,kd_tree,20,2.0,0.4234456028282405
1,0.76,1.0,10,mahalanobis,kd_tree,30,,0.4234456028282405
1,0.76,1.0,10,mahalanobis,kd_tree,30,1.0,0.4234456028282405
1,0.76,1.0,10,mahalanobis,kd_tree,30,2.0,0.4234456028282405
1,0.76,1.0,10,mahalanobis,kd_tree,40,,0.4234456028282405
1,0.76,1.0,10,mahalanobis,kd_tree,40,1.0,0.4234456028282405
1,0.76,1.0,10,mahalanobis,kd_tree,40,2.0,0.4234456028282405
1,0.76,1.0,10,mahalanobis,kd_tree,50,,0.4234456028282405
1,0.76,1.0,10,mahalanobis,kd_tree,50,1.0,0.4234456028282405
1,0.76,1.0,10,mahalanobis,kd_tree,50,2.0,0.4234456028282405
1,0.76,1.0,10,mahalanobis,brute,10,,0.4234456028282405
1,0.76,1.0,10,mahalanobis,brute,10,1.0,0.4234456028282405
1,0.76,1.0,10,mahalanobis,brute,10,2.0,0.4234456028282405
1,0.76,1.0,10,mahalanobis,brute,20,,0.4234456028282405
1,0.76,1.0,10,mahalanobis,brute,20,1.0,0.4234456028282405
1,0.76,1.0,10,mahalanobis,brute,20,2.0,0.4234456028282405
1,0.76,1.0,10,mahalanobis,brute,30,,0.4234456028282405
1,0.76,1.0,10,mahalanobis,brute,30,1.0,0.4234456028282405
1,0.76,1.0,10,mahalanobis,brute,30,2.0,0.4234456028282405
1,0.76,1.0,10,mahalanobis,brute,40,,0.4234456028282405
1,0.76,1.0,10,mahalanobis,brute,40,1.0,0.4234456028282405
1,0.76,1.0,10,mahalanobis,brute,40,2.0,0.4234456028282405
1,0.76,1.0,10,mahalanobis,brute,50,,0.4234456028282405
1,0.76,1.0,10,mahalanobis,brute,50,1.0,0.4234456028282405
1,0.76,1.0,10,mahalanobis,brute,50,2.0,0.4234456028282405
3,0.04,1.0,11,euclidean,auto,10,,0.4667818905706499
3,0.04,1.0,11,euclidean,auto,10,1.0,0.4667818905706499
3,0.04,1.0,11,euclidean,auto,10,2.0,0.4667818905706499
3,0.04,1.0,11,euclidean,auto,20,,0.4667818905706499
3,0.04,1.0,11,euclidean,auto,20,1.0,0.4667818905706499
3,0.04,1.0,11,euclidean,auto,20,2.0,0.4667818905706499
3,0.04,1.0,11,euclidean,auto,30,,0.4667818905706499
3,0.04,1.0,11,euclidean,auto,30,1.0,0.4667818905706499
3,0.04,1.0,11,euclidean,auto,30,2.0,0.4667818905706499
3,0.04,1.0,11,euclidean,auto,40,,0.4667818905706499
3,0.04,1.0,11,euclidean,auto,40,1.0,0.4667818905706499
3,0.04,1.0,11,euclidean,auto,40,2.0,0.4667818905706499
3,0.04,1.0,11,euclidean,auto,50,,0.4667818905706499
3,0.04,1.0,11,euclidean,auto,50,1.0,0.4667818905706499
3,0.04,1.0,11,euclidean,auto,50,2.0,0.4667818905706499
3,0.04,1.0,11,euclidean,ball_tree,10,,0.4667818905706499
3,0.04,1.0,11,euclidean,ball_tree,10,1.0,0.4667818905706499
3,0.04,1.0,11,euclidean,ball_tree,10,2.0,0.4667818905706499
3,0.04,1.0,11,euclidean,ball_tree,20,,0.4667818905706499
3,0.04,1.0,11,euclidean,ball_tree,20,1.0,0.4667818905706499
3,0.04,1.0,11,euclidean,ball_tree,20,2.0,0.4667818905706499
3,0.04,1.0,11,euclidean,ball_tree,30,,0.4667818905706499
3,0.04,1.0,11,euclidean,ball_tree,30,1.0,0.4667818905706499
3,0.04,1.0,11,euclidean,ball_tree,30,2.0,0.4667818905706499
3,0.04,1.0,11,euclidean,ball_tree,40,,0.4667818905706499
3,0.04,1.0,11,euclidean,ball_tree,40,1.0,0.4667818905706499
3,0.04,1.0,11,euclidean,ball_tree,40,2.0,0.4667818905706499
3,0.04,1.0,11,euclidean,ball_tree,50,,0.4667818905706499
3,0.04,1.0,11,euclidean,ball_tree,50,1.0,0.4667818905706499
3,0.04,1.0,11,euclidean,ball_tree,50,2.0,0.4667818905706499
3,0.04,1.0,11,euclidean,kd_tree,10,,0.4667818905706499
3,0.04,1.0,11,euclidean,kd_tree,10,1.0,0.4667818905706499
3,0.04,1.0,11,euclidean,kd_tree,10,2.0,0.4667818905706499
3,0.04,1.0,11,euclidean,kd_tree,20,,0.4667818905706499
3,0.04,1.0,11,euclidean,kd_tree,20,1.0,0.4667818905706499
3,0.04,1.0,11,euclidean,kd_tree,20,2.0,0.4667818905706499
3,0.04,1.0,11,euclidean,kd_tree,30,,0.4667818905706499
3,0.04,1.0,11,euclidean,kd_tree,30,1.0,0.4667818905706499
3,0.04,1.0,11,euclidean,kd_tree,30,2.0,0.4667818905706499
3,0.04,1.0,11,euclidean,kd_tree,40,,0.4667818905706499
3,0.04,1.0,11,euclidean,kd_tree,40,1.0,0.4667818905706499
3,0.04,1.0,11,euclidean,kd_tree,40,2.0,0.4667818905706499
3,0.04,1.0,11,euclidean,kd_tree,50,,0.4667818905706499
3,0.04,1.0,11,euclidean,kd_tree,50,1.0,0.4667818905706499
3,0.04,1.0,11,euclidean,kd_tree,50,2.0,0.4667818905706499
3,0.04,1.0,11,euclidean,brute,10,,0.4667818905706499
3,0.04,1.0,11,euclidean,brute,10,1.0,0.4667818905706499
3,0.04,1.0,11,euclidean,brute,10,2.0,0.4667818905706499
3,0.04,1.0,11,euclidean,brute,20,,0.4667818905706499
3,0.04,1.0,11,euclidean,brute,20,1.0,0.4667818905706499
3,0.04,1.0,11,euclidean,brute,20,2.0,0.4667818905706499
3,0.04,1.0,11,euclidean,brute,30,,0.4667818905706499
3,0.04,1.0,11,euclidean,brute,30,1.0,0.4667818905706499
3,0.04,1.0,11,euclidean,brute,30,2.0,0.4667818905706499
3,0.04,1.0,11,euclidean,brute,40,,0.4667818905706499
3,0.04,1.0,11,euclidean,brute,40,1.0,0.4667818905706499
3,0.04,1.0,11,euclidean,brute,40,2.0,0.4667818905706499
3,0.04,1.0,11,euclidean,brute,50,,0.4667818905706499
3,0.04,1.0,11,euclidean,brute,50,1.0,0.4667818905706499
3,0.04,1.0,11,euclidean,brute,50,2.0,0.4667818905706499
3,0.29333333333333333,1.0,11,manhattan,auto,10,,0.3008250833456779
3,0.29333333333333333,1.0,11,manhattan,auto,10,1.0,0.3008250833456779
3,0.29333333333333333,1.0,11,manhattan,auto,10,2.0,0.3008250833456779
3,0.29333333333333333,1.0,11,manhattan,auto,20,,0.3008250833456779
3,0.29333333333333333,1.0,11,manhattan,auto,20,1.0,0.3008250833456779
3,0.29333333333333333,1.0,11,manhattan,auto,20,2.0,0.3008250833456779
3,0.29333333333333333,1.0,11,manhattan,auto,30,,0.3008250833456779
3,0.29333333333333333,1.0,11,manhattan,auto,30,1.0,0.3008250833456779
3,0.29333333333333333,1.0,11,manhattan,auto,30,2.0,0.3008250833456779
3,0.29333333333333333,1.0,11,manhattan,auto,40,,0.3008250833456779
3,0.29333333333333333,1.0,11,manhattan,auto,40,1.0,0.3008250833456779
3,0.29333333333333333,1.0,11,manhattan,auto,40,2.0,0.3008250833456779
3,0.29333333333333333,1.0,11,manhattan,auto,50,,0.3008250833456779
3,0.29333333333333333,1.0,11,manhattan,auto,50,1.0,0.3008250833456779
3,0.29333333333333333,1.0,11,manhattan,auto,50,2.0,0.3008250833456779
3,0.29333333333333333,1.0,11,manhattan,ball_tree,10,,0.3008250833456779
3,0.29333333333333333,1.0,11,manhattan,ball_tree,10,1.0,0.3008250833456779
3,0.29333333333333333,1.0,11,manhattan,ball_tree,10,2.0,0.3008250833456779
3,0.29333333333333333,1.0,11,manhattan,ball_tree,20,,0.3008250833456779
3,0.29333333333333333,1.0,11,manhattan,ball_tree,20,1.0,0.3008250833456779
3,0.29333333333333333,1.0,11,manhattan,ball_tree,20,2.0,0.3008250833456779
3,0.29333333333333333,1.0,11,manhattan,ball_tree,30,,0.3008250833456779
3,0.29333333333333333,1.0,11,manhattan,ball_tree,30,1.0,0.3008250833456779
3,0.29333333333333333,1.0,11,manhattan,ball_tree,30,2.0,0.3008250833456779
3,0.29333333333333333,1.0,11,manhattan,ball_tree,40,,0.3008250833456779
3,0.29333333333333333,1.0,11,manhattan,ball_tree,40,1.0,0.3008250833456779
3,0.29333333333333333,1.0,11,manhattan,ball_tree,40,2.0,0.3008250833456779
3,0.29333333333333333,1.0,11,manhattan,ball_tree,50,,0.3008250833456779
3,0.29333333333333333,1.0,11,manhattan,ball_tree,50,1.0,0.3008250833456779
3,0.29333333333333333,1.0,11,manhattan,ball_tree,50,2.0,0.3008250833456779
3,0.29333333333333333,1.0,11,manhattan,kd_tree,10,,0.3008250833456779
3,0.29333333333333333,1.0,11,manhattan,kd_tree,10,1.0,0.3008250833456779
3,0.29333333333333333,1.0,11,manhattan,kd_tree,10,2.0,0.3008250833456779
3,0.29333333333333333,1.0,11,manhattan,kd_tree,20,,0.3008250833456779
3,0.29333333333333333,1.0,11,manhattan,kd_tree,20,1.0,0.3008250833456779
3,0.29333333333333333,1.0,11,manhattan,kd_tree,20,2.0,0.3008250833456779
3,0.29333333333333333,1.0,11,manhattan,kd_tree,30,,0.3008250833456779
3,0.29333333333333333,1.0,11,manhattan,kd_tree,30,1.0,0.3008250833456779
3,0.29333333333333333,1.0,11,manhattan,kd_tree,30,2.0,0.3008250833456779
3,0.29333333333333333,1.0,11,manhattan,kd_tree,40,,0.3008250833456779
3,0.29333333333333333,1.0,11,manhattan,kd_tree,40,1.0,0.3008250833456779
3,0.29333333333333333,1.0,11,manhattan,kd_tree,40,2.0,0.3008250833456779
3,0.29333333333333333,1.0,11,manhattan,kd_tree,50,,0.3008250833456779
3,0.29333333333333333,1.0,11,manhattan,kd_tree,50,1.0,0.3008250833456779
3,0.29333333333333333,1.0,11,manhattan,kd_tree,50,2.0,0.3008250833456779
3,0.29333333333333333,1.0,11,manhattan,brute,10,,0.3008250833456779
3,0.29333333333333333,1.0,11,manhattan,brute,10,1.0,0.3008250833456779
3,0.29333333333333333,1.0,11,manhattan,brute,10,2.0,0.3008250833456779
3,0.29333333333333333,1.0,11,manhattan,brute,20,,0.3008250833456779
3,0.29333333333333333,1.0,11,manhattan,brute,20,1.0,0.3008250833456779
3,0.29333333333333333,1.0,11,manhattan,brute,20,2.0,0.3008250833456779
3,0.29333333333333333,1.0,11,manhattan,brute,30,,0.3008250833456779
3,0.29333333333333333,1.0,11,manhattan,brute,30,1.0,0.3008250833456779
3,0.29333333333333333,1.0,11,manhattan,brute,30,2.0,0.3008250833456779
3,0.29333333333333333,1.0,11,manhattan,brute,40,,0.3008250833456779
3,0.29333333333333333,1.0,11,manhattan,brute,40,1.0,0.3008250833456779
3,0.29333333333333333,1.0,11,manhattan,brute,40,2.0,0.3008250833456779
3,0.29333333333333333,1.0,11,manhattan,brute,50,,0.3008250833456779
3,0.29333333333333333,1.0,11,manhattan,brute,50,1.0,0.3008250833456779
3,0.29333333333333333,1.0,11,manhattan,brute,50,2.0,0.3008250833456779
1,0.7666666666666667,1.0,11,mahalanobis,auto,10,,0.41373051983561665
1,0.7666666666666667,1.0,11,mahalanobis,auto,10,1.0,0.41373051983561665
1,0.7666666666666667,1.0,11,mahalanobis,auto,10,2.0,0.41373051983561665
1,0.7666666666666667,1.0,11,mahalanobis,auto,20,,0.41373051983561665
1,0.7666666666666667,1.0,11,mahalanobis,auto,20,1.0,0.41373051983561665
1,0.7666666666666667,1.0,11,mahalanobis,auto,20,2.0,0.41373051983561665
1,0.7666666666666667,1.0,11,mahalanobis,auto,30,,0.41373051983561665
1,0.7666666666666667,1.0,11,mahalanobis,auto,30,1.0,0.41373051983561665
1,0.7666666666666667,1.0,11,mahalanobis,auto,30,2.0,0.41373051983561665
1,0.7666666666666667,1.0,11,mahalanobis,auto,40,,0.41373051983561665
1,0.7666666666666667,1.0,11,mahalanobis,auto,40,1.0,0.41373051983561665
1,0.7666666666666667,1.0,11,mahalanobis,auto,40,2.0,0.41373051983561665
1,0.7666666666666667,1.0,11,mahalanobis,auto,50,,0.41373051983561665
1,0.7666666666666667,1.0,11,mahalanobis,auto,50,1.0,0.41373051983561665
1,0.7666666666666667,1.0,11,mahalanobis,auto,50,2.0,0.41373051983561665
1,0.7666666666666667,1.0,11,mahalanobis,ball_tree,10,,0.41373051983561665
1,0.7666666666666667,1.0,11,mahalanobis,ball_tree,10,1.0,0.41373051983561665
1,0.7666666666666667,1.0,11,mahalanobis,ball_tree,10,2.0,0.41373051983561665
1,0.7666666666666667,1.0,11,mahalanobis,ball_tree,20,,0.41373051983561665
1,0.7666666666666667,1.0,11,mahalanobis,ball_tree,20,1.0,0.41373051983561665
1,0.7666666666666667,1.0,11,mahalanobis,ball_tree,20,2.0,0.41373051983561665
1,0.7666666666666667,1.0,11,mahalanobis,ball_tree,30,,0.41373051983561665
1,0.7666666666666667,1.0,11,mahalanobis,ball_tree,30,1.0,0.41373051983561665
1,0.7666666666666667,1.0,11,mahalanobis,ball_tree,30,2.0,0.41373051983561665
1,0.7666666666666667,1.0,11,mahalanobis,ball_tree,40,,0.41373051983561665
1,0.7666666666666667,1.0,11,mahalanobis,ball_tree,40,1.0,0.41373051983561665
1,0.7666666666666667,1.0,11,mahalanobis,ball_tree,40,2.0,0.41373051983561665
1,0.7666666666666667,1.0,11,mahalanobis,ball_tree,50,,0.41373051983561665
1,0.7666666666666667,1.0,11,mahalanobis,ball_tree,50,1.0,0.41373051983561665
1,0.7666666666666667,1.0,11,mahalanobis,ball_tree,50,2.0,0.41373051983561665
1,0.7666666666666667,1.0,11,mahalanobis,kd_tree,10,,0.41373051983561665
1,0.7666666666666667,1.0,11,mahalanobis,kd_tree,10,1.0,0.41373051983561665
1,0.7666666666666667,1.0,11,mahalanobis,kd_tree,10,2.0,0.41373051983561665
1,0.7666666666666667,1.0,11,mahalanobis,kd_tree,20,,0.41373051983561665
1,0.7666666666666667,1.0,11,mahalanobis,kd_tree,20,1.0,0.41373051983561665
1,0.7666666666666667,1.0,11,mahalanobis,kd_tree,20,2.0,0.41373051983561665
1,0.7666666666666667,1.0,11,mahalanobis,kd_tree,30,,0.41373051983561665
1,0.7666666666666667,1.0,11,mahalanobis,kd_tree,30,1.0,0.41373051983561665
1,0.7666666666666667,1.0,11,mahalanobis,kd_tree,30,2.0,0.41373051983561665
1,0.7666666666666667,1.0,11,mahalanobis,kd_tree,40,,0.41373051983561665
1,0.7666666666666667,1.0,11,mahalanobis,kd_tree,40,1.0,0.41373051983561665
1,0.7666666666666667,1.0,11,mahalanobis,kd_tree,40,2.0,0.41373051983561665
1,0.7666666666666667,1.0,11,mahalanobis,kd_tree,50,,0.41373051983561665
1,0.7666666666666667,1.0,11,mahalanobis,kd_tree,50,1.0,0.41373051983561665
1,0.7666666666666667,1.0,11,mahalanobis,kd_tree,50,2.0,0.41373051983561665
1,0.7666666666666667,1.0,11,mahalanobis,brute,10,,0.41373051983561665
1,0.7666666666666667,1.0,11,mahalanobis,brute,10,1.0,0.41373051983561665
1,0.7666666666666667,1.0,11,mahalanobis,brute,10,2.0,0.41373051983561665
1,0.7666666666666667,1.0,11,mahalanobis,brute,20,,0.41373051983561665
1,0.7666666666666667,1.0,11,mahalanobis,brute,20,1.0,0.41373051983561665
1,0.7666666666666667,1.0,11,mahalanobis,brute,20,2.0,0.41373051983561665
1,0.7666666666666667,1.0,11,mahalanobis,brute,30,,0.41373051983561665
1,0.7666666666666667,1.0,11,mahalanobis,brute,30,1.0,0.41373051983561665
1,0.7666666666666667,1.0,11,mahalanobis,brute,30,2.0,0.41373051983561665
1,0.7666666666666667,1.0,11,mahalanobis,brute,40,,0.41373051983561665
1,0.7666666666666667,1.0,11,mahalanobis,brute,40,1.0,0.41373051983561665
1,0.7666666666666667,1.0,11,mahalanobis,brute,40,2.0,0.41373051983561665
1,0.7666666666666667,1.0,11,mahalanobis,brute,50,,0.41373051983561665
1,0.7666666666666667,1.0,11,mahalanobis,brute,50,1.0,0.41373051983561665
1,0.7666666666666667,1.0,11,mahalanobis,brute,50,2.0,0.41373051983561665
3,0.04666666666666667,1.0,12,euclidean,auto,10,,0.4614835816018958
3,0.04666666666666667,1.0,12,euclidean,auto,10,1.0,0.4614835816018958
3,0.04666666666666667,1.0,12,euclidean,auto,10,2.0,0.4614835816018958
3,0.04666666666666667,1.0,12,euclidean,auto,20,,0.4614835816018958
3,0.04666666666666667,1.0,12,euclidean,auto,20,1.0,0.4614835816018958
3,0.04666666666666667,1.0,12,euclidean,auto,20,2.0,0.4614835816018958
3,0.04666666666666667,1.0,12,euclidean,auto,30,,0.4614835816018958
3,0.04666666666666667,1.0,12,euclidean,auto,30,1.0,0.4614835816018958
3,0.04666666666666667,1.0,12,euclidean,auto,30,2.0,0.4614835816018958
3,0.04666666666666667,1.0,12,euclidean,auto,40,,0.4614835816018958
3,0.04666666666666667,1.0,12,euclidean,auto,40,1.0,0.4614835816018958
3,0.04666666666666667,1.0,12,euclidean,auto,40,2.0,0.4614835816018958
3,0.04666666666666667,1.0,12,euclidean,auto,50,,0.4614835816018958
3,0.04666666666666667,1.0,12,euclidean,auto,50,1.0,0.4614835816018958
3,0.04666666666666667,1.0,12,euclidean,auto,50,2.0,0.4614835816018958
3,0.04666666666666667,1.0,12,euclidean,ball_tree,10,,0.4614835816018958
3,0.04666666666666667,1.0,12,euclidean,ball_tree,10,1.0,0.4614835816018958
3,0.04666666666666667,1.0,12,euclidean,ball_tree,10,2.0,0.4614835816018958
3,0.04666666666666667,1.0,12,euclidean,ball_tree,20,,0.4614835816018958
3,0.04666666666666667,1.0,12,euclidean,ball_tree,20,1.0,0.4614835816018958
3,0.04666666666666667,1.0,12,euclidean,ball_tree,20,2.0,0.4614835816018958
3,0.04666666666666667,1.0,12,euclidean,ball_tree,30,,0.4614835816018958
3,0.04666666666666667,1.0,12,euclidean,ball_tree,30,1.0,0.4614835816018958
3,0.04666666666666667,1.0,12,euclidean,ball_tree,30,2.0,0.4614835816018958
3,0.04666666666666667,1.0,12,euclidean,ball_tree,40,,0.4614835816018958
3,0.04666666666666667,1.0,12,euclidean,ball_tree,40,1.0,0.4614835816018958
3,0.04666666666666667,1.0,12,euclidean,ball_tree,40,2.0,0.4614835816018958
3,0.04666666666666667,1.0,12,euclidean,ball_tree,50,,0.4614835816018958
3,0.04666666666666667,1.0,12,euclidean,ball_tree,50,1.0,0.4614835816018958
3,0.04666666666666667,1.0,12,euclidean,ball_tree,50,2.0,0.4614835816018958
3,0.04666666666666667,1.0,12,euclidean,kd_tree,10,,0.4614835816018958
3,0.04666666666666667,1.0,12,euclidean,kd_tree,10,1.0,0.4614835816018958
3,0.04666666666666667,1.0,12,euclidean,kd_tree,10,2.0,0.4614835816018958
3,0.04666666666666667,1.0,12,euclidean,kd_tree,20,,0.4614835816018958
3,0.04666666666666667,1.0,12,euclidean,kd_tree,20,1.0,0.4614835816018958
3,0.04666666666666667,1.0,12,euclidean,kd_tree,20,2.0,0.4614835816018958
3,0.04666666666666667,1.0,12,euclidean,kd_tree,30,,0.4614835816018958
3,0.04666666666666667,1.0,12,euclidean,kd_tree,30,1.0,0.4614835816018958
3,0.04666666666666667,1.0,12,euclidean,kd_tree,30,2.0,0.4614835816018958
3,0.04666666666666667,1.0,12,euclidean,kd_tree,40,,0.4614835816018958
3,0.04666666666666667,1.0,12,euclidean,kd_tree,40,1.0,0.4614835816018958
3,0.04666666666666667,1.0,12,euclidean,kd_tree,40,2.0,0.4614835816018958
3,0.04666666666666667,1.0,12,euclidean,kd_tree,50,,0.4614835816018958
3,0.04666666666666667,1.0,12,euclidean,kd_tree,50,1.0,0.4614835816018958
3,0.04666666666666667,1.0,12,euclidean,kd_tree,50,2.0,0.4614835816018958
3,0.04666666666666667,1.0,12,euclidean,brute,10,,0.4614835816018958
3,0.04666666666666667,1.0,12,euclidean,brute,10,1.0,0.4614835816018958
3,0.04666666666666667,1.0,12,euclidean,brute,10,2.0,0.4614835816018958
3,0.04666666666666667,1.0,12,euclidean,brute,20,,0.4614835816018958
3,0.04666666666666667,1.0,12,euclidean,brute,20,1.0,0.4614835816018958
3,0.04666666666666667,1.0,12,euclidean,brute,20,2.0,0.4614835816018958
3,0.04666666666666667,1.0,12,euclidean,brute,30,,0.4614835816018958
3,0.04666666666666667,1.0,12,euclidean,brute,30,1.0,0.4614835816018958
3,0.04666666666666667,1.0,12,euclidean,brute,30,2.0,0.4614835816018958
3,0.04666666666666667,1.0,12,euclidean,brute,40,,0.4614835816018958
3,0.04666666666666667,1.0,12,euclidean,brute,40,1.0,0.4614835816018958
3,0.04666666666666667,1.0,12,euclidean,brute,40,2.0,0.4614835816018958
3,0.04666666666666667,1.0,12,euclidean,brute,50,,0.4614835816018958
3,0.04666666666666667,1.0,12,euclidean,brute,50,1.0,0.4614835816018958
3,0.04666666666666667,1.0,12,euclidean,brute,50,2.0,0.4614835816018958
3,0.4266666666666667,1.0,12,manhattan,auto,10,,0.20464428510789975
3,0.4266666666666667,1.0,12,manhattan,auto,10,1.0,0.20464428510789975
3,0.4266666666666667,1.0,12,manhattan,auto,10,2.0,0.20464428510789975
3,0.4266666666666667,1.0,12,manhattan,auto,20,,0.20464428510789975
3,0.4266666666666667,1.0,12,manhattan,auto,20,1.0,0.20464428510789975
3,0.4266666666666667,1.0,12,manhattan,auto,20,2.0,0.20464428510789975
3,0.4266666666666667,1.0,12,manhattan,auto,30,,0.20464428510789975
3,0.4266666666666667,1.0,12,manhattan,auto,30,1.0,0.20464428510789975
3,0.4266666666666667,1.0,12,manhattan,auto,30,2.0,0.20464428510789975
3,0.4266666666666667,1.0,12,manhattan,auto,40,,0.20464428510789975
3,0.4266666666666667,1.0,12,manhattan,auto,40,1.0,0.20464428510789975
3,0.4266666666666667,1.0,12,manhattan,auto,40,2.0,0.20464428510789975
3,0.4266666666666667,1.0,12,manhattan,auto,50,,0.20464428510789975
3,0.4266666666666667,1.0,12,manhattan,auto,50,1.0,0.20464428510789975
3,0.4266666666666667,1.0,12,manhattan,auto,50,2.0,0.20464428510789975
3,0.4266666666666667,1.0,12,manhattan,ball_tree,10,,0.20464428510789975
3,0.4266666666666667,1.0,12,manhattan,ball_tree,10,1.0,0.20464428510789975
3,0.4266666666666667,1.0,12,manhattan,ball_tree,10,2.0,0.20464428510789975
3,0.4266666666666667,1.0,12,manhattan,ball_tree,20,,0.20464428510789975
3,0.4266666666666667,1.0,12,manhattan,ball_tree,20,1.0,0.20464428510789975
3,0.4266666666666667,1.0,12,manhattan,ball_tree,20,2.0,0.20464428510789975
3,0.4266666666666667,1.0,12,manhattan,ball_tree,30,,0.20464428510789975
3,0.4266666666666667,1.0,12,manhattan,ball_tree,30,1.0,0.20464428510789975
3,0.4266666666666667,1.0,12,manhattan,ball_tree,30,2.0,0.20464428510789975
3,0.4266666666666667,1.0,12,manhattan,ball_tree,40,,0.20464428510789975
3,0.4266666666666667,1.0,12,manhattan,ball_tree,40,1.0,0.20464428510789975
3,0.4266666666666667,1.0,12,manhattan,ball_tree,40,2.0,0.20464428510789975
3,0.4266666666666667,1.0,12,manhattan,ball_tree,50,,0.20464428510789975
3,0.4266666666666667,1.0,12,manhattan,ball_tree,50,1.0,0.20464428510789975
3,0.4266666666666667,1.0,12,manhattan,ball_tree,50,2.0,0.20464428510789975
3,0.4266666666666667,1.0,12,manhattan,kd_tree,10,,0.20464428510789975
3,0.4266666666666667,1.0,12,manhattan,kd_tree,10,1.0,0.20464428510789975
3,0.4266666666666667,1.0,12,manhattan,kd_tree,10,2.0,0.20464428510789975
3,0.4266666666666667,1.0,12,manhattan,kd_tree,20,,0.20464428510789975
3,0.4266666666666667,1.0,12,manhattan,kd_tree,20,1.0,0.20464428510789975
3,0.4266666666666667,1.0,12,manhattan,kd_tree,20,2.0,0.20464428510789975
3,0.4266666666666667,1.0,12,manhattan,kd_tree,30,,0.20464428510789975
3,0.4266666666666667,1.0,12,manhattan,kd_tree,30,1.0,0.20464428510789975
3,0.4266666666666667,1.0,12,manhattan,kd_tree,30,2.0,0.20464428510789975
3,0.4266666666666667,1.0,12,manhattan,kd_tree,40,,0.20464428510789975
3,0.4266666666666667,1.0,12,manhattan,kd_tree,40,1.0,0.20464428510789975
3,0.4266666666666667,1.0,12,manhattan,kd_tree,40,2.0,0.20464428510789975
3,0.4266666666666667,1.0,12,manhattan,kd_tree,50,,0.20464428510789975
3,0.4266666666666667,1.0,12,manhattan,kd_tree,50,1.0,0.20464428510789975
3,0.4266666666666667,1.0,12,manhattan,kd_tree,50,2.0,0.20464428510789975
3,0.4266666666666667,1.0,12,manhattan,brute,10,,0.20464428510789975
3,0.4266666666666667,1.0,12,manhattan,brute,10,1.0,0.20464428510789975
3,0.4266666666666667,1.0,12,manhattan,brute,10,2.0,0.20464428510789975
3,0.4266666666666667,1.0,12,manhattan,brute,20,,0.20464428510789975
3,0.4266666666666667,1.0,12,manhattan,brute,20,1.0,0.20464428510789975
3,0.4266666666666667,1.0,12,manhattan,brute,20,2.0,0.20464428510789975
3,0.4266666666666667,1.0,12,manhattan,brute,30,,0.20464428510789975
3,0.4266666666666667,1.0,12,manhattan,brute,30,1.0,0.20464428510789975
3,0.4266666666666667,1.0,12,manhattan,brute,30,2.0,0.20464428510789975
3,0.4266666666666667,1.0,12,manhattan,brute,40,,0.20464428510789975
3,0.4266666666666667,1.0,12,manhattan,brute,40,1.0,0.20464428510789975
3,0.4266666666666667,1.0,12,manhattan,brute,40,2.0,0.20464428510789975
3,0.4266666666666667,1.0,12,manhattan,brute,50,,0.20464428510789975
3,0.4266666666666667,1.0,12,manhattan,brute,50,1.0,0.20464428510789975
3,0.4266666666666667,1.0,12,manhattan,brute,50,2.0,0.20464428510789975
1,0.7733333333333333,1.0,12,mahalanobis,auto,10,,0.4016217983719849
1,0.7733333333333333,1.0,12,mahalanobis,auto,10,1.0,0.4016217983719849
1,0.7733333333333333,1.0,12,mahalanobis,auto,10,2.0,0.4016217983719849
1,0.7733333333333333,1.0,12,mahalanobis,auto,20,,0.4016217983719849
1,0.7733333333333333,1.0,12,mahalanobis,auto,20,1.0,0.4016217983719849
1,0.7733333333333333,1.0,12,mahalanobis,auto,20,2.0,0.4016217983719849
1,0.7733333333333333,1.0,12,mahalanobis,auto,30,,0.4016217983719849
1,0.7733333333333333,1.0,12,mahalanobis,auto,30,1.0,0.4016217983719849
1,0.7733333333333333,1.0,12,mahalanobis,auto,30,2.0,0.4016217983719849
1,0.7733333333333333,1.0,12,mahalanobis,auto,40,,0.4016217983719849
1,0.7733333333333333,1.0,12,mahalanobis,auto,40,1.0,0.4016217983719849
1,0.7733333333333333,1.0,12,mahalanobis,auto,40,2.0,0.4016217983719849
1,0.7733333333333333,1.0,12,mahalanobis,auto,50,,0.4016217983719849
1,0.7733333333333333,1.0,12,mahalanobis,auto,50,1.0,0.4016217983719849
1,0.7733333333333333,1.0,12,mahalanobis,auto,50,2.0,0.4016217983719849
1,0.7733333333333333,1.0,12,mahalanobis,ball_tree,10,,0.4016217983719849
1,0.7733333333333333,1.0,12,mahalanobis,ball_tree,10,1.0,0.4016217983719849
1,0.7733333333333333,1.0,12,mahalanobis,ball_tree,10,2.0,0.4016217983719849
1,0.7733333333333333,1.0,12,mahalanobis,ball_tree,20,,0.4016217983719849
1,0.7733333333333333,1.0,12,mahalanobis,ball_tree,20,1.0,0.4016217983719849
1,0.7733333333333333,1.0,12,mahalanobis,ball_tree,20,2.0,0.4016217983719849
1,0.7733333333333333,1.0,12,mahalanobis,ball_tree,30,,0.4016217983719849
1,0.7733333333333333,1.0,12,mahalanobis,ball_tree,30,1.0,0.4016217983719849
1,0.7733333333333333,1.0,12,mahalanobis,ball_tree,30,2.0,0.4016217983719849
1,0.7733333333333333,1.0,12,mahalanobis,ball_tree,40,,0.4016217983719849
1,0.7733333333333333,1.0,12,mahalanobis,ball_tree,40,1.0,0.4016217983719849
1,0.7733333333333333,1.0,12,mahalanobis,ball_tree,40,2.0,0.4016217983719849
1,0.7733333333333333,1.0,12,mahalanobis,ball_tree,50,,0.4016217983719849
1,0.7733333333333333,1.0,12,mahalanobis,ball_tree,50,1.0,0.4016217983719849
1,0.7733333333333333,1.0,12,mahalanobis,ball_tree,50,2.0,0.4016217983719849
1,0.7733333333333333,1.0,12,mahalanobis,kd_tree,10,,0.4016217983719849
1,0.7733333333333333,1.0,12,mahalanobis,kd_tree,10,1.0,0.4016217983719849
1,0.7733333333333333,1.0,12,mahalanobis,kd_tree,10,2.0,0.4016217983719849
1,0.7733333333333333,1.0,12,mahalanobis,kd_tree,20,,0.4016217983719849
1,0.7733333333333333,1.0,12,mahalanobis,kd_tree,20,1.0,0.4016217983719849
1,0.7733333333333333,1.0,12,mahalanobis,kd_tree,20,2.0,0.4016217983719849
1,0.7733333333333333,1.0,12,mahalanobis,kd_tree,30,,0.4016217983719849
1,0.7733333333333333,1.0,12,mahalanobis,kd_tree,30,1.0,0.4016217983719849
1,0.7733333333333333,1.0,12,mahalanobis,kd_tree,30,2.0,0.4016217983719849
1,0.7733333333333333,1.0,12,mahalanobis,kd_tree,40,,0.4016217983719849
1,0.7733333333333333,1.0,12,mahalanobis,kd_tree,40,1.0,0.4016217983719849
1,0.7733333333333333,1.0,12,mahalanobis,kd_tree,40,2.0,0.4016217983719849
1,0.7733333333333333,1.0,12,mahalanobis,kd_tree,50,,0.4016217983719849
1,0.7733333333333333,1.0,12,mahalanobis,kd_tree,50,1.0,0.4016217983719849
1,0.7733333333333333,1.0,12,mahalanobis,kd_tree,50,2.0,0.4016217983719849
1,0.7733333333333333,1.0,12,mahalanobis,brute,10,,0.4016217983719849
1,0.7733333333333333,1.0,12,mahalanobis,brute,10,1.0,0.4016217983719849
1,0.7733333333333333,1.0,12,mahalanobis,brute,10,2.0,0.4016217983719849
1,0.7733333333333333,1.0,12,mahalanobis,brute,20,,0.4016217983719849
1,0.7733333333333333,1.0,12,mahalanobis,brute,20,1.0,0.4016217983719849
1,0.7733333333333333,1.0,12,mahalanobis,brute,20,2.0,0.4016217983719849
1,0.7733333333333333,1.0,12,mahalanobis,brute,30,,0.4016217983719849
1,0.7733333333333333,1.0,12,mahalanobis,brute,30,1.0,0.4016217983719849
1,0.7733333333333333,1.0,12,mahalanobis,brute,30,2.0,0.4016217983719849
1,0.7733333333333333,1.0,12,mahalanobis,brute,40,,0.4016217983719849
1,0.7733333333333333,1.0,12,mahalanobis,brute,40,1.0,0.4016217983719849
1,0.7733333333333333,1.0,12,mahalanobis,brute,40,2.0,0.4016217983719849
1,0.7733333333333333,1.0,12,mahalanobis,brute,50,,0.4016217983719849
1,0.7733333333333333,1.0,12,mahalanobis,brute,50,1.0,0.4016217983719849
1,0.7733333333333333,1.0,12,mahalanobis,brute,50,2.0,0.4016217983719849
3,0.04666666666666667,1.0,13,euclidean,auto,10,,0.4614835816018958
3,0.04666666666666667,1.0,13,euclidean,auto,10,1.0,0.4614835816018958
3,0.04666666666666667,1.0,13,euclidean,auto,10,2.0,0.4614835816018958
3,0.04666666666666667,1.0,13,euclidean,auto,20,,0.4614835816018958
3,0.04666666666666667,1.0,13,euclidean,auto,20,1.0,0.4614835816018958
3,0.04666666666666667,1.0,13,euclidean,auto,20,2.0,0.4614835816018958
3,0.04666666666666667,1.0,13,euclidean,auto,30,,0.4614835816018958
3,0.04666666666666667,1.0,13,euclidean,auto,30,1.0,0.4614835816018958
3,0.04666666666666667,1.0,13,euclidean,auto,30,2.0,0.4614835816018958
3,0.04666666666666667,1.0,13,euclidean,auto,40,,0.4614835816018958
3,0.04666666666666667,1.0,13,euclidean,auto,40,1.0,0.4614835816018958
3,0.04666666666666667,1.0,13,euclidean,auto,40,2.0,0.4614835816018958
3,0.04666666666666667,1.0,13,euclidean,auto,50,,0.4614835816018958
3,0.04666666666666667,1.0,13,euclidean,auto,50,1.0,0.4614835816018958
3,0.04666666666666667,1.0,13,euclidean,auto,50,2.0,0.4614835816018958
3,0.04666666666666667,1.0,13,euclidean,ball_tree,10,,0.4614835816018958
3,0.04666666666666667,1.0,13,euclidean,ball_tree,10,1.0,0.4614835816018958
3,0.04666666666666667,1.0,13,euclidean,ball_tree,10,2.0,0.4614835816018958
3,0.04666666666666667,1.0,13,euclidean,ball_tree,20,,0.4614835816018958
3,0.04666666666666667,1.0,13,euclidean,ball_tree,20,1.0,0.4614835816018958
3,0.04666666666666667,1.0,13,euclidean,ball_tree,20,2.0,0.4614835816018958
3,0.04666666666666667,1.0,13,euclidean,ball_tree,30,,0.4614835816018958
3,0.04666666666666667,1.0,13,euclidean,ball_tree,30,1.0,0.4614835816018958
3,0.04666666666666667,1.0,13,euclidean,ball_tree,30,2.0,0.4614835816018958
3,0.04666666666666667,1.0,13,euclidean,ball_tree,40,,0.4614835816018958
3,0.04666666666666667,1.0,13,euclidean,ball_tree,40,1.0,0.4614835816018958
3,0.04666666666666667,1.0,13,euclidean,ball_tree,40,2.0,0.4614835816018958
3,0.04666666666666667,1.0,13,euclidean,ball_tree,50,,0.4614835816018958
3,0.04666666666666667,1.0,13,euclidean,ball_tree,50,1.0,0.4614835816018958
3,0.04666666666666667,1.0,13,euclidean,ball_tree,50,2.0,0.4614835816018958
3,0.04666666666666667,1.0,13,euclidean,kd_tree,10,,0.4614835816018958
3,0.04666666666666667,1.0,13,euclidean,kd_tree,10,1.0,0.4614835816018958
3,0.04666666666666667,1.0,13,euclidean,kd_tree,10,2.0,0.4614835816018958
3,0.04666666666666667,1.0,13,euclidean,kd_tree,20,,0.4614835816018958
3,0.04666666666666667,1.0,13,euclidean,kd_tree,20,1.0,0.4614835816018958
3,0.04666666666666667,1.0,13,euclidean,kd_tree,20,2.0,0.4614835816018958
3,0.04666666666666667,1.0,13,euclidean,kd_tree,30,,0.4614835816018958
3,0.04666666666666667,1.0,13,euclidean,kd_tree,30,1.0,0.4614835816018958
3,0.04666666666666667,1.0,13,euclidean,kd_tree,30,2.0,0.4614835816018958
3,0.04666666666666667,1.0,13,euclidean,kd_tree,40,,0.4614835816018958
3,0.04666666666666667,1.0,13,euclidean,kd_tree,40,1.0,0.4614835816018958
3,0.04666666666666667,1.0,13,euclidean,kd_tree,40,2.0,0.4614835816018958
3,0.04666666666666667,1.0,13,euclidean,kd_tree,50,,0.4614835816018958
3,0.04666666666666667,1.0,13,euclidean,kd_tree,50,1.0,0.4614835816018958
3,0.04666666666666667,1.0,13,euclidean,kd_tree,50,2.0,0.4614835816018958
3,0.04666666666666667,1.0,13,euclidean,brute,10,,0.4614835816018958
3,0.04666666666666667,1.0,13,euclidean,brute,10,1.0,0.4614835816018958
3,0.04666666666666667,1.0,13,euclidean,brute,10,2.0,0.4614835816018958
3,0.04666666666666667,1.0,13,euclidean,brute,20,,0.4614835816018958
3,0.04666666666666667,1.0,13,euclidean,brute,20,1.0,0.4614835816018958
3,0.04666666666666667,1.0,13,euclidean,brute,20,2.0,0.4614835816018958
3,0.04666666666666667,1.0,13,euclidean,brute,30,,0.4614835816018958
3,0.04666666666666667,1.0,13,euclidean,brute,30,1.0,0.4614835816018958
3,0.04666666666666667,1.0,13,euclidean,brute,30,2.0,0.4614835816018958
3,0.04666666666666667,1.0,13,euclidean,brute,40,,0.4614835816018958
3,0.04666666666666667,1.0,13,euclidean,brute,40,1.0,0.4614835816018958
3,0.04666666666666667,1.0,13,euclidean,brute,40,2.0,0.4614835816018958
3,0.04666666666666667,1.0,13,euclidean,brute,50,,0.4614835816018958
3,0.04666666666666667,1.0,13,euclidean,brute,50,1.0,0.4614835816018958
3,0.04666666666666667,1.0,13,euclidean,brute,50,2.0,0.4614835816018958
2,0.5066666666666667,1.0,13,manhattan,auto,10,,0.28581506113239885
2,0.5066666666666667,1.0,13,manhattan,auto,10,1.0,0.28581506113239885
2,0.5066666666666667,1.0,13,manhattan,auto,10,2.0,0.28581506113239885
2,0.5066666666666667,1.0,13,manhattan,auto,20,,0.28581506113239885
2,0.5066666666666667,1.0,13,manhattan,auto,20,1.0,0.28581506113239885
2,0.5066666666666667,1.0,13,manhattan,auto,20,2.0,0.28581506113239885
2,0.5066666666666667,1.0,13,manhattan,auto,30,,0.28581506113239885
2,0.5066666666666667,1.0,13,manhattan,auto,30,1.0,0.28581506113239885
2,0.5066666666666667,1.0,13,manhattan,auto,30,2.0,0.28581506113239885
2,0.5066666666666667,1.0,13,manhattan,auto,40,,0.28581506113239885
2,0.5066666666666667,1.0,13,manhattan,auto,40,1.0,0.28581506113239885
2,0.5066666666666667,1.0,13,manhattan,auto,40,2.0,0.28581506113239885
2,0.5066666666666667,1.0,13,manhattan,auto,50,,0.28581506113239885
2,0.5066666666666667,1.0,13,manhattan,auto,50,1.0,0.28581506113239885
2,0.5066666666666667,1.0,13,manhattan,auto,50,2.0,0.28581506113239885
2,0.5066666666666667,1.0,13,manhattan,ball_tree,10,,0.28581506113239885
2,0.5066666666666667,1.0,13,manhattan,ball_tree,10,1.0,0.28581506113239885
2,0.5066666666666667,1.0,13,manhattan,ball_tree,10,2.0,0.28581506113239885
2,0.5066666666666667,1.0,13,manhattan,ball_tree,20,,0.28581506113239885
2,0.5066666666666667,1.0,13,manhattan,ball_tree,20,1.0,0.28581506113239885
2,0.5066666666666667,1.0,13,manhattan,ball_tree,20,2.0,0.28581506113239885
2,0.5066666666666667,1.0,13,manhattan,ball_tree,30,,0.28581506113239885
2,0.5066666666666667,1.0,13,manhattan,ball_tree,30,1.0,0.28581506113239885
2,0.5066666666666667,1.0,13,manhattan,ball_tree,30,2.0,0.28581506113239885
2,0.5066666666666667,1.0,13,manhattan,ball_tree,40,,0.28581506113239885
2,0.5066666666666667,1.0,13,manhattan,ball_tree,40,1.0,0.28581506113239885
2,0.5066666666666667,1.0,13,manhattan,ball_tree,40,2.0,0.28581506113239885
2,0.5066666666666667,1.0,13,manhattan,ball_tree,50,,0.28581506113239885
2,0.5066666666666667,1.0,13,manhattan,ball_tree,50,1.0,0.28581506113239885
2,0.5066666666666667,1.0,13,manhattan,ball_tree,50,2.0,0.28581506113239885
2,0.5066666666666667,1.0,13,manhattan,kd_tree,10,,0.28581506113239885
2,0.5066666666666667,1.0,13,manhattan,kd_tree,10,1.0,0.28581506113239885
2,0.5066666666666667,1.0,13,manhattan,kd_tree,10,2.0,0.28581506113239885
2,0.5066666666666667,1.0,13,manhattan,kd_tree,20,,0.28581506113239885
2,0.5066666666666667,1.0,13,manhattan,kd_tree,20,1.0,0.28581506113239885
2,0.5066666666666667,1.0,13,manhattan,kd_tree,20,2.0,0.28581506113239885
2,0.5066666666666667,1.0,13,manhattan,kd_tree,30,,0.28581506113239885
2,0.5066666666666667,1.0,13,manhattan,kd_tree,30,1.0,0.28581506113239885
2,0.5066666666666667,1.0,13,manhattan,kd_tree,30,2.0,0.28581506113239885
2,0.5066666666666667,1.0,13,manhattan,kd_tree,40,,0.28581506113239885
2,0.5066666666666667,1.0,13,manhattan,kd_tree,40,1.0,0.28581506113239885
2,0.5066666666666667,1.0,13,manhattan,kd_tree,40,2.0,0.28581506113239885
2,0.5066666666666667,1.0,13,manhattan,kd_tree,50,,0.28581506113239885
2,0.5066666666666667,1.0,13,manhattan,kd_tree,50,1.0,0.28581506113239885
2,0.5066666666666667,1.0,13,manhattan,kd_tree,50,2.0,0.28581506113239885
2,0.5066666666666667,1.0,13,manhattan,brute,10,,0.28581506113239885
2,0.5066666666666667,1.0,13,manhattan,brute,10,1.0,0.28581506113239885
2,0.5066666666666667,1.0,13,manhattan,brute,10,2.0,0.28581506113239885
2,0.5066666666666667,1.0,13,manhattan,brute,20,,0.28581506113239885
2,0.5066666666666667,1.0,13,manhattan,brute,20,1.0,0.28581506113239885
2,0.5066666666666667,1.0,13,manhattan,brute,20,2.0,0.28581506113239885
2,0.5066666666666667,1.0,13,manhattan,brute,30,,0.28581506113239885
2,0.5066666666666667,1.0,13,manhattan,brute,30,1.0,0.28581506113239885
2,0.5066666666666667,1.0,13,manhattan,brute,30,2.0,0.28581506113239885
2,0.5066666666666667,1.0,13,manhattan,brute,40,,0.28581506113239885
2,0.5066666666666667,1.0,13,manhattan,brute,40,1.0,0.28581506113239885
2,0.5066666666666667,1.0,13,manhattan,brute,40,2.0,0.28581506113239885
2,0.5066666666666667,1.0,13,manhattan,brute,50,,0.28581506113239885
2,0.5066666666666667,1.0,13,manhattan,brute,50,1.0,0.28581506113239885
2,0.5066666666666667,1.0,13,manhattan,brute,50,2.0,0.28581506113239885
1,0.8,1.0,13,mahalanobis,auto,10,,0.35009734400523285
1,0.8,1.0,13,mahalanobis,auto,10,1.0,0.35009734400523285
1,0.8,1.0,13,mahalanobis,auto,10,2.0,0.35009734400523285
1,0.8,1.0,13,mahalanobis,auto,20,,0.35009734400523285
1,0.8,1.0,13,mahalanobis,auto,20,1.0,0.35009734400523285
1,0.8,1.0,13,mahalanobis,auto,20,2.0,0.35009734400523285
1,0.8,1.0,13,mahalanobis,auto,30,,0.35009734400523285
1,0.8,1.0,13,mahalanobis,auto,30,1.0,0.35009734400523285
1,0.8,1.0,13,mahalanobis,auto,30,2.0,0.35009734400523285
1,0.8,1.0,13,mahalanobis,auto,40,,0.35009734400523285
1,0.8,1.0,13,mahalanobis,auto,40,1.0,0.35009734400523285
1,0.8,1.0,13,mahalanobis,auto,40,2.0,0.35009734400523285
1,0.8,1.0,13,mahalanobis,auto,50,,0.35009734400523285
1,0.8,1.0,13,mahalanobis,auto,50,1.0,0.35009734400523285
1,0.8,1.0,13,mahalanobis,auto,50,2.0,0.35009734400523285
1,0.8,1.0,13,mahalanobis,ball_tree,10,,0.35009734400523285
1,0.8,1.0,13,mahalanobis,ball_tree,10,1.0,0.35009734400523285
1,0.8,1.0,13,mahalanobis,ball_tree,10,2.0,0.35009734400523285
1,0.8,1.0,13,mahalanobis,ball_tree,20,,0.35009734400523285
1,0.8,1.0,13,mahalanobis,ball_tree,20,1.0,0.35009734400523285
1,0.8,1.0,13,mahalanobis,ball_tree,20,2.0,0.35009734400523285
1,0.8,1.0,13,mahalanobis,ball_tree,30,,0.35009734400523285
1,0.8,1.0,13,mahalanobis,ball_tree,30,1.0,0.35009734400523285
1,0.8,1.0,13,mahalanobis,ball_tree,30,2.0,0.35009734400523285
1,0.8,1.0,13,mahalanobis,ball_tree,40,,0.35009734400523285
1,0.8,1.0,13,mahalanobis,ball_tree,40,1.0,0.35009734400523285
1,0.8,1.0,13,mahalanobis,ball_tree,40,2.0,0.35009734400523285
1,0.8,1.0,13,mahalanobis,ball_tree,50,,0.35009734400523285
1,0.8,1.0,13,mahalanobis,ball_tree,50,1.0,0.35009734400523285
1,0.8,1.0,13,mahalanobis,ball_tree,50,2.0,0.35009734400523285
1,0.8,1.0,13,mahalanobis,kd_tree,10,,0.35009734400523285
1,0.8,1.0,13,mahalanobis,kd_tree,10,1.0,0.35009734400523285
1,0.8,1.0,13,mahalanobis,kd_tree,10,2.0,0.35009734400523285
1,0.8,1.0,13,mahalanobis,kd_tree,20,,0.35009734400523285
1,0.8,1.0,13,mahalanobis,kd_tree,20,1.0,0.35009734400523285
1,0.8,1.0,13,mahalanobis,kd_tree,20,2.0,0.35009734400523285
1,0.8,1.0,13,mahalanobis,kd_tree,30,,0.35009734400523285
1,0.8,1.0,13,mahalanobis,kd_tree,30,1.0,0.35009734400523285
1,0.8,1.0,13,mahalanobis,kd_tree,30,2.0,0.35009734400523285
1,0.8,1.0,13,mahalanobis,kd_tree,40,,0.35009734400523285
1,0.8,1.0,13,mahalanobis,kd_tree,40,1.0,0.35009734400523285
1,0.8,1.0,13,mahalanobis,kd_tree,40,2.0,0.35009734400523285
1,0.8,1.0,13,mahalanobis,kd_tree,50,,0.35009734400523285
1,0.8,1.0,13,mahalanobis,kd_tree,50,1.0,0.35009734400523285
1,0.8,1.0,13,mahalanobis,kd_tree,50,2.0,0.35009734400523285
1,0.8,1.0,13,mahalanobis,brute,10,,0.35009734400523285
1,0.8,1.0,13,mahalanobis,brute,10,1.0,0.35009734400523285
1,0.8,1.0,13,mahalanobis,brute,10,2.0,0.35009734400523285
1,0.8,1.0,13,mahalanobis,brute,20,,0.35009734400523285
1,0.8,1.0,13,mahalanobis,brute,20,1.0,0.35009734400523285
1,0.8,1.0,13,mahalanobis,brute,20,2.0,0.35009734400523285
1,0.8,1.0,13,mahalanobis,brute,30,,0.35009734400523285
1,0.8,1.0,13,mahalanobis,brute,30,1.0,0.35009734400523285
1,0.8,1.0,13,mahalanobis,brute,30,2.0,0.35009734400523285
1,0.8,1.0,13,mahalanobis,brute,40,,0.35009734400523285
1,0.8,1.0,13,mahalanobis,brute,40,1.0,0.35009734400523285
1,0.8,1.0,13,mahalanobis,brute,40,2.0,0.35009734400523285
1,0.8,1.0,13,mahalanobis,brute,50,,0.35009734400523285
1,0.8,1.0,13,mahalanobis,brute,50,1.0,0.35009734400523285
1,0.8,1.0,13,mahalanobis,brute,50,2.0,0.35009734400523285
3,0.04666666666666667,1.0,14,euclidean,auto,10,,0.4614835816018958
3,0.04666666666666667,1.0,14,euclidean,auto,10,1.0,0.4614835816018958
3,0.04666666666666667,1.0,14,euclidean,auto,10,2.0,0.4614835816018958
3,0.04666666666666667,1.0,14,euclidean,auto,20,,0.4614835816018958
3,0.04666666666666667,1.0,14,euclidean,auto,20,1.0,0.4614835816018958
3,0.04666666666666667,1.0,14,euclidean,auto,20,2.0,0.4614835816018958
3,0.04666666666666667,1.0,14,euclidean,auto,30,,0.4614835816018958
3,0.04666666666666667,1.0,14,euclidean,auto,30,1.0,0.4614835816018958
3,0.04666666666666667,1.0,14,euclidean,auto,30,2.0,0.4614835816018958
3,0.04666666666666667,1.0,14,euclidean,auto,40,,0.4614835816018958
3,0.04666666666666667,1.0,14,euclidean,auto,40,1.0,0.4614835816018958
3,0.04666666666666667,1.0,14,euclidean,auto,40,2.0,0.4614835816018958
3,0.04666666666666667,1.0,14,euclidean,auto,50,,0.4614835816018958
3,0.04666666666666667,1.0,14,euclidean,auto,50,1.0,0.4614835816018958
3,0.04666666666666667,1.0,14,euclidean,auto,50,2.0,0.4614835816018958
3,0.04666666666666667,1.0,14,euclidean,ball_tree,10,,0.4614835816018958
3,0.04666666666666667,1.0,14,euclidean,ball_tree,10,1.0,0.4614835816018958
3,0.04666666666666667,1.0,14,euclidean,ball_tree,10,2.0,0.4614835816018958
3,0.04666666666666667,1.0,14,euclidean,ball_tree,20,,0.4614835816018958
3,0.04666666666666667,1.0,14,euclidean,ball_tree,20,1.0,0.4614835816018958
3,0.04666666666666667,1.0,14,euclidean,ball_tree,20,2.0,0.4614835816018958
3,0.04666666666666667,1.0,14,euclidean,ball_tree,30,,0.4614835816018958
3,0.04666666666666667,1.0,14,euclidean,ball_tree,30,1.0,0.4614835816018958
3,0.04666666666666667,1.0,14,euclidean,ball_tree,30,2.0,0.4614835816018958
3,0.04666666666666667,1.0,14,euclidean,ball_tree,40,,0.4614835816018958
3,0.04666666666666667,1.0,14,euclidean,ball_tree,40,1.0,0.4614835816018958
3,0.04666666666666667,1.0,14,euclidean,ball_tree,40,2.0,0.4614835816018958
3,0.04666666666666667,1.0,14,euclidean,ball_tree,50,,0.4614835816018958
3,0.04666666666666667,1.0,14,euclidean,ball_tree,50,1.0,0.4614835816018958
3,0.04666666666666667,1.0,14,euclidean,ball_tree,50,2.0,0.4614835816018958
3,0.04666666666666667,1.0,14,euclidean,kd_tree,10,,0.4614835816018958
3,0.04666666666666667,1.0,14,euclidean,kd_tree,10,1.0,0.4614835816018958
3,0.04666666666666667,1.0,14,euclidean,kd_tree,10,2.0,0.4614835816018958
3,0.04666666666666667,1.0,14,euclidean,kd_tree,20,,0.4614835816018958
3,0.04666666666666667,1.0,14,euclidean,kd_tree,20,1.0,0.4614835816018958
3,0.04666666666666667,1.0,14,euclidean,kd_tree,20,2.0,0.4614835816018958
3,0.04666666666666667,1.0,14,euclidean,kd_tree,30,,0.4614835816018958
3,0.04666666666666667,1.0,14,euclidean,kd_tree,30,1.0,0.4614835816018958
3,0.04666666666666667,1.0,14,euclidean,kd_tree,30,2.0,0.4614835816018958
3,0.04666666666666667,1.0,14,euclidean,kd_tree,40,,0.4614835816018958
3,0.04666666666666667,1.0,14,euclidean,kd_tree,40,1.0,0.4614835816018958
3,0.04666666666666667,1.0,14,euclidean,kd_tree,40,2.0,0.4614835816018958
3,0.04666666666666667,1.0,14,euclidean,kd_tree,50,,0.4614835816018958
3,0.04666666666666667,1.0,14,euclidean,kd_tree,50,1.0,0.4614835816018958
3,0.04666666666666667,1.0,14,euclidean,kd_tree,50,2.0,0.4614835816018958
3,0.04666666666666667,1.0,14,euclidean,brute,10,,0.4614835816018958
3,0.04666666666666667,1.0,14,euclidean,brute,10,1.0,0.4614835816018958
3,0.04666666666666667,1.0,14,euclidean,brute,10,2.0,0.4614835816018958
3,0.04666666666666667,1.0,14,euclidean,brute,20,,0.4614835816018958
3,0.04666666666666667,1.0,14,euclidean,brute,20,1.0,0.4614835816018958
3,0.04666666666666667,1.0,14,euclidean,brute,20,2.0,0.4614835816018958
3,0.04666666666666667,1.0,14,euclidean,brute,30,,0.4614835816018958
3,0.04666666666666667,1.0,14,euclidean,brute,30,1.0,0.4614835816018958
3,0.04666666666666667,1.0,14,euclidean,brute,30,2.0,0.4614835816018958
3,0.04666666666666667,1.0,14,euclidean,brute,40,,0.4614835816018958
3,0.04666666666666667,1.0,14,euclidean,brute,40,1.0,0.4614835816018958
3,0.04666666666666667,1.0,14,euclidean,brute,40,2.0,0.4614835816018958
3,0.04666666666666667,1.0,14,euclidean,brute,50,,0.4614835816018958
3,0.04666666666666667,1.0,14,euclidean,brute,50,1.0,0.4614835816018958
3,0.04666666666666667,1.0,14,euclidean,brute,50,2.0,0.4614835816018958
2,0.5266666666666666,1.0,14,manhattan,auto,10,,0.2673922225156326
2,0.5266666666666666,1.0,14,manhattan,auto,10,1.0,0.2673922225156326
2,0.5266666666666666,1.0,14,manhattan,auto,10,2.0,0.2673922225156326
2,0.5266666666666666,1.0,14,manhattan,auto,20,,0.2673922225156326
2,0.5266666666666666,1.0,14,manhattan,auto,20,1.0,0.2673922225156326
2,0.5266666666666666,1.0,14,manhattan,auto,20,2.0,0.2673922225156326
2,0.5266666666666666,1.0,14,manhattan,auto,30,,0.2673922225156326
2,0.5266666666666666,1.0,14,manhattan,auto,30,1.0,0.2673922225156326
2,0.5266666666666666,1.0,14,manhattan,auto,30,2.0,0.2673922225156326
2,0.5266666666666666,1.0,14,manhattan,auto,40,,0.2673922225156326
2,0.5266666666666666,1.0,14,manhattan,auto,40,1.0,0.2673922225156326
2,0.5266666666666666,1.0,14,manhattan,auto,40,2.0,0.2673922225156326
2,0.5266666666666666,1.0,14,manhattan,auto,50,,0.2673922225156326
2,0.5266666666666666,1.0,14,manhattan,auto,50,1.0,0.2673922225156326
2,0.5266666666666666,1.0,14,manhattan,auto,50,2.0,0.2673922225156326
2,0.5266666666666666,1.0,14,manhattan,ball_tree,10,,0.2673922225156326
2,0.5266666666666666,1.0,14,manhattan,ball_tree,10,1.0,0.2673922225156326
2,0.5266666666666666,1.0,14,manhattan,ball_tree,10,2.0,0.2673922225156326
2,0.5266666666666666,1.0,14,manhattan,ball_tree,20,,0.2673922225156326
2,0.5266666666666666,1.0,14,manhattan,ball_tree,20,1.0,0.2673922225156326
2,0.5266666666666666,1.0,14,manhattan,ball_tree,20,2.0,0.2673922225156326
2,0.5266666666666666,1.0,14,manhattan,ball_tree,30,,0.2673922225156326
2,0.5266666666666666,1.0,14,manhattan,ball_tree,30,1.0,0.2673922225156326
2,0.5266666666666666,1.0,14,manhattan,ball_tree,30,2.0,0.2673922225156326
2,0.5266666666666666,1.0,14,manhattan,ball_tree,40,,0.2673922225156326
2,0.5266666666666666,1.0,14,manhattan,ball_tree,40,1.0,0.2673922225156326
2,0.5266666666666666,1.0,14,manhattan,ball_tree,40,2.0,0.2673922225156326
2,0.5266666666666666,1.0,14,manhattan,ball_tree,50,,0.2673922225156326
2,0.5266666666666666,1.0,14,manhattan,ball_tree,50,1.0,0.2673922225156326
2,0.5266666666666666,1.0,14,manhattan,ball_tree,50,2.0,0.2673922225156326
2,0.5266666666666666,1.0,14,manhattan,kd_tree,10,,0.2673922225156326
2,0.5266666666666666,1.0,14,manhattan,kd_tree,10,1.0,0.2673922225156326
2,0.5266666666666666,1.0,14,manhattan,kd_tree,10,2.0,0.2673922225156326
2,0.5266666666666666,1.0,14,manhattan,kd_tree,20,,0.2673922225156326
2,0.5266666666666666,1.0,14,manhattan,kd_tree,20,1.0,0.2673922225156326
2,0.5266666666666666,1.0,14,manhattan,kd_tree,20,2.0,0.2673922225156326
2,0.5266666666666666,1.0,14,manhattan,kd_tree,30,,0.2673922225156326
2,0.5266666666666666,1.0,14,manhattan,kd_tree,30,1.0,0.2673922225156326
2,0.5266666666666666,1.0,14,manhattan,kd_tree,30,2.0,0.2673922225156326
2,0.5266666666666666,1.0,14,manhattan,kd_tree,40,,0.2673922225156326
2,0.5266666666666666,1.0,14,manhattan,kd_tree,40,1.0,0.2673922225156326
2,0.5266666666666666,1.0,14,manhattan,kd_tree,40,2.0,0.2673922225156326
2,0.5266666666666666,1.0,14,manhattan,kd_tree,50,,0.2673922225156326
2,0.5266666666666666,1.0,14,manhattan,kd_tree,50,1.0,0.2673922225156326
2,0.5266666666666666,1.0,14,manhattan,kd_tree,50,2.0,0.2673922225156326
2,0.5266666666666666,1.0,14,manhattan,brute,10,,0.2673922225156326
2,0.5266666666666666,1.0,14,manhattan,brute,10,1.0,0.2673922225156326
2,0.5266666666666666,1.0,14,manhattan,brute,10,2.0,0.2673922225156326
2,0.5266666666666666,1.0,14,manhattan,brute,20,,0.2673922225156326
2,0.5266666666666666,1.0,14,manhattan,brute,20,1.0,0.2673922225156326
2,0.5266666666666666,1.0,14,manhattan,brute,20,2.0,0.2673922225156326
2,0.5266666666666666,1.0,14,manhattan,brute,30,,0.2673922225156326
2,0.5266666666666666,1.0,14,manhattan,brute,30,1.0,0.2673922225156326
2,0.5266666666666666,1.0,14,manhattan,brute,30,2.0,0.2673922225156326
2,0.5266666666666666,1.0,14,manhattan,brute,40,,0.2673922225156326
2,0.5266666666666666,1.0,14,manhattan,brute,40,1.0,0.2673922225156326
2,0.5266666666666666,1.0,14,manhattan,brute,40,2.0,0.2673922225156326
2,0.5266666666666666,1.0,14,manhattan,brute,50,,0.2673922225156326
2,0.5266666666666666,1.0,14,manhattan,brute,50,1.0,0.2673922225156326
2,0.5266666666666666,1.0,14,manhattan,brute,50,2.0,0.2673922225156326
1,0.8,1.0,14,mahalanobis,auto,10,,0.35009734400523285
1,0.8,1.0,14,mahalanobis,auto,10,1.0,0.35009734400523285
1,0.8,1.0,14,mahalanobis,auto,10,2.0,0.35009734400523285
1,0.8,1.0,14,mahalanobis,auto,20,,0.35009734400523285
1,0.8,1.0,14,mahalanobis,auto,20,1.0,0.35009734400523285
1,0.8,1.0,14,mahalanobis,auto,20,2.0,0.35009734400523285
1,0.8,1.0,14,mahalanobis,auto,30,,0.35009734400523285
1,0.8,1.0,14,mahalanobis,auto,30,1.0,0.35009734400523285
1,0.8,1.0,14,mahalanobis,auto,30,2.0,0.35009734400523285
1,0.8,1.0,14,mahalanobis,auto,40,,0.35009734400523285
1,0.8,1.0,14,mahalanobis,auto,40,1.0,0.35009734400523285
1,0.8,1.0,14,mahalanobis,auto,40,2.0,0.35009734400523285
1,0.8,1.0,14,mahalanobis,auto,50,,0.35009734400523285
1,0.8,1.0,14,mahalanobis,auto,50,1.0,0.35009734400523285
1,0.8,1.0,14,mahalanobis,auto,50,2.0,0.35009734400523285
1,0.8,1.0,14,mahalanobis,ball_tree,10,,0.35009734400523285
1,0.8,1.0,14,mahalanobis,ball_tree,10,1.0,0.35009734400523285
1,0.8,1.0,14,mahalanobis,ball_tree,10,2.0,0.35009734400523285
1,0.8,1.0,14,mahalanobis,ball_tree,20,,0.35009734400523285
1,0.8,1.0,14,mahalanobis,ball_tree,20,1.0,0.35009734400523285
1,0.8,1.0,14,mahalanobis,ball_tree,20,2.0,0.35009734400523285
1,0.8,1.0,14,mahalanobis,ball_tree,30,,0.35009734400523285
1,0.8,1.0,14,mahalanobis,ball_tree,30,1.0,0.35009734400523285
1,0.8,1.0,14,mahalanobis,ball_tree,30,2.0,0.35009734400523285
1,0.8,1.0,14,mahalanobis,ball_tree,40,,0.35009734400523285
1,0.8,1.0,14,mahalanobis,ball_tree,40,1.0,0.35009734400523285
1,0.8,1.0,14,mahalanobis,ball_tree,40,2.0,0.35009734400523285
1,0.8,1.0,14,mahalanobis,ball_tree,50,,0.35009734400523285
1,0.8,1.0,14,mahalanobis,ball_tree,50,1.0,0.35009734400523285
1,0.8,1.0,14,mahalanobis,ball_tree,50,2.0,0.35009734400523285
1,0.8,1.0,14,mahalanobis,kd_tree,10,,0.35009734400523285
1,0.8,1.0,14,mahalanobis,kd_tree,10,1.0,0.35009734400523285
1,0.8,1.0,14,mahalanobis,kd_tree,10,2.0,0.35009734400523285
1,0.8,1.0,14,mahalanobis,kd_tree,20,,0.35009734400523285
1,0.8,1.0,14,mahalanobis,kd_tree,20,1.0,0.35009734400523285
1,0.8,1.0,14,mahalanobis,kd_tree,20,2.0,0.35009734400523285
1,0.8,1.0,14,mahalanobis,kd_tree,30,,0.35009734400523285
1,0.8,1.0,14,mahalanobis,kd_tree,30,1.0,0.35009734400523285
1,0.8,1.0,14,mahalanobis,kd_tree,30,2.0,0.35009734400523285
1,0.8,1.0,14,mahalanobis,kd_tree,40,,0.35009734400523285
1,0.8,1.0,14,mahalanobis,kd_tree,40,1.0,0.35009734400523285
1,0.8,1.0,14,mahalanobis,kd_tree,40,2.0,0.35009734400523285
1,0.8,1.0,14,mahalanobis,kd_tree,50,,0.35009734400523285
1,0.8,1.0,14,mahalanobis,kd_tree,50,1.0,0.35009734400523285
1,0.8,1.0,14,mahalanobis,kd_tree,50,2.0,0.35009734400523285
1,0.8,1.0,14,mahalanobis,brute,10,,0.35009734400523285
1,0.8,1.0,14,mahalanobis,brute,10,1.0,0.35009734400523285
1,0.8,1.0,14,mahalanobis,brute,10,2.0,0.35009734400523285
1,0.8,1.0,14,mahalanobis,brute,20,,0.35009734400523285
1,0.8,1.0,14,mahalanobis,brute,20,1.0,0.35009734400523285
1,0.8,1.0,14,mahalanobis,brute,20,2.0,0.35009734400523285
1,0.8,1.0,14,mahalanobis,brute,30,,0.35009734400523285
1,0.8,1.0,14,mahalanobis,brute,30,1.0,0.35009734400523285
1,0.8,1.0,14,mahalanobis,brute,30,2.0,0.35009734400523285
1,0.8,1.0,14,mahalanobis,brute,40,,0.35009734400523285
1,0.8,1.0,14,mahalanobis,brute,40,1.0,0.35009734400523285
1,0.8,1.0,14,mahalanobis,brute,40,2.0,0.35009734400523285
1,0.8,1.0,14,mahalanobis,brute,50,,0.35009734400523285
1,0.8,1.0,14,mahalanobis,brute,50,1.0,0.35009734400523285
1,0.8,1.0,14,mahalanobis,brute,50,2.0,0.35009734400523285
3,0.05333333333333334,1.0,15,euclidean,auto,10,,0.4619906768757835
3,0.05333333333333334,1.0,15,euclidean,auto,10,1.0,0.4619906768757835
3,0.05333333333333334,1.0,15,euclidean,auto,10,2.0,0.4619906768757835
3,0.05333333333333334,1.0,15,euclidean,auto,20,,0.4619906768757835
3,0.05333333333333334,1.0,15,euclidean,auto,20,1.0,0.4619906768757835
3,0.05333333333333334,1.0,15,euclidean,auto,20,2.0,0.4619906768757835
3,0.05333333333333334,1.0,15,euclidean,auto,30,,0.4619906768757835
3,0.05333333333333334,1.0,15,euclidean,auto,30,1.0,0.4619906768757835
3,0.05333333333333334,1.0,15,euclidean,auto,30,2.0,0.4619906768757835
3,0.05333333333333334,1.0,15,euclidean,auto,40,,0.4619906768757835
3,0.05333333333333334,1.0,15,euclidean,auto,40,1.0,0.4619906768757835
3,0.05333333333333334,1.0,15,euclidean,auto,40,2.0,0.4619906768757835
3,0.05333333333333334,1.0,15,euclidean,auto,50,,0.4619906768757835
3,0.05333333333333334,1.0,15,euclidean,auto,50,1.0,0.4619906768757835
3,0.05333333333333334,1.0,15,euclidean,auto,50,2.0,0.4619906768757835
3,0.05333333333333334,1.0,15,euclidean,ball_tree,10,,0.4619906768757835
3,0.05333333333333334,1.0,15,euclidean,ball_tree,10,1.0,0.4619906768757835
3,0.05333333333333334,1.0,15,euclidean,ball_tree,10,2.0,0.4619906768757835
3,0.05333333333333334,1.0,15,euclidean,ball_tree,20,,0.4619906768757835
3,0.05333333333333334,1.0,15,euclidean,ball_tree,20,1.0,0.4619906768757835
3,0.05333333333333334,1.0,15,euclidean,ball_tree,20,2.0,0.4619906768757835
3,0.05333333333333334,1.0,15,euclidean,ball_tree,30,,0.4619906768757835
3,0.05333333333333334,1.0,15,euclidean,ball_tree,30,1.0,0.4619906768757835
3,0.05333333333333334,1.0,15,euclidean,ball_tree,30,2.0,0.4619906768757835
3,0.05333333333333334,1.0,15,euclidean,ball_tree,40,,0.4619906768757835
3,0.05333333333333334,1.0,15,euclidean,ball_tree,40,1.0,0.4619906768757835
3,0.05333333333333334,1.0,15,euclidean,ball_tree,40,2.0,0.4619906768757835
3,0.05333333333333334,1.0,15,euclidean,ball_tree,50,,0.4619906768757835
3,0.05333333333333334,1.0,15,euclidean,ball_tree,50,1.0,0.4619906768757835
3,0.05333333333333334,1.0,15,euclidean,ball_tree,50,2.0,0.4619906768757835
3,0.05333333333333334,1.0,15,euclidean,kd_tree,10,,0.4619906768757835
3,0.05333333333333334,1.0,15,euclidean,kd_tree,10,1.0,0.4619906768757835
3,0.05333333333333334,1.0,15,euclidean,kd_tree,10,2.0,0.4619906768757835
3,0.05333333333333334,1.0,15,euclidean,kd_tree,20,,0.4619906768757835
3,0.05333333333333334,1.0,15,euclidean,kd_tree,20,1.0,0.4619906768757835
3,0.05333333333333334,1.0,15,euclidean,kd_tree,20,2.0,0.4619906768757835
3,0.05333333333333334,1.0,15,euclidean,kd_tree,30,,0.4619906768757835
3,0.05333333333333334,1.0,15,euclidean,kd_tree,30,1.0,0.4619906768757835
3,0.05333333333333334,1.0,15,euclidean,kd_tree,30,2.0,0.4619906768757835
3,0.05333333333333334,1.0,15,euclidean,kd_tree,40,,0.4619906768757835
3,0.05333333333333334,1.0,15,euclidean,kd_tree,40,1.0,0.4619906768757835
3,0.05333333333333334,1.0,15,euclidean,kd_tree,40,2.0,0.4619906768757835
3,0.05333333333333334,1.0,15,euclidean,kd_tree,50,,0.4619906768757835
3,0.05333333333333334,1.0,15,euclidean,kd_tree,50,1.0,0.4619906768757835
3,0.05333333333333334,1.0,15,euclidean,kd_tree,50,2.0,0.4619906768757835
3,0.05333333333333334,1.0,15,euclidean,brute,10,,0.4619906768757835
3,0.05333333333333334,1.0,15,euclidean,brute,10,1.0,0.4619906768757835
3,0.05333333333333334,1.0,15,euclidean,brute,10,2.0,0.4619906768757835
3,0.05333333333333334,1.0,15,euclidean,brute,20,,0.4619906768757835
3,0.05333333333333334,1.0,15,euclidean,brute,20,1.0,0.4619906768757835
3,0.05333333333333334,1.0,15,euclidean,brute,20,2.0,0.4619906768757835
3,0.05333333333333334,1.0,15,euclidean,brute,30,,0.4619906768757835
3,0.05333333333333334,1.0,15,euclidean,brute,30,1.0,0.4619906768757835
3,0.05333333333333334,1.0,15,euclidean,brute,30,2.0,0.4619906768757835
3,0.05333333333333334,1.0,15,euclidean,brute,40,,0.4619906768757835
3,0.05333333333333334,1.0,15,euclidean,brute,40,1.0,0.4619906768757835
3,0.05333333333333334,1.0,15,euclidean,brute,40,2.0,0.4619906768757835
3,0.05333333333333334,1.0,15,euclidean,brute,50,,0.4619906768757835
3,0.05333333333333334,1.0,15,euclidean,brute,50,1.0,0.4619906768757835
3,0.05333333333333334,1.0,15,euclidean,brute,50,2.0,0.4619906768757835
2,0.5533333333333333,1.0,15,manhattan,auto,10,,0.24470090007281484
2,0.5533333333333333,1.0,15,manhattan,auto,10,1.0,0.24470090007281484
2,0.5533333333333333,1.0,15,manhattan,auto,10,2.0,0.24470090007281484
2,0.5533333333333333,1.0,15,manhattan,auto,20,,0.24470090007281484
2,0.5533333333333333,1.0,15,manhattan,auto,20,1.0,0.24470090007281484
2,0.5533333333333333,1.0,15,manhattan,auto,20,2.0,0.24470090007281484
2,0.5533333333333333,1.0,15,manhattan,auto,30,,0.24470090007281484
2,0.5533333333333333,1.0,15,manhattan,auto,30,1.0,0.24470090007281484
2,0.5533333333333333,1.0,15,manhattan,auto,30,2.0,0.24470090007281484
2,0.5533333333333333,1.0,15,manhattan,auto,40,,0.24470090007281484
2,0.5533333333333333,1.0,15,manhattan,auto,40,1.0,0.24470090007281484
2,0.5533333333333333,1.0,15,manhattan,auto,40,2.0,0.24470090007281484
2,0.5533333333333333,1.0,15,manhattan,auto,50,,0.24470090007281484
2,0.5533333333333333,1.0,15,manhattan,auto,50,1.0,0.24470090007281484
2,0.5533333333333333,1.0,15,manhattan,auto,50,2.0,0.24470090007281484
2,0.5533333333333333,1.0,15,manhattan,ball_tree,10,,0.24470090007281484
2,0.5533333333333333,1.0,15,manhattan,ball_tree,10,1.0,0.24470090007281484
2,0.5533333333333333,1.0,15,manhattan,ball_tree,10,2.0,0.24470090007281484
2,0.5533333333333333,1.0,15,manhattan,ball_tree,20,,0.24470090007281484
2,0.5533333333333333,1.0,15,manhattan,ball_tree,20,1.0,0.24470090007281484
2,0.5533333333333333,1.0,15,manhattan,ball_tree,20,2.0,0.24470090007281484
2,0.5533333333333333,1.0,15,manhattan,ball_tree,30,,0.24470090007281484
2,0.5533333333333333,1.0,15,manhattan,ball_tree,30,1.0,0.24470090007281484
2,0.5533333333333333,1.0,15,manhattan,ball_tree,30,2.0,0.24470090007281484
2,0.5533333333333333,1.0,15,manhattan,ball_tree,40,,0.24470090007281484
2,0.5533333333333333,1.0,15,manhattan,ball_tree,40,1.0,0.24470090007281484
2,0.5533333333333333,1.0,15,manhattan,ball_tree,40,2.0,0.24470090007281484
2,0.5533333333333333,1.0,15,manhattan,ball_tree,50,,0.24470090007281484
2,0.5533333333333333,1.0,15,manhattan,ball_tree,50,1.0,0.24470090007281484
2,0.5533333333333333,1.0,15,manhattan,ball_tree,50,2.0,0.24470090007281484
2,0.5533333333333333,1.0,15,manhattan,kd_tree,10,,0.24470090007281484
2,0.5533333333333333,1.0,15,manhattan,kd_tree,10,1.0,0.24470090007281484
2,0.5533333333333333,1.0,15,manhattan,kd_tree,10,2.0,0.24470090007281484
2,0.5533333333333333,1.0,15,manhattan,kd_tree,20,,0.24470090007281484
2,0.5533333333333333,1.0,15,manhattan,kd_tree,20,1.0,0.24470090007281484
2,0.5533333333333333,1.0,15,manhattan,kd_tree,20,2.0,0.24470090007281484
2,0.5533333333333333,1.0,15,manhattan,kd_tree,30,,0.24470090007281484
2,0.5533333333333333,1.0,15,manhattan,kd_tree,30,1.0,0.24470090007281484
2,0.5533333333333333,1.0,15,manhattan,kd_tree,30,2.0,0.24470090007281484
2,0.5533333333333333,1.0,15,manhattan,kd_tree,40,,0.24470090007281484
2,0.5533333333333333,1.0,15,manhattan,kd_tree,40,1.0,0.24470090007281484
2,0.5533333333333333,1.0,15,manhattan,kd_tree,40,2.0,0.24470090007281484
2,0.5533333333333333,1.0,15,manhattan,kd_tree,50,,0.24470090007281484
2,0.5533333333333333,1.0,15,manhattan,kd_tree,50,1.0,0.24470090007281484
2,0.5533333333333333,1.0,15,manhattan,kd_tree,50,2.0,0.24470090007281484
2,0.5533333333333333,1.0,15,manhattan,brute,10,,0.24470090007281484
2,0.5533333333333333,1.0,15,manhattan,brute,10,1.0,0.24470090007281484
2,0.5533333333333333,1.0,15,manhattan,brute,10,2.0,0.24470090007281484
2,0.5533333333333333,1.0,15,manhattan,brute,20,,0.24470090007281484
2,0.5533333333333333,1.0,15,manhattan,brute,20,1.0,0.24470090007281484
2,0.5533333333333333,1.0,15,manhattan,brute,20,2.0,0.24470090007281484
2,0.5533333333333333,1.0,15,manhattan,brute,30,,0.24470090007281484
2,0.5533333333333333,1.0,15,manhattan,brute,30,1.0,0.24470090007281484
2,0.5533333333333333,1.0,15,manhattan,brute,30,2.0,0.24470090007281484
2,0.5533333333333333,1.0,15,manhattan,brute,40,,0.24470090007281484
2,0.5533333333333333,1.0,15,manhattan,brute,40,1.0,0.24470090007281484
2,0.5533333333333333,1.0,15,manhattan,brute,40,2.0,0.24470090007281484
2,0.5533333333333333,1.0,15,manhattan,brute,50,,0.24470090007281484
2,0.5533333333333333,1.0,15,manhattan,brute,50,1.0,0.24470090007281484
2,0.5533333333333333,1.0,15,manhattan,brute,50,2.0,0.24470090007281484
1,0.8,1.0,15,mahalanobis,auto,10,,0.35009734400523285
1,0.8,1.0,15,mahalanobis,auto,10,1.0,0.35009734400523285
1,0.8,1.0,15,mahalanobis,auto,10,2.0,0.35009734400523285
1,0.8,1.0,15,mahalanobis,auto,20,,0.35009734400523285
1,0.8,1.0,15,mahalanobis,auto,20,1.0,0.35009734400523285
1,0.8,1.0,15,mahalanobis,auto,20,2.0,0.35009734400523285
1,0.8,1.0,15,mahalanobis,auto,30,,0.35009734400523285
1,0.8,1.0,15,mahalanobis,auto,30,1.0,0.35009734400523285
1,0.8,1.0,15,mahalanobis,auto,30,2.0,0.35009734400523285
1,0.8,1.0,15,mahalanobis,auto,40,,0.35009734400523285
1,0.8,1.0,15,mahalanobis,auto,40,1.0,0.35009734400523285
1,0.8,1.0,15,mahalanobis,auto,40,2.0,0.35009734400523285
1,0.8,1.0,15,mahalanobis,auto,50,,0.35009734400523285
1,0.8,1.0,15,mahalanobis,auto,50,1.0,0.35009734400523285
1,0.8,1.0,15,mahalanobis,auto,50,2.0,0.35009734400523285
1,0.8,1.0,15,mahalanobis,ball_tree,10,,0.35009734400523285
1,0.8,1.0,15,mahalanobis,ball_tree,10,1.0,0.35009734400523285
1,0.8,1.0,15,mahalanobis,ball_tree,10,2.0,0.35009734400523285
1,0.8,1.0,15,mahalanobis,ball_tree,20,,0.35009734400523285
1,0.8,1.0,15,mahalanobis,ball_tree,20,1.0,0.35009734400523285
1,0.8,1.0,15,mahalanobis,ball_tree,20,2.0,0.35009734400523285
1,0.8,1.0,15,mahalanobis,ball_tree,30,,0.35009734400523285
1,0.8,1.0,15,mahalanobis,ball_tree,30,1.0,0.35009734400523285
1,0.8,1.0,15,mahalanobis,ball_tree,30,2.0,0.35009734400523285
1,0.8,1.0,15,mahalanobis,ball_tree,40,,0.35009734400523285
1,0.8,1.0,15,mahalanobis,ball_tree,40,1.0,0.35009734400523285
1,0.8,1.0,15,mahalanobis,ball_tree,40,2.0,0.35009734400523285
1,0.8,1.0,15,mahalanobis,ball_tree,50,,0.35009734400523285
1,0.8,1.0,15,mahalanobis,ball_tree,50,1.0,0.35009734400523285
1,0.8,1.0,15,mahalanobis,ball_tree,50,2.0,0.35009734400523285
1,0.8,1.0,15,mahalanobis,kd_tree,10,,0.35009734400523285
1,0.8,1.0,15,mahalanobis,kd_tree,10,1.0,0.35009734400523285
1,0.8,1.0,15,mahalanobis,kd_tree,10,2.0,0.35009734400523285
1,0.8,1.0,15,mahalanobis,kd_tree,20,,0.35009734400523285
1,0.8,1.0,15,mahalanobis,kd_tree,20,1.0,0.35009734400523285
1,0.8,1.0,15,mahalanobis,kd_tree,20,2.0,0.35009734400523285
1,0.8,1.0,15,mahalanobis,kd_tree,30,,0.35009734400523285
1,0.8,1.0,15,mahalanobis,kd_tree,30,1.0,0.35009734400523285
1,0.8,1.0,15,mahalanobis,kd_tree,30,2.0,0.35009734400523285
1,0.8,1.0,15,mahalanobis,kd_tree,40,,0.35009734400523285
1,0.8,1.0,15,mahalanobis,kd_tree,40,1.0,0.35009734400523285
1,0.8,1.0,15,mahalanobis,kd_tree,40,2.0,0.35009734400523285
1,0.8,1.0,15,mahalanobis,kd_tree,50,,0.35009734400523285
1,0.8,1.0,15,mahalanobis,kd_tree,50,1.0,0.35009734400523285
1,0.8,1.0,15,mahalanobis,kd_tree,50,2.0,0.35009734400523285
1,0.8,1.0,15,mahalanobis,brute,10,,0.35009734400523285
1,0.8,1.0,15,mahalanobis,brute,10,1.0,0.35009734400523285
1,0.8,1.0,15,mahalanobis,brute,10,2.0,0.35009734400523285
1,0.8,1.0,15,mahalanobis,brute,20,,0.35009734400523285
1,0.8,1.0,15,mahalanobis,brute,20,1.0,0.35009734400523285
1,0.8,1.0,15,mahalanobis,brute,20,2.0,0.35009734400523285
1,0.8,1.0,15,mahalanobis,brute,30,,0.35009734400523285
1,0.8,1.0,15,mahalanobis,brute,30,1.0,0.35009734400523285
1,0.8,1.0,15,mahalanobis,brute,30,2.0,0.35009734400523285
1,0.8,1.0,15,mahalanobis,brute,40,,0.35009734400523285
1,0.8,1.0,15,mahalanobis,brute,40,1.0,0.35009734400523285
1,0.8,1.0,15,mahalanobis,brute,40,2.0,0.35009734400523285
1,0.8,1.0,15,mahalanobis,brute,50,,0.35009734400523285
1,0.8,1.0,15,mahalanobis,brute,50,1.0,0.35009734400523285
1,0.8,1.0,15,mahalanobis,brute,50,2.0,0.35009734400523285
3,0.06666666666666667,1.0,16,euclidean,auto,10,,0.45134603511094107
3,0.06666666666666667,1.0,16,euclidean,auto,10,1.0,0.45134603511094107
3,0.06666666666666667,1.0,16,euclidean,auto,10,2.0,0.45134603511094107
3,0.06666666666666667,1.0,16,euclidean,auto,20,,0.45134603511094107
3,0.06666666666666667,1.0,16,euclidean,auto,20,1.0,0.45134603511094107
3,0.06666666666666667,1.0,16,euclidean,auto,20,2.0,0.45134603511094107
3,0.06666666666666667,1.0,16,euclidean,auto,30,,0.45134603511094107
3,0.06666666666666667,1.0,16,euclidean,auto,30,1.0,0.45134603511094107
3,0.06666666666666667,1.0,16,euclidean,auto,30,2.0,0.45134603511094107
3,0.06666666666666667,1.0,16,euclidean,auto,40,,0.45134603511094107
3,0.06666666666666667,1.0,16,euclidean,auto,40,1.0,0.45134603511094107
3,0.06666666666666667,1.0,16,euclidean,auto,40,2.0,0.45134603511094107
3,0.06666666666666667,1.0,16,euclidean,auto,50,,0.45134603511094107
3,0.06666666666666667,1.0,16,euclidean,auto,50,1.0,0.45134603511094107
3,0.06666666666666667,1.0,16,euclidean,auto,50,2.0,0.45134603511094107
3,0.06666666666666667,1.0,16,euclidean,ball_tree,10,,0.45134603511094107
3,0.06666666666666667,1.0,16,euclidean,ball_tree,10,1.0,0.45134603511094107
3,0.06666666666666667,1.0,16,euclidean,ball_tree,10,2.0,0.45134603511094107
3,0.06666666666666667,1.0,16,euclidean,ball_tree,20,,0.45134603511094107
3,0.06666666666666667,1.0,16,euclidean,ball_tree,20,1.0,0.45134603511094107
3,0.06666666666666667,1.0,16,euclidean,ball_tree,20,2.0,0.45134603511094107
3,0.06666666666666667,1.0,16,euclidean,ball_tree,30,,0.45134603511094107
3,0.06666666666666667,1.0,16,euclidean,ball_tree,30,1.0,0.45134603511094107
3,0.06666666666666667,1.0,16,euclidean,ball_tree,30,2.0,0.45134603511094107
3,0.06666666666666667,1.0,16,euclidean,ball_tree,40,,0.45134603511094107
3,0.06666666666666667,1.0,16,euclidean,ball_tree,40,1.0,0.45134603511094107
3,0.06666666666666667,1.0,16,euclidean,ball_tree,40,2.0,0.45134603511094107
3,0.06666666666666667,1.0,16,euclidean,ball_tree,50,,0.45134603511094107
3,0.06666666666666667,1.0,16,euclidean,ball_tree,50,1.0,0.45134603511094107
3,0.06666666666666667,1.0,16,euclidean,ball_tree,50,2.0,0.45134603511094107
3,0.06666666666666667,1.0,16,euclidean,kd_tree,10,,0.45134603511094107
3,0.06666666666666667,1.0,16,euclidean,kd_tree,10,1.0,0.45134603511094107
3,0.06666666666666667,1.0,16,euclidean,kd_tree,10,2.0,0.45134603511094107
3,0.06666666666666667,1.0,16,euclidean,kd_tree,20,,0.45134603511094107
3,0.06666666666666667,1.0,16,euclidean,kd_tree,20,1.0,0.45134603511094107
3,0.06666666666666667,1.0,16,euclidean,kd_tree,20,2.0,0.45134603511094107
3,0.06666666666666667,1.0,16,euclidean,kd_tree,30,,0.45134603511094107
3,0.06666666666666667,1.0,16,euclidean,kd_tree,30,1.0,0.45134603511094107
3,0.06666666666666667,1.0,16,euclidean,kd_tree,30,2.0,0.45134603511094107
3,0.06666666666666667,1.0,16,euclidean,kd_tree,40,,0.45134603511094107
3,0.06666666666666667,1.0,16,euclidean,kd_tree,40,1.0,0.45134603511094107
3,0.06666666666666667,1.0,16,euclidean,kd_tree,40,2.0,0.45134603511094107
3,0.06666666666666667,1.0,16,euclidean,kd_tree,50,,0.45134603511094107
3,0.06666666666666667,1.0,16,euclidean,kd_tree,50,1.0,0.45134603511094107
3,0.06666666666666667,1.0,16,euclidean,kd_tree,50,2.0,0.45134603511094107
3,0.06666666666666667,1.0,16,euclidean,brute,10,,0.45134603511094107
3,0.06666666666666667,1.0,16,euclidean,brute,10,1.0,0.45134603511094107
3,0.06666666666666667,1.0,16,euclidean,brute,10,2.0,0.45134603511094107
3,0.06666666666666667,1.0,16,euclidean,brute,20,,0.45134603511094107
3,0.06666666666666667,1.0,16,euclidean,brute,20,1.0,0.45134603511094107
3,0.06666666666666667,1.0,16,euclidean,brute,20,2.0,0.45134603511094107
3,0.06666666666666667,1.0,16,euclidean,brute,30,,0.45134603511094107
3,0.06666666666666667,1.0,16,euclidean,brute,30,1.0,0.45134603511094107
3,0.06666666666666667,1.0,16,euclidean,brute,30,2.0,0.45134603511094107
3,0.06666666666666667,1.0,16,euclidean,brute,40,,0.45134603511094107
3,0.06666666666666667,1.0,16,euclidean,brute,40,1.0,0.45134603511094107
3,0.06666666666666667,1.0,16,euclidean,brute,40,2.0,0.45134603511094107
3,0.06666666666666667,1.0,16,euclidean,brute,50,,0.45134603511094107
3,0.06666666666666667,1.0,16,euclidean,brute,50,1.0,0.45134603511094107
3,0.06666666666666667,1.0,16,euclidean,brute,50,2.0,0.45134603511094107
2,0.5866666666666667,1.0,16,manhattan,auto,10,,0.1991513508327566
2,0.5866666666666667,1.0,16,manhattan,auto,10,1.0,0.1991513508327566
2,0.5866666666666667,1.0,16,manhattan,auto,10,2.0,0.1991513508327566
2,0.5866666666666667,1.0,16,manhattan,auto,20,,0.1991513508327566
2,0.5866666666666667,1.0,16,manhattan,auto,20,1.0,0.1991513508327566
2,0.5866666666666667,1.0,16,manhattan,auto,20,2.0,0.1991513508327566
2,0.5866666666666667,1.0,16,manhattan,auto,30,,0.1991513508327566
2,0.5866666666666667,1.0,16,manhattan,auto,30,1.0,0.1991513508327566
2,0.5866666666666667,1.0,16,manhattan,auto,30,2.0,0.1991513508327566
2,0.5866666666666667,1.0,16,manhattan,auto,40,,0.1991513508327566
2,0.5866666666666667,1.0,16,manhattan,auto,40,1.0,0.1991513508327566
2,0.5866666666666667,1.0,16,manhattan,auto,40,2.0,0.1991513508327566
2,0.5866666666666667,1.0,16,manhattan,auto,50,,0.1991513508327566
2,0.5866666666666667,1.0,16,manhattan,auto,50,1.0,0.1991513508327566
2,0.5866666666666667,1.0,16,manhattan,auto,50,2.0,0.1991513508327566
2,0.5866666666666667,1.0,16,manhattan,ball_tree,10,,0.1991513508327566
2,0.5866666666666667,1.0,16,manhattan,ball_tree,10,1.0,0.1991513508327566
2,0.5866666666666667,1.0,16,manhattan,ball_tree,10,2.0,0.1991513508327566
2,0.5866666666666667,1.0,16,manhattan,ball_tree,20,,0.1991513508327566
2,0.5866666666666667,1.0,16,manhattan,ball_tree,20,1.0,0.1991513508327566
2,0.5866666666666667,1.0,16,manhattan,ball_tree,20,2.0,0.1991513508327566
2,0.5866666666666667,1.0,16,manhattan,ball_tree,30,,0.1991513508327566
2,0.5866666666666667,1.0,16,manhattan,ball_tree,30,1.0,0.1991513508327566
2,0.5866666666666667,1.0,16,manhattan,ball_tree,30,2.0,0.1991513508327566
2,0.5866666666666667,1.0,16,manhattan,ball_tree,40,,0.1991513508327566
2,0.5866666666666667,1.0,16,manhattan,ball_tree,40,1.0,0.1991513508327566
2,0.5866666666666667,1.0,16,manhattan,ball_tree,40,2.0,0.1991513508327566
2,0.5866666666666667,1.0,16,manhattan,ball_tree,50,,0.1991513508327566
2,0.5866666666666667,1.0,16,manhattan,ball_tree,50,1.0,0.1991513508327566
2,0.5866666666666667,1.0,16,manhattan,ball_tree,50,2.0,0.1991513508327566
2,0.5866666666666667,1.0,16,manhattan,kd_tree,10,,0.1991513508327566
2,0.5866666666666667,1.0,16,manhattan,kd_tree,10,1.0,0.1991513508327566
2,0.5866666666666667,1.0,16,manhattan,kd_tree,10,2.0,0.1991513508327566
2,0.5866666666666667,1.0,16,manhattan,kd_tree,20,,0.1991513508327566
2,0.5866666666666667,1.0,16,manhattan,kd_tree,20,1.0,0.1991513508327566
2,0.5866666666666667,1.0,16,manhattan,kd_tree,20,2.0,0.1991513508327566
2,0.5866666666666667,1.0,16,manhattan,kd_tree,30,,0.1991513508327566
2,0.5866666666666667,1.0,16,manhattan,kd_tree,30,1.0,0.1991513508327566
2,0.5866666666666667,1.0,16,manhattan,kd_tree,30,2.0,0.1991513508327566
2,0.5866666666666667,1.0,16,manhattan,kd_tree,40,,0.1991513508327566
2,0.5866666666666667,1.0,16,manhattan,kd_tree,40,1.0,0.1991513508327566
2,0.5866666666666667,1.0,16,manhattan,kd_tree,40,2.0,0.1991513508327566
2,0.5866666666666667,1.0,16,manhattan,kd_tree,50,,0.1991513508327566
2,0.5866666666666667,1.0,16,manhattan,kd_tree,50,1.0,0.1991513508327566
2,0.5866666666666667,1.0,16,manhattan,kd_tree,50,2.0,0.1991513508327566
2,0.5866666666666667,1.0,16,manhattan,brute,10,,0.1991513508327566
2,0.5866666666666667,1.0,16,manhattan,brute,10,1.0,0.1991513508327566
2,0.5866666666666667,1.0,16,manhattan,brute,10,2.0,0.1991513508327566
2,0.5866666666666667,1.0,16,manhattan,brute,20,,0.1991513508327566
2,0.5866666666666667,1.0,16,manhattan,brute,20,1.0,0.1991513508327566
2,0.5866666666666667,1.0,16,manhattan,brute,20,2.0,0.1991513508327566
2,0.5866666666666667,1.0,16,manhattan,brute,30,,0.1991513508327566
2,0.5866666666666667,1.0,16,manhattan,brute,30,1.0,0.1991513508327566
2,0.5866666666666667,1.0,16,manhattan,brute,30,2.0,0.1991513508327566
2,0.5866666666666667,1.0,16,manhattan,brute,40,,0.1991513508327566
2,0.5866666666666667,1.0,16,manhattan,brute,40,1.0,0.1991513508327566
2,0.5866666666666667,1.0,16,manhattan,brute,40,2.0,0.1991513508327566
2,0.5866666666666667,1.0,16,manhattan,brute,50,,0.1991513508327566
2,0.5866666666666667,1.0,16,manhattan,brute,50,1.0,0.1991513508327566
2,0.5866666666666667,1.0,16,manhattan,brute,50,2.0,0.1991513508327566
1,0.8,1.0,16,mahalanobis,auto,10,,0.35009734400523285
1,0.8,1.0,16,mahalanobis,auto,10,1.0,0.35009734400523285
1,0.8,1.0,16,mahalanobis,auto,10,2.0,0.35009734400523285
1,0.8,1.0,16,mahalanobis,auto,20,,0.35009734400523285
1,0.8,1.0,16,mahalanobis,auto,20,1.0,0.35009734400523285
1,0.8,1.0,16,mahalanobis,auto,20,2.0,0.35009734400523285
1,0.8,1.0,16,mahalanobis,auto,30,,0.35009734400523285
1,0.8,1.0,16,mahalanobis,auto,30,1.0,0.35009734400523285
1,0.8,1.0,16,mahalanobis,auto,30,2.0,0.35009734400523285
1,0.8,1.0,16,mahalanobis,auto,40,,0.35009734400523285
1,0.8,1.0,16,mahalanobis,auto,40,1.0,0.35009734400523285
1,0.8,1.0,16,mahalanobis,auto,40,2.0,0.35009734400523285
1,0.8,1.0,16,mahalanobis,auto,50,,0.35009734400523285
1,0.8,1.0,16,mahalanobis,auto,50,1.0,0.35009734400523285
1,0.8,1.0,16,mahalanobis,auto,50,2.0,0.35009734400523285
1,0.8,1.0,16,mahalanobis,ball_tree,10,,0.35009734400523285
1,0.8,1.0,16,mahalanobis,ball_tree,10,1.0,0.35009734400523285
1,0.8,1.0,16,mahalanobis,ball_tree,10,2.0,0.35009734400523285
1,0.8,1.0,16,mahalanobis,ball_tree,20,,0.35009734400523285
1,0.8,1.0,16,mahalanobis,ball_tree,20,1.0,0.35009734400523285
1,0.8,1.0,16,mahalanobis,ball_tree,20,2.0,0.35009734400523285
1,0.8,1.0,16,mahalanobis,ball_tree,30,,0.35009734400523285
1,0.8,1.0,16,mahalanobis,ball_tree,30,1.0,0.35009734400523285
1,0.8,1.0,16,mahalanobis,ball_tree,30,2.0,0.35009734400523285
1,0.8,1.0,16,mahalanobis,ball_tree,40,,0.35009734400523285
1,0.8,1.0,16,mahalanobis,ball_tree,40,1.0,0.35009734400523285
1,0.8,1.0,16,mahalanobis,ball_tree,40,2.0,0.35009734400523285
1,0.8,1.0,16,mahalanobis,ball_tree,50,,0.35009734400523285
1,0.8,1.0,16,mahalanobis,ball_tree,50,1.0,0.35009734400523285
1,0.8,1.0,16,mahalanobis,ball_tree,50,2.0,0.35009734400523285
1,0.8,1.0,16,mahalanobis,kd_tree,10,,0.35009734400523285
1,0.8,1.0,16,mahalanobis,kd_tree,10,1.0,0.35009734400523285
1,0.8,1.0,16,mahalanobis,kd_tree,10,2.0,0.35009734400523285
1,0.8,1.0,16,mahalanobis,kd_tree,20,,0.35009734400523285
1,0.8,1.0,16,mahalanobis,kd_tree,20,1.0,0.35009734400523285
1,0.8,1.0,16,mahalanobis,kd_tree,20,2.0,0.35009734400523285
1,0.8,1.0,16,mahalanobis,kd_tree,30,,0.35009734400523285
1,0.8,1.0,16,mahalanobis,kd_tree,30,1.0,0.35009734400523285
1,0.8,1.0,16,mahalanobis,kd_tree,30,2.0,0.35009734400523285
1,0.8,1.0,16,mahalanobis,kd_tree,40,,0.35009734400523285
1,0.8,1.0,16,mahalanobis,kd_tree,40,1.0,0.35009734400523285
1,0.8,1.0,16,mahalanobis,kd_tree,40,2.0,0.35009734400523285
1,0.8,1.0,16,mahalanobis,kd_tree,50,,0.35009734400523285
1,0.8,1.0,16,mahalanobis,kd_tree,50,1.0,0.35009734400523285
1,0.8,1.0,16,mahalanobis,kd_tree,50,2.0,0.35009734400523285
1,0.8,1.0,16,mahalanobis,brute,10,,0.35009734400523285
1,0.8,1.0,16,mahalanobis,brute,10,1.0,0.35009734400523285
1,0.8,1.0,16,mahalanobis,brute,10,2.0,0.35009734400523285
1,0.8,1.0,16,mahalanobis,brute,20,,0.35009734400523285
1,0.8,1.0,16,mahalanobis,brute,20,1.0,0.35009734400523285
1,0.8,1.0,16,mahalanobis,brute,20,2.0,0.35009734400523285
1,0.8,1.0,16,mahalanobis,brute,30,,0.35009734400523285
1,0.8,1.0,16,mahalanobis,brute,30,1.0,0.35009734400523285
1,0.8,1.0,16,mahalanobis,brute,30,2.0,0.35009734400523285
1,0.8,1.0,16,mahalanobis,brute,40,,0.35009734400523285
1,0.8,1.0,16,mahalanobis,brute,40,1.0,0.35009734400523285
1,0.8,1.0,16,mahalanobis,brute,40,2.0,0.35009734400523285
1,0.8,1.0,16,mahalanobis,brute,50,,0.35009734400523285
1,0.8,1.0,16,mahalanobis,brute,50,1.0,0.35009734400523285
1,0.8,1.0,16,mahalanobis,brute,50,2.0,0.35009734400523285
3,0.07333333333333333,1.0,17,euclidean,auto,10,,0.4465198910086921
3,0.07333333333333333,1.0,17,euclidean,auto,10,1.0,0.4465198910086921
3,0.07333333333333333,1.0,17,euclidean,auto,10,2.0,0.4465198910086921
3,0.07333333333333333,1.0,17,euclidean,auto,20,,0.4465198910086921
3,0.07333333333333333,1.0,17,euclidean,auto,20,1.0,0.4465198910086921
3,0.07333333333333333,1.0,17,euclidean,auto,20,2.0,0.4465198910086921
3,0.07333333333333333,1.0,17,euclidean,auto,30,,0.4465198910086921
3,0.07333333333333333,1.0,17,euclidean,auto,30,1.0,0.4465198910086921
3,0.07333333333333333,1.0,17,euclidean,auto,30,2.0,0.4465198910086921
3,0.07333333333333333,1.0,17,euclidean,auto,40,,0.4465198910086921
3,0.07333333333333333,1.0,17,euclidean,auto,40,1.0,0.4465198910086921
3,0.07333333333333333,1.0,17,euclidean,auto,40,2.0,0.4465198910086921
3,0.07333333333333333,1.0,17,euclidean,auto,50,,0.4465198910086921
3,0.07333333333333333,1.0,17,euclidean,auto,50,1.0,0.4465198910086921
3,0.07333333333333333,1.0,17,euclidean,auto,50,2.0,0.4465198910086921
3,0.07333333333333333,1.0,17,euclidean,ball_tree,10,,0.4465198910086921
3,0.07333333333333333,1.0,17,euclidean,ball_tree,10,1.0,0.4465198910086921
3,0.07333333333333333,1.0,17,euclidean,ball_tree,10,2.0,0.4465198910086921
3,0.07333333333333333,1.0,17,euclidean,ball_tree,20,,0.4465198910086921
3,0.07333333333333333,1.0,17,euclidean,ball_tree,20,1.0,0.4465198910086921
3,0.07333333333333333,1.0,17,euclidean,ball_tree,20,2.0,0.4465198910086921
3,0.07333333333333333,1.0,17,euclidean,ball_tree,30,,0.4465198910086921
3,0.07333333333333333,1.0,17,euclidean,ball_tree,30,1.0,0.4465198910086921
3,0.07333333333333333,1.0,17,euclidean,ball_tree,30,2.0,0.4465198910086921
3,0.07333333333333333,1.0,17,euclidean,ball_tree,40,,0.4465198910086921
3,0.07333333333333333,1.0,17,euclidean,ball_tree,40,1.0,0.4465198910086921
3,0.07333333333333333,1.0,17,euclidean,ball_tree,40,2.0,0.4465198910086921
3,0.07333333333333333,1.0,17,euclidean,ball_tree,50,,0.4465198910086921
3,0.07333333333333333,1.0,17,euclidean,ball_tree,50,1.0,0.4465198910086921
3,0.07333333333333333,1.0,17,euclidean,ball_tree,50,2.0,0.4465198910086921
3,0.07333333333333333,1.0,17,euclidean,kd_tree,10,,0.4465198910086921
3,0.07333333333333333,1.0,17,euclidean,kd_tree,10,1.0,0.4465198910086921
3,0.07333333333333333,1.0,17,euclidean,kd_tree,10,2.0,0.4465198910086921
3,0.07333333333333333,1.0,17,euclidean,kd_tree,20,,0.4465198910086921
3,0.07333333333333333,1.0,17,euclidean,kd_tree,20,1.0,0.4465198910086921
3,0.07333333333333333,1.0,17,euclidean,kd_tree,20,2.0,0.4465198910086921
3,0.07333333333333333,1.0,17,euclidean,kd_tree,30,,0.4465198910086921
3,0.07333333333333333,1.0,17,euclidean,kd_tree,30,1.0,0.4465198910086921
3,0.07333333333333333,1.0,17,euclidean,kd_tree,30,2.0,0.4465198910086921
3,0.07333333333333333,1.0,17,euclidean,kd_tree,40,,0.4465198910086921
3,0.07333333333333333,1.0,17,euclidean,kd_tree,40,1.0,0.4465198910086921
3,0.07333333333333333,1.0,17,euclidean,kd_tree,40,2.0,0.4465198910086921
3,0.07333333333333333,1.0,17,euclidean,kd_tree,50,,0.4465198910086921
3,0.07333333333333333,1.0,17,euclidean,kd_tree,50,1.0,0.4465198910086921
3,0.07333333333333333,1.0,17,euclidean,kd_tree,50,2.0,0.4465198910086921
3,0.07333333333333333,1.0,17,euclidean,brute,10,,0.4465198910086921
3,0.07333333333333333,1.0,17,euclidean,brute,10,1.0,0.4465198910086921
3,0.07333333333333333,1.0,17,euclidean,brute,10,2.0,0.4465198910086921
3,0.07333333333333333,1.0,17,euclidean,brute,20,,0.4465198910086921
3,0.07333333333333333,1.0,17,euclidean,brute,20,1.0,0.4465198910086921
3,0.07333333333333333,1.0,17,euclidean,brute,20,2.0,0.4465198910086921
3,0.07333333333333333,1.0,17,euclidean,brute,30,,0.4465198910086921
3,0.07333333333333333,1.0,17,euclidean,brute,30,1.0,0.4465198910086921
3,0.07333333333333333,1.0,17,euclidean,brute,30,2.0,0.4465198910086921
3,0.07333333333333333,1.0,17,euclidean,brute,40,,0.4465198910086921
3,0.07333333333333333,1.0,17,euclidean,brute,40,1.0,0.4465198910086921
3,0.07333333333333333,1.0,17,euclidean,brute,40,2.0,0.4465198910086921
3,0.07333333333333333,1.0,17,euclidean,brute,50,,0.4465198910086921
3,0.07333333333333333,1.0,17,euclidean,brute,50,1.0,0.4465198910086921
3,0.07333333333333333,1.0,17,euclidean,brute,50,2.0,0.4465198910086921
2,0.5866666666666667,1.0,17,manhattan,auto,10,,0.1991513508327566
2,0.5866666666666667,1.0,17,manhattan,auto,10,1.0,0.1991513508327566
2,0.5866666666666667,1.0,17,manhattan,auto,10,2.0,0.1991513508327566
2,0.5866666666666667,1.0,17,manhattan,auto,20,,0.1991513508327566
2,0.5866666666666667,1.0,17,manhattan,auto,20,1.0,0.1991513508327566
2,0.5866666666666667,1.0,17,manhattan,auto,20,2.0,0.1991513508327566
2,0.5866666666666667,1.0,17,manhattan,auto,30,,0.1991513508327566
2,0.5866666666666667,1.0,17,manhattan,auto,30,1.0,0.1991513508327566
2,0.5866666666666667,1.0,17,manhattan,auto,30,2.0,0.1991513508327566
2,0.5866666666666667,1.0,17,manhattan,auto,40,,0.1991513508327566
2,0.5866666666666667,1.0,17,manhattan,auto,40,1.0,0.1991513508327566
2,0.5866666666666667,1.0,17,manhattan,auto,40,2.0,0.1991513508327566
2,0.5866666666666667,1.0,17,manhattan,auto,50,,0.1991513508327566
2,0.5866666666666667,1.0,17,manhattan,auto,50,1.0,0.1991513508327566
2,0.5866666666666667,1.0,17,manhattan,auto,50,2.0,0.1991513508327566
2,0.5866666666666667,1.0,17,manhattan,ball_tree,10,,0.1991513508327566
2,0.5866666666666667,1.0,17,manhattan,ball_tree,10,1.0,0.1991513508327566
2,0.5866666666666667,1.0,17,manhattan,ball_tree,10,2.0,0.1991513508327566
2,0.5866666666666667,1.0,17,manhattan,ball_tree,20,,0.1991513508327566
2,0.5866666666666667,1.0,17,manhattan,ball_tree,20,1.0,0.1991513508327566
2,0.5866666666666667,1.0,17,manhattan,ball_tree,20,2.0,0.1991513508327566
2,0.5866666666666667,1.0,17,manhattan,ball_tree,30,,0.1991513508327566
2,0.5866666666666667,1.0,17,manhattan,ball_tree,30,1.0,0.1991513508327566
2,0.5866666666666667,1.0,17,manhattan,ball_tree,30,2.0,0.1991513508327566
2,0.5866666666666667,1.0,17,manhattan,ball_tree,40,,0.1991513508327566
2,0.5866666666666667,1.0,17,manhattan,ball_tree,40,1.0,0.1991513508327566
2,0.5866666666666667,1.0,17,manhattan,ball_tree,40,2.0,0.1991513508327566
2,0.5866666666666667,1.0,17,manhattan,ball_tree,50,,0.1991513508327566
2,0.5866666666666667,1.0,17,manhattan,ball_tree,50,1.0,0.1991513508327566
2,0.5866666666666667,1.0,17,manhattan,ball_tree,50,2.0,0.1991513508327566
2,0.5866666666666667,1.0,17,manhattan,kd_tree,10,,0.1991513508327566
2,0.5866666666666667,1.0,17,manhattan,kd_tree,10,1.0,0.1991513508327566
2,0.5866666666666667,1.0,17,manhattan,kd_tree,10,2.0,0.1991513508327566
2,0.5866666666666667,1.0,17,manhattan,kd_tree,20,,0.1991513508327566
2,0.5866666666666667,1.0,17,manhattan,kd_tree,20,1.0,0.1991513508327566
2,0.5866666666666667,1.0,17,manhattan,kd_tree,20,2.0,0.1991513508327566
2,0.5866666666666667,1.0,17,manhattan,kd_tree,30,,0.1991513508327566
2,0.5866666666666667,1.0,17,manhattan,kd_tree,30,1.0,0.1991513508327566
2,0.5866666666666667,1.0,17,manhattan,kd_tree,30,2.0,0.1991513508327566
2,0.5866666666666667,1.0,17,manhattan,kd_tree,40,,0.1991513508327566
2,0.5866666666666667,1.0,17,manhattan,kd_tree,40,1.0,0.1991513508327566
2,0.5866666666666667,1.0,17,manhattan,kd_tree,40,2.0,0.1991513508327566
2,0.5866666666666667,1.0,17,manhattan,kd_tree,50,,0.1991513508327566
2,0.5866666666666667,1.0,17,manhattan,kd_tree,50,1.0,0.1991513508327566
2,0.5866666666666667,1.0,17,manhattan,kd_tree,50,2.0,0.1991513508327566
2,0.5866666666666667,1.0,17,manhattan,brute,10,,0.1991513508327566
2,0.5866666666666667,1.0,17,manhattan,brute,10,1.0,0.1991513508327566
2,0.5866666666666667,1.0,17,manhattan,brute,10,2.0,0.1991513508327566
2,0.5866666666666667,1.0,17,manhattan,brute,20,,0.1991513508327566
2,0.5866666666666667,1.0,17,manhattan,brute,20,1.0,0.1991513508327566
2,0.5866666666666667,1.0,17,manhattan,brute,20,2.0,0.1991513508327566
2,0.5866666666666667,1.0,17,manhattan,brute,30,,0.1991513508327566
2,0.5866666666666667,1.0,17,manhattan,brute,30,1.0,0.1991513508327566
2,0.5866666666666667,1.0,17,manhattan,brute,30,2.0,0.1991513508327566
2,0.5866666666666667,1.0,17,manhattan,brute,40,,0.1991513508327566
2,0.5866666666666667,1.0,17,manhattan,brute,40,1.0,0.1991513508327566
2,0.5866666666666667,1.0,17,manhattan,brute,40,2.0,0.1991513508327566
2,0.5866666666666667,1.0,17,manhattan,brute,50,,0.1991513508327566
2,0.5866666666666667,1.0,17,manhattan,brute,50,1.0,0.1991513508327566
2,0.5866666666666667,1.0,17,manhattan,brute,50,2.0,0.1991513508327566
1,0.8,1.0,17,mahalanobis,auto,10,,0.35009734400523285
1,0.8,1.0,17,mahalanobis,auto,10,1.0,0.35009734400523285
1,0.8,1.0,17,mahalanobis,auto,10,2.0,0.35009734400523285
1,0.8,1.0,17,mahalanobis,auto,20,,0.35009734400523285
1,0.8,1.0,17,mahalanobis,auto,20,1.0,0.35009734400523285
1,0.8,1.0,17,mahalanobis,auto,20,2.0,0.35009734400523285
1,0.8,1.0,17,mahalanobis,auto,30,,0.35009734400523285
1,0.8,1.0,17,mahalanobis,auto,30,1.0,0.35009734400523285
1,0.8,1.0,17,mahalanobis,auto,30,2.0,0.35009734400523285
1,0.8,1.0,17,mahalanobis,auto,40,,0.35009734400523285
1,0.8,1.0,17,mahalanobis,auto,40,1.0,0.35009734400523285
1,0.8,1.0,17,mahalanobis,auto,40,2.0,0.35009734400523285
1,0.8,1.0,17,mahalanobis,auto,50,,0.35009734400523285
1,0.8,1.0,17,mahalanobis,auto,50,1.0,0.35009734400523285
1,0.8,1.0,17,mahalanobis,auto,50,2.0,0.35009734400523285
1,0.8,1.0,17,mahalanobis,ball_tree,10,,0.35009734400523285
1,0.8,1.0,17,mahalanobis,ball_tree,10,1.0,0.35009734400523285
1,0.8,1.0,17,mahalanobis,ball_tree,10,2.0,0.35009734400523285
1,0.8,1.0,17,mahalanobis,ball_tree,20,,0.35009734400523285
1,0.8,1.0,17,mahalanobis,ball_tree,20,1.0,0.35009734400523285
1,0.8,1.0,17,mahalanobis,ball_tree,20,2.0,0.35009734400523285
1,0.8,1.0,17,mahalanobis,ball_tree,30,,0.35009734400523285
1,0.8,1.0,17,mahalanobis,ball_tree,30,1.0,0.35009734400523285
1,0.8,1.0,17,mahalanobis,ball_tree,30,2.0,0.35009734400523285
1,0.8,1.0,17,mahalanobis,ball_tree,40,,0.35009734400523285
1,0.8,1.0,17,mahalanobis,ball_tree,40,1.0,0.35009734400523285
1,0.8,1.0,17,mahalanobis,ball_tree,40,2.0,0.35009734400523285
1,0.8,1.0,17,mahalanobis,ball_tree,50,,0.35009734400523285
1,0.8,1.0,17,mahalanobis,ball_tree,50,1.0,0.35009734400523285
1,0.8,1.0,17,mahalanobis,ball_tree,50,2.0,0.35009734400523285
1,0.8,1.0,17,mahalanobis,kd_tree,10,,0.35009734400523285
1,0.8,1.0,17,mahalanobis,kd_tree,10,1.0,0.35009734400523285
1,0.8,1.0,17,mahalanobis,kd_tree,10,2.0,0.35009734400523285
1,0.8,1.0,17,mahalanobis,kd_tree,20,,0.35009734400523285
1,0.8,1.0,17,mahalanobis,kd_tree,20,1.0,0.35009734400523285
1,0.8,1.0,17,mahalanobis,kd_tree,20,2.0,0.35009734400523285
1,0.8,1.0,17,mahalanobis,kd_tree,30,,0.35009734400523285
1,0.8,1.0,17,mahalanobis,kd_tree,30,1.0,0.35009734400523285
1,0.8,1.0,17,mahalanobis,kd_tree,30,2.0,0.35009734400523285
1,0.8,1.0,17,mahalanobis,kd_tree,40,,0.35009734400523285
1,0.8,1.0,17,mahalanobis,kd_tree,40,1.0,0.35009734400523285
1,0.8,1.0,17,mahalanobis,kd_tree,40,2.0,0.35009734400523285
1,0.8,1.0,17,mahalanobis,kd_tree,50,,0.35009734400523285
1,0.8,1.0,17,mahalanobis,kd_tree,50,1.0,0.35009734400523285
1,0.8,1.0,17,mahalanobis,kd_tree,50,2.0,0.35009734400523285
1,0.8,1.0,17,mahalanobis,brute,10,,0.35009734400523285
1,0.8,1.0,17,mahalanobis,brute,10,1.0,0.35009734400523285
1,0.8,1.0,17,mahalanobis,brute,10,2.0,0.35009734400523285
1,0.8,1.0,17,mahalanobis,brute,20,,0.35009734400523285
1,0.8,1.0,17,mahalanobis,brute,20,1.0,0.35009734400523285
1,0.8,1.0,17,mahalanobis,brute,20,2.0,0.35009734400523285
1,0.8,1.0,17,mahalanobis,brute,30,,0.35009734400523285
1,0.8,1.0,17,mahalanobis,brute,30,1.0,0.35009734400523285
1,0.8,1.0,17,mahalanobis,brute,30,2.0,0.35009734400523285
1,0.8,1.0,17,mahalanobis,brute,40,,0.35009734400523285
1,0.8,1.0,17,mahalanobis,brute,40,1.0,0.35009734400523285
1,0.8,1.0,17,mahalanobis,brute,40,2.0,0.35009734400523285
1,0.8,1.0,17,mahalanobis,brute,50,,0.35009734400523285
1,0.8,1.0,17,mahalanobis,brute,50,1.0,0.35009734400523285
1,0.8,1.0,17,mahalanobis,brute,50,2.0,0.35009734400523285
3,0.07333333333333333,1.0,18,euclidean,auto,10,,0.4465198910086921
3,0.07333333333333333,1.0,18,euclidean,auto,10,1.0,0.4465198910086921
3,0.07333333333333333,1.0,18,euclidean,auto,10,2.0,0.4465198910086921
3,0.07333333333333333,1.0,18,euclidean,auto,20,,0.4465198910086921
3,0.07333333333333333,1.0,18,euclidean,auto,20,1.0,0.4465198910086921
3,0.07333333333333333,1.0,18,euclidean,auto,20,2.0,0.4465198910086921
3,0.07333333333333333,1.0,18,euclidean,auto,30,,0.4465198910086921
3,0.07333333333333333,1.0,18,euclidean,auto,30,1.0,0.4465198910086921
3,0.07333333333333333,1.0,18,euclidean,auto,30,2.0,0.4465198910086921
3,0.07333333333333333,1.0,18,euclidean,auto,40,,0.4465198910086921
3,0.07333333333333333,1.0,18,euclidean,auto,40,1.0,0.4465198910086921
3,0.07333333333333333,1.0,18,euclidean,auto,40,2.0,0.4465198910086921
3,0.07333333333333333,1.0,18,euclidean,auto,50,,0.4465198910086921
3,0.07333333333333333,1.0,18,euclidean,auto,50,1.0,0.4465198910086921
3,0.07333333333333333,1.0,18,euclidean,auto,50,2.0,0.4465198910086921
3,0.07333333333333333,1.0,18,euclidean,ball_tree,10,,0.4465198910086921
3,0.07333333333333333,1.0,18,euclidean,ball_tree,10,1.0,0.4465198910086921
3,0.07333333333333333,1.0,18,euclidean,ball_tree,10,2.0,0.4465198910086921
3,0.07333333333333333,1.0,18,euclidean,ball_tree,20,,0.4465198910086921
3,0.07333333333333333,1.0,18,euclidean,ball_tree,20,1.0,0.4465198910086921
3,0.07333333333333333,1.0,18,euclidean,ball_tree,20,2.0,0.4465198910086921
3,0.07333333333333333,1.0,18,euclidean,ball_tree,30,,0.4465198910086921
3,0.07333333333333333,1.0,18,euclidean,ball_tree,30,1.0,0.4465198910086921
3,0.07333333333333333,1.0,18,euclidean,ball_tree,30,2.0,0.4465198910086921
3,0.07333333333333333,1.0,18,euclidean,ball_tree,40,,0.4465198910086921
3,0.07333333333333333,1.0,18,euclidean,ball_tree,40,1.0,0.4465198910086921
3,0.07333333333333333,1.0,18,euclidean,ball_tree,40,2.0,0.4465198910086921
3,0.07333333333333333,1.0,18,euclidean,ball_tree,50,,0.4465198910086921
3,0.07333333333333333,1.0,18,euclidean,ball_tree,50,1.0,0.4465198910086921
3,0.07333333333333333,1.0,18,euclidean,ball_tree,50,2.0,0.4465198910086921
3,0.07333333333333333,1.0,18,euclidean,kd_tree,10,,0.4465198910086921
3,0.07333333333333333,1.0,18,euclidean,kd_tree,10,1.0,0.4465198910086921
3,0.07333333333333333,1.0,18,euclidean,kd_tree,10,2.0,0.4465198910086921
3,0.07333333333333333,1.0,18,euclidean,kd_tree,20,,0.4465198910086921
3,0.07333333333333333,1.0,18,euclidean,kd_tree,20,1.0,0.4465198910086921
3,0.07333333333333333,1.0,18,euclidean,kd_tree,20,2.0,0.4465198910086921
3,0.07333333333333333,1.0,18,euclidean,kd_tree,30,,0.4465198910086921
3,0.07333333333333333,1.0,18,euclidean,kd_tree,30,1.0,0.4465198910086921
3,0.07333333333333333,1.0,18,euclidean,kd_tree,30,2.0,0.4465198910086921
3,0.07333333333333333,1.0,18,euclidean,kd_tree,40,,0.4465198910086921
3,0.07333333333333333,1.0,18,euclidean,kd_tree,40,1.0,0.4465198910086921
3,0.07333333333333333,1.0,18,euclidean,kd_tree,40,2.0,0.4465198910086921
3,0.07333333333333333,1.0,18,euclidean,kd_tree,50,,0.4465198910086921
3,0.07333333333333333,1.0,18,euclidean,kd_tree,50,1.0,0.4465198910086921
3,0.07333333333333333,1.0,18,euclidean,kd_tree,50,2.0,0.4465198910086921
3,0.07333333333333333,1.0,18,euclidean,brute,10,,0.4465198910086921
3,0.07333333333333333,1.0,18,euclidean,brute,10,1.0,0.4465198910086921
3,0.07333333333333333,1.0,18,euclidean,brute,10,2.0,0.4465198910086921
3,0.07333333333333333,1.0,18,euclidean,brute,20,,0.4465198910086921
3,0.07333333333333333,1.0,18,euclidean,brute,20,1.0,0.4465198910086921
3,0.07333333333333333,1.0,18,euclidean,brute,20,2.0,0.4465198910086921
3,0.07333333333333333,1.0,18,euclidean,brute,30,,0.4465198910086921
3,0.07333333333333333,1.0,18,euclidean,brute,30,1.0,0.4465198910086921
3,0.07333333333333333,1.0,18,euclidean,brute,30,2.0,0.4465198910086921
3,0.07333333333333333,1.0,18,euclidean,brute,40,,0.4465198910086921
3,0.07333333333333333,1.0,18,euclidean,brute,40,1.0,0.4465198910086921
3,0.07333333333333333,1.0,18,euclidean,brute,40,2.0,0.4465198910086921
3,0.07333333333333333,1.0,18,euclidean,brute,50,,0.4465198910086921
3,0.07333333333333333,1.0,18,euclidean,brute,50,1.0,0.4465198910086921
3,0.07333333333333333,1.0,18,euclidean,brute,50,2.0,0.4465198910086921
1,0.7266666666666667,1.0,18,manhattan,auto,10,,0.4872122408325182
1,0.7266666666666667,1.0,18,manhattan,auto,10,1.0,0.4872122408325182
1,0.7266666666666667,1.0,18,manhattan,auto,10,2.0,0.4872122408325182
1,0.7266666666666667,1.0,18,manhattan,auto,20,,0.4872122408325182
1,0.7266666666666667,1.0,18,manhattan,auto,20,1.0,0.4872122408325182
1,0.7266666666666667,1.0,18,manhattan,auto,20,2.0,0.4872122408325182
1,0.7266666666666667,1.0,18,manhattan,auto,30,,0.4872122408325182
1,0.7266666666666667,1.0,18,manhattan,auto,30,1.0,0.4872122408325182
1,0.7266666666666667,1.0,18,manhattan,auto,30,2.0,0.4872122408325182
1,0.7266666666666667,1.0,18,manhattan,auto,40,,0.4872122408325182
1,0.7266666666666667,1.0,18,manhattan,auto,40,1.0,0.4872122408325182
1,0.7266666666666667,1.0,18,manhattan,auto,40,2.0,0.4872122408325182
1,0.7266666666666667,1.0,18,manhattan,auto,50,,0.4872122408325182
1,0.7266666666666667,1.0,18,manhattan,auto,50,1.0,0.4872122408325182
1,0.7266666666666667,1.0,18,manhattan,auto,50,2.0,0.4872122408325182
1,0.7266666666666667,1.0,18,manhattan,ball_tree,10,,0.4872122408325182
1,0.7266666666666667,1.0,18,manhattan,ball_tree,10,1.0,0.4872122408325182
1,0.7266666666666667,1.0,18,manhattan,ball_tree,10,2.0,0.4872122408325182
1,0.7266666666666667,1.0,18,manhattan,ball_tree,20,,0.4872122408325182
1,0.7266666666666667,1.0,18,manhattan,ball_tree,20,1.0,0.4872122408325182
1,0.7266666666666667,1.0,18,manhattan,ball_tree,20,2.0,0.4872122408325182
1,0.7266666666666667,1.0,18,manhattan,ball_tree,30,,0.4872122408325182
1,0.7266666666666667,1.0,18,manhattan,ball_tree,30,1.0,0.4872122408325182
1,0.7266666666666667,1.0,18,manhattan,ball_tree,30,2.0,0.4872122408325182
1,0.7266666666666667,1.0,18,manhattan,ball_tree,40,,0.4872122408325182
1,0.7266666666666667,1.0,18,manhattan,ball_tree,40,1.0,0.4872122408325182
1,0.7266666666666667,1.0,18,manhattan,ball_tree,40,2.0,0.4872122408325182
1,0.7266666666666667,1.0,18,manhattan,ball_tree,50,,0.4872122408325182
1,0.7266666666666667,1.0,18,manhattan,ball_tree,50,1.0,0.4872122408325182
1,0.7266666666666667,1.0,18,manhattan,ball_tree,50,2.0,0.4872122408325182
1,0.7266666666666667,1.0,18,manhattan,kd_tree,10,,0.4872122408325182
1,0.7266666666666667,1.0,18,manhattan,kd_tree,10,1.0,0.4872122408325182
1,0.7266666666666667,1.0,18,manhattan,kd_tree,10,2.0,0.4872122408325182
1,0.7266666666666667,1.0,18,manhattan,kd_tree,20,,0.4872122408325182
1,0.7266666666666667,1.0,18,manhattan,kd_tree,20,1.0,0.4872122408325182
1,0.7266666666666667,1.0,18,manhattan,kd_tree,20,2.0,0.4872122408325182
1,0.7266666666666667,1.0,18,manhattan,kd_tree,30,,0.4872122408325182
1,0.7266666666666667,1.0,18,manhattan,kd_tree,30,1.0,0.4872122408325182
1,0.7266666666666667,1.0,18,manhattan,kd_tree,30,2.0,0.4872122408325182
1,0.7266666666666667,1.0,18,manhattan,kd_tree,40,,0.4872122408325182
1,0.7266666666666667,1.0,18,manhattan,kd_tree,40,1.0,0.4872122408325182
1,0.7266666666666667,1.0,18,manhattan,kd_tree,40,2.0,0.4872122408325182
1,0.7266666666666667,1.0,18,manhattan,kd_tree,50,,0.4872122408325182
1,0.7266666666666667,1.0,18,manhattan,kd_tree,50,1.0,0.4872122408325182
1,0.7266666666666667,1.0,18,manhattan,kd_tree,50,2.0,0.4872122408325182
1,0.7266666666666667,1.0,18,manhattan,brute,10,,0.4872122408325182
1,0.7266666666666667,1.0,18,manhattan,brute,10,1.0,0.4872122408325182
1,0.7266666666666667,1.0,18,manhattan,brute,10,2.0,0.4872122408325182
1,0.7266666666666667,1.0,18,manhattan,brute,20,,0.4872122408325182
1,0.7266666666666667,1.0,18,manhattan,brute,20,1.0,0.4872122408325182
1,0.7266666666666667,1.0,18,manhattan,brute,20,2.0,0.4872122408325182
1,0.7266666666666667,1.0,18,manhattan,brute,30,,0.4872122408325182
1,0.7266666666666667,1.0,18,manhattan,brute,30,1.0,0.4872122408325182
1,0.7266666666666667,1.0,18,manhattan,brute,30,2.0,0.4872122408325182
1,0.7266666666666667,1.0,18,manhattan,brute,40,,0.4872122408325182
1,0.7266666666666667,1.0,18,manhattan,brute,40,1.0,0.4872122408325182
1,0.7266666666666667,1.0,18,manhattan,brute,40,2.0,0.4872122408325182
1,0.7266666666666667,1.0,18,manhattan,brute,50,,0.4872122408325182
1,0.7266666666666667,1.0,18,manhattan,brute,50,1.0,0.4872122408325182
1,0.7266666666666667,1.0,18,manhattan,brute,50,2.0,0.4872122408325182
1,0.8066666666666666,1.0,18,mahalanobis,auto,10,,0.3394941488817924
1,0.8066666666666666,1.0,18,mahalanobis,auto,10,1.0,0.3394941488817924
1,0.8066666666666666,1.0,18,mahalanobis,auto,10,2.0,0.3394941488817924
1,0.8066666666666666,1.0,18,mahalanobis,auto,20,,0.3394941488817924
1,0.8066666666666666,1.0,18,mahalanobis,auto,20,1.0,0.3394941488817924
1,0.8066666666666666,1.0,18,mahalanobis,auto,20,2.0,0.3394941488817924
1,0.8066666666666666,1.0,18,mahalanobis,auto,30,,0.3394941488817924
1,0.8066666666666666,1.0,18,mahalanobis,auto,30,1.0,0.3394941488817924
1,0.8066666666666666,1.0,18,mahalanobis,auto,30,2.0,0.3394941488817924
1,0.8066666666666666,1.0,18,mahalanobis,auto,40,,0.3394941488817924
1,0.8066666666666666,1.0,18,mahalanobis,auto,40,1.0,0.3394941488817924
1,0.8066666666666666,1.0,18,mahalanobis,auto,40,2.0,0.3394941488817924
1,0.8066666666666666,1.0,18,mahalanobis,auto,50,,0.3394941488817924
1,0.8066666666666666,1.0,18,mahalanobis,auto,50,1.0,0.3394941488817924
1,0.8066666666666666,1.0,18,mahalanobis,auto,50,2.0,0.3394941488817924
1,0.8066666666666666,1.0,18,mahalanobis,ball_tree,10,,0.3394941488817924
1,0.8066666666666666,1.0,18,mahalanobis,ball_tree,10,1.0,0.3394941488817924
1,0.8066666666666666,1.0,18,mahalanobis,ball_tree,10,2.0,0.3394941488817924
1,0.8066666666666666,1.0,18,mahalanobis,ball_tree,20,,0.3394941488817924
1,0.8066666666666666,1.0,18,mahalanobis,ball_tree,20,1.0,0.3394941488817924
1,0.8066666666666666,1.0,18,mahalanobis,ball_tree,20,2.0,0.3394941488817924
1,0.8066666666666666,1.0,18,mahalanobis,ball_tree,30,,0.3394941488817924
1,0.8066666666666666,1.0,18,mahalanobis,ball_tree,30,1.0,0.3394941488817924
1,0.8066666666666666,1.0,18,mahalanobis,ball_tree,30,2.0,0.3394941488817924
1,0.8066666666666666,1.0,18,mahalanobis,ball_tree,40,,0.3394941488817924
1,0.8066666666666666,1.0,18,mahalanobis,ball_tree,40,1.0,0.3394941488817924
1,0.8066666666666666,1.0,18,mahalanobis,ball_tree,40,2.0,0.3394941488817924
1,0.8066666666666666,1.0,18,mahalanobis,ball_tree,50,,0.3394941488817924
1,0.8066666666666666,1.0,18,mahalanobis,ball_tree,50,1.0,0.3394941488817924
1,0.8066666666666666,1.0,18,mahalanobis,ball_tree,50,2.0,0.3394941488817924
1,0.8066666666666666,1.0,18,mahalanobis,kd_tree,10,,0.3394941488817924
1,0.8066666666666666,1.0,18,mahalanobis,kd_tree,10,1.0,0.3394941488817924
1,0.8066666666666666,1.0,18,mahalanobis,kd_tree,10,2.0,0.3394941488817924
1,0.8066666666666666,1.0,18,mahalanobis,kd_tree,20,,0.3394941488817924
1,0.8066666666666666,1.0,18,mahalanobis,kd_tree,20,1.0,0.3394941488817924
1,0.8066666666666666,1.0,18,mahalanobis,kd_tree,20,2.0,0.3394941488817924
1,0.8066666666666666,1.0,18,mahalanobis,kd_tree,30,,0.3394941488817924
1,0.8066666666666666,1.0,18,mahalanobis,kd_tree,30,1.0,0.3394941488817924
1,0.8066666666666666,1.0,18,mahalanobis,kd_tree,30,2.0,0.3394941488817924
1,0.8066666666666666,1.0,18,mahalanobis,kd_tree,40,,0.3394941488817924
1,0.8066666666666666,1.0,18,mahalanobis,kd_tree,40,1.0,0.3394941488817924
1,0.8066666666666666,1.0,18,mahalanobis,kd_tree,40,2.0,0.3394941488817924
1,0.8066666666666666,1.0,18,mahalanobis,kd_tree,50,,0.3394941488817924
1,0.8066666666666666,1.0,18,mahalanobis,kd_tree,50,1.0,0.3394941488817924
1,0.8066666666666666,1.0,18,mahalanobis,kd_tree,50,2.0,0.3394941488817924
1,0.8066666666666666,1.0,18,mahalanobis,brute,10,,0.3394941488817924
1,0.8066666666666666,1.0,18,mahalanobis,brute,10,1.0,0.3394941488817924
1,0.8066666666666666,1.0,18,mahalanobis,brute,10,2.0,0.3394941488817924
1,0.8066666666666666,1.0,18,mahalanobis,brute,20,,0.3394941488817924
1,0.8066666666666666,1.0,18,mahalanobis,brute,20,1.0,0.3394941488817924
1,0.8066666666666666,1.0,18,mahalanobis,brute,20,2.0,0.3394941488817924
1,0.8066666666666666,1.0,18,mahalanobis,brute,30,,0.3394941488817924
1,0.8066666666666666,1.0,18,mahalanobis,brute,30,1.0,0.3394941488817924
1,0.8066666666666666,1.0,18,mahalanobis,brute,30,2.0,0.3394941488817924
1,0.8066666666666666,1.0,18,mahalanobis,brute,40,,0.3394941488817924
1,0.8066666666666666,1.0,18,mahalanobis,brute,40,1.0,0.3394941488817924
1,0.8066666666666666,1.0,18,mahalanobis,brute,40,2.0,0.3394941488817924
1,0.8066666666666666,1.0,18,mahalanobis,brute,50,,0.3394941488817924
1,0.8066666666666666,1.0,18,mahalanobis,brute,50,1.0,0.3394941488817924
1,0.8066666666666666,1.0,18,mahalanobis,brute,50,2.0,0.3394941488817924
3,0.07333333333333333,1.0,19,euclidean,auto,10,,0.4465198910086921
3,0.07333333333333333,1.0,19,euclidean,auto,10,1.0,0.4465198910086921
3,0.07333333333333333,1.0,19,euclidean,auto,10,2.0,0.4465198910086921
3,0.07333333333333333,1.0,19,euclidean,auto,20,,0.4465198910086921
3,0.07333333333333333,1.0,19,euclidean,auto,20,1.0,0.4465198910086921
3,0.07333333333333333,1.0,19,euclidean,auto,20,2.0,0.4465198910086921
3,0.07333333333333333,1.0,19,euclidean,auto,30,,0.4465198910086921
3,0.07333333333333333,1.0,19,euclidean,auto,30,1.0,0.4465198910086921
3,0.07333333333333333,1.0,19,euclidean,auto,30,2.0,0.4465198910086921
3,0.07333333333333333,1.0,19,euclidean,auto,40,,0.4465198910086921
3,0.07333333333333333,1.0,19,euclidean,auto,40,1.0,0.4465198910086921
3,0.07333333333333333,1.0,19,euclidean,auto,40,2.0,0.4465198910086921
3,0.07333333333333333,1.0,19,euclidean,auto,50,,0.4465198910086921
3,0.07333333333333333,1.0,19,euclidean,auto,50,1.0,0.4465198910086921
3,0.07333333333333333,1.0,19,euclidean,auto,50,2.0,0.4465198910086921
3,0.07333333333333333,1.0,19,euclidean,ball_tree,10,,0.4465198910086921
3,0.07333333333333333,1.0,19,euclidean,ball_tree,10,1.0,0.4465198910086921
3,0.07333333333333333,1.0,19,euclidean,ball_tree,10,2.0,0.4465198910086921
3,0.07333333333333333,1.0,19,euclidean,ball_tree,20,,0.4465198910086921
3,0.07333333333333333,1.0,19,euclidean,ball_tree,20,1.0,0.4465198910086921
3,0.07333333333333333,1.0,19,euclidean,ball_tree,20,2.0,0.4465198910086921
3,0.07333333333333333,1.0,19,euclidean,ball_tree,30,,0.4465198910086921
3,0.07333333333333333,1.0,19,euclidean,ball_tree,30,1.0,0.4465198910086921
3,0.07333333333333333,1.0,19,euclidean,ball_tree,30,2.0,0.4465198910086921
3,0.07333333333333333,1.0,19,euclidean,ball_tree,40,,0.4465198910086921
3,0.07333333333333333,1.0,19,euclidean,ball_tree,40,1.0,0.4465198910086921
3,0.07333333333333333,1.0,19,euclidean,ball_tree,40,2.0,0.4465198910086921
3,0.07333333333333333,1.0,19,euclidean,ball_tree,50,,0.4465198910086921
3,0.07333333333333333,1.0,19,euclidean,ball_tree,50,1.0,0.4465198910086921
3,0.07333333333333333,1.0,19,euclidean,ball_tree,50,2.0,0.4465198910086921
3,0.07333333333333333,1.0,19,euclidean,kd_tree,10,,0.4465198910086921
3,0.07333333333333333,1.0,19,euclidean,kd_tree,10,1.0,0.4465198910086921
3,0.07333333333333333,1.0,19,euclidean,kd_tree,10,2.0,0.4465198910086921
3,0.07333333333333333,1.0,19,euclidean,kd_tree,20,,0.4465198910086921
3,0.07333333333333333,1.0,19,euclidean,kd_tree,20,1.0,0.4465198910086921
3,0.07333333333333333,1.0,19,euclidean,kd_tree,20,2.0,0.4465198910086921
3,0.07333333333333333,1.0,19,euclidean,kd_tree,30,,0.4465198910086921
3,0.07333333333333333,1.0,19,euclidean,kd_tree,30,1.0,0.4465198910086921
3,0.07333333333333333,1.0,19,euclidean,kd_tree,30,2.0,0.4465198910086921
3,0.07333333333333333,1.0,19,euclidean,kd_tree,40,,0.4465198910086921
3,0.07333333333333333,1.0,19,euclidean,kd_tree,40,1.0,0.4465198910086921
3,0.07333333333333333,1.0,19,euclidean,kd_tree,40,2.0,0.4465198910086921
3,0.07333333333333333,1.0,19,euclidean,kd_tree,50,,0.4465198910086921
3,0.07333333333333333,1.0,19,euclidean,kd_tree,50,1.0,0.4465198910086921
3,0.07333333333333333,1.0,19,euclidean,kd_tree,50,2.0,0.4465198910086921
3,0.07333333333333333,1.0,19,euclidean,brute,10,,0.4465198910086921
3,0.07333333333333333,1.0,19,euclidean,brute,10,1.0,0.4465198910086921
3,0.07333333333333333,1.0,19,euclidean,brute,10,2.0,0.4465198910086921
3,0.07333333333333333,1.0,19,euclidean,brute,20,,0.4465198910086921
3,0.07333333333333333,1.0,19,euclidean,brute,20,1.0,0.4465198910086921
3,0.07333333333333333,1.0,19,euclidean,brute,20,2.0,0.4465198910086921
3,0.07333333333333333,1.0,19,euclidean,brute,30,,0.4465198910086921
3,0.07333333333333333,1.0,19,euclidean,brute,30,1.0,0.4465198910086921
3,0.07333333333333333,1.0,19,euclidean,brute,30,2.0,0.4465198910086921
3,0.07333333333333333,1.0,19,euclidean,brute,40,,0.4465198910086921
3,0.07333333333333333,1.0,19,euclidean,brute,40,1.0,0.4465198910086921
3,0.07333333333333333,1.0,19,euclidean,brute,40,2.0,0.4465198910086921
3,0.07333333333333333,1.0,19,euclidean,brute,50,,0.4465198910086921
3,0.07333333333333333,1.0,19,euclidean,brute,50,1.0,0.4465198910086921
3,0.07333333333333333,1.0,19,euclidean,brute,50,2.0,0.4465198910086921
1,0.7266666666666667,1.0,19,manhattan,auto,10,,0.4872122408325182
1,0.7266666666666667,1.0,19,manhattan,auto,10,1.0,0.4872122408325182
1,0.7266666666666667,1.0,19,manhattan,auto,10,2.0,0.4872122408325182
1,0.7266666666666667,1.0,19,manhattan,auto,20,,0.4872122408325182
1,0.7266666666666667,1.0,19,manhattan,auto,20,1.0,0.4872122408325182
1,0.7266666666666667,1.0,19,manhattan,auto,20,2.0,0.4872122408325182
1,0.7266666666666667,1.0,19,manhattan,auto,30,,0.4872122408325182
1,0.7266666666666667,1.0,19,manhattan,auto,30,1.0,0.4872122408325182
1,0.7266666666666667,1.0,19,manhattan,auto,30,2.0,0.4872122408325182
1,0.7266666666666667,1.0,19,manhattan,auto,40,,0.4872122408325182
1,0.7266666666666667,1.0,19,manhattan,auto,40,1.0,0.4872122408325182
1,0.7266666666666667,1.0,19,manhattan,auto,40,2.0,0.4872122408325182
1,0.7266666666666667,1.0,19,manhattan,auto,50,,0.4872122408325182
1,0.7266666666666667,1.0,19,manhattan,auto,50,1.0,0.4872122408325182
1,0.7266666666666667,1.0,19,manhattan,auto,50,2.0,0.4872122408325182
1,0.7266666666666667,1.0,19,manhattan,ball_tree,10,,0.4872122408325182
1,0.7266666666666667,1.0,19,manhattan,ball_tree,10,1.0,0.4872122408325182
1,0.7266666666666667,1.0,19,manhattan,ball_tree,10,2.0,0.4872122408325182
1,0.7266666666666667,1.0,19,manhattan,ball_tree,20,,0.4872122408325182
1,0.7266666666666667,1.0,19,manhattan,ball_tree,20,1.0,0.4872122408325182
1,0.7266666666666667,1.0,19,manhattan,ball_tree,20,2.0,0.4872122408325182
1,0.7266666666666667,1.0,19,manhattan,ball_tree,30,,0.4872122408325182
1,0.7266666666666667,1.0,19,manhattan,ball_tree,30,1.0,0.4872122408325182
1,0.7266666666666667,1.0,19,manhattan,ball_tree,30,2.0,0.4872122408325182
1,0.7266666666666667,1.0,19,manhattan,ball_tree,40,,0.4872122408325182
1,0.7266666666666667,1.0,19,manhattan,ball_tree,40,1.0,0.4872122408325182
1,0.7266666666666667,1.0,19,manhattan,ball_tree,40,2.0,0.4872122408325182
1,0.7266666666666667,1.0,19,manhattan,ball_tree,50,,0.4872122408325182
1,0.7266666666666667,1.0,19,manhattan,ball_tree,50,1.0,0.4872122408325182
1,0.7266666666666667,1.0,19,manhattan,ball_tree,50,2.0,0.4872122408325182
1,0.7266666666666667,1.0,19,manhattan,kd_tree,10,,0.4872122408325182
1,0.7266666666666667,1.0,19,manhattan,kd_tree,10,1.0,0.4872122408325182
1,0.7266666666666667,1.0,19,manhattan,kd_tree,10,2.0,0.4872122408325182
1,0.7266666666666667,1.0,19,manhattan,kd_tree,20,,0.4872122408325182
1,0.7266666666666667,1.0,19,manhattan,kd_tree,20,1.0,0.4872122408325182
1,0.7266666666666667,1.0,19,manhattan,kd_tree,20,2.0,0.4872122408325182
1,0.7266666666666667,1.0,19,manhattan,kd_tree,30,,0.4872122408325182
1,0.7266666666666667,1.0,19,manhattan,kd_tree,30,1.0,0.4872122408325182
1,0.7266666666666667,1.0,19,manhattan,kd_tree,30,2.0,0.4872122408325182
1,0.7266666666666667,1.0,19,manhattan,kd_tree,40,,0.4872122408325182
1,0.7266666666666667,1.0,19,manhattan,kd_tree,40,1.0,0.4872122408325182
1,0.7266666666666667,1.0,19,manhattan,kd_tree,40,2.0,0.4872122408325182
1,0.7266666666666667,1.0,19,manhattan,kd_tree,50,,0.4872122408325182
1,0.7266666666666667,1.0,19,manhattan,kd_tree,50,1.0,0.4872122408325182
1,0.7266666666666667,1.0,19,manhattan,kd_tree,50,2.0,0.4872122408325182
1,0.7266666666666667,1.0,19,manhattan,brute,10,,0.4872122408325182
1,0.7266666666666667,1.0,19,manhattan,brute,10,1.0,0.4872122408325182
1,0.7266666666666667,1.0,19,manhattan,brute,10,2.0,0.4872122408325182
1,0.7266666666666667,1.0,19,manhattan,brute,20,,0.4872122408325182
1,0.7266666666666667,1.0,19,manhattan,brute,20,1.0,0.4872122408325182
1,0.7266666666666667,1.0,19,manhattan,brute,20,2.0,0.4872122408325182
1,0.7266666666666667,1.0,19,manhattan,brute,30,,0.4872122408325182
1,0.7266666666666667,1.0,19,manhattan,brute,30,1.0,0.4872122408325182
1,0.7266666666666667,1.0,19,manhattan,brute,30,2.0,0.4872122408325182
1,0.7266666666666667,1.0,19,manhattan,brute,40,,0.4872122408325182
1,0.7266666666666667,1.0,19,manhattan,brute,40,1.0,0.4872122408325182
1,0.7266666666666667,1.0,19,manhattan,brute,40,2.0,0.4872122408325182
1,0.7266666666666667,1.0,19,manhattan,brute,50,,0.4872122408325182
1,0.7266666666666667,1.0,19,manhattan,brute,50,1.0,0.4872122408325182
1,0.7266666666666667,1.0,19,manhattan,brute,50,2.0,0.4872122408325182
1,0.82,1.0,19,mahalanobis,auto,10,,0.3149708001374408
1,0.82,1.0,19,mahalanobis,auto,10,1.0,0.3149708001374408
1,0.82,1.0,19,mahalanobis,auto,10,2.0,0.3149708001374408
1,0.82,1.0,19,mahalanobis,auto,20,,0.3149708001374408
1,0.82,1.0,19,mahalanobis,auto,20,1.0,0.3149708001374408
1,0.82,1.0,19,mahalanobis,auto,20,2.0,0.3149708001374408
1,0.82,1.0,19,mahalanobis,auto,30,,0.3149708001374408
1,0.82,1.0,19,mahalanobis,auto,30,1.0,0.3149708001374408
1,0.82,1.0,19,mahalanobis,auto,30,2.0,0.3149708001374408
1,0.82,1.0,19,mahalanobis,auto,40,,0.3149708001374408
1,0.82,1.0,19,mahalanobis,auto,40,1.0,0.3149708001374408
1,0.82,1.0,19,mahalanobis,auto,40,2.0,0.3149708001374408
1,0.82,1.0,19,mahalanobis,auto,50,,0.3149708001374408
1,0.82,1.0,19,mahalanobis,auto,50,1.0,0.3149708001374408
1,0.82,1.0,19,mahalanobis,auto,50,2.0,0.3149708001374408
1,0.82,1.0,19,mahalanobis,ball_tree,10,,0.3149708001374408
1,0.82,1.0,19,mahalanobis,ball_tree,10,1.0,0.3149708001374408
1,0.82,1.0,19,mahalanobis,ball_tree,10,2.0,0.3149708001374408
1,0.82,1.0,19,mahalanobis,ball_tree,20,,0.3149708001374408
1,0.82,1.0,19,mahalanobis,ball_tree,20,1.0,0.3149708001374408
1,0.82,1.0,19,mahalanobis,ball_tree,20,2.0,0.3149708001374408
1,0.82,1.0,19,mahalanobis,ball_tree,30,,0.3149708001374408
1,0.82,1.0,19,mahalanobis,ball_tree,30,1.0,0.3149708001374408
1,0.82,1.0,19,mahalanobis,ball_tree,30,2.0,0.3149708001374408
1,0.82,1.0,19,mahalanobis,ball_tree,40,,0.3149708001374408
1,0.82,1.0,19,mahalanobis,ball_tree,40,1.0,0.3149708001374408
1,0.82,1.0,19,mahalanobis,ball_tree,40,2.0,0.3149708001374408
1,0.82,1.0,19,mahalanobis,ball_tree,50,,0.3149708001374408
1,0.82,1.0,19,mahalanobis,ball_tree,50,1.0,0.3149708001374408
1,0.82,1.0,19,mahalanobis,ball_tree,50,2.0,0.3149708001374408
1,0.82,1.0,19,mahalanobis,kd_tree,10,,0.3149708001374408
1,0.82,1.0,19,mahalanobis,kd_tree,10,1.0,0.3149708001374408
1,0.82,1.0,19,mahalanobis,kd_tree,10,2.0,0.3149708001374408
1,0.82,1.0,19,mahalanobis,kd_tree,20,,0.3149708001374408
1,0.82,1.0,19,mahalanobis,kd_tree,20,1.0,0.3149708001374408
1,0.82,1.0,19,mahalanobis,kd_tree,20,2.0,0.3149708001374408
1,0.82,1.0,19,mahalanobis,kd_tree,30,,0.3149708001374408
1,0.82,1.0,19,mahalanobis,kd_tree,30,1.0,0.3149708001374408
1,0.82,1.0,19,mahalanobis,kd_tree,30,2.0,0.3149708001374408
1,0.82,1.0,19,mahalanobis,kd_tree,40,,0.3149708001374408
1,0.82,1.0,19,mahalanobis,kd_tree,40,1.0,0.3149708001374408
1,0.82,1.0,19,mahalanobis,kd_tree,40,2.0,0.3149708001374408
1,0.82,1.0,19,mahalanobis,kd_tree,50,,0.3149708001374408
1,0.82,1.0,19,mahalanobis,kd_tree,50,1.0,0.3149708001374408
1,0.82,1.0,19,mahalanobis,kd_tree,50,2.0,0.3149708001374408
1,0.82,1.0,19,mahalanobis,brute,10,,0.3149708001374408
1,0.82,1.0,19,mahalanobis,brute,10,1.0,0.3149708001374408
1,0.82,1.0,19,mahalanobis,brute,10,2.0,0.3149708001374408
1,0.82,1.0,19,mahalanobis,brute,20,,0.3149708001374408
1,0.82,1.0,19,mahalanobis,brute,20,1.0,0.3149708001374408
1,0.82,1.0,19,mahalanobis,brute,20,2.0,0.3149708001374408
1,0.82,1.0,19,mahalanobis,brute,30,,0.3149708001374408
1,0.82,1.0,19,mahalanobis,brute,30,1.0,0.3149708001374408
1,0.82,1.0,19,mahalanobis,brute,30,2.0,0.3149708001374408
1,0.82,1.0,19,mahalanobis,brute,40,,0.3149708001374408
1,0.82,1.0,19,mahalanobis,brute,40,1.0,0.3149708001374408
1,0.82,1.0,19,mahalanobis,brute,40,2.0,0.3149708001374408
1,0.82,1.0,19,mahalanobis,brute,50,,0.3149708001374408
1,0.82,1.0,19,mahalanobis,brute,50,1.0,0.3149708001374408
1,0.82,1.0,19,mahalanobis,brute,50,2.0,0.3149708001374408
